date,prediction
2018-01-27 20:00:00,-0.96850777
2018-01-27 21:00:00,-0.99762535
2018-01-27 22:00:00,-0.9072094
2018-01-27 23:00:00,-0.9635916
2018-01-28 00:00:00,-0.859045
2018-01-28 01:00:00,-0.85642624
2018-01-28 02:00:00,-0.89118767
2018-01-28 03:00:00,-0.8941021
2018-01-28 04:00:00,-0.8607464
2018-01-28 05:00:00,-0.9008713
2018-01-28 06:00:00,-0.8597307
2018-01-28 07:00:00,-0.8407526
2018-01-28 08:00:00,-0.77747726
2018-01-28 09:00:00,-0.7379255
2018-01-28 10:00:00,-0.6810751
2018-01-28 11:00:00,-0.70019054
2018-01-28 12:00:00,-0.44787216
2018-01-28 13:00:00,-0.45556164
2018-01-28 14:00:00,-0.35643578
2018-01-28 15:00:00,-0.39842987
2018-01-28 16:00:00,-0.2755785
2018-01-28 17:00:00,-0.2339611
2018-01-28 18:00:00,-0.22530365
2018-01-28 19:00:00,-0.20080662
2018-01-28 20:00:00,-0.15404987
2018-01-28 21:00:00,-0.1637907
2018-01-28 22:00:00,-0.10991573
2018-01-28 23:00:00,-0.11815643
2018-01-29 00:00:00,-0.13533115
2018-01-29 01:00:00,-0.17453861
2018-01-29 02:00:00,-0.21507645
2018-01-29 03:00:00,-0.28421402
2018-01-29 04:00:00,-0.43418694
2018-01-29 05:00:00,-0.5126381
2018-01-29 06:00:00,-0.48427677
2018-01-29 07:00:00,-0.5803833
2018-01-29 08:00:00,-0.4959755
2018-01-29 09:00:00,-0.44101334
2018-01-29 10:00:00,-0.4258709
2018-01-29 11:00:00,-0.36311436
2018-01-29 12:00:00,-0.32464314
2018-01-29 13:00:00,-0.39551067
2018-01-29 14:00:00,-0.36891747
2018-01-29 15:00:00,-0.41368008
2018-01-29 16:00:00,-0.4075241
2018-01-29 17:00:00,-0.42550373
2018-01-29 18:00:00,-0.45343494
2018-01-29 19:00:00,-0.5123091
2018-01-29 20:00:00,-0.59204006
2018-01-29 21:00:00,-0.61934376
2018-01-29 22:00:00,-0.5116253
2018-01-29 23:00:00,-0.535429
2018-01-30 00:00:00,-0.37482166
2018-01-30 01:00:00,-0.34707737
2018-01-30 02:00:00,-0.3648739
2018-01-30 03:00:00,-0.3671608
2018-01-30 04:00:00,-0.34336567
2018-01-30 05:00:00,-0.4092865
2018-01-30 06:00:00,-0.34241104
2018-01-30 07:00:00,-0.3145485
2018-01-30 08:00:00,-0.23040771
2018-01-30 09:00:00,-0.17909813
2018-01-30 10:00:00,-0.15244389
2018-01-30 11:00:00,-0.16699123
2018-01-30 12:00:00,0.2412386
2018-01-30 13:00:00,0.27674007
2018-01-30 14:00:00,0.37729263
2018-01-30 15:00:00,0.3649683
2018-01-30 16:00:00,0.50212
2018-01-30 17:00:00,0.53941154
2018-01-30 18:00:00,0.5475054
2018-01-30 19:00:00,0.5775833
2018-01-30 20:00:00,0.60174847
2018-01-30 21:00:00,0.55268764
2018-01-30 22:00:00,0.63431454
2018-01-30 23:00:00,0.6198015
2018-01-31 00:00:00,0.61853313
2018-01-31 01:00:00,0.5448389
2018-01-31 02:00:00,0.4598093
2018-01-31 03:00:00,0.36302662
2018-01-31 04:00:00,0.26673508
2018-01-31 05:00:00,0.20363712
2018-01-31 06:00:00,0.2018652
2018-01-31 07:00:00,0.110554695
2018-01-31 08:00:00,0.18060875
2018-01-31 09:00:00,0.2402029
2018-01-31 10:00:00,0.25656414
2018-01-31 11:00:00,0.3118086
2018-01-31 12:00:00,0.32253933
2018-01-31 13:00:00,0.23537159
2018-01-31 14:00:00,0.27887344
2018-01-31 15:00:00,0.23955059
2018-01-31 16:00:00,0.26703835
2018-01-31 17:00:00,0.23588562
2018-01-31 18:00:00,0.19862461
2018-01-31 19:00:00,0.1302414
2018-01-31 20:00:00,0.004839897
2018-01-31 21:00:00,-0.020586967
2018-01-31 22:00:00,0.06604195
2018-01-31 23:00:00,0.037283897
2018-02-01 00:00:00,0.22318363
2018-02-01 01:00:00,0.23561287
2018-02-01 02:00:00,0.2204771
2018-02-01 03:00:00,0.2112627
2018-02-01 04:00:00,0.21406269
2018-02-01 05:00:00,0.13858986
2018-02-01 06:00:00,0.20860481
2018-02-01 07:00:00,0.2031126
2018-02-01 08:00:00,0.32231903
2018-02-01 09:00:00,0.36125374
2018-02-01 10:00:00,0.38779163
2018-02-01 11:00:00,0.37347126
2018-02-01 12:00:00,0.77421665
2018-02-01 13:00:00,0.818799
2018-02-01 14:00:00,0.91378593
2018-02-01 15:00:00,0.91684914
2018-02-01 16:00:00,1.0800562
2018-02-01 17:00:00,1.10849
2018-02-01 18:00:00,1.1216106
2018-02-01 19:00:00,1.1432419
2018-02-01 20:00:00,1.1549006
2018-02-01 21:00:00,1.1100483
2018-02-01 22:00:00,1.1385908
2018-02-01 23:00:00,1.1091366
2018-02-02 00:00:00,1.1134272
2018-02-02 01:00:00,1.0193491
2018-02-02 02:00:00,0.9246397
2018-02-02 03:00:00,0.83005905
2018-02-02 04:00:00,0.5721426
2018-02-02 05:00:00,0.5390682
2018-02-02 06:00:00,0.5031853
2018-02-02 07:00:00,0.3931656
2018-02-02 08:00:00,0.4812355
2018-02-02 09:00:00,0.5455189
2018-02-02 10:00:00,0.5686836
2018-02-02 11:00:00,0.6170721
2018-02-02 12:00:00,0.62643623
2018-02-02 13:00:00,0.5480995
2018-02-02 14:00:00,0.56817245
2018-02-02 15:00:00,0.5138416
2018-02-02 16:00:00,0.53885937
2018-02-02 17:00:00,0.48714924
2018-02-02 18:00:00,0.44249535
2018-02-02 19:00:00,0.3680868
2018-02-02 20:00:00,0.15070152
2018-02-02 21:00:00,0.1278925
2018-02-02 22:00:00,0.12603855
2018-02-02 23:00:00,0.01103878
2018-02-03 00:00:00,0.07485008
2018-02-03 01:00:00,0.041439056
2018-02-03 02:00:00,-0.0002937317
2018-02-03 03:00:00,-0.021858215
2018-02-03 04:00:00,-0.0153951645
2018-02-03 05:00:00,-0.05433178
2018-02-03 06:00:00,0.012337685
2018-02-03 07:00:00,0.033036232
2018-02-03 08:00:00,0.11512089
2018-02-03 09:00:00,0.11365223
2018-02-03 10:00:00,0.12137604
2018-02-03 11:00:00,0.1066246
2018-02-03 12:00:00,0.46932507
2018-02-03 13:00:00,0.50771713
2018-02-03 14:00:00,0.57751656
2018-02-03 15:00:00,0.57032776
2018-02-03 16:00:00,0.70716953
2018-02-03 17:00:00,0.7118025
2018-02-03 18:00:00,0.7221508
2018-02-03 19:00:00,0.7251806
2018-02-03 20:00:00,0.73115826
2018-02-03 21:00:00,0.6810684
2018-02-03 22:00:00,0.7504778
2018-02-03 23:00:00,0.7381525
2018-02-04 00:00:00,0.7359371
2018-02-04 01:00:00,0.6383867
2018-02-04 02:00:00,0.5310192
2018-02-04 03:00:00,0.44727325
2018-02-04 04:00:00,0.36631203
2018-02-04 05:00:00,0.33434582
2018-02-04 06:00:00,0.32113266
2018-02-04 07:00:00,0.2265625
2018-02-04 08:00:00,0.30690765
2018-02-04 09:00:00,0.34042645
2018-02-04 10:00:00,0.36003208
2018-02-04 11:00:00,0.39875507
2018-02-04 12:00:00,0.39321613
2018-02-04 13:00:00,0.3179102
2018-02-04 14:00:00,0.35980797
2018-02-04 15:00:00,0.3358822
2018-02-04 16:00:00,0.37022877
2018-02-04 17:00:00,0.31347752
2018-02-04 18:00:00,0.26455212
2018-02-04 19:00:00,0.18719673
2018-02-04 20:00:00,-0.006140709
2018-02-04 21:00:00,-0.028493881
2018-02-04 22:00:00,0.025317192
2018-02-04 23:00:00,-0.027967453
2018-02-05 00:00:00,0.13607979
2018-02-05 01:00:00,0.12821388
2018-02-05 02:00:00,0.07993984
2018-02-05 03:00:00,0.035787582
2018-02-05 04:00:00,0.023582458
2018-02-05 05:00:00,-0.034389496
2018-02-05 06:00:00,0.025597572
2018-02-05 07:00:00,0.031410217
2018-02-05 08:00:00,0.13216496
2018-02-05 09:00:00,0.13819408
2018-02-05 10:00:00,0.1486969
2018-02-05 11:00:00,0.13724136
2018-02-05 12:00:00,0.5937252
2018-02-05 13:00:00,0.6121712
2018-02-05 14:00:00,0.674366
2018-02-05 15:00:00,0.6555519
2018-02-05 16:00:00,0.8202219
2018-02-05 17:00:00,0.8199854
2018-02-05 18:00:00,0.82543945
2018-02-05 19:00:00,0.8347149
2018-02-05 20:00:00,0.83906937
2018-02-05 21:00:00,0.77972317
2018-02-05 22:00:00,0.8575649
2018-02-05 23:00:00,0.8613348
2018-02-06 00:00:00,0.86081505
2018-02-06 01:00:00,0.7546654
2018-02-06 02:00:00,0.6717577
2018-02-06 03:00:00,0.58312035
2018-02-06 04:00:00,0.40444756
2018-02-06 05:00:00,0.35916328
2018-02-06 06:00:00,0.32343578
2018-02-06 07:00:00,0.22141552
2018-02-06 08:00:00,0.30651093
2018-02-06 09:00:00,0.34014702
2018-02-06 10:00:00,0.3532095
2018-02-06 11:00:00,0.39199066
2018-02-06 12:00:00,0.39163303
2018-02-06 13:00:00,0.29821205
2018-02-06 14:00:00,0.35138607
2018-02-06 15:00:00,0.32483387
2018-02-06 16:00:00,0.346241
2018-02-06 17:00:00,0.2824726
2018-02-06 18:00:00,0.23330879
2018-02-06 19:00:00,0.17137623
2018-02-06 20:00:00,0.20053864
2018-02-06 21:00:00,0.17604256
2018-02-06 22:00:00,0.1954031
2018-02-06 23:00:00,0.09800148
2018-02-07 00:00:00,0.18770695
2018-02-07 01:00:00,0.14815617
2018-02-07 02:00:00,0.11725521
2018-02-07 03:00:00,0.09470081
2018-02-07 04:00:00,0.0892086
2018-02-07 05:00:00,0.034898758
2018-02-07 06:00:00,0.09433746
2018-02-07 07:00:00,0.10386562
2018-02-07 08:00:00,0.20362473
2018-02-07 09:00:00,0.20940399
2018-02-07 10:00:00,0.20238209
2018-02-07 11:00:00,0.19443798
2018-02-07 12:00:00,0.61483383
2018-02-07 13:00:00,0.6295395
2018-02-07 14:00:00,0.69364834
2018-02-07 15:00:00,0.6666727
2018-02-07 16:00:00,0.8059969
2018-02-07 17:00:00,0.79566765
2018-02-07 18:00:00,0.8100796
2018-02-07 19:00:00,0.82199
2018-02-07 20:00:00,0.82929516
2018-02-07 21:00:00,0.7762785
2018-02-07 22:00:00,0.85017776
2018-02-07 23:00:00,0.84334946
2018-02-08 00:00:00,0.83600044
2018-02-08 01:00:00,0.7388706
2018-02-08 02:00:00,0.63343525
2018-02-08 03:00:00,0.54206276
2018-02-08 04:00:00,0.34750938
2018-02-08 05:00:00,0.30128002
2018-02-08 06:00:00,0.2800932
2018-02-08 07:00:00,0.16848755
2018-02-08 08:00:00,0.25095272
2018-02-08 09:00:00,0.28111458
2018-02-08 10:00:00,0.30540466
2018-02-08 11:00:00,0.31782627
2018-02-08 12:00:00,0.32026768
2018-02-08 13:00:00,0.24529839
2018-02-08 14:00:00,0.27497673
2018-02-08 15:00:00,0.23618984
2018-02-08 16:00:00,0.26577568
2018-02-08 17:00:00,0.2025795
2018-02-08 18:00:00,0.12614441
2018-02-08 19:00:00,0.05670929
2018-02-08 20:00:00,-0.19447517
2018-02-08 21:00:00,-0.22347736
2018-02-08 22:00:00,-0.17415714
2018-02-08 23:00:00,-0.28171062
2018-02-09 00:00:00,-0.18010807
2018-02-09 01:00:00,-0.22289944
2018-02-09 02:00:00,-0.25839806
2018-02-09 03:00:00,-0.30931664
2018-02-09 04:00:00,-0.30588722
2018-02-09 05:00:00,-0.31618118
2018-02-09 06:00:00,-0.248806
2018-02-09 07:00:00,-0.23826408
2018-02-09 08:00:00,-0.16067505
2018-02-09 09:00:00,-0.14982224
2018-02-09 10:00:00,-0.1747446
2018-02-09 11:00:00,-0.17427444
2018-02-09 12:00:00,0.16671753
2018-02-09 13:00:00,0.18814945
2018-02-09 14:00:00,0.27262688
2018-02-09 15:00:00,0.22838497
2018-02-09 16:00:00,0.3825512
2018-02-09 17:00:00,0.3809967
2018-02-09 18:00:00,0.38458347
2018-02-09 19:00:00,0.3863182
2018-02-09 20:00:00,0.41062927
2018-02-09 21:00:00,0.40402985
2018-02-09 22:00:00,0.48515797
2018-02-09 23:00:00,0.4789667
2018-02-10 00:00:00,0.5005379
2018-02-10 01:00:00,0.42430973
2018-02-10 02:00:00,0.3162098
2018-02-10 03:00:00,0.24977875
2018-02-10 04:00:00,0.031027794
2018-02-10 05:00:00,-0.018453598
2018-02-10 06:00:00,-0.033623695
2018-02-10 07:00:00,-0.15985012
2018-02-10 08:00:00,-0.08371544
2018-02-10 09:00:00,-0.051822662
2018-02-10 10:00:00,-0.02572918
2018-02-10 11:00:00,0.016267776
2018-02-10 12:00:00,0.018744469
2018-02-10 13:00:00,-0.070441246
2018-02-10 14:00:00,-0.02917099
2018-02-10 15:00:00,-0.055657387
2018-02-10 16:00:00,-0.031458855
2018-02-10 17:00:00,-0.07272625
2018-02-10 18:00:00,-0.1421051
2018-02-10 19:00:00,-0.20945072
2018-02-10 20:00:00,-0.30148888
2018-02-10 21:00:00,-0.32228374
2018-02-10 22:00:00,-0.2709837
2018-02-10 23:00:00,-0.37520504
2018-02-11 00:00:00,-0.28122044
2018-02-11 01:00:00,-0.32847118
2018-02-11 02:00:00,-0.35596275
2018-02-11 03:00:00,-0.3818817
2018-02-11 04:00:00,-0.3994398
2018-02-11 05:00:00,-0.43913937
2018-02-11 06:00:00,-0.36404324
2018-02-11 07:00:00,-0.3220625
2018-02-11 08:00:00,-0.23523617
2018-02-11 09:00:00,-0.21941662
2018-02-11 10:00:00,-0.23692417
2018-02-11 11:00:00,-0.2402668
2018-02-11 12:00:00,0.1329422
2018-02-11 13:00:00,0.15829086
2018-02-11 14:00:00,0.2298193
2018-02-11 15:00:00,0.2046547
2018-02-11 16:00:00,0.34800434
2018-02-11 17:00:00,0.32448292
2018-02-11 18:00:00,0.34641457
2018-02-11 19:00:00,0.35431576
2018-02-11 20:00:00,0.35011768
2018-02-11 21:00:00,0.303483
2018-02-11 22:00:00,0.3688774
2018-02-11 23:00:00,0.36998653
2018-02-12 00:00:00,0.36522102
2018-02-12 01:00:00,0.2915182
2018-02-12 02:00:00,0.19972324
2018-02-12 03:00:00,0.13106251
2018-02-12 04:00:00,-0.015938759
2018-02-12 05:00:00,-0.047343254
2018-02-12 06:00:00,-0.060647964
2018-02-12 07:00:00,-0.16490555
2018-02-12 08:00:00,-0.07050133
2018-02-12 09:00:00,-0.07351589
2018-02-12 10:00:00,-0.04919815
2018-02-12 11:00:00,-0.014222145
2018-02-12 12:00:00,-0.02336216
2018-02-12 13:00:00,-0.09312153
2018-02-12 14:00:00,-0.05643463
2018-02-12 15:00:00,-0.06480217
2018-02-12 16:00:00,-0.040340424
2018-02-12 17:00:00,-0.09094238
2018-02-12 18:00:00,-0.13602829
2018-02-12 19:00:00,-0.19804382
2018-02-12 20:00:00,-0.23085022
2018-02-12 21:00:00,-0.25163746
2018-02-12 22:00:00,-0.20989609
2018-02-12 23:00:00,-0.29736233
2018-02-13 00:00:00,-0.19181156
2018-02-13 01:00:00,-0.2408762
2018-02-13 02:00:00,-0.2642851
2018-02-13 03:00:00,-0.2986803
2018-02-13 04:00:00,-0.31888676
2018-02-13 05:00:00,-0.3786745
2018-02-13 06:00:00,-0.30855274
2018-02-13 07:00:00,-0.28958702
2018-02-13 08:00:00,-0.20604706
2018-02-13 09:00:00,-0.1871643
2018-02-13 10:00:00,-0.16941833
2018-02-13 11:00:00,-0.15896511
2018-02-13 12:00:00,0.31027794
2018-02-13 13:00:00,0.32232475
2018-02-13 14:00:00,0.40110397
2018-02-13 15:00:00,0.3810768
2018-02-13 16:00:00,0.5311365
2018-02-13 17:00:00,0.5238695
2018-02-13 18:00:00,0.5473156
2018-02-13 19:00:00,0.5533037
2018-02-13 20:00:00,0.55894756
2018-02-13 21:00:00,0.51811886
2018-02-13 22:00:00,0.58651924
2018-02-13 23:00:00,0.58423424
2018-02-14 00:00:00,0.58026695
2018-02-14 01:00:00,0.48597622
2018-02-14 02:00:00,0.4010582
2018-02-14 03:00:00,0.3322296
2018-02-14 04:00:00,0.08926773
2018-02-14 05:00:00,0.06540203
2018-02-14 06:00:00,0.038674355
2018-02-14 07:00:00,-0.07606506
2018-02-14 08:00:00,0.024822235
2018-02-14 09:00:00,0.054299355
2018-02-14 10:00:00,0.08962631
2018-02-14 11:00:00,0.11889553
2018-02-14 12:00:00,0.119727135
2018-02-14 13:00:00,0.059854507
2018-02-14 14:00:00,0.07208729
2018-02-14 15:00:00,0.07075024
2018-02-14 16:00:00,0.09250355
2018-02-14 17:00:00,0.029476166
2018-02-14 18:00:00,-0.006837845
2018-02-14 19:00:00,-0.059358597
2018-02-14 20:00:00,-0.25872993
2018-02-14 21:00:00,-0.28927422
2018-02-14 22:00:00,-0.22920609
2018-02-14 23:00:00,-0.2890978
2018-02-15 00:00:00,-0.14957237
2018-02-15 01:00:00,-0.17258835
2018-02-15 02:00:00,-0.17829895
2018-02-15 03:00:00,-0.18954277
2018-02-15 04:00:00,-0.1993351
2018-02-15 05:00:00,-0.24300957
2018-02-15 06:00:00,-0.18143177
2018-02-15 07:00:00,-0.14419174
2018-02-15 08:00:00,-0.05610752
2018-02-15 09:00:00,-0.060426712
2018-02-15 10:00:00,-0.045223236
2018-02-15 11:00:00,-0.046813965
2018-02-15 12:00:00,0.3904333
2018-02-15 13:00:00,0.42015457
2018-02-15 14:00:00,0.48988342
2018-02-15 15:00:00,0.47216702
2018-02-15 16:00:00,0.62944794
2018-02-15 17:00:00,0.6008215
2018-02-15 18:00:00,0.6251459
2018-02-15 19:00:00,0.638113
2018-02-15 20:00:00,0.6346817
2018-02-15 21:00:00,0.60212994
2018-02-15 22:00:00,0.64173794
2018-02-15 23:00:00,0.6523733
2018-02-16 00:00:00,0.6570339
2018-02-16 01:00:00,0.5637083
2018-02-16 02:00:00,0.4705906
2018-02-16 03:00:00,0.4005928
2018-02-16 04:00:00,0.11352062
2018-02-16 05:00:00,0.10405922
2018-02-16 06:00:00,0.08072567
2018-02-16 07:00:00,-0.035069466
2018-02-16 08:00:00,0.07229233
2018-02-16 09:00:00,0.097714424
2018-02-16 10:00:00,0.13846874
2018-02-16 11:00:00,0.17493057
2018-02-16 12:00:00,0.17509937
2018-02-16 13:00:00,0.13715458
2018-02-16 14:00:00,0.15764046
2018-02-16 15:00:00,0.15807343
2018-02-16 16:00:00,0.1898737
2018-02-16 17:00:00,0.11597538
2018-02-16 18:00:00,0.053907394
2018-02-16 19:00:00,-0.0208807
2018-02-16 20:00:00,-0.16348553
2018-02-16 21:00:00,-0.1773634
2018-02-16 22:00:00,-0.17945671
2018-02-16 23:00:00,-0.29083824
2018-02-17 00:00:00,-0.20641136
2018-02-17 01:00:00,-0.26403522
2018-02-17 02:00:00,-0.28528214
2018-02-17 03:00:00,-0.33493328
2018-02-17 04:00:00,-0.36275673
2018-02-17 05:00:00,-0.39783382
2018-02-17 06:00:00,-0.33053017
2018-02-17 07:00:00,-0.2959757
2018-02-17 08:00:00,-0.18461895
2018-02-17 09:00:00,-0.1817646
2018-02-17 10:00:00,-0.19008446
2018-02-17 11:00:00,-0.20622349
2018-02-17 12:00:00,0.21506405
2018-02-17 13:00:00,0.24379444
2018-02-17 14:00:00,0.322464
2018-02-17 15:00:00,0.28701878
2018-02-17 16:00:00,0.4691267
2018-02-17 17:00:00,0.46104813
2018-02-17 18:00:00,0.49204826
2018-02-17 19:00:00,0.48852825
2018-02-17 20:00:00,0.48425865
2018-02-17 21:00:00,0.44978523
2018-02-17 22:00:00,0.50291824
2018-02-17 23:00:00,0.4960575
2018-02-18 00:00:00,0.49980164
2018-02-18 01:00:00,0.40868664
2018-02-18 02:00:00,0.30138683
2018-02-18 03:00:00,0.2190504
2018-02-18 04:00:00,-0.10903549
2018-02-18 05:00:00,-0.124536514
2018-02-18 06:00:00,-0.14894485
2018-02-18 07:00:00,-0.26657104
2018-02-18 08:00:00,-0.15734768
2018-02-18 09:00:00,-0.12772942
2018-02-18 10:00:00,-0.09324837
2018-02-18 11:00:00,-0.06761837
2018-02-18 12:00:00,-0.07767296
2018-02-18 13:00:00,-0.12901688
2018-02-18 14:00:00,-0.098425865
2018-02-18 15:00:00,-0.102612495
2018-02-18 16:00:00,-0.06424618
2018-02-18 17:00:00,-0.111058235
2018-02-18 18:00:00,-0.170887
2018-02-18 19:00:00,-0.23972511
2018-02-18 20:00:00,-0.39686108
2018-02-18 21:00:00,-0.41628456
2018-02-18 22:00:00,-0.42326736
2018-02-18 23:00:00,-0.55464935
2018-02-19 00:00:00,-0.46658707
2018-02-19 01:00:00,-0.5179758
2018-02-19 02:00:00,-0.5434418
2018-02-19 03:00:00,-0.5729294
2018-02-19 04:00:00,-0.589406
2018-02-19 05:00:00,-0.61979675
2018-02-19 06:00:00,-0.5465784
2018-02-19 07:00:00,-0.51543427
2018-02-19 08:00:00,-0.41779137
2018-02-19 09:00:00,-0.41745186
2018-02-19 10:00:00,-0.43741798
2018-02-19 11:00:00,-0.44308186
2018-02-19 12:00:00,-0.023644447
2018-02-19 13:00:00,-0.019036293
2018-02-19 14:00:00,0.04056263
2018-02-19 15:00:00,-0.0043182373
2018-02-19 16:00:00,0.15716553
2018-02-19 17:00:00,0.14366436
2018-02-19 18:00:00,0.15641117
2018-02-19 19:00:00,0.1471901
2018-02-19 20:00:00,0.14875412
2018-02-19 21:00:00,0.116028786
2018-02-19 22:00:00,0.19322872
2018-02-19 23:00:00,0.19531631
2018-02-20 00:00:00,0.19820976
2018-02-20 01:00:00,0.113640785
2018-02-20 02:00:00,0.011221886
2018-02-20 03:00:00,-0.043390274
2018-02-20 04:00:00,-0.40309048
2018-02-20 05:00:00,-0.4257164
2018-02-20 06:00:00,-0.4441204
2018-02-20 07:00:00,-0.5654135
2018-02-20 08:00:00,-0.42395496
2018-02-20 09:00:00,-0.41989803
2018-02-20 10:00:00,-0.40437412
2018-02-20 11:00:00,-0.4025879
2018-02-20 12:00:00,-0.4067812
2018-02-20 13:00:00,-0.4710989
2018-02-20 14:00:00,-0.4116249
2018-02-20 15:00:00,-0.4118576
2018-02-20 16:00:00,-0.38340855
2018-02-20 17:00:00,-0.46222782
2018-02-20 18:00:00,-0.5275593
2018-02-20 19:00:00,-0.5783777
2018-02-20 20:00:00,-0.6720686
2018-02-20 21:00:00,-0.671196
2018-02-20 22:00:00,-0.6307831
2018-02-20 23:00:00,-0.7294674
2018-02-21 00:00:00,-0.59026146
2018-02-21 01:00:00,-0.64985466
2018-02-21 02:00:00,-0.67090225
2018-02-21 03:00:00,-0.71624374
2018-02-21 04:00:00,-0.7247791
2018-02-21 05:00:00,-0.7318516
2018-02-21 06:00:00,-0.64546967
2018-02-21 07:00:00,-0.61721325
2018-02-21 08:00:00,-0.5201454
2018-02-21 09:00:00,-0.5309143
2018-02-21 10:00:00,-0.5657797
2018-02-21 11:00:00,-0.5865793
2018-02-21 12:00:00,-0.07621956
2018-02-21 13:00:00,-0.036100388
2018-02-21 14:00:00,0.03800106
2018-02-21 15:00:00,-0.024638176
2018-02-21 16:00:00,0.15271187
2018-02-21 17:00:00,0.13551044
2018-02-21 18:00:00,0.16269875
2018-02-21 19:00:00,0.15366554
2018-02-21 20:00:00,0.16177368
2018-02-21 21:00:00,0.14288425
2018-02-21 22:00:00,0.20963192
2018-02-21 23:00:00,0.21992111
2018-02-22 00:00:00,0.23452759
2018-02-22 01:00:00,0.16227627
2018-02-22 02:00:00,0.053827286
2018-02-22 03:00:00,-0.03613758
2018-02-22 04:00:00,-0.38329983
2018-02-22 05:00:00,-0.38344955
2018-02-22 06:00:00,-0.38475132
2018-02-22 07:00:00,-0.5287905
2018-02-22 08:00:00,-0.40608883
2018-02-22 09:00:00,-0.3919611
2018-02-22 10:00:00,-0.36392784
2018-02-22 11:00:00,-0.35799694
2018-02-22 12:00:00,-0.35828495
2018-02-22 13:00:00,-0.40444374
2018-02-22 14:00:00,-0.35279083
2018-02-22 15:00:00,-0.35681248
2018-02-22 16:00:00,-0.32689095
2018-02-22 17:00:00,-0.3904314
2018-02-22 18:00:00,-0.48076248
2018-02-22 19:00:00,-0.56134033
2018-02-22 20:00:00,-0.67817116
2018-02-22 21:00:00,-0.69236183
2018-02-22 22:00:00,-0.65908813
2018-02-22 23:00:00,-0.79308605
2018-02-23 00:00:00,-0.6875744
2018-02-23 01:00:00,-0.74018955
2018-02-23 02:00:00,-0.74658585
2018-02-23 03:00:00,-0.7676239
2018-02-23 04:00:00,-0.78557014
2018-02-23 05:00:00,-0.78468037
2018-02-23 06:00:00,-0.69805145
2018-02-23 07:00:00,-0.65880775
2018-02-23 08:00:00,-0.5541506
2018-02-23 09:00:00,-0.54466057
2018-02-23 10:00:00,-0.54843044
2018-02-23 11:00:00,-0.5787592
2018-02-23 12:00:00,-0.37736797
2018-02-23 13:00:00,-0.36039543
2018-02-23 14:00:00,-0.2775488
2018-02-23 15:00:00,-0.33959675
2018-02-23 16:00:00,-0.1941185
2018-02-23 17:00:00,-0.2110529
2018-02-23 18:00:00,-0.18811226
2018-02-23 19:00:00,-0.21166229
2018-02-23 20:00:00,-0.22634125
2018-02-23 21:00:00,-0.23526096
2018-02-23 22:00:00,-0.17856407
2018-02-23 23:00:00,-0.19022942
2018-02-24 00:00:00,-0.1784029
2018-02-24 01:00:00,-0.23759079
2018-02-24 02:00:00,-0.34471226
2018-02-24 03:00:00,-0.41649532
2018-02-24 04:00:00,-0.53523827
2018-02-24 05:00:00,-0.53437614
2018-02-24 06:00:00,-0.5409498
2018-02-24 07:00:00,-0.69353676
2018-02-24 08:00:00,-0.601141
2018-02-24 09:00:00,-0.6027546
2018-02-24 10:00:00,-0.57354736
2018-02-24 11:00:00,-0.57722664
2018-02-24 12:00:00,-0.59183407
2018-02-24 13:00:00,-0.627017
2018-02-24 14:00:00,-0.5812216
2018-02-24 15:00:00,-0.56832695
2018-02-24 16:00:00,-0.532815
2018-02-24 17:00:00,-0.58354473
2018-02-24 18:00:00,-0.6546955
2018-02-24 19:00:00,-0.733222
2018-02-24 20:00:00,-0.81268215
2018-02-24 21:00:00,-0.81280136
2018-02-24 22:00:00,-0.7878933
2018-02-24 23:00:00,-0.9212332
2018-02-25 00:00:00,-0.82456684
2018-02-25 01:00:00,-0.87198925
2018-02-25 02:00:00,-0.891922
2018-02-25 03:00:00,-0.92389774
2018-02-25 04:00:00,-0.94263554
2018-02-25 05:00:00,-0.916193
2018-02-25 06:00:00,-0.8457451
2018-02-25 07:00:00,-0.78922176
2018-02-25 08:00:00,-0.7050705
2018-02-25 09:00:00,-0.7043476
2018-02-25 10:00:00,-0.7282305
2018-02-25 11:00:00,-0.74741554
2018-02-25 12:00:00,-0.4564457
2018-02-25 13:00:00,-0.42436314
2018-02-25 14:00:00,-0.34118938
2018-02-25 15:00:00,-0.41300774
2018-02-25 16:00:00,-0.24768353
2018-02-25 17:00:00,-0.25341606
2018-02-25 18:00:00,-0.23444271
2018-02-25 19:00:00,-0.25301647
2018-02-25 20:00:00,-0.2493248
2018-02-25 21:00:00,-0.22401619
2018-02-25 22:00:00,-0.15680695
2018-02-25 23:00:00,-0.14556217
2018-02-26 00:00:00,-0.11259365
2018-02-26 01:00:00,-0.17070961
2018-02-26 02:00:00,-0.2666254
2018-02-26 03:00:00,-0.3448372
2018-02-26 04:00:00,-0.63041973
2018-02-26 05:00:00,-0.6279297
2018-02-26 06:00:00,-0.6258297
2018-02-26 07:00:00,-0.7520952
2018-02-26 08:00:00,-0.64839935
2018-02-26 09:00:00,-0.6016426
2018-02-26 10:00:00,-0.5758066
2018-02-26 11:00:00,-0.5659523
2018-02-26 12:00:00,-0.56531525
2018-02-26 13:00:00,-0.5726185
2018-02-26 14:00:00,-0.5287447
2018-02-26 15:00:00,-0.5255575
2018-02-26 16:00:00,-0.48662472
2018-02-26 17:00:00,-0.54636955
2018-02-26 18:00:00,-0.63310623
2018-02-26 19:00:00,-0.70022583
