date,prediction
2025-03-02 00:00:00,73036.875
2025-03-02 01:00:00,9480.25
2025-03-02 02:00:00,337.125
2025-03-02 03:00:00,0.0
2025-03-02 04:00:00,0.0
2025-03-02 05:00:00,0.0
2025-03-02 06:00:00,0.0
2025-03-02 07:00:00,0.0
2025-03-02 08:00:00,324.1875
2025-03-02 09:00:00,76888.625
2025-03-02 10:00:00,158825.47
2025-03-02 11:00:00,296207.7
2025-03-02 12:00:00,441862.7
2025-03-02 13:00:00,655188.06
2025-03-02 14:00:00,829887.7
2025-03-02 15:00:00,1010995.1
2025-03-02 16:00:00,1184830.2
2025-03-02 17:00:00,1290593.0
2025-03-02 18:00:00,1359086.2
2025-03-02 19:00:00,1380780.6
2025-03-02 20:00:00,1416143.8
2025-03-02 21:00:00,1396016.1
2025-03-02 22:00:00,1409654.4
2025-03-02 23:00:00,1370549.1
2025-03-03 00:00:00,38600.0
2025-03-03 01:00:00,4966.375
2025-03-03 02:00:00,0.0
2025-03-03 03:00:00,0.0
2025-03-03 04:00:00,0.0
2025-03-03 05:00:00,0.0
2025-03-03 06:00:00,19660.0
2025-03-03 07:00:00,3305.0
2025-03-03 08:00:00,28086.875
2025-03-03 09:00:00,91904.44
2025-03-03 10:00:00,177607.47
2025-03-03 11:00:00,315643.62
2025-03-03 12:00:00,454640.44
2025-03-03 13:00:00,672628.4
2025-03-03 14:00:00,846960.0
2025-03-03 15:00:00,1031162.0
2025-03-03 16:00:00,1193051.4
2025-03-03 17:00:00,1287932.8
2025-03-03 18:00:00,1352994.0
2025-03-03 19:00:00,1385921.5
2025-03-03 20:00:00,1415849.1
2025-03-03 21:00:00,1387160.1
2025-03-03 22:00:00,1402143.8
2025-03-03 23:00:00,1401089.5
2025-03-04 00:00:00,57122.688
2025-03-04 01:00:00,0.0
2025-03-04 02:00:00,0.0
2025-03-04 03:00:00,14748.4375
2025-03-04 04:00:00,0.0
2025-03-04 05:00:00,0.0
2025-03-04 06:00:00,26893.25
2025-03-04 07:00:00,25098.438
2025-03-04 08:00:00,38179.312
2025-03-04 09:00:00,76658.125
2025-03-04 10:00:00,162888.0
2025-03-04 11:00:00,293823.12
2025-03-04 12:00:00,436231.7
2025-03-04 13:00:00,613401.0
2025-03-04 14:00:00,779602.94
2025-03-04 15:00:00,958513.25
2025-03-04 16:00:00,1077248.0
2025-03-04 17:00:00,1197096.8
2025-03-04 18:00:00,1251853.6
2025-03-04 19:00:00,1275296.0
2025-03-04 20:00:00,1313461.5
2025-03-04 21:00:00,1318942.2
2025-03-04 22:00:00,1312363.4
2025-03-04 23:00:00,1318965.8
2025-03-05 00:00:00,51967.625
2025-03-05 01:00:00,13867.0
2025-03-05 02:00:00,0.0
2025-03-05 03:00:00,0.0
2025-03-05 04:00:00,0.0
2025-03-05 05:00:00,8317.75
2025-03-05 06:00:00,27098.562
2025-03-05 07:00:00,17381.062
2025-03-05 08:00:00,41121.688
2025-03-05 09:00:00,78384.22
2025-03-05 10:00:00,168455.19
2025-03-05 11:00:00,279671.12
2025-03-05 12:00:00,410808.78
2025-03-05 13:00:00,594169.9
2025-03-05 14:00:00,741977.1
2025-03-05 15:00:00,877727.25
2025-03-05 16:00:00,1014475.9
2025-03-05 17:00:00,1112933.8
2025-03-05 18:00:00,1154511.9
2025-03-05 19:00:00,1187675.8
2025-03-05 20:00:00,1216685.5
2025-03-05 21:00:00,1203863.0
2025-03-05 22:00:00,1212697.0
2025-03-05 23:00:00,1189642.2
2025-03-06 00:00:00,14839.3125
2025-03-06 01:00:00,0.0
2025-03-06 02:00:00,0.0
2025-03-06 03:00:00,0.0
2025-03-06 04:00:00,0.0
2025-03-06 05:00:00,4708.9375
2025-03-06 06:00:00,9895.0625
2025-03-06 07:00:00,10845.3125
2025-03-06 08:00:00,26339.75
2025-03-06 09:00:00,82375.47
2025-03-06 10:00:00,149918.6
2025-03-06 11:00:00,269558.97
2025-03-06 12:00:00,402307.38
2025-03-06 13:00:00,602080.7
2025-03-06 14:00:00,753662.8
2025-03-06 15:00:00,925274.25
2025-03-06 16:00:00,1093684.0
2025-03-06 17:00:00,1189834.2
2025-03-06 18:00:00,1247372.2
2025-03-06 19:00:00,1274752.4
2025-03-06 20:00:00,1311660.2
2025-03-06 21:00:00,1305617.4
2025-03-06 22:00:00,1305645.2
2025-03-06 23:00:00,1273455.0
2025-03-07 00:00:00,33278.688
2025-03-07 01:00:00,7413.125
2025-03-07 02:00:00,0.0
2025-03-07 03:00:00,7220.5
2025-03-07 04:00:00,0.0
2025-03-07 05:00:00,4598.75
2025-03-07 06:00:00,31141.125
2025-03-07 07:00:00,19223.5
2025-03-07 08:00:00,56344.25
2025-03-07 09:00:00,96847.5
2025-03-07 10:00:00,164858.38
2025-03-07 11:00:00,308468.12
2025-03-07 12:00:00,447327.44
2025-03-07 13:00:00,643130.2
2025-03-07 14:00:00,825333.0
2025-03-07 15:00:00,997434.94
2025-03-07 16:00:00,1174831.6
2025-03-07 17:00:00,1268193.2
2025-03-07 18:00:00,1332671.1
2025-03-07 19:00:00,1362802.0
2025-03-07 20:00:00,1376733.0
2025-03-07 21:00:00,1373217.4
2025-03-07 22:00:00,1374681.8
2025-03-07 23:00:00,1344928.1
2025-03-08 00:00:00,65951.06
2025-03-08 01:00:00,12180.125
2025-03-08 02:00:00,15718.625
2025-03-08 03:00:00,17277.438
2025-03-08 04:00:00,5761.25
2025-03-08 05:00:00,21498.312
2025-03-08 06:00:00,35077.688
2025-03-08 07:00:00,29332.625
2025-03-08 08:00:00,57088.438
2025-03-08 09:00:00,103183.34
2025-03-08 10:00:00,173301.81
2025-03-08 11:00:00,297479.16
2025-03-08 12:00:00,466976.0
2025-03-08 13:00:00,664337.25
2025-03-08 14:00:00,839347.6
2025-03-08 15:00:00,1011635.5
2025-03-08 16:00:00,1152162.8
2025-03-08 17:00:00,1247369.0
2025-03-08 18:00:00,1314766.5
2025-03-08 19:00:00,1324193.2
2025-03-08 20:00:00,1356262.6
2025-03-08 21:00:00,1346863.0
2025-03-08 22:00:00,1337171.0
2025-03-08 23:00:00,1336321.5
2025-03-09 00:00:00,32168.0
2025-03-09 01:00:00,0.0
2025-03-09 02:00:00,0.0
2025-03-09 03:00:00,17078.75
2025-03-09 04:00:00,2541.1875
2025-03-09 05:00:00,17683.625
2025-03-09 06:00:00,32445.875
2025-03-09 07:00:00,27839.25
2025-03-09 08:00:00,43547.312
2025-03-09 09:00:00,71221.47
2025-03-09 10:00:00,157545.78
2025-03-09 11:00:00,289706.1
2025-03-09 12:00:00,413227.34
2025-03-09 13:00:00,604404.8
2025-03-09 14:00:00,766161.94
2025-03-09 15:00:00,930085.06
2025-03-09 16:00:00,1078189.2
2025-03-09 17:00:00,1169383.8
2025-03-09 18:00:00,1221023.6
2025-03-09 19:00:00,1247443.6
2025-03-09 20:00:00,1278299.9
2025-03-09 21:00:00,1272624.5
2025-03-09 22:00:00,1284032.4
2025-03-09 23:00:00,1260600.2
2025-03-10 00:00:00,14865.5625
2025-03-10 01:00:00,0.0
2025-03-10 02:00:00,0.0
2025-03-10 03:00:00,0.0
2025-03-10 04:00:00,0.0
2025-03-10 05:00:00,10907.875
2025-03-10 06:00:00,25370.688
2025-03-10 07:00:00,5720.1875
2025-03-10 08:00:00,37579.5
2025-03-10 09:00:00,86624.84
2025-03-10 10:00:00,160473.72
2025-03-10 11:00:00,279614.0
2025-03-10 12:00:00,433361.38
2025-03-10 13:00:00,624761.1
2025-03-10 14:00:00,774744.8
2025-03-10 15:00:00,929442.1
2025-03-10 16:00:00,1096768.1
2025-03-10 17:00:00,1177425.5
2025-03-10 18:00:00,1237426.2
2025-03-10 19:00:00,1259621.0
2025-03-10 20:00:00,1282298.2
2025-03-10 21:00:00,1268858.5
2025-03-10 22:00:00,1275830.0
2025-03-10 23:00:00,1241480.8
2025-03-11 00:00:00,25511.312
2025-03-11 01:00:00,0.0
2025-03-11 02:00:00,0.0
2025-03-11 03:00:00,0.0
2025-03-11 04:00:00,0.0
2025-03-11 05:00:00,19998.938
2025-03-11 06:00:00,31667.688
2025-03-11 07:00:00,14448.6875
2025-03-11 08:00:00,40329.0
2025-03-11 09:00:00,80036.22
2025-03-11 10:00:00,150856.5
2025-03-11 11:00:00,279442.4
2025-03-11 12:00:00,429625.75
2025-03-11 13:00:00,615276.3
2025-03-11 14:00:00,766944.1
2025-03-11 15:00:00,925538.6
2025-03-11 16:00:00,1074177.8
2025-03-11 17:00:00,1174593.8
2025-03-11 18:00:00,1217881.8
2025-03-11 19:00:00,1253743.2
2025-03-11 20:00:00,1289619.0
2025-03-11 21:00:00,1291992.8
2025-03-11 22:00:00,1289318.8
2025-03-11 23:00:00,1236341.4
2025-03-12 00:00:00,46971.562
2025-03-12 01:00:00,103.0625
2025-03-12 02:00:00,0.0
2025-03-12 03:00:00,3255.0625
2025-03-12 04:00:00,1577.4375
2025-03-12 05:00:00,21316.625
2025-03-12 06:00:00,37116.875
2025-03-12 07:00:00,25427.688
2025-03-12 08:00:00,56606.688
2025-03-12 09:00:00,95915.94
2025-03-12 10:00:00,168674.78
2025-03-12 11:00:00,284554.28
2025-03-12 12:00:00,423845.5
2025-03-12 13:00:00,594045.9
2025-03-12 14:00:00,746596.75
2025-03-12 15:00:00,884866.2
2025-03-12 16:00:00,1016724.2
2025-03-12 17:00:00,1081103.0
2025-03-12 18:00:00,1157730.1
2025-03-12 19:00:00,1164537.9
2025-03-12 20:00:00,1205492.9
2025-03-12 21:00:00,1199838.1
2025-03-12 22:00:00,1181521.2
2025-03-12 23:00:00,1166215.5
2025-03-13 00:00:00,43246.75
2025-03-13 01:00:00,17499.75
2025-03-13 02:00:00,1345.0625
2025-03-13 03:00:00,16541.875
2025-03-13 04:00:00,9394.875
2025-03-13 05:00:00,5009.25
2025-03-13 06:00:00,20647.562
2025-03-13 07:00:00,18480.312
2025-03-13 08:00:00,32037.938
2025-03-13 09:00:00,88532.47
2025-03-13 10:00:00,151725.62
2025-03-13 11:00:00,262116.62
2025-03-13 12:00:00,391388.84
2025-03-13 13:00:00,565967.4
2025-03-13 14:00:00,734301.56
2025-03-13 15:00:00,881725.4
2025-03-13 16:00:00,1025844.5
2025-03-13 17:00:00,1107211.2
2025-03-13 18:00:00,1190757.9
2025-03-13 19:00:00,1201221.1
2025-03-13 20:00:00,1223788.5
2025-03-13 21:00:00,1213587.0
2025-03-13 22:00:00,1226364.8
2025-03-13 23:00:00,1197791.2
2025-03-14 00:00:00,5311.0625
2025-03-14 01:00:00,0.0
2025-03-14 02:00:00,0.0
2025-03-14 03:00:00,0.0
2025-03-14 04:00:00,0.0
2025-03-14 05:00:00,1382.625
2025-03-14 06:00:00,26809.625
2025-03-14 07:00:00,16219.1875
2025-03-14 08:00:00,39439.75
2025-03-14 09:00:00,78053.625
2025-03-14 10:00:00,169236.4
2025-03-14 11:00:00,283310.5
2025-03-14 12:00:00,420977.44
2025-03-14 13:00:00,603744.4
2025-03-14 14:00:00,779174.7
2025-03-14 15:00:00,915837.5
2025-03-14 16:00:00,1066181.5
2025-03-14 17:00:00,1143108.6
2025-03-14 18:00:00,1217333.1
2025-03-14 19:00:00,1226958.1
2025-03-14 20:00:00,1256425.9
2025-03-14 21:00:00,1226430.6
2025-03-14 22:00:00,1239822.0
2025-03-14 23:00:00,1199016.5
2025-03-15 00:00:00,47914.375
2025-03-15 01:00:00,5013.5625
2025-03-15 02:00:00,14294.8125
2025-03-15 03:00:00,0.0
2025-03-15 04:00:00,2488.3125
2025-03-15 05:00:00,2347.1875
2025-03-15 06:00:00,26628.438
2025-03-15 07:00:00,21007.75
2025-03-15 08:00:00,48500.125
2025-03-15 09:00:00,71330.56
2025-03-15 10:00:00,159080.25
2025-03-15 11:00:00,278166.7
2025-03-15 12:00:00,417118.5
2025-03-15 13:00:00,570719.25
2025-03-15 14:00:00,736832.94
2025-03-15 15:00:00,880061.4
2025-03-15 16:00:00,1020817.25
2025-03-15 17:00:00,1076577.0
2025-03-15 18:00:00,1154299.1
2025-03-15 19:00:00,1173198.2
2025-03-15 20:00:00,1182377.1
2025-03-15 21:00:00,1180120.2
2025-03-15 22:00:00,1179970.8
2025-03-15 23:00:00,1158895.5
2025-03-16 00:00:00,46257.875
2025-03-16 01:00:00,3814.375
2025-03-16 02:00:00,153.375
2025-03-16 03:00:00,0.0
2025-03-16 04:00:00,2339.625
2025-03-16 05:00:00,19944.25
2025-03-16 06:00:00,37197.75
2025-03-16 07:00:00,29771.625
2025-03-16 08:00:00,49593.5
2025-03-16 09:00:00,89143.375
2025-03-16 10:00:00,154806.34
2025-03-16 11:00:00,257916.16
2025-03-16 12:00:00,401236.72
2025-03-16 13:00:00,565380.75
2025-03-16 14:00:00,728336.5
2025-03-16 15:00:00,879192.1
2025-03-16 16:00:00,1002049.9
2025-03-16 17:00:00,1095573.2
2025-03-16 18:00:00,1167879.0
2025-03-16 19:00:00,1170539.2
2025-03-16 20:00:00,1218638.1
2025-03-16 21:00:00,1203227.8
2025-03-16 22:00:00,1187573.6
2025-03-16 23:00:00,1157413.5
2025-03-17 00:00:00,33665.688
2025-03-17 01:00:00,3399.125
2025-03-17 02:00:00,3224.9375
2025-03-17 03:00:00,0.0
2025-03-17 04:00:00,1075.0
2025-03-17 05:00:00,19584.5
2025-03-17 06:00:00,27612.375
2025-03-17 07:00:00,18154.75
2025-03-17 08:00:00,44746.0
2025-03-17 09:00:00,70109.66
2025-03-17 10:00:00,148943.5
2025-03-17 11:00:00,265928.28
2025-03-17 12:00:00,396353.34
2025-03-17 13:00:00,584449.56
2025-03-17 14:00:00,741280.75
2025-03-17 15:00:00,897300.9
2025-03-17 16:00:00,1038018.8
2025-03-17 17:00:00,1129074.5
2025-03-17 18:00:00,1190908.8
2025-03-17 19:00:00,1208137.2
2025-03-17 20:00:00,1247041.5
2025-03-17 21:00:00,1226804.0
2025-03-17 22:00:00,1238665.5
2025-03-17 23:00:00,1192963.5
2025-03-18 00:00:00,1354.6875
2025-03-18 01:00:00,0.0
2025-03-18 02:00:00,6946.1875
2025-03-18 03:00:00,0.0
2025-03-18 04:00:00,0.0
2025-03-18 05:00:00,5748.0625
2025-03-18 06:00:00,22652.688
2025-03-18 07:00:00,2354.9375
2025-03-18 08:00:00,29953.625
2025-03-18 09:00:00,75016.66
2025-03-18 10:00:00,160331.47
2025-03-18 11:00:00,274623.7
2025-03-18 12:00:00,403200.88
2025-03-18 13:00:00,596784.6
2025-03-18 14:00:00,746234.9
2025-03-18 15:00:00,880476.4
2025-03-18 16:00:00,1043379.1
2025-03-18 17:00:00,1131415.5
2025-03-18 18:00:00,1182232.2
2025-03-18 19:00:00,1211394.9
2025-03-18 20:00:00,1238251.4
2025-03-18 21:00:00,1229075.2
2025-03-18 22:00:00,1243046.1
2025-03-18 23:00:00,1219113.5
2025-03-19 00:00:00,14538.0
2025-03-19 01:00:00,0.0
2025-03-19 02:00:00,580.5
2025-03-19 03:00:00,0.0
2025-03-19 04:00:00,0.0
2025-03-19 05:00:00,26410.812
2025-03-19 06:00:00,28152.0
2025-03-19 07:00:00,11231.375
2025-03-19 08:00:00,46260.562
2025-03-19 09:00:00,89392.78
2025-03-19 10:00:00,155590.28
2025-03-19 11:00:00,268240.0
2025-03-19 12:00:00,409131.94
2025-03-19 13:00:00,577636.5
2025-03-19 14:00:00,724196.25
2025-03-19 15:00:00,879438.5
2025-03-19 16:00:00,1034709.44
2025-03-19 17:00:00,1108916.8
2025-03-19 18:00:00,1163020.6
2025-03-19 19:00:00,1180412.0
2025-03-19 20:00:00,1242564.6
2025-03-19 21:00:00,1220425.0
2025-03-19 22:00:00,1224244.0
2025-03-19 23:00:00,1190044.9
2025-03-20 00:00:00,32533.375
2025-03-20 01:00:00,5876.5
2025-03-20 02:00:00,2057.8125
2025-03-20 03:00:00,5360.25
2025-03-20 04:00:00,0.0
2025-03-20 05:00:00,18352.875
2025-03-20 06:00:00,45817.75
2025-03-20 07:00:00,35846.688
2025-03-20 08:00:00,50254.5
2025-03-20 09:00:00,94287.875
2025-03-20 10:00:00,151852.53
2025-03-20 11:00:00,262137.81
2025-03-20 12:00:00,416376.25
2025-03-20 13:00:00,585104.9
2025-03-20 14:00:00,734296.0
2025-03-20 15:00:00,891283.6
2025-03-20 16:00:00,1029812.75
2025-03-20 17:00:00,1113812.5
2025-03-20 18:00:00,1170905.9
2025-03-20 19:00:00,1193633.2
2025-03-20 20:00:00,1223957.0
2025-03-20 21:00:00,1217214.0
2025-03-20 22:00:00,1204610.9
2025-03-20 23:00:00,1180306.5
2025-03-21 00:00:00,26509.625
2025-03-21 01:00:00,1634.625
2025-03-21 02:00:00,0.0
2025-03-21 03:00:00,0.0
2025-03-21 04:00:00,0.0
2025-03-21 05:00:00,24920.812
2025-03-21 06:00:00,27783.125
2025-03-21 07:00:00,17474.438
2025-03-21 08:00:00,53507.062
2025-03-21 09:00:00,87375.44
2025-03-21 10:00:00,156146.22
2025-03-21 11:00:00,261566.66
2025-03-21 12:00:00,400555.6
2025-03-21 13:00:00,561099.0
2025-03-21 14:00:00,713442.7
2025-03-21 15:00:00,864134.9
2025-03-21 16:00:00,1002203.0
2025-03-21 17:00:00,1083405.6
2025-03-21 18:00:00,1137297.1
2025-03-21 19:00:00,1149687.2
2025-03-21 20:00:00,1191471.0
2025-03-21 21:00:00,1183986.9
2025-03-21 22:00:00,1186934.5
2025-03-21 23:00:00,1147209.5
2025-03-22 00:00:00,15318.5625
2025-03-22 01:00:00,0.0
2025-03-22 02:00:00,6898.5625
2025-03-22 03:00:00,0.0
2025-03-22 04:00:00,0.0
2025-03-22 05:00:00,24053.5
2025-03-22 06:00:00,28052.75
2025-03-22 07:00:00,30954.5
2025-03-22 08:00:00,48363.688
2025-03-22 09:00:00,90949.125
2025-03-22 10:00:00,152899.22
2025-03-22 11:00:00,257213.1
2025-03-22 12:00:00,401555.94
2025-03-22 13:00:00,566776.2
2025-03-22 14:00:00,705106.06
2025-03-22 15:00:00,852957.44
2025-03-22 16:00:00,995632.1
2025-03-22 17:00:00,1075379.8
2025-03-22 18:00:00,1125381.0
2025-03-22 19:00:00,1142856.5
2025-03-22 20:00:00,1193882.8
2025-03-22 21:00:00,1180520.2
2025-03-22 22:00:00,1188048.5
2025-03-22 23:00:00,1145595.0
2025-03-23 00:00:00,45683.688
2025-03-23 01:00:00,8512.75
2025-03-23 02:00:00,4498.875
2025-03-23 03:00:00,0.0
2025-03-23 04:00:00,13406.4375
2025-03-23 05:00:00,26287.062
2025-03-23 06:00:00,46391.375
2025-03-23 07:00:00,10165.25
2025-03-23 08:00:00,42779.812
2025-03-23 09:00:00,75533.78
2025-03-23 10:00:00,141680.94
2025-03-23 11:00:00,251417.78
2025-03-23 12:00:00,411639.03
2025-03-23 13:00:00,578687.06
2025-03-23 14:00:00,740186.25
2025-03-23 15:00:00,890074.6
2025-03-23 16:00:00,1034122.4
2025-03-23 17:00:00,1106085.0
2025-03-23 18:00:00,1166254.0
2025-03-23 19:00:00,1186158.0
2025-03-23 20:00:00,1232705.8
2025-03-23 21:00:00,1213342.5
2025-03-23 22:00:00,1204402.8
2025-03-23 23:00:00,1186858.4
2025-03-24 00:00:00,32294.938
2025-03-24 01:00:00,0.0
2025-03-24 02:00:00,3775.625
2025-03-24 03:00:00,6196.625
2025-03-24 04:00:00,5254.9375
2025-03-24 05:00:00,24518.75
2025-03-24 06:00:00,54526.5
2025-03-24 07:00:00,33547.562
2025-03-24 08:00:00,46501.188
2025-03-24 09:00:00,91662.06
2025-03-24 10:00:00,145818.12
2025-03-24 11:00:00,255543.6
2025-03-24 12:00:00,412126.97
2025-03-24 13:00:00,595486.3
2025-03-24 14:00:00,754097.1
2025-03-24 15:00:00,897007.4
2025-03-24 16:00:00,1028939.25
2025-03-24 17:00:00,1105573.9
2025-03-24 18:00:00,1177028.1
2025-03-24 19:00:00,1197745.5
2025-03-24 20:00:00,1235993.2
2025-03-24 21:00:00,1222421.6
2025-03-24 22:00:00,1213532.5
2025-03-24 23:00:00,1186084.0
2025-03-25 00:00:00,42069.188
2025-03-25 01:00:00,1430.25
2025-03-25 02:00:00,5480.75
2025-03-25 03:00:00,7314.1875
2025-03-25 04:00:00,1872.1875
2025-03-25 05:00:00,20895.0
2025-03-25 06:00:00,45219.812
2025-03-25 07:00:00,36704.312
2025-03-25 08:00:00,38864.875
2025-03-25 09:00:00,74437.125
2025-03-25 10:00:00,152051.6
2025-03-25 11:00:00,259923.44
2025-03-25 12:00:00,398526.5
2025-03-25 13:00:00,585022.3
2025-03-25 14:00:00,743839.3
2025-03-25 15:00:00,886354.75
2025-03-25 16:00:00,1027679.4
2025-03-25 17:00:00,1101346.1
2025-03-25 18:00:00,1167572.1
2025-03-25 19:00:00,1182491.2
2025-03-25 20:00:00,1237006.2
2025-03-25 21:00:00,1230073.8
2025-03-25 22:00:00,1233369.5
2025-03-25 23:00:00,1187920.8
2025-03-26 00:00:00,27165.125
2025-03-26 01:00:00,0.0
2025-03-26 02:00:00,1494.3125
2025-03-26 03:00:00,0.0
2025-03-26 04:00:00,0.0
2025-03-26 05:00:00,17054.25
2025-03-26 06:00:00,29128.625
2025-03-26 07:00:00,22963.875
2025-03-26 08:00:00,37831.062
2025-03-26 09:00:00,76669.47
2025-03-26 10:00:00,143668.28
2025-03-26 11:00:00,247000.06
2025-03-26 12:00:00,398896.75
2025-03-26 13:00:00,587744.94
2025-03-26 14:00:00,735362.25
2025-03-26 15:00:00,886058.0
2025-03-26 16:00:00,1033236.6
2025-03-26 17:00:00,1111900.5
2025-03-26 18:00:00,1163773.6
2025-03-26 19:00:00,1183148.0
2025-03-26 20:00:00,1241664.8
2025-03-26 21:00:00,1228809.4
2025-03-26 22:00:00,1229360.1
2025-03-26 23:00:00,1190532.9
2025-03-27 00:00:00,44855.562
2025-03-27 01:00:00,0.0
2025-03-27 02:00:00,0.0
2025-03-27 03:00:00,0.0
2025-03-27 04:00:00,1486.125
2025-03-27 05:00:00,17965.75
2025-03-27 06:00:00,26816.562
2025-03-27 07:00:00,19401.625
2025-03-27 08:00:00,34609.062
2025-03-27 09:00:00,79699.53
2025-03-27 10:00:00,143840.4
2025-03-27 11:00:00,244975.81
2025-03-27 12:00:00,402765.94
2025-03-27 13:00:00,562089.94
2025-03-27 14:00:00,711510.94
2025-03-27 15:00:00,870404.1
2025-03-27 16:00:00,1007910.0
2025-03-27 17:00:00,1089436.2
2025-03-27 18:00:00,1135842.9
2025-03-27 19:00:00,1159586.2
2025-03-27 20:00:00,1214174.2
2025-03-27 21:00:00,1205789.1
2025-03-27 22:00:00,1184463.0
2025-03-27 23:00:00,1125781.9
2025-03-28 00:00:00,61184.438
2025-03-28 01:00:00,19452.375
2025-03-28 02:00:00,5045.125
2025-03-28 03:00:00,1474.4375
2025-03-28 04:00:00,10029.375
2025-03-28 05:00:00,31208.375
2025-03-28 06:00:00,43658.688
2025-03-28 07:00:00,31030.875
2025-03-28 08:00:00,48495.688
2025-03-28 09:00:00,93227.06
2025-03-28 10:00:00,157940.19
2025-03-28 11:00:00,259244.44
2025-03-28 12:00:00,408380.03
2025-03-28 13:00:00,573702.8
2025-03-28 14:00:00,740786.06
2025-03-28 15:00:00,882946.3
2025-03-28 16:00:00,1020120.94
2025-03-28 17:00:00,1081815.0
2025-03-28 18:00:00,1156817.6
2025-03-28 19:00:00,1178937.8
2025-03-28 20:00:00,1212575.9
2025-03-28 21:00:00,1197024.4
2025-03-28 22:00:00,1175957.0
2025-03-28 23:00:00,1144693.8
2025-03-29 00:00:00,66566.81
2025-03-29 01:00:00,24934.062
2025-03-29 02:00:00,6625.75
2025-03-29 03:00:00,312.0
2025-03-29 04:00:00,7503.6875
2025-03-29 05:00:00,26925.688
2025-03-29 06:00:00,43822.25
2025-03-29 07:00:00,31013.812
2025-03-29 08:00:00,34777.75
2025-03-29 09:00:00,91349.66
2025-03-29 10:00:00,147462.19
2025-03-29 11:00:00,268716.44
2025-03-29 12:00:00,397680.88
2025-03-29 13:00:00,585561.56
2025-03-29 14:00:00,741760.3
2025-03-29 15:00:00,882936.9
2025-03-29 16:00:00,1016202.7
2025-03-29 17:00:00,1088651.2
2025-03-29 18:00:00,1162795.5
2025-03-29 19:00:00,1172095.4
2025-03-29 20:00:00,1215692.1
2025-03-29 21:00:00,1200395.2
2025-03-29 22:00:00,1185726.8
2025-03-29 23:00:00,1128975.5
2025-03-30 00:00:00,31206.5
2025-03-30 01:00:00,0.0
2025-03-30 02:00:00,9535.0
2025-03-30 03:00:00,0.0
2025-03-30 04:00:00,0.0
2025-03-30 05:00:00,7756.75
2025-03-30 06:00:00,30800.5
2025-03-30 07:00:00,24382.562
2025-03-30 08:00:00,27392.438
2025-03-30 09:00:00,77520.75
2025-03-30 10:00:00,141400.6
2025-03-30 11:00:00,244154.75
2025-03-30 12:00:00,380281.9
2025-03-30 13:00:00,558450.9
2025-03-30 14:00:00,714029.25
2025-03-30 15:00:00,847710.56
2025-03-30 16:00:00,982226.5
2025-03-30 17:00:00,1066889.5
2025-03-30 18:00:00,1127219.1
2025-03-30 19:00:00,1142708.8
2025-03-30 20:00:00,1190457.0
2025-03-30 21:00:00,1156531.9
2025-03-30 22:00:00,1157113.9
2025-03-30 23:00:00,1113032.4
2025-03-31 00:00:00,55119.562
2025-03-31 01:00:00,7911.6875
2025-03-31 02:00:00,11247.5
2025-03-31 03:00:00,0.0
2025-03-31 04:00:00,2023.375
2025-03-31 05:00:00,20435.562
2025-03-31 06:00:00,38295.75
2025-03-31 07:00:00,25989.375
2025-03-31 08:00:00,40854.75
2025-03-31 09:00:00,77308.0
2025-03-31 10:00:00,145914.1
2025-03-31 11:00:00,269279.3
2025-03-31 12:00:00,404740.97
2025-03-31 13:00:00,582775.75
2025-03-31 14:00:00,745018.6
2025-03-31 15:00:00,895551.2
2025-03-31 16:00:00,1051639.0
2025-03-31 17:00:00,1111687.0
2025-03-31 18:00:00,1188755.0
2025-03-31 19:00:00,1198028.2
2025-03-31 20:00:00,1257526.5
2025-03-31 21:00:00,1232187.8
2025-03-31 22:00:00,1218030.5
2025-03-31 23:00:00,1184675.5
