timestamp,User_U9
2019-06-01 00:00:00,16.627899169921875
2019-06-01 00:15:00,13.302300453186035
2019-06-01 00:30:00,11.08530044555664
2019-06-01 00:45:00,12.19379997253418
2019-06-01 01:00:00,12.19379997253418
2019-06-01 01:15:00,167.6321561144133
2019-06-01 01:30:00,167.6321561144133
2019-06-01 01:45:00,167.6321561144133
2019-06-01 02:00:00,167.6321561144133
2019-06-01 02:15:00,167.6321561144133
2019-06-01 02:30:00,167.6321561144133
2019-06-01 02:45:00,167.6321561144133
2019-06-01 03:00:00,167.6321561144133
2019-06-01 03:15:00,167.6321561144133
2019-06-01 03:30:00,167.6321561144133
2019-06-01 03:45:00,167.6321561144133
2019-06-01 04:00:00,167.6321561144133
2019-06-01 04:15:00,167.6321561144133
2019-06-01 04:30:00,167.6321561144133
2019-06-01 04:45:00,167.6321561144133
2019-06-01 05:00:00,167.6321561144133
2019-06-01 05:15:00,167.6321561144133
2019-06-01 05:30:00,167.6321561144133
2019-06-01 05:45:00,167.6321561144133
2019-06-01 06:00:00,167.6321561144133
2019-06-01 06:15:00,167.6321561144133
2019-06-01 06:30:00,167.6321561144133
2019-06-01 06:45:00,167.6321561144133
2019-06-01 07:00:00,167.6321561144133
2019-06-01 07:15:00,167.6321561144133
2019-06-01 07:30:00,167.6321561144133
2019-06-01 07:45:00,167.6321561144133
2019-06-01 08:00:00,167.6321561144133
2019-06-01 08:15:00,167.6321561144133
2019-06-01 08:30:00,167.6321561144133
2019-06-01 08:45:00,167.6321561144133
2019-06-01 09:00:00,167.6321561144133
2019-06-01 09:15:00,167.6321561144133
2019-06-01 09:30:00,167.6321561144133
2019-06-01 09:45:00,167.6321561144133
2019-06-01 10:00:00,167.6321561144133
2019-06-01 10:15:00,167.6321561144133
2019-06-01 10:30:00,167.6321561144133
2019-06-01 10:45:00,167.6321561144133
2019-06-01 11:00:00,167.6321561144133
2019-06-01 11:15:00,167.6321561144133
2019-06-01 11:30:00,167.6321561144133
2019-06-01 11:45:00,167.6321561144133
2019-06-01 12:00:00,167.6321561144133
2019-06-01 12:15:00,167.6321561144133
2019-06-01 12:30:00,167.6321561144133
2019-06-01 12:45:00,167.6321561144133
2019-06-01 13:00:00,167.6321561144133
2019-06-01 13:15:00,167.6321561144133
2019-06-01 13:30:00,167.6321561144133
2019-06-01 13:45:00,396.8533935546875
2019-06-01 14:00:00,401.2875061035156
2019-06-01 14:15:00,396.8533935546875
2019-06-01 14:30:00,365.8146057128906
2019-06-01 14:45:00,340.3183898925781
2019-06-01 15:00:00,371.3572082519531
2019-06-01 15:15:00,363.5975036621094
2019-06-01 15:30:00,354.72930908203125
2019-06-01 15:45:00,375.7912902832031
2019-06-01 16:00:00,382.4425048828125
2019-06-01 16:15:00,389.09368896484375
2019-06-01 16:30:00,387.9851989746094
2019-06-01 16:45:00,396.8533935546875
2019-06-01 17:00:00,400.1789855957031
2019-06-01 17:15:00,379.1169128417969
2019-06-01 17:30:00,310.3880920410156
2019-06-01 17:45:00,252.74459838867188
2019-06-01 18:00:00,185.12429809570312
2019-06-01 18:15:00,184.0157928466797
2019-06-01 18:30:00,158.5196990966797
2019-06-01 18:45:00,152.9770050048828
2019-06-01 19:00:00,147.4344024658203
2019-06-01 19:15:00,137.4575958251953
2019-06-01 19:30:00,127.48079681396484
2019-06-01 19:45:00,129.69790649414062
2019-06-01 20:00:00,127.48079681396484
2019-06-01 20:15:00,121.93820190429688
2019-06-01 20:30:00,120.82969665527344
2019-06-01 20:45:00,130.806396484375
2019-06-01 21:00:00,113.06999969482422
2019-06-01 21:15:00,108.63580322265624
2019-06-01 21:30:00,105.310302734375
2019-06-01 21:45:00,93.11640167236328
2019-06-01 22:00:00,90.89939880371094
2019-06-01 22:15:00,86.46530151367188
2019-06-01 22:30:00,94.2249984741211
2019-06-01 22:45:00,104.20169830322266
2019-06-01 23:00:00,103.09320068359376
2019-06-01 23:15:00,94.2249984741211
2019-06-01 23:30:00,67.62030029296875
2019-06-01 23:45:00,59.860599517822266
2019-06-02 00:00:00,57.64350128173828
2019-06-02 00:15:00,58.75199890136719
2019-06-02 00:30:00,58.75199890136719
2019-06-02 00:45:00,57.64350128173828
2019-06-02 01:00:00,50.9922981262207
2019-06-02 01:15:00,46.55820083618164
2019-06-02 01:30:00,29.930299758911133
2019-06-02 01:45:00,22.17060089111328
2019-06-02 02:00:00,11.08530044555664
2019-06-02 02:15:00,11.08530044555664
2019-06-02 02:30:00,8.868200302124023
2019-06-02 02:45:00,7.759699821472168
2019-06-02 03:00:00,6.651199817657471
2019-06-02 03:15:00,6.651199817657471
2019-06-02 03:30:00,6.651199817657471
2019-06-02 03:45:00,6.651199817657471
2019-06-02 04:00:00,5.542600154876709
2019-06-02 04:15:00,6.651199817657471
2019-06-02 04:30:00,6.651199817657471
2019-06-02 04:45:00,5.542600154876709
2019-06-02 05:00:00,5.542600154876709
2019-06-02 05:15:00,6.651199817657471
2019-06-02 05:30:00,4.434100151062012
2019-06-02 05:45:00,6.651199817657471
2019-06-02 06:00:00,6.651199817657471
2019-06-02 06:15:00,8.868200302124023
2019-06-02 06:30:00,8.868200302124023
2019-06-02 06:45:00,11.08530044555664
2019-06-02 07:00:00,9.976799964904783
2019-06-02 07:15:00,17.736499786376953
2019-06-02 07:30:00,53.20940017700195
2019-06-02 07:45:00,79.81410217285156
2019-06-02 08:00:00,105.310302734375
2019-06-02 08:15:00,143.0001983642578
2019-06-02 08:30:00,212.8376007080078
2019-06-02 08:45:00,258.28729248046875
2019-06-02 09:00:00,289.3261108398437
2019-06-02 09:15:00,297.0857849121094
2019-06-02 09:30:00,309.27960205078125
2019-06-02 09:45:00,310.3880920410156
2019-06-02 10:00:00,303.73699951171875
2019-06-02 10:15:00,303.73699951171875
2019-06-02 10:30:00,284.8919982910156
2019-06-02 10:45:00,289.3261108398437
2019-06-02 11:00:00,274.9151916503906
2019-06-02 11:15:00,292.6517028808594
2019-06-02 11:30:00,315.9307861328125
2019-06-02 11:45:00,309.27960205078125
2019-06-02 12:00:00,240.55079650878903
2019-06-02 12:15:00,150.75990295410156
2019-06-02 12:30:00,162.95379638671875
2019-06-02 12:45:00,240.55079650878903
2019-06-02 13:00:00,280.4577941894531
2019-06-02 13:15:00,300.4114074707031
2019-06-02 13:30:00,291.5430908203125
2019-06-02 13:45:00,311.4967041015625
2019-06-02 14:00:00,288.2174987792969
2019-06-02 14:15:00,300.4114074707031
2019-06-02 14:30:00,289.3261108398437
2019-06-02 14:45:00,332.5586853027344
2019-06-02 15:00:00,328.1246032714844
2019-06-02 15:15:00,314.8222045898437
2019-06-02 15:30:00,332.5586853027344
2019-06-02 15:45:00,313.7137145996094
2019-06-02 16:00:00,329.23309326171875
2019-06-02 16:15:00,318.1477966308594
2019-06-02 16:30:00,329.23309326171875
2019-06-02 16:45:00,330.34161376953125
2019-06-02 17:00:00,312.6051940917969
2019-06-02 17:15:00,288.2174987792969
2019-06-02 17:30:00,257.1787109375
2019-06-02 17:45:00,200.643798828125
2019-06-02 18:00:00,136.34910583496094
2019-06-02 18:15:00,101.98470306396484
2019-06-02 18:30:00,72.05439758300781
2019-06-02 18:45:00,75.37999725341797
2019-06-02 19:00:00,75.37999725341797
2019-06-02 19:15:00,73.16290283203125
2019-06-02 19:30:00,69.8373031616211
2019-06-02 19:45:00,70.9458999633789
2019-06-02 20:00:00,70.9458999633789
2019-06-02 20:15:00,73.16290283203125
2019-06-02 20:30:00,79.81410217285156
2019-06-02 20:45:00,78.70559692382812
2019-06-02 21:00:00,70.9458999633789
2019-06-02 21:15:00,60.96910095214844
2019-06-02 21:30:00,62.077598571777344
2019-06-02 21:45:00,64.2947006225586
2019-06-02 22:00:00,66.51170349121094
2019-06-02 22:15:00,66.51170349121094
2019-06-02 22:30:00,63.18619918823242
2019-06-02 22:45:00,54.317901611328125
2019-06-02 23:00:00,55.42649841308594
2019-06-02 23:15:00,56.53499984741211
2019-06-02 23:30:00,54.317901611328125
2019-06-02 23:45:00,56.53499984741211
2019-06-03 00:00:00,54.317901611328125
2019-06-03 00:15:00,55.42649841308594
2019-06-03 00:30:00,53.20940017700195
2019-06-03 00:45:00,46.55820083618164
2019-06-03 01:00:00,34.36439895629883
2019-06-03 01:15:00,21.06209945678711
2019-06-03 01:30:00,16.627899169921875
2019-06-03 01:45:00,7.759699821472168
2019-06-03 02:00:00,8.868200302124023
2019-06-03 02:15:00,6.651199817657471
2019-06-03 02:30:00,167.6321561144133
2019-06-03 02:45:00,167.6321561144133
2019-06-03 03:00:00,167.6321561144133
2019-06-03 03:15:00,167.6321561144133
2019-06-03 03:30:00,167.6321561144133
2019-06-03 03:45:00,167.6321561144133
2019-06-03 04:00:00,167.6321561144133
2019-06-03 04:15:00,167.6321561144133
2019-06-03 04:30:00,167.6321561144133
2019-06-03 04:45:00,167.6321561144133
2019-06-03 05:00:00,167.6321561144133
2019-06-03 05:15:00,167.6321561144133
2019-06-03 05:30:00,167.6321561144133
2019-06-03 05:45:00,167.6321561144133
2019-06-03 06:00:00,167.6321561144133
2019-06-03 06:15:00,167.6321561144133
2019-06-03 06:30:00,167.6321561144133
2019-06-03 06:45:00,167.6321561144133
2019-06-03 07:00:00,167.6321561144133
2019-06-03 07:15:00,167.6321561144133
2019-06-03 07:30:00,167.6321561144133
2019-06-03 07:45:00,167.6321561144133
2019-06-03 08:00:00,167.6321561144133
2019-06-03 08:15:00,167.6321561144133
2019-06-03 08:30:00,167.6321561144133
2019-06-03 08:45:00,167.6321561144133
2019-06-03 09:00:00,167.6321561144133
2019-06-03 09:15:00,167.6321561144133
2019-06-03 09:30:00,167.6321561144133
2019-06-03 09:45:00,167.6321561144133
2019-06-03 10:00:00,167.6321561144133
2019-06-03 10:15:00,167.6321561144133
2019-06-03 10:30:00,167.6321561144133
2019-06-03 10:45:00,167.6321561144133
2019-06-03 11:00:00,167.6321561144133
2019-06-03 11:15:00,167.6321561144133
2019-06-03 11:30:00,167.6321561144133
2019-06-03 11:45:00,167.6321561144133
2019-06-03 12:00:00,167.6321561144133
2019-06-03 12:15:00,167.6321561144133
2019-06-03 12:30:00,167.6321561144133
2019-06-03 12:45:00,167.6321561144133
2019-06-03 13:00:00,167.6321561144133
2019-06-03 13:15:00,167.6321561144133
2019-06-03 13:30:00,167.6321561144133
2019-06-03 13:45:00,167.6321561144133
2019-06-03 14:00:00,167.6321561144133
2019-06-03 14:15:00,167.6321561144133
2019-06-03 14:30:00,167.6321561144133
2019-06-03 14:45:00,167.6321561144133
2019-06-03 15:00:00,386.8765869140625
2019-06-03 15:15:00,415.6983947753906
2019-06-03 15:30:00,399.0704040527344
2019-06-03 15:45:00,372.4657897949219
2019-06-03 16:00:00,381.3340148925781
2019-06-03 16:15:00,385.7680969238281
2019-06-03 16:30:00,383.5509948730469
2019-06-03 16:45:00,410.15570068359375
2019-06-03 17:00:00,414.58990478515625
2019-06-03 17:15:00,396.8533935546875
2019-06-03 17:30:00,379.1169128417969
2019-06-03 17:45:00,290.4346008300781
2019-06-03 18:00:00,208.40350341796875
2019-06-03 18:15:00,213.94610595703125
2019-06-03 18:30:00,188.4499053955078
2019-06-03 18:45:00,192.88409423828125
2019-06-03 19:00:00,182.9073028564453
2019-06-03 19:15:00,175.14759826660156
2019-06-03 19:30:00,170.7135009765625
2019-06-03 19:45:00,147.4344024658203
2019-06-03 20:00:00,128.5894012451172
2019-06-03 20:15:00,127.48079681396484
2019-06-03 20:30:00,123.04669952392578
2019-06-03 20:45:00,118.61260223388672
2019-06-03 21:00:00,110.85289764404295
2019-06-03 21:15:00,103.09320068359376
2019-06-03 21:30:00,99.7676010131836
2019-06-03 21:45:00,105.310302734375
2019-06-03 22:00:00,107.5272979736328
2019-06-03 22:15:00,105.310302734375
2019-06-03 22:30:00,105.310302734375
2019-06-03 22:45:00,103.09320068359376
2019-06-03 23:00:00,97.55059814453124
2019-06-03 23:15:00,96.44200134277344
2019-06-03 23:30:00,87.57379913330078
2019-06-03 23:45:00,85.35669708251953
2019-06-04 00:00:00,66.51170349121094
2019-06-04 00:15:00,68.72879791259766
2019-06-04 00:30:00,62.077598571777344
2019-06-04 00:45:00,52.10089874267578
2019-06-04 01:00:00,37.68999862670898
2019-06-04 01:15:00,27.71319961547852
2019-06-04 01:30:00,21.06209945678711
2019-06-04 01:45:00,16.627899169921875
2019-06-04 02:00:00,14.410900115966797
2019-06-04 02:15:00,13.302300453186035
2019-06-04 02:30:00,13.302300453186035
2019-06-04 02:45:00,8.868200302124023
2019-06-04 03:00:00,8.868200302124023
2019-06-04 03:15:00,8.868200302124023
2019-06-04 03:30:00,8.868200302124023
2019-06-04 03:45:00,8.868200302124023
2019-06-04 04:00:00,8.868200302124023
2019-06-04 04:15:00,8.868200302124023
2019-06-04 04:30:00,8.868200302124023
2019-06-04 04:45:00,11.08530044555664
2019-06-04 05:00:00,7.759699821472168
2019-06-04 05:15:00,8.868200302124023
2019-06-04 05:30:00,7.759699821472168
2019-06-04 05:45:00,8.868200302124023
2019-06-04 06:00:00,7.759699821472168
2019-06-04 06:15:00,14.410900115966797
2019-06-04 06:30:00,14.410900115966797
2019-06-04 06:45:00,11.08530044555664
2019-06-04 07:00:00,37.68999862670898
2019-06-04 07:15:00,96.44200134277344
2019-06-04 07:30:00,125.26380157470705
2019-06-04 07:45:00,127.48079681396484
2019-06-04 08:00:00,150.75990295410156
2019-06-04 08:15:00,236.11669921875
2019-06-04 08:30:00,320.3648986816406
2019-06-04 08:45:00,375.7912902832031
2019-06-04 09:00:00,382.4425048828125
2019-06-04 09:15:00,399.0704040527344
2019-06-04 09:30:00,356.9462890625
2019-06-04 09:45:00,359.16339111328125
2019-06-04 10:00:00,387.9851989746094
2019-06-04 10:15:00,383.5509948730469
2019-06-04 10:30:00,396.8533935546875
2019-06-04 10:45:00,396.8533935546875
2019-06-04 11:00:00,401.2875061035156
2019-06-04 11:15:00,402.39599609375
2019-06-04 11:30:00,389.09368896484375
2019-06-04 11:45:00,364.70599365234375
2019-06-04 12:00:00,291.5430908203125
2019-06-04 12:15:00,212.8376007080078
2019-06-04 12:30:00,227.24850463867188
2019-06-04 12:45:00,304.8454895019531
2019-06-04 13:00:00,382.4425048828125
2019-06-04 13:15:00,384.65960693359375
2019-06-04 13:30:00,402.39599609375
2019-06-04 13:45:00,410.15570068359375
2019-06-04 14:00:00,380.2254943847656
2019-06-04 14:15:00,394.6362915039063
2019-06-04 14:30:00,394.6362915039063
2019-06-04 14:45:00,407.9386901855469
2019-06-04 15:00:00,414.58990478515625
2019-06-04 15:15:00,409.0472106933594
2019-06-04 15:30:00,413.4812927246094
2019-06-04 15:45:00,409.0472106933594
2019-06-04 16:00:00,397.9619140625
2019-06-04 16:15:00,430.10931396484375
2019-06-04 16:30:00,434.54339599609375
2019-06-04 16:45:00,429.0007019042969
2019-06-04 17:00:00,433.434814453125
2019-06-04 17:15:00,419.0239868164063
2019-06-04 17:30:00,372.4657897949219
2019-06-04 17:45:00,295.9772033691406
2019-06-04 18:00:00,185.12429809570312
2019-06-04 18:15:00,161.84519958496094
2019-06-04 18:30:00,177.36459350585938
2019-06-04 18:45:00,219.4886932373047
2019-06-04 19:00:00,210.62049865722656
2019-06-04 19:15:00,195.10110473632807
2019-06-04 19:30:00,169.6049041748047
2019-06-04 19:45:00,176.256103515625
2019-06-04 20:00:00,175.14759826660156
2019-06-04 20:15:00,170.7135009765625
2019-06-04 20:30:00,169.6049041748047
2019-06-04 20:45:00,130.806396484375
2019-06-04 21:00:00,108.63580322265624
2019-06-04 21:15:00,109.74440002441406
2019-06-04 21:30:00,103.09320068359376
2019-06-04 21:45:00,101.98470306396484
2019-06-04 22:00:00,108.63580322265624
2019-06-04 22:15:00,111.9614028930664
2019-06-04 22:30:00,107.5272979736328
2019-06-04 22:45:00,107.5272979736328
2019-06-04 23:00:00,113.06999969482422
2019-06-04 23:15:00,109.74440002441406
2019-06-04 23:30:00,107.5272979736328
2019-06-04 23:45:00,75.37999725341797
2019-06-05 00:00:00,67.62030029296875
2019-06-05 00:15:00,60.96910095214844
2019-06-05 00:30:00,59.860599517822266
2019-06-05 00:45:00,57.64350128173828
2019-06-05 01:00:00,50.9922981262207
2019-06-05 01:15:00,44.34120178222656
2019-06-05 01:30:00,28.8218002319336
2019-06-05 01:45:00,24.38759994506836
2019-06-05 02:00:00,14.410900115966797
2019-06-05 02:15:00,13.302300453186035
2019-06-05 02:30:00,12.19379997253418
2019-06-05 02:45:00,11.08530044555664
2019-06-05 03:00:00,11.08530044555664
2019-06-05 03:15:00,6.651199817657471
2019-06-05 03:30:00,6.651199817657471
2019-06-05 03:45:00,7.759699821472168
2019-06-05 04:00:00,5.542600154876709
2019-06-05 04:15:00,7.759699821472168
2019-06-05 04:30:00,6.651199817657471
2019-06-05 04:45:00,6.651199817657471
2019-06-05 05:00:00,5.542600154876709
2019-06-05 05:15:00,6.651199817657471
2019-06-05 05:30:00,6.651199817657471
2019-06-05 05:45:00,4.434100151062012
2019-06-05 06:00:00,6.651199817657471
2019-06-05 06:15:00,11.08530044555664
2019-06-05 06:30:00,9.976799964904783
2019-06-05 06:45:00,7.759699821472168
2019-06-05 07:00:00,39.90700149536133
2019-06-05 07:15:00,104.20169830322266
2019-06-05 07:30:00,133.02349853515625
2019-06-05 07:45:00,131.9149932861328
2019-06-05 08:00:00,150.75990295410156
2019-06-05 08:15:00,205.0778961181641
2019-06-05 08:30:00,295.9772033691406
2019-06-05 08:45:00,358.0549011230469
2019-06-05 09:00:00,382.4425048828125
2019-06-05 09:15:00,399.0704040527344
2019-06-05 09:30:00,393.5278015136719
2019-06-05 09:45:00,385.7680969238281
2019-06-05 10:00:00,404.6130981445313
2019-06-05 10:15:00,409.0472106933594
2019-06-05 10:30:00,395.7449035644531
2019-06-05 10:45:00,395.7449035644531
2019-06-05 11:00:00,386.8765869140625
2019-06-05 11:15:00,378.0083923339844
2019-06-05 11:30:00,380.2254943847656
2019-06-05 11:45:00,366.923095703125
2019-06-05 12:00:00,291.5430908203125
2019-06-05 12:15:00,217.27169799804688
2019-06-05 12:30:00,236.11669921875
2019-06-05 12:45:00,289.3261108398437
2019-06-05 13:00:00,364.70599365234375
2019-06-05 13:15:00,387.9851989746094
2019-06-05 13:30:00,390.20220947265625
2019-06-05 13:45:00,410.15570068359375
2019-06-05 14:00:00,406.8302001953125
2019-06-05 14:15:00,409.0472106933594
2019-06-05 14:30:00,405.7215881347656
2019-06-05 14:45:00,411.2643127441406
2019-06-05 15:00:00,413.4812927246094
2019-06-05 15:15:00,390.20220947265625
2019-06-05 15:30:00,416.806884765625
2019-06-05 15:45:00,393.5278015136719
2019-06-05 16:00:00,426.78369140625
2019-06-05 16:15:00,406.8302001953125
2019-06-05 16:30:00,421.2409973144531
2019-06-05 16:45:00,405.7215881347656
2019-06-05 17:00:00,419.0239868164063
2019-06-05 17:15:00,419.0239868164063
2019-06-05 17:30:00,391.3106994628906
2019-06-05 17:45:00,309.27960205078125
2019-06-05 18:00:00,254.96170043945312
2019-06-05 18:15:00,221.705795288086
2019-06-05 18:30:00,202.8607940673828
2019-06-05 18:45:00,235.00819396972656
2019-06-05 19:00:00,223.9228973388672
2019-06-05 19:15:00,226.139892578125
2019-06-05 19:30:00,229.4654998779297
2019-06-05 19:45:00,227.24850463867188
2019-06-05 20:00:00,202.8607940673828
2019-06-05 20:15:00,169.6049041748047
2019-06-05 20:30:00,168.49639892578125
2019-06-05 20:45:00,143.0001983642578
2019-06-05 21:00:00,114.17849731445312
2019-06-05 21:15:00,106.4188003540039
2019-06-05 21:30:00,101.98470306396484
2019-06-05 21:45:00,97.55059814453124
2019-06-05 22:00:00,103.09320068359376
2019-06-05 22:15:00,78.70559692382812
2019-06-05 22:30:00,74.27140045166016
2019-06-05 22:45:00,72.05439758300781
2019-06-05 23:00:00,62.077598571777344
2019-06-05 23:15:00,60.96910095214844
2019-06-05 23:30:00,60.96910095214844
2019-06-05 23:45:00,60.96910095214844
2019-06-06 00:00:00,60.96910095214844
2019-06-06 00:15:00,58.75199890136719
2019-06-06 00:30:00,56.53499984741211
2019-06-06 00:45:00,49.8838005065918
2019-06-06 01:00:00,47.66669845581055
2019-06-06 01:15:00,26.604700088500977
2019-06-06 01:30:00,23.27910041809082
2019-06-06 01:45:00,13.302300453186035
2019-06-06 02:00:00,13.302300453186035
2019-06-06 02:15:00,12.19379997253418
2019-06-06 02:30:00,12.19379997253418
2019-06-06 02:45:00,17.736499786376953
2019-06-06 03:00:00,18.84499931335449
2019-06-06 03:15:00,16.627899169921875
2019-06-06 03:30:00,16.627899169921875
2019-06-06 03:45:00,15.519399642944336
2019-06-06 04:00:00,8.868200302124023
2019-06-06 04:15:00,7.759699821472168
2019-06-06 04:30:00,6.651199817657471
2019-06-06 04:45:00,7.759699821472168
2019-06-06 05:00:00,7.759699821472168
2019-06-06 05:15:00,7.759699821472168
2019-06-06 05:30:00,6.651199817657471
2019-06-06 05:45:00,7.759699821472168
2019-06-06 06:00:00,8.868200302124023
2019-06-06 06:15:00,9.976799964904783
2019-06-06 06:30:00,11.08530044555664
2019-06-06 06:45:00,16.627899169921875
2019-06-06 07:00:00,32.147300720214844
2019-06-06 07:15:00,42.12409973144531
2019-06-06 07:30:00,119.72109985351562
2019-06-06 07:45:00,133.02349853515625
2019-06-06 08:00:00,141.89169311523438
2019-06-06 08:15:00,190.66700744628903
2019-06-06 08:30:00,261.61279296875
2019-06-06 08:45:00,272.6980895996094
2019-06-06 09:00:00,268.2640075683594
2019-06-06 09:15:00,292.6517028808594
2019-06-06 09:30:00,283.78338623046875
2019-06-06 09:45:00,307.0625
2019-06-06 10:00:00,303.73699951171875
2019-06-06 10:15:00,311.4967041015625
2019-06-06 10:30:00,294.86871337890625
2019-06-06 10:45:00,167.6321561144133
2019-06-06 11:00:00,167.6321561144133
2019-06-06 11:15:00,167.6321561144133
2019-06-06 11:30:00,167.6321561144133
2019-06-06 11:45:00,167.6321561144133
2019-06-06 12:00:00,167.6321561144133
2019-06-06 12:15:00,167.6321561144133
2019-06-06 12:30:00,167.6321561144133
2019-06-06 12:45:00,167.6321561144133
2019-06-06 13:00:00,167.6321561144133
2019-06-06 13:15:00,167.6321561144133
2019-06-06 13:30:00,167.6321561144133
2019-06-06 13:45:00,167.6321561144133
2019-06-06 14:00:00,167.6321561144133
2019-06-06 14:15:00,167.6321561144133
2019-06-06 14:30:00,167.6321561144133
2019-06-06 14:45:00,167.6321561144133
2019-06-06 15:00:00,167.6321561144133
2019-06-06 15:15:00,167.6321561144133
2019-06-06 15:30:00,167.6321561144133
2019-06-06 15:45:00,167.6321561144133
2019-06-06 16:00:00,167.6321561144133
2019-06-06 16:15:00,167.6321561144133
2019-06-06 16:30:00,167.6321561144133
2019-06-06 16:45:00,167.6321561144133
2019-06-06 17:00:00,167.6321561144133
2019-06-06 17:15:00,167.6321561144133
2019-06-06 17:30:00,167.6321561144133
2019-06-06 17:45:00,167.6321561144133
2019-06-06 18:00:00,167.6321561144133
2019-06-06 18:15:00,167.6321561144133
2019-06-06 18:30:00,167.6321561144133
2019-06-06 18:45:00,167.6321561144133
2019-06-06 19:00:00,167.6321561144133
2019-06-06 19:15:00,167.6321561144133
2019-06-06 19:30:00,167.6321561144133
2019-06-06 19:45:00,167.6321561144133
2019-06-06 20:00:00,167.6321561144133
2019-06-06 20:15:00,167.6321561144133
2019-06-06 20:30:00,167.6321561144133
2019-06-06 20:45:00,167.6321561144133
2019-06-06 21:00:00,167.6321561144133
2019-06-06 21:15:00,167.6321561144133
2019-06-06 21:30:00,167.6321561144133
2019-06-06 21:45:00,167.6321561144133
2019-06-06 22:00:00,167.6321561144133
2019-06-06 22:15:00,167.6321561144133
2019-06-06 22:30:00,167.6321561144133
2019-06-06 22:45:00,167.6321561144133
2019-06-06 23:00:00,167.6321561144133
2019-06-06 23:15:00,9.976799964904783
2019-06-06 23:30:00,11.08530044555664
2019-06-06 23:45:00,8.868200302124023
2019-06-07 00:00:00,9.976799964904783
2019-06-07 00:15:00,167.6321561144133
2019-06-07 00:30:00,167.6321561144133
2019-06-07 00:45:00,167.6321561144133
2019-06-07 01:00:00,167.6321561144133
2019-06-07 01:15:00,167.6321561144133
2019-06-07 01:30:00,167.6321561144133
2019-06-07 01:45:00,167.6321561144133
2019-06-07 02:00:00,167.6321561144133
2019-06-07 02:15:00,167.6321561144133
2019-06-07 02:30:00,167.6321561144133
2019-06-07 02:45:00,167.6321561144133
2019-06-07 03:00:00,167.6321561144133
2019-06-07 03:15:00,167.6321561144133
2019-06-07 03:30:00,167.6321561144133
2019-06-07 03:45:00,167.6321561144133
2019-06-07 04:00:00,167.6321561144133
2019-06-07 04:15:00,167.6321561144133
2019-06-07 04:30:00,167.6321561144133
2019-06-07 04:45:00,167.6321561144133
2019-06-07 05:00:00,167.6321561144133
2019-06-07 05:15:00,167.6321561144133
2019-06-07 05:30:00,167.6321561144133
2019-06-07 05:45:00,167.6321561144133
2019-06-07 06:00:00,167.6321561144133
2019-06-07 06:15:00,167.6321561144133
2019-06-07 06:30:00,167.6321561144133
2019-06-07 06:45:00,167.6321561144133
2019-06-07 07:00:00,167.6321561144133
2019-06-07 07:15:00,167.6321561144133
2019-06-07 07:30:00,167.6321561144133
2019-06-07 07:45:00,167.6321561144133
2019-06-07 08:00:00,167.6321561144133
2019-06-07 08:15:00,167.6321561144133
2019-06-07 08:30:00,167.6321561144133
2019-06-07 08:45:00,167.6321561144133
2019-06-07 09:00:00,167.6321561144133
2019-06-07 09:15:00,167.6321561144133
2019-06-07 09:30:00,167.6321561144133
2019-06-07 09:45:00,167.6321561144133
2019-06-07 10:00:00,167.6321561144133
2019-06-07 10:15:00,167.6321561144133
2019-06-07 10:30:00,167.6321561144133
2019-06-07 10:45:00,167.6321561144133
2019-06-07 11:00:00,167.6321561144133
2019-06-07 11:15:00,167.6321561144133
2019-06-07 11:30:00,167.6321561144133
2019-06-07 11:45:00,167.6321561144133
2019-06-07 12:00:00,167.6321561144133
2019-06-07 12:15:00,167.6321561144133
2019-06-07 12:30:00,167.6321561144133
2019-06-07 12:45:00,7.759699821472168
2019-06-07 13:00:00,6.651199817657471
2019-06-07 13:15:00,6.651199817657471
2019-06-07 13:30:00,7.759699821472168
2019-06-07 13:45:00,7.759699821472168
2019-06-07 14:00:00,7.759699821472168
2019-06-07 14:15:00,7.759699821472168
2019-06-07 14:30:00,5.542600154876709
2019-06-07 14:45:00,7.759699821472168
2019-06-07 15:00:00,5.542600154876709
2019-06-07 15:15:00,7.759699821472168
2019-06-07 15:30:00,7.759699821472168
2019-06-07 15:45:00,6.651199817657471
2019-06-07 16:00:00,7.759699821472168
2019-06-07 16:15:00,7.759699821472168
2019-06-07 16:30:00,7.759699821472168
2019-06-07 16:45:00,9.976799964904783
2019-06-07 17:00:00,9.976799964904783
2019-06-07 17:15:00,8.868200302124023
2019-06-07 17:30:00,11.08530044555664
2019-06-07 17:45:00,7.759699821472168
2019-06-07 18:00:00,8.868200302124023
2019-06-07 18:15:00,7.759699821472168
2019-06-07 18:30:00,8.868200302124023
2019-06-07 18:45:00,8.868200302124023
2019-06-07 19:00:00,8.868200302124023
2019-06-07 19:15:00,7.759699821472168
2019-06-07 19:30:00,7.759699821472168
2019-06-07 19:45:00,9.976799964904783
2019-06-07 20:00:00,12.19379997253418
2019-06-07 20:15:00,9.976799964904783
2019-06-07 20:30:00,8.868200302124023
2019-06-07 20:45:00,8.868200302124023
2019-06-07 21:00:00,8.868200302124023
2019-06-07 21:15:00,8.868200302124023
2019-06-07 21:30:00,9.976799964904783
2019-06-07 21:45:00,8.868200302124023
2019-06-07 22:00:00,9.976799964904783
2019-06-07 22:15:00,8.868200302124023
2019-06-07 22:30:00,9.976799964904783
2019-06-07 22:45:00,8.868200302124023
2019-06-07 23:00:00,11.08530044555664
2019-06-07 23:15:00,8.868200302124023
2019-06-07 23:30:00,13.302300453186035
2019-06-07 23:45:00,9.976799964904783
2019-06-08 00:00:00,9.976799964904783
2019-06-08 00:15:00,9.976799964904783
2019-06-08 00:30:00,8.868200302124023
2019-06-08 00:45:00,9.976799964904783
2019-06-08 01:00:00,8.868200302124023
2019-06-08 01:15:00,8.868200302124023
2019-06-08 01:30:00,9.976799964904783
2019-06-08 01:45:00,9.976799964904783
2019-06-08 02:00:00,8.868200302124023
2019-06-08 02:15:00,8.868200302124023
2019-06-08 02:30:00,8.868200302124023
2019-06-08 02:45:00,9.976799964904783
2019-06-08 03:00:00,8.868200302124023
2019-06-08 03:15:00,8.868200302124023
2019-06-08 03:30:00,8.868200302124023
2019-06-08 03:45:00,8.868200302124023
2019-06-08 04:00:00,8.868200302124023
2019-06-08 04:15:00,8.868200302124023
2019-06-08 04:30:00,7.759699821472168
2019-06-08 04:45:00,7.759699821472168
2019-06-08 05:00:00,7.759699821472168
2019-06-08 05:15:00,8.868200302124023
2019-06-08 05:30:00,7.759699821472168
2019-06-08 05:45:00,6.651199817657471
2019-06-08 06:00:00,8.868200302124023
2019-06-08 06:15:00,11.08530044555664
2019-06-08 06:30:00,9.976799964904783
2019-06-08 06:45:00,13.302300453186035
2019-06-08 07:00:00,9.976799964904783
2019-06-08 07:15:00,8.868200302124023
2019-06-08 07:30:00,8.868200302124023
2019-06-08 07:45:00,7.759699821472168
2019-06-08 08:00:00,13.302300453186035
2019-06-08 08:15:00,53.20940017700195
2019-06-08 08:30:00,125.26380157470705
2019-06-08 08:45:00,180.6902008056641
2019-06-08 09:00:00,190.66700744628903
2019-06-08 09:15:00,222.8143005371093
2019-06-08 09:30:00,220.5973052978516
2019-06-08 09:45:00,217.27169799804688
2019-06-08 10:00:00,229.4654998779297
2019-06-08 10:15:00,233.89959716796875
2019-06-08 10:30:00,237.22520446777344
2019-06-08 10:45:00,212.8376007080078
2019-06-08 11:00:00,230.57400512695312
2019-06-08 11:15:00,223.9228973388672
2019-06-08 11:30:00,213.94610595703125
2019-06-08 11:45:00,220.5973052978516
2019-06-08 12:00:00,161.84519958496094
2019-06-08 12:15:00,150.75990295410156
2019-06-08 12:30:00,151.86849975585938
2019-06-08 12:45:00,188.4499053955078
2019-06-08 13:00:00,208.40350341796875
2019-06-08 13:15:00,212.8376007080078
2019-06-08 13:30:00,220.5973052978516
2019-06-08 13:45:00,219.4886932373047
2019-06-08 14:00:00,205.0778961181641
2019-06-08 14:15:00,196.2095947265625
2019-06-08 14:30:00,217.27169799804688
2019-06-08 14:45:00,217.27169799804688
2019-06-08 15:00:00,216.16319274902344
2019-06-08 15:15:00,229.4654998779297
2019-06-08 15:30:00,230.57400512695312
2019-06-08 15:45:00,233.89959716796875
2019-06-08 16:00:00,237.22520446777344
2019-06-08 16:15:00,231.6826019287109
2019-06-08 16:30:00,239.4423065185547
2019-06-08 16:45:00,228.35699462890625
2019-06-08 17:00:00,225.03140258789065
2019-06-08 17:15:00,218.3802032470703
2019-06-08 17:30:00,208.40350341796875
2019-06-08 17:45:00,150.75990295410156
2019-06-08 18:00:00,79.81410217285156
2019-06-08 18:15:00,70.9458999633789
2019-06-08 18:30:00,67.62030029296875
2019-06-08 18:45:00,72.05439758300781
2019-06-08 19:00:00,73.16290283203125
2019-06-08 19:15:00,72.05439758300781
2019-06-08 19:30:00,72.05439758300781
2019-06-08 19:45:00,75.37999725341797
2019-06-08 20:00:00,73.16290283203125
2019-06-08 20:15:00,74.27140045166016
2019-06-08 20:30:00,73.16290283203125
2019-06-08 20:45:00,69.8373031616211
2019-06-08 21:00:00,66.51170349121094
2019-06-08 21:15:00,63.18619918823242
2019-06-08 21:30:00,57.64350128173828
2019-06-08 21:45:00,56.53499984741211
2019-06-08 22:00:00,57.64350128173828
2019-06-08 22:15:00,57.64350128173828
2019-06-08 22:30:00,57.64350128173828
2019-06-08 22:45:00,54.317901611328125
2019-06-08 23:00:00,58.75199890136719
2019-06-08 23:15:00,58.75199890136719
2019-06-08 23:30:00,58.75199890136719
2019-06-08 23:45:00,57.64350128173828
2019-06-09 00:00:00,56.53499984741211
2019-06-09 00:15:00,55.42649841308594
2019-06-09 00:30:00,50.9922981262207
2019-06-09 00:45:00,44.34120178222656
2019-06-09 01:00:00,29.930299758911133
2019-06-09 01:15:00,23.27910041809082
2019-06-09 01:30:00,16.627899169921875
2019-06-09 01:45:00,11.08530044555664
2019-06-09 02:00:00,12.19379997253418
2019-06-09 02:15:00,11.08530044555664
2019-06-09 02:30:00,12.19379997253418
2019-06-09 02:45:00,12.19379997253418
2019-06-09 03:00:00,9.976799964904783
2019-06-09 03:15:00,11.08530044555664
2019-06-09 03:30:00,11.08530044555664
2019-06-09 03:45:00,9.976799964904783
2019-06-09 04:00:00,12.19379997253418
2019-06-09 04:15:00,11.08530044555664
2019-06-09 04:30:00,11.08530044555664
2019-06-09 04:45:00,8.868200302124023
2019-06-09 05:00:00,11.08530044555664
2019-06-09 05:15:00,9.976799964904783
2019-06-09 05:30:00,9.976799964904783
2019-06-09 05:45:00,12.19379997253418
2019-06-09 06:00:00,13.302300453186035
2019-06-09 06:15:00,13.302300453186035
2019-06-09 06:30:00,13.302300453186035
2019-06-09 06:45:00,9.976799964904783
2019-06-09 07:00:00,14.410900115966797
2019-06-09 07:15:00,14.410900115966797
2019-06-09 07:30:00,11.08530044555664
2019-06-09 07:45:00,19.953500747680664
2019-06-09 08:00:00,46.55820083618164
2019-06-09 08:15:00,86.46530151367188
2019-06-09 08:30:00,127.48079681396484
2019-06-09 08:45:00,184.0157928466797
2019-06-09 09:00:00,222.8143005371093
2019-06-09 09:15:00,230.57400512695312
2019-06-09 09:30:00,233.89959716796875
2019-06-09 09:45:00,232.7911071777344
2019-06-09 10:00:00,238.3336944580078
2019-06-09 10:15:00,257.1787109375
2019-06-09 10:30:00,250.5276031494141
2019-06-09 10:45:00,241.6593017578125
2019-06-09 11:00:00,230.57400512695312
2019-06-09 11:15:00,230.57400512695312
2019-06-09 11:30:00,213.94610595703125
2019-06-09 11:45:00,225.03140258789065
2019-06-09 12:00:00,170.7135009765625
2019-06-09 12:15:00,147.4344024658203
2019-06-09 12:30:00,157.41110229492188
2019-06-09 12:45:00,230.57400512695312
2019-06-09 13:00:00,225.03140258789065
2019-06-09 13:15:00,226.139892578125
2019-06-09 13:30:00,228.35699462890625
2019-06-09 13:45:00,232.7911071777344
2019-06-09 14:00:00,240.55079650878903
2019-06-09 14:15:00,233.89959716796875
2019-06-09 14:30:00,226.139892578125
2019-06-09 14:45:00,235.00819396972656
2019-06-09 15:00:00,217.27169799804688
2019-06-09 15:15:00,235.00819396972656
2019-06-09 15:30:00,232.7911071777344
2019-06-09 15:45:00,233.89959716796875
2019-06-09 16:00:00,231.6826019287109
2019-06-09 16:15:00,228.35699462890625
2019-06-09 16:30:00,235.00819396972656
2019-06-09 16:45:00,264.9383850097656
2019-06-09 17:00:00,233.89959716796875
2019-06-09 17:15:00,228.35699462890625
2019-06-09 17:30:00,208.40350341796875
2019-06-09 17:45:00,157.41110229492188
2019-06-09 18:00:00,95.33350372314452
2019-06-09 18:15:00,89.79090118408203
2019-06-09 18:30:00,89.79090118408203
2019-06-09 18:45:00,94.2249984741211
2019-06-09 19:00:00,103.09320068359376
2019-06-09 19:15:00,101.98470306396484
2019-06-09 19:30:00,103.09320068359376
2019-06-09 19:45:00,100.8760986328125
2019-06-09 20:00:00,93.11640167236328
2019-06-09 20:15:00,76.4885025024414
2019-06-09 20:30:00,78.70559692382812
2019-06-09 20:45:00,72.05439758300781
2019-06-09 21:00:00,72.05439758300781
2019-06-09 21:15:00,65.4031982421875
2019-06-09 21:30:00,62.077598571777344
2019-06-09 21:45:00,62.077598571777344
2019-06-09 22:00:00,60.96910095214844
2019-06-09 22:15:00,59.860599517822266
2019-06-09 22:30:00,57.64350128173828
2019-06-09 22:45:00,59.860599517822266
2019-06-09 23:00:00,58.75199890136719
2019-06-09 23:15:00,58.75199890136719
2019-06-09 23:30:00,59.860599517822266
2019-06-09 23:45:00,57.64350128173828
2019-06-10 00:00:00,57.64350128173828
2019-06-10 00:15:00,58.75199890136719
2019-06-10 00:30:00,53.20940017700195
2019-06-10 00:45:00,48.775299072265625
2019-06-10 01:00:00,167.6321561144133
2019-06-10 01:15:00,167.6321561144133
2019-06-10 01:30:00,167.6321561144133
2019-06-10 01:45:00,167.6321561144133
2019-06-10 02:00:00,167.6321561144133
2019-06-10 02:15:00,167.6321561144133
2019-06-10 02:30:00,167.6321561144133
2019-06-10 02:45:00,167.6321561144133
2019-06-10 03:00:00,167.6321561144133
2019-06-10 03:15:00,167.6321561144133
2019-06-10 03:30:00,167.6321561144133
2019-06-10 03:45:00,167.6321561144133
2019-06-10 04:00:00,167.6321561144133
2019-06-10 04:15:00,167.6321561144133
2019-06-10 04:30:00,167.6321561144133
2019-06-10 04:45:00,167.6321561144133
2019-06-10 05:00:00,167.6321561144133
2019-06-10 05:15:00,167.6321561144133
2019-06-10 05:30:00,167.6321561144133
2019-06-10 05:45:00,167.6321561144133
2019-06-10 06:00:00,167.6321561144133
2019-06-10 06:15:00,167.6321561144133
2019-06-10 06:30:00,167.6321561144133
2019-06-10 06:45:00,167.6321561144133
2019-06-10 07:00:00,167.6321561144133
2019-06-10 07:15:00,167.6321561144133
2019-06-10 07:30:00,167.6321561144133
2019-06-10 07:45:00,167.6321561144133
2019-06-10 08:00:00,167.6321561144133
2019-06-10 08:15:00,167.6321561144133
2019-06-10 08:30:00,167.6321561144133
2019-06-10 08:45:00,167.6321561144133
2019-06-10 09:00:00,167.6321561144133
2019-06-10 09:15:00,167.6321561144133
2019-06-10 09:30:00,167.6321561144133
2019-06-10 09:45:00,167.6321561144133
2019-06-10 10:00:00,167.6321561144133
2019-06-10 10:15:00,167.6321561144133
2019-06-10 10:30:00,167.6321561144133
2019-06-10 10:45:00,167.6321561144133
2019-06-10 11:00:00,167.6321561144133
2019-06-10 11:15:00,167.6321561144133
2019-06-10 11:30:00,167.6321561144133
2019-06-10 11:45:00,167.6321561144133
2019-06-10 12:00:00,167.6321561144133
2019-06-10 12:15:00,167.6321561144133
2019-06-10 12:30:00,167.6321561144133
2019-06-10 12:45:00,167.6321561144133
2019-06-10 13:00:00,167.6321561144133
2019-06-10 13:15:00,167.6321561144133
2019-06-10 13:30:00,407.9386901855469
2019-06-10 13:45:00,403.5046081542969
2019-06-10 14:00:00,405.7215881347656
2019-06-10 14:15:00,394.6362915039063
2019-06-10 14:30:00,392.4193115234375
2019-06-10 14:45:00,400.1789855957031
2019-06-10 15:00:00,393.5278015136719
2019-06-10 15:15:00,399.0704040527344
2019-06-10 15:30:00,413.4812927246094
2019-06-10 15:45:00,432.3262939453125
2019-06-10 16:00:00,417.9154052734375
2019-06-10 16:15:00,399.0704040527344
2019-06-10 16:30:00,394.6362915039063
2019-06-10 16:45:00,399.0704040527344
2019-06-10 17:00:00,423.4580993652344
2019-06-10 17:15:00,405.7215881347656
2019-06-10 17:30:00,415.6983947753906
2019-06-10 17:45:00,351.4036865234375
2019-06-10 18:00:00,317.039306640625
2019-06-10 18:15:00,355.8377990722656
2019-06-10 18:30:00,329.23309326171875
2019-06-10 18:45:00,338.1014099121094
2019-06-10 19:00:00,327.01611328125
2019-06-10 19:15:00,305.9540100097656
2019-06-10 19:30:00,284.8919982910156
2019-06-10 19:45:00,238.3336944580078
2019-06-10 20:00:00,134.1320037841797
2019-06-10 20:15:00,121.93820190429688
2019-06-10 20:30:00,120.82969665527344
2019-06-10 20:45:00,124.1552963256836
2019-06-10 21:00:00,105.310302734375
2019-06-10 21:15:00,98.65910339355467
2019-06-10 21:30:00,107.5272979736328
2019-06-10 21:45:00,101.98470306396484
2019-06-10 22:00:00,100.8760986328125
2019-06-10 22:15:00,92.00789642333984
2019-06-10 22:30:00,97.55059814453124
2019-06-10 22:45:00,101.98470306396484
2019-06-10 23:00:00,100.8760986328125
2019-06-10 23:15:00,97.55059814453124
2019-06-10 23:30:00,72.05439758300781
2019-06-10 23:45:00,67.62030029296875
2019-06-11 00:00:00,55.42649841308594
2019-06-11 00:15:00,58.75199890136719
2019-06-11 00:30:00,58.75199890136719
2019-06-11 00:45:00,49.8838005065918
2019-06-11 01:00:00,50.9922981262207
2019-06-11 01:15:00,33.25590133666992
2019-06-11 01:30:00,25.49620056152344
2019-06-11 01:45:00,17.736499786376953
2019-06-11 02:00:00,14.410900115966797
2019-06-11 02:15:00,13.302300453186035
2019-06-11 02:30:00,12.19379997253418
2019-06-11 02:45:00,11.08530044555664
2019-06-11 03:00:00,9.976799964904783
2019-06-11 03:15:00,9.976799964904783
2019-06-11 03:30:00,8.868200302124023
2019-06-11 03:45:00,8.868200302124023
2019-06-11 04:00:00,11.08530044555664
2019-06-11 04:15:00,8.868200302124023
2019-06-11 04:30:00,8.868200302124023
2019-06-11 04:45:00,8.868200302124023
2019-06-11 05:00:00,8.868200302124023
2019-06-11 05:15:00,8.868200302124023
2019-06-11 05:30:00,7.759699821472168
2019-06-11 05:45:00,8.868200302124023
2019-06-11 06:00:00,7.759699821472168
2019-06-11 06:15:00,11.08530044555664
2019-06-11 06:30:00,11.08530044555664
2019-06-11 06:45:00,12.19379997253418
2019-06-11 07:00:00,33.25590133666992
2019-06-11 07:15:00,99.7676010131836
2019-06-11 07:30:00,123.04669952392578
2019-06-11 07:45:00,124.1552963256836
2019-06-11 08:00:00,151.86849975585938
2019-06-11 08:15:00,235.00819396972656
2019-06-11 08:30:00,314.8222045898437
2019-06-11 08:45:00,324.79901123046875
2019-06-11 09:00:00,361.3804931640625
2019-06-11 09:15:00,393.5278015136719
2019-06-11 09:30:00,406.8302001953125
2019-06-11 09:45:00,394.6362915039063
2019-06-11 10:00:00,394.6362915039063
2019-06-11 10:15:00,392.4193115234375
2019-06-11 10:30:00,405.7215881347656
2019-06-11 10:45:00,416.806884765625
2019-06-11 11:00:00,382.4425048828125
2019-06-11 11:15:00,412.372802734375
2019-06-11 11:30:00,394.6362915039063
2019-06-11 11:45:00,375.7912902832031
2019-06-11 12:00:00,292.6517028808594
2019-06-11 12:15:00,226.139892578125
2019-06-11 12:30:00,253.8531036376953
2019-06-11 12:45:00,318.1477966308594
2019-06-11 13:00:00,380.2254943847656
2019-06-11 13:15:00,378.0083923339844
2019-06-11 13:30:00,368.0315856933594
2019-06-11 13:45:00,381.3340148925781
2019-06-11 14:00:00,365.8146057128906
2019-06-11 14:15:00,370.2486877441406
2019-06-11 14:30:00,375.7912902832031
2019-06-11 14:45:00,365.8146057128906
2019-06-11 15:00:00,369.1401977539063
2019-06-11 15:15:00,370.2486877441406
2019-06-11 15:30:00,376.89990234375
2019-06-11 15:45:00,396.8533935546875
2019-06-11 16:00:00,410.15570068359375
2019-06-11 16:15:00,399.0704040527344
2019-06-11 16:30:00,431.2178039550781
2019-06-11 16:45:00,407.9386901855469
2019-06-11 17:00:00,394.6362915039063
2019-06-11 17:15:00,413.4812927246094
2019-06-11 17:30:00,399.0704040527344
2019-06-11 17:45:00,281.56640625
2019-06-11 18:00:00,257.1787109375
2019-06-11 18:15:00,266.0469970703125
2019-06-11 18:30:00,227.24850463867188
2019-06-11 18:45:00,241.6593017578125
2019-06-11 19:00:00,243.8764038085937
2019-06-11 19:15:00,225.03140258789065
2019-06-11 19:30:00,210.62049865722656
2019-06-11 19:45:00,190.66700744628903
2019-06-11 20:00:00,156.30259704589844
2019-06-11 20:15:00,127.48079681396484
2019-06-11 20:30:00,110.85289764404295
2019-06-11 20:45:00,104.20169830322266
2019-06-11 21:00:00,108.63580322265624
2019-06-11 21:15:00,114.17849731445312
2019-06-11 21:30:00,111.9614028930664
2019-06-11 21:45:00,94.2249984741211
2019-06-11 22:00:00,92.00789642333984
2019-06-11 22:15:00,94.2249984741211
2019-06-11 22:30:00,109.74440002441406
2019-06-11 22:45:00,101.98470306396484
2019-06-11 23:00:00,94.2249984741211
2019-06-11 23:15:00,167.6321561144133
2019-06-11 23:30:00,167.6321561144133
2019-06-11 23:45:00,167.6321561144133
2019-06-12 00:00:00,167.6321561144133
2019-06-12 00:15:00,167.6321561144133
2019-06-12 00:30:00,167.6321561144133
2019-06-12 00:45:00,167.6321561144133
2019-06-12 01:00:00,167.6321561144133
2019-06-12 01:15:00,167.6321561144133
2019-06-12 01:30:00,167.6321561144133
2019-06-12 01:45:00,167.6321561144133
2019-06-12 02:00:00,167.6321561144133
2019-06-12 02:15:00,167.6321561144133
2019-06-12 02:30:00,167.6321561144133
2019-06-12 02:45:00,167.6321561144133
2019-06-12 03:00:00,167.6321561144133
2019-06-12 03:15:00,167.6321561144133
2019-06-12 03:30:00,167.6321561144133
2019-06-12 03:45:00,167.6321561144133
2019-06-12 04:00:00,167.6321561144133
2019-06-12 04:15:00,167.6321561144133
2019-06-12 04:30:00,167.6321561144133
2019-06-12 04:45:00,167.6321561144133
2019-06-12 05:00:00,167.6321561144133
2019-06-12 05:15:00,167.6321561144133
2019-06-12 05:30:00,167.6321561144133
2019-06-12 05:45:00,167.6321561144133
2019-06-12 06:00:00,167.6321561144133
2019-06-12 06:15:00,167.6321561144133
2019-06-12 06:30:00,167.6321561144133
2019-06-12 06:45:00,167.6321561144133
2019-06-12 07:00:00,167.6321561144133
2019-06-12 07:15:00,167.6321561144133
2019-06-12 07:30:00,167.6321561144133
2019-06-12 07:45:00,167.6321561144133
2019-06-12 08:00:00,167.6321561144133
2019-06-12 08:15:00,167.6321561144133
2019-06-12 08:30:00,167.6321561144133
2019-06-12 08:45:00,167.6321561144133
2019-06-12 09:00:00,167.6321561144133
2019-06-12 09:15:00,167.6321561144133
2019-06-12 09:30:00,167.6321561144133
2019-06-12 09:45:00,167.6321561144133
2019-06-12 10:00:00,167.6321561144133
2019-06-12 10:15:00,167.6321561144133
2019-06-12 10:30:00,167.6321561144133
2019-06-12 10:45:00,167.6321561144133
2019-06-12 11:00:00,167.6321561144133
2019-06-12 11:15:00,167.6321561144133
2019-06-12 11:30:00,167.6321561144133
2019-06-12 11:45:00,359.16339111328125
2019-06-12 12:00:00,289.3261108398437
2019-06-12 12:15:00,210.62049865722656
2019-06-12 12:30:00,220.5973052978516
2019-06-12 12:45:00,324.79901123046875
2019-06-12 13:00:00,407.9386901855469
2019-06-12 13:15:00,404.6130981445313
2019-06-12 13:30:00,383.5509948730469
2019-06-12 13:45:00,389.09368896484375
2019-06-12 14:00:00,400.1789855957031
2019-06-12 14:15:00,384.65960693359375
2019-06-12 14:30:00,362.489013671875
2019-06-12 14:45:00,369.1401977539063
2019-06-12 15:00:00,373.5743103027344
2019-06-12 15:15:00,373.5743103027344
2019-06-12 15:30:00,374.6828002929688
2019-06-12 15:45:00,395.7449035644531
2019-06-12 16:00:00,368.0315856933594
2019-06-12 16:15:00,365.8146057128906
2019-06-12 16:30:00,396.8533935546875
2019-06-12 16:45:00,400.1789855957031
2019-06-12 17:00:00,395.7449035644531
2019-06-12 17:15:00,411.2643127441406
2019-06-12 17:30:00,404.6130981445313
2019-06-12 17:45:00,301.5198974609375
2019-06-12 18:00:00,267.1554870605469
2019-06-12 18:15:00,304.8454895019531
2019-06-12 18:30:00,268.2640075683594
2019-06-12 18:45:00,290.4346008300781
2019-06-12 19:00:00,307.0625
2019-06-12 19:15:00,280.4577941894531
2019-06-12 19:30:00,239.4423065185547
2019-06-12 19:45:00,216.16319274902344
2019-06-12 20:00:00,171.82200622558594
2019-06-12 20:15:00,181.79879760742188
2019-06-12 20:30:00,164.0623016357422
2019-06-12 20:45:00,135.24049377441406
2019-06-12 21:00:00,103.09320068359376
2019-06-12 21:15:00,117.50409698486328
2019-06-12 21:30:00,101.98470306396484
2019-06-12 21:45:00,95.33350372314452
2019-06-12 22:00:00,90.89939880371094
2019-06-12 22:15:00,103.09320068359376
2019-06-12 22:30:00,97.55059814453124
2019-06-12 22:45:00,90.89939880371094
2019-06-12 23:00:00,86.46530151367188
2019-06-12 23:15:00,82.03109741210938
2019-06-12 23:30:00,95.33350372314452
2019-06-12 23:45:00,94.2249984741211
2019-06-13 00:00:00,86.46530151367188
2019-06-13 00:15:00,88.68229675292969
2019-06-13 00:30:00,85.35669708251953
2019-06-13 00:45:00,92.00789642333984
2019-06-13 01:00:00,84.24819946289062
2019-06-13 01:15:00,65.4031982421875
2019-06-13 01:30:00,49.8838005065918
2019-06-13 01:45:00,38.79850006103516
2019-06-13 02:00:00,36.58150100708008
2019-06-13 02:15:00,36.58150100708008
2019-06-13 02:30:00,43.23260116577149
2019-06-13 02:45:00,44.34120178222656
2019-06-13 03:00:00,41.01559829711914
2019-06-13 03:15:00,42.12409973144531
2019-06-13 03:30:00,56.53499984741211
2019-06-13 03:45:00,49.8838005065918
2019-06-13 04:00:00,48.775299072265625
2019-06-13 04:15:00,42.12409973144531
2019-06-13 04:30:00,49.8838005065918
2019-06-13 04:45:00,44.34120178222656
2019-06-13 05:00:00,38.79850006103516
2019-06-13 05:15:00,36.58150100708008
2019-06-13 05:30:00,39.90700149536133
2019-06-13 05:45:00,54.317901611328125
2019-06-13 06:00:00,53.20940017700195
2019-06-13 06:15:00,57.64350128173828
2019-06-13 06:30:00,44.34120178222656
2019-06-13 06:45:00,47.66669845581055
2019-06-13 07:00:00,63.18619918823242
2019-06-13 07:15:00,58.75199890136719
2019-06-13 07:30:00,96.44200134277344
2019-06-13 07:45:00,127.48079681396484
2019-06-13 08:00:00,176.256103515625
2019-06-13 08:15:00,223.9228973388672
2019-06-13 08:30:00,294.86871337890625
2019-06-13 08:45:00,324.79901123046875
2019-06-13 09:00:00,343.6440124511719
2019-06-13 09:15:00,393.5278015136719
2019-06-13 09:30:00,392.4193115234375
2019-06-13 09:45:00,390.20220947265625
2019-06-13 10:00:00,397.9619140625
2019-06-13 10:15:00,403.5046081542969
2019-06-13 10:30:00,393.5278015136719
2019-06-13 10:45:00,386.8765869140625
2019-06-13 11:00:00,395.7449035644531
2019-06-13 11:15:00,395.7449035644531
2019-06-13 11:30:00,379.1169128417969
2019-06-13 11:45:00,354.72930908203125
2019-06-13 12:00:00,288.2174987792969
2019-06-13 12:15:00,184.0157928466797
2019-06-13 12:30:00,208.40350341796875
2019-06-13 12:45:00,295.9772033691406
2019-06-13 13:00:00,371.3572082519531
2019-06-13 13:15:00,384.65960693359375
2019-06-13 13:30:00,378.0083923339844
2019-06-13 13:45:00,364.70599365234375
2019-06-13 14:00:00,365.8146057128906
2019-06-13 14:15:00,368.0315856933594
2019-06-13 14:30:00,363.5975036621094
2019-06-13 14:45:00,391.3106994628906
2019-06-13 15:00:00,391.3106994628906
2019-06-13 15:15:00,167.6321561144133
2019-06-13 15:30:00,167.6321561144133
2019-06-13 15:45:00,167.6321561144133
2019-06-13 16:00:00,167.6321561144133
2019-06-13 16:15:00,167.6321561144133
2019-06-13 16:30:00,167.6321561144133
2019-06-13 16:45:00,167.6321561144133
2019-06-13 17:00:00,167.6321561144133
2019-06-13 17:15:00,167.6321561144133
2019-06-13 17:30:00,167.6321561144133
2019-06-13 17:45:00,167.6321561144133
2019-06-13 18:00:00,167.6321561144133
2019-06-13 18:15:00,167.6321561144133
2019-06-13 18:30:00,167.6321561144133
2019-06-13 18:45:00,167.6321561144133
2019-06-13 19:00:00,167.6321561144133
2019-06-13 19:15:00,167.6321561144133
2019-06-13 19:30:00,167.6321561144133
2019-06-13 19:45:00,167.6321561144133
2019-06-13 20:00:00,167.6321561144133
2019-06-13 20:15:00,167.6321561144133
2019-06-13 20:30:00,167.6321561144133
2019-06-13 20:45:00,167.6321561144133
2019-06-13 21:00:00,167.6321561144133
2019-06-13 21:15:00,167.6321561144133
2019-06-13 21:30:00,167.6321561144133
2019-06-13 21:45:00,167.6321561144133
2019-06-13 22:00:00,167.6321561144133
2019-06-13 22:15:00,167.6321561144133
2019-06-13 22:30:00,167.6321561144133
2019-06-13 22:45:00,167.6321561144133
2019-06-13 23:00:00,167.6321561144133
2019-06-13 23:15:00,167.6321561144133
2019-06-13 23:30:00,167.6321561144133
2019-06-13 23:45:00,167.6321561144133
2019-06-14 00:00:00,167.6321561144133
2019-06-14 00:15:00,167.6321561144133
2019-06-14 00:30:00,167.6321561144133
2019-06-14 00:45:00,167.6321561144133
2019-06-14 01:00:00,167.6321561144133
2019-06-14 01:15:00,167.6321561144133
2019-06-14 01:30:00,167.6321561144133
2019-06-14 01:45:00,167.6321561144133
2019-06-14 02:00:00,167.6321561144133
2019-06-14 02:15:00,167.6321561144133
2019-06-14 02:30:00,167.6321561144133
2019-06-14 02:45:00,167.6321561144133
2019-06-14 03:00:00,167.6321561144133
2019-06-14 03:15:00,167.6321561144133
2019-06-14 03:30:00,167.6321561144133
2019-06-14 03:45:00,45.44969940185547
2019-06-14 04:00:00,52.10089874267578
2019-06-14 04:15:00,55.42649841308594
2019-06-14 04:30:00,54.317901611328125
2019-06-14 04:45:00,52.10089874267578
2019-06-14 05:00:00,47.66669845581055
2019-06-14 05:15:00,44.34120178222656
2019-06-14 05:30:00,53.20940017700195
2019-06-14 05:45:00,53.20940017700195
2019-06-14 06:00:00,55.42649841308594
2019-06-14 06:15:00,55.42649841308594
2019-06-14 06:30:00,50.9922981262207
2019-06-14 06:45:00,55.42649841308594
2019-06-14 07:00:00,70.9458999633789
2019-06-14 07:15:00,76.4885025024414
2019-06-14 07:30:00,128.5894012451172
2019-06-14 07:45:00,161.84519958496094
2019-06-14 08:00:00,167.6321561144133
2019-06-14 08:15:00,167.6321561144133
2019-06-14 08:30:00,167.6321561144133
2019-06-14 08:45:00,167.6321561144133
2019-06-14 09:00:00,167.6321561144133
2019-06-14 09:15:00,167.6321561144133
2019-06-14 09:30:00,167.6321561144133
2019-06-14 09:45:00,167.6321561144133
2019-06-14 10:00:00,167.6321561144133
2019-06-14 10:15:00,167.6321561144133
2019-06-14 10:30:00,167.6321561144133
2019-06-14 10:45:00,167.6321561144133
2019-06-14 11:00:00,167.6321561144133
2019-06-14 11:15:00,167.6321561144133
2019-06-14 11:30:00,167.6321561144133
2019-06-14 11:45:00,167.6321561144133
2019-06-14 12:00:00,167.6321561144133
2019-06-14 12:15:00,167.6321561144133
2019-06-14 12:30:00,167.6321561144133
2019-06-14 12:45:00,167.6321561144133
2019-06-14 13:00:00,167.6321561144133
2019-06-14 13:15:00,167.6321561144133
2019-06-14 13:30:00,167.6321561144133
2019-06-14 13:45:00,167.6321561144133
2019-06-14 14:00:00,167.6321561144133
2019-06-14 14:15:00,167.6321561144133
2019-06-14 14:30:00,167.6321561144133
2019-06-14 14:45:00,167.6321561144133
2019-06-14 15:00:00,167.6321561144133
2019-06-14 15:15:00,167.6321561144133
2019-06-14 15:30:00,167.6321561144133
2019-06-14 15:45:00,167.6321561144133
2019-06-14 16:00:00,167.6321561144133
2019-06-14 16:15:00,167.6321561144133
2019-06-14 16:30:00,167.6321561144133
2019-06-14 16:45:00,167.6321561144133
2019-06-14 17:00:00,167.6321561144133
2019-06-14 17:15:00,167.6321561144133
2019-06-14 17:30:00,167.6321561144133
2019-06-14 17:45:00,167.6321561144133
2019-06-14 18:00:00,167.6321561144133
2019-06-14 18:15:00,167.6321561144133
2019-06-14 18:30:00,167.6321561144133
2019-06-14 18:45:00,167.6321561144133
2019-06-14 19:00:00,167.6321561144133
2019-06-14 19:15:00,167.6321561144133
2019-06-14 19:30:00,167.6321561144133
2019-06-14 19:45:00,167.6321561144133
2019-06-14 20:00:00,167.6321561144133
2019-06-14 20:15:00,167.6321561144133
2019-06-14 20:30:00,123.04669952392578
2019-06-14 20:45:00,121.93820190429688
2019-06-14 21:00:00,120.82969665527344
2019-06-14 21:15:00,120.82969665527344
2019-06-14 21:30:00,117.50409698486328
2019-06-14 21:45:00,110.85289764404295
2019-06-14 22:00:00,106.4188003540039
2019-06-14 22:15:00,110.85289764404295
2019-06-14 22:30:00,110.85289764404295
2019-06-14 22:45:00,96.44200134277344
2019-06-14 23:00:00,92.00789642333984
2019-06-14 23:15:00,92.00789642333984
2019-06-14 23:30:00,88.68229675292969
2019-06-14 23:45:00,87.57379913330078
2019-06-15 00:00:00,92.00789642333984
2019-06-15 00:15:00,97.55059814453124
2019-06-15 00:30:00,98.65910339355467
2019-06-15 00:45:00,90.89939880371094
2019-06-15 01:00:00,82.03109741210938
2019-06-15 01:15:00,62.077598571777344
2019-06-15 01:30:00,54.317901611328125
2019-06-15 01:45:00,67.62030029296875
2019-06-15 02:00:00,55.42649841308594
2019-06-15 02:15:00,52.10089874267578
2019-06-15 02:30:00,45.44969940185547
2019-06-15 02:45:00,41.01559829711914
2019-06-15 03:00:00,43.23260116577149
2019-06-15 03:15:00,57.64350128173828
2019-06-15 03:30:00,50.9922981262207
2019-06-15 03:45:00,38.79850006103516
2019-06-15 04:00:00,37.68999862670898
2019-06-15 04:15:00,42.12409973144531
2019-06-15 04:30:00,48.775299072265625
2019-06-15 04:45:00,50.9922981262207
2019-06-15 05:00:00,49.8838005065918
2019-06-15 05:15:00,52.10089874267578
2019-06-15 05:30:00,48.775299072265625
2019-06-15 05:45:00,36.58150100708008
2019-06-15 06:00:00,36.58150100708008
2019-06-15 06:15:00,37.68999862670898
2019-06-15 06:30:00,48.775299072265625
2019-06-15 06:45:00,56.53499984741211
2019-06-15 07:00:00,56.53499984741211
2019-06-15 07:15:00,60.96910095214844
2019-06-15 07:30:00,110.85289764404295
2019-06-15 07:45:00,145.21730041503906
2019-06-15 08:00:00,185.12429809570312
2019-06-15 08:15:00,239.4423065185547
2019-06-15 08:30:00,317.039306640625
2019-06-15 08:45:00,372.4657897949219
2019-06-15 09:00:00,368.0315856933594
2019-06-15 09:15:00,412.372802734375
2019-06-15 09:30:00,431.2178039550781
2019-06-15 09:45:00,415.6983947753906
2019-06-15 10:00:00,416.806884765625
2019-06-15 10:15:00,423.4580993652344
2019-06-15 10:30:00,205.8096160888672
2019-06-15 10:45:00,433.434814453125
2019-06-15 11:00:00,426.78369140625
2019-06-15 11:15:00,420.1325073242188
2019-06-15 11:30:00,427.8922119140625
2019-06-15 11:45:00,414.58990478515625
2019-06-15 12:00:00,344.75250244140625
2019-06-15 12:15:00,228.35699462890625
2019-06-15 12:30:00,251.63609313964844
2019-06-15 12:45:00,321.473388671875
2019-06-15 13:00:00,384.65960693359375
2019-06-15 13:15:00,372.4657897949219
2019-06-15 13:30:00,362.489013671875
2019-06-15 13:45:00,385.7680969238281
2019-06-15 14:00:00,399.0704040527344
2019-06-15 14:15:00,404.6130981445313
2019-06-15 14:30:00,390.20220947265625
2019-06-15 14:45:00,390.20220947265625
2019-06-15 15:00:00,383.5509948730469
2019-06-15 15:15:00,394.6362915039063
2019-06-15 15:30:00,395.7449035644531
2019-06-15 15:45:00,396.8533935546875
2019-06-15 16:00:00,400.1789855957031
2019-06-15 16:15:00,382.4425048828125
2019-06-15 16:30:00,395.7449035644531
2019-06-15 16:45:00,409.0472106933594
2019-06-15 17:00:00,389.09368896484375
2019-06-15 17:15:00,383.5509948730469
2019-06-15 17:30:00,355.8377990722656
2019-06-15 17:45:00,288.2174987792969
2019-06-15 18:00:00,216.16319274902344
2019-06-15 18:15:00,184.0157928466797
2019-06-15 18:30:00,166.27940368652344
2019-06-15 18:45:00,209.51199340820312
2019-06-15 19:00:00,190.66700744628903
2019-06-15 19:15:00,181.79879760742188
2019-06-15 19:30:00,171.82200622558594
2019-06-15 19:45:00,167.3878936767578
2019-06-15 20:00:00,161.84519958496094
2019-06-15 20:15:00,167.6321561144133
2019-06-15 20:30:00,167.6321561144133
2019-06-15 20:45:00,167.6321561144133
2019-06-15 21:00:00,167.6321561144133
2019-06-15 21:15:00,167.6321561144133
2019-06-15 21:30:00,167.6321561144133
2019-06-15 21:45:00,167.6321561144133
2019-06-15 22:00:00,167.6321561144133
2019-06-15 22:15:00,167.6321561144133
2019-06-15 22:30:00,167.6321561144133
2019-06-15 22:45:00,167.6321561144133
2019-06-15 23:00:00,167.6321561144133
2019-06-15 23:15:00,167.6321561144133
2019-06-15 23:30:00,167.6321561144133
2019-06-15 23:45:00,167.6321561144133
2019-06-16 00:00:00,167.6321561144133
2019-06-16 00:15:00,167.6321561144133
2019-06-16 00:30:00,167.6321561144133
2019-06-16 00:45:00,167.6321561144133
2019-06-16 01:00:00,167.6321561144133
2019-06-16 01:15:00,167.6321561144133
2019-06-16 01:30:00,167.6321561144133
2019-06-16 01:45:00,167.6321561144133
2019-06-16 02:00:00,167.6321561144133
2019-06-16 02:15:00,167.6321561144133
2019-06-16 02:30:00,167.6321561144133
2019-06-16 02:45:00,167.6321561144133
2019-06-16 03:00:00,167.6321561144133
2019-06-16 03:15:00,167.6321561144133
2019-06-16 03:30:00,167.6321561144133
2019-06-16 03:45:00,167.6321561144133
2019-06-16 04:00:00,167.6321561144133
2019-06-16 04:15:00,167.6321561144133
2019-06-16 04:30:00,167.6321561144133
2019-06-16 04:45:00,167.6321561144133
2019-06-16 05:00:00,167.6321561144133
2019-06-16 05:15:00,167.6321561144133
2019-06-16 05:30:00,167.6321561144133
2019-06-16 05:45:00,167.6321561144133
2019-06-16 06:00:00,167.6321561144133
2019-06-16 06:15:00,167.6321561144133
2019-06-16 06:30:00,167.6321561144133
2019-06-16 06:45:00,167.6321561144133
2019-06-16 07:00:00,167.6321561144133
2019-06-16 07:15:00,167.6321561144133
2019-06-16 07:30:00,167.6321561144133
2019-06-16 07:45:00,167.6321561144133
2019-06-16 08:00:00,167.6321561144133
2019-06-16 08:15:00,167.6321561144133
2019-06-16 08:30:00,167.6321561144133
2019-06-16 08:45:00,305.9540100097656
2019-06-16 09:00:00,339.2098999023437
2019-06-16 09:15:00,356.9462890625
2019-06-16 09:30:00,374.6828002929688
2019-06-16 09:45:00,382.4425048828125
2019-06-16 10:00:00,358.0549011230469
2019-06-16 10:15:00,372.4657897949219
2019-06-16 10:30:00,392.4193115234375
2019-06-16 10:45:00,389.09368896484375
2019-06-16 11:00:00,382.4425048828125
2019-06-16 11:15:00,354.72930908203125
2019-06-16 11:30:00,338.1014099121094
2019-06-16 11:45:00,378.0083923339844
2019-06-16 12:00:00,305.9540100097656
2019-06-16 12:15:00,186.2328948974609
2019-06-16 12:30:00,186.2328948974609
2019-06-16 12:45:00,288.2174987792969
2019-06-16 13:00:00,372.4657897949219
2019-06-16 13:15:00,379.1169128417969
2019-06-16 13:30:00,368.0315856933594
2019-06-16 13:45:00,383.5509948730469
2019-06-16 14:00:00,352.51220703125
2019-06-16 14:15:00,393.5278015136719
2019-06-16 14:30:00,389.09368896484375
2019-06-16 14:45:00,376.89990234375
2019-06-16 15:00:00,387.9851989746094
2019-06-16 15:15:00,376.89990234375
2019-06-16 15:30:00,365.8146057128906
2019-06-16 15:45:00,361.3804931640625
2019-06-16 16:00:00,373.5743103027344
2019-06-16 16:15:00,386.8765869140625
2019-06-16 16:30:00,402.39599609375
2019-06-16 16:45:00,407.9386901855469
2019-06-16 17:00:00,359.16339111328125
2019-06-16 17:15:00,334.7757873535156
2019-06-16 17:30:00,303.73699951171875
2019-06-16 17:45:00,221.705795288086
2019-06-16 18:00:00,200.643798828125
2019-06-16 18:15:00,175.14759826660156
2019-06-16 18:30:00,154.0854949951172
2019-06-16 18:45:00,157.41110229492188
2019-06-16 19:00:00,154.0854949951172
2019-06-16 19:15:00,156.30259704589844
2019-06-16 19:30:00,164.0623016357422
2019-06-16 19:45:00,161.84519958496094
2019-06-16 20:00:00,165.17080688476562
2019-06-16 20:15:00,143.0001983642578
2019-06-16 20:30:00,92.00789642333984
2019-06-16 20:45:00,82.03109741210938
2019-06-16 21:00:00,79.81410217285156
2019-06-16 21:15:00,68.72879791259766
2019-06-16 21:30:00,66.51170349121094
2019-06-16 21:45:00,66.51170349121094
2019-06-16 22:00:00,66.51170349121094
2019-06-16 22:15:00,67.62030029296875
2019-06-16 22:30:00,66.51170349121094
2019-06-16 22:45:00,64.2947006225586
2019-06-16 23:00:00,63.18619918823242
2019-06-16 23:15:00,55.42649841308594
2019-06-16 23:30:00,57.64350128173828
2019-06-16 23:45:00,57.64350128173828
2019-06-17 00:00:00,57.64350128173828
2019-06-17 00:15:00,53.20940017700195
2019-06-17 00:30:00,53.20940017700195
2019-06-17 00:45:00,44.34120178222656
2019-06-17 01:00:00,36.58150100708008
2019-06-17 01:15:00,25.49620056152344
2019-06-17 01:30:00,17.736499786376953
2019-06-17 01:45:00,11.08530044555664
2019-06-17 02:00:00,11.08530044555664
2019-06-17 02:15:00,9.976799964904783
2019-06-17 02:30:00,11.08530044555664
2019-06-17 02:45:00,9.976799964904783
2019-06-17 03:00:00,8.868200302124023
2019-06-17 03:15:00,11.08530044555664
2019-06-17 03:30:00,8.868200302124023
2019-06-17 03:45:00,9.976799964904783
2019-06-17 04:00:00,11.08530044555664
2019-06-17 04:15:00,8.868200302124023
2019-06-17 04:30:00,11.08530044555664
2019-06-17 04:45:00,9.976799964904783
2019-06-17 05:00:00,9.976799964904783
2019-06-17 05:15:00,11.08530044555664
2019-06-17 05:30:00,13.302300453186035
2019-06-17 05:45:00,18.84499931335449
2019-06-17 06:00:00,22.17060089111328
2019-06-17 06:15:00,19.953500747680664
2019-06-17 06:30:00,21.06209945678711
2019-06-17 06:45:00,16.627899169921875
2019-06-17 07:00:00,62.077598571777344
2019-06-17 07:15:00,106.4188003540039
2019-06-17 07:30:00,120.82969665527344
2019-06-17 07:45:00,130.806396484375
2019-06-17 08:00:00,180.6902008056641
2019-06-17 08:15:00,264.9383850097656
2019-06-17 08:30:00,335.8843078613281
2019-06-17 08:45:00,399.0704040527344
2019-06-17 09:00:00,390.20220947265625
2019-06-17 09:15:00,412.372802734375
2019-06-17 09:30:00,424.5665893554688
2019-06-17 09:45:00,417.9154052734375
2019-06-17 10:00:00,431.2178039550781
2019-06-17 10:15:00,429.0007019042969
2019-06-17 10:30:00,405.7215881347656
2019-06-17 10:45:00,412.372802734375
2019-06-17 11:00:00,387.9851989746094
2019-06-17 11:15:00,417.9154052734375
2019-06-17 11:30:00,420.1325073242188
2019-06-17 11:45:00,363.5975036621094
2019-06-17 12:00:00,298.1943054199219
2019-06-17 12:15:00,180.6902008056641
2019-06-17 12:30:00,185.12429809570312
2019-06-17 12:45:00,291.5430908203125
2019-06-17 13:00:00,370.2486877441406
2019-06-17 13:15:00,363.5975036621094
2019-06-17 13:30:00,381.3340148925781
2019-06-17 13:45:00,371.3572082519531
2019-06-17 14:00:00,360.2719116210937
2019-06-17 14:15:00,368.0315856933594
2019-06-17 14:30:00,403.5046081542969
2019-06-17 14:45:00,359.16339111328125
2019-06-17 15:00:00,386.8765869140625
2019-06-17 15:15:00,362.489013671875
2019-06-17 15:30:00,374.6828002929688
2019-06-17 15:45:00,361.3804931640625
2019-06-17 16:00:00,366.923095703125
2019-06-17 16:15:00,394.6362915039063
2019-06-17 16:30:00,404.6130981445313
2019-06-17 16:45:00,401.2875061035156
2019-06-17 17:00:00,404.6130981445313
2019-06-17 17:15:00,379.1169128417969
2019-06-17 17:30:00,354.72930908203125
2019-06-17 17:45:00,289.3261108398437
2019-06-17 18:00:00,228.35699462890625
2019-06-17 18:15:00,175.14759826660156
2019-06-17 18:30:00,170.7135009765625
2019-06-17 18:45:00,185.12429809570312
2019-06-17 19:00:00,178.47320556640625
2019-06-17 19:15:00,184.0157928466797
2019-06-17 19:30:00,182.9073028564453
2019-06-17 19:45:00,149.65139770507812
2019-06-17 20:00:00,150.75990295410156
2019-06-17 20:15:00,167.6321561144133
2019-06-17 20:30:00,167.6321561144133
2019-06-17 20:45:00,167.6321561144133
2019-06-17 21:00:00,167.6321561144133
2019-06-17 21:15:00,167.6321561144133
2019-06-17 21:30:00,167.6321561144133
2019-06-17 21:45:00,167.6321561144133
2019-06-17 22:00:00,167.6321561144133
2019-06-17 22:15:00,167.6321561144133
2019-06-17 22:30:00,167.6321561144133
2019-06-17 22:45:00,167.6321561144133
2019-06-17 23:00:00,167.6321561144133
2019-06-17 23:15:00,167.6321561144133
2019-06-17 23:30:00,167.6321561144133
2019-06-17 23:45:00,167.6321561144133
2019-06-18 00:00:00,167.6321561144133
2019-06-18 00:15:00,167.6321561144133
2019-06-18 00:30:00,167.6321561144133
2019-06-18 00:45:00,167.6321561144133
2019-06-18 01:00:00,167.6321561144133
2019-06-18 01:15:00,167.6321561144133
2019-06-18 01:30:00,167.6321561144133
2019-06-18 01:45:00,167.6321561144133
2019-06-18 02:00:00,167.6321561144133
2019-06-18 02:15:00,167.6321561144133
2019-06-18 02:30:00,167.6321561144133
2019-06-18 02:45:00,167.6321561144133
2019-06-18 03:00:00,167.6321561144133
2019-06-18 03:15:00,167.6321561144133
2019-06-18 03:30:00,167.6321561144133
2019-06-18 03:45:00,167.6321561144133
2019-06-18 04:00:00,167.6321561144133
2019-06-18 04:15:00,167.6321561144133
2019-06-18 04:30:00,167.6321561144133
2019-06-18 04:45:00,167.6321561144133
2019-06-18 05:00:00,167.6321561144133
2019-06-18 05:15:00,167.6321561144133
2019-06-18 05:30:00,167.6321561144133
2019-06-18 05:45:00,167.6321561144133
2019-06-18 06:00:00,167.6321561144133
2019-06-18 06:15:00,167.6321561144133
2019-06-18 06:30:00,167.6321561144133
2019-06-18 06:45:00,167.6321561144133
2019-06-18 07:00:00,167.6321561144133
2019-06-18 07:15:00,167.6321561144133
2019-06-18 07:30:00,167.6321561144133
2019-06-18 07:45:00,167.6321561144133
2019-06-18 08:00:00,167.6321561144133
2019-06-18 08:15:00,167.6321561144133
2019-06-18 08:30:00,167.6321561144133
2019-06-18 08:45:00,364.70599365234375
2019-06-18 09:00:00,379.1169128417969
2019-06-18 09:15:00,379.1169128417969
2019-06-18 09:30:00,375.7912902832031
2019-06-18 09:45:00,376.89990234375
2019-06-18 10:00:00,424.5665893554688
2019-06-18 10:15:00,412.372802734375
2019-06-18 10:30:00,420.1325073242188
2019-06-18 10:45:00,393.5278015136719
2019-06-18 11:00:00,391.3106994628906
2019-06-18 11:15:00,394.6362915039063
2019-06-18 11:30:00,406.8302001953125
2019-06-18 11:45:00,373.5743103027344
2019-06-18 12:00:00,310.3880920410156
2019-06-18 12:15:00,203.96929931640625
2019-06-18 12:30:00,193.9925994873047
2019-06-18 12:45:00,312.6051940917969
2019-06-18 13:00:00,371.3572082519531
2019-06-18 13:15:00,405.7215881347656
2019-06-18 13:30:00,396.8533935546875
2019-06-18 13:45:00,402.39599609375
2019-06-18 14:00:00,387.9851989746094
2019-06-18 14:15:00,397.9619140625
2019-06-18 14:30:00,390.20220947265625
2019-06-18 14:45:00,369.1401977539063
2019-06-18 15:00:00,391.3106994628906
2019-06-18 15:15:00,382.4425048828125
2019-06-18 15:30:00,381.3340148925781
2019-06-18 15:45:00,378.0083923339844
2019-06-18 16:00:00,360.2719116210937
2019-06-18 16:15:00,384.65960693359375
2019-06-18 16:30:00,405.7215881347656
2019-06-18 16:45:00,391.3106994628906
2019-06-18 17:00:00,386.8765869140625
2019-06-18 17:15:00,356.9462890625
2019-06-18 17:30:00,356.9462890625
2019-06-18 17:45:00,300.4114074707031
2019-06-18 18:00:00,223.9228973388672
2019-06-18 18:15:00,195.10110473632807
2019-06-18 18:30:00,172.9304962158203
2019-06-18 18:45:00,186.2328948974609
2019-06-18 19:00:00,202.8607940673828
2019-06-18 19:15:00,210.62049865722656
2019-06-18 19:30:00,223.9228973388672
2019-06-18 19:45:00,217.27169799804688
2019-06-18 20:00:00,162.95379638671875
2019-06-18 20:15:00,143.0001983642578
2019-06-18 20:30:00,97.55059814453124
2019-06-18 20:45:00,90.89939880371094
2019-06-18 21:00:00,93.11640167236328
2019-06-18 21:15:00,77.59700012207031
2019-06-18 21:30:00,75.37999725341797
2019-06-18 21:45:00,72.05439758300781
2019-06-18 22:00:00,70.9458999633789
2019-06-18 22:15:00,68.72879791259766
2019-06-18 22:30:00,65.4031982421875
2019-06-18 22:45:00,67.62030029296875
2019-06-18 23:00:00,66.51170349121094
2019-06-18 23:15:00,59.860599517822266
2019-06-18 23:30:00,59.860599517822266
2019-06-18 23:45:00,58.75199890136719
2019-06-19 00:00:00,57.64350128173828
2019-06-19 00:15:00,58.75199890136719
2019-06-19 00:30:00,53.20940017700195
2019-06-19 00:45:00,47.66669845581055
2019-06-19 01:00:00,29.930299758911133
2019-06-19 01:15:00,24.38759994506836
2019-06-19 01:30:00,17.736499786376953
2019-06-19 01:45:00,12.19379997253418
2019-06-19 02:00:00,11.08530044555664
2019-06-19 02:15:00,11.08530044555664
2019-06-19 02:30:00,11.08530044555664
2019-06-19 02:45:00,11.08530044555664
2019-06-19 03:00:00,9.976799964904783
2019-06-19 03:15:00,11.08530044555664
2019-06-19 03:30:00,9.976799964904783
2019-06-19 03:45:00,9.976799964904783
2019-06-19 04:00:00,12.19379997253418
2019-06-19 04:15:00,9.976799964904783
2019-06-19 04:30:00,11.08530044555664
2019-06-19 04:45:00,9.976799964904783
2019-06-19 05:00:00,8.868200302124023
2019-06-19 05:15:00,9.976799964904783
2019-06-19 05:30:00,9.976799964904783
2019-06-19 05:45:00,9.976799964904783
2019-06-19 06:00:00,13.302300453186035
2019-06-19 06:15:00,13.302300453186035
2019-06-19 06:30:00,9.976799964904783
2019-06-19 06:45:00,13.302300453186035
2019-06-19 07:00:00,28.8218002319336
2019-06-19 07:15:00,106.4188003540039
2019-06-19 07:30:00,141.89169311523438
2019-06-19 07:45:00,139.67469787597656
2019-06-19 08:00:00,146.3258056640625
2019-06-19 08:15:00,216.16319274902344
2019-06-19 08:30:00,336.9927978515625
2019-06-19 08:45:00,369.1401977539063
2019-06-19 09:00:00,391.3106994628906
2019-06-19 09:15:00,382.4425048828125
2019-06-19 09:30:00,403.5046081542969
2019-06-19 09:45:00,410.15570068359375
2019-06-19 10:00:00,401.2875061035156
2019-06-19 10:15:00,373.5743103027344
2019-06-19 10:30:00,392.4193115234375
2019-06-19 10:45:00,375.7912902832031
2019-06-19 11:00:00,372.4657897949219
2019-06-19 11:15:00,416.806884765625
2019-06-19 11:30:00,395.7449035644531
2019-06-19 11:45:00,396.8533935546875
2019-06-19 12:00:00,317.039306640625
2019-06-19 12:15:00,235.00819396972656
2019-06-19 12:30:00,237.22520446777344
2019-06-19 12:45:00,327.01611328125
2019-06-19 13:00:00,382.4425048828125
2019-06-19 13:15:00,378.0083923339844
2019-06-19 13:30:00,409.0472106933594
2019-06-19 13:45:00,405.7215881347656
2019-06-19 14:00:00,410.15570068359375
2019-06-19 14:15:00,384.65960693359375
2019-06-19 14:30:00,406.8302001953125
2019-06-19 14:45:00,360.2719116210937
2019-06-19 15:00:00,393.5278015136719
2019-06-19 15:15:00,395.7449035644531
2019-06-19 15:30:00,412.372802734375
2019-06-19 15:45:00,423.4580993652344
2019-06-19 16:00:00,422.349609375
2019-06-19 16:15:00,409.0472106933594
2019-06-19 16:30:00,425.6751098632813
2019-06-19 16:45:00,434.54339599609375
2019-06-19 17:00:00,405.7215881347656
2019-06-19 17:15:00,339.2098999023437
2019-06-19 17:30:00,319.25640869140625
2019-06-19 17:45:00,250.5276031494141
2019-06-19 18:00:00,197.3182067871093
2019-06-19 18:15:00,177.36459350585938
2019-06-19 18:30:00,168.49639892578125
2019-06-19 18:45:00,184.0157928466797
2019-06-19 19:00:00,186.2328948974609
2019-06-19 19:15:00,191.77549743652344
2019-06-19 19:30:00,198.4266967773437
2019-06-19 19:45:00,161.84519958496094
2019-06-19 20:00:00,146.3258056640625
2019-06-19 20:15:00,120.82969665527344
2019-06-19 20:30:00,101.98470306396484
2019-06-19 20:45:00,77.59700012207031
2019-06-19 21:00:00,78.70559692382812
2019-06-19 21:15:00,75.37999725341797
2019-06-19 21:30:00,76.4885025024414
2019-06-19 21:45:00,74.27140045166016
2019-06-19 22:00:00,73.16290283203125
2019-06-19 22:15:00,75.37999725341797
2019-06-19 22:30:00,73.16290283203125
2019-06-19 22:45:00,64.2947006225586
2019-06-19 23:00:00,66.51170349121094
2019-06-19 23:15:00,63.18619918823242
2019-06-19 23:30:00,62.077598571777344
2019-06-19 23:45:00,62.077598571777344
2019-06-20 00:00:00,58.75199890136719
2019-06-20 00:15:00,59.860599517822266
2019-06-20 00:30:00,58.75199890136719
2019-06-20 00:45:00,52.10089874267578
2019-06-20 01:00:00,48.775299072265625
2019-06-20 01:15:00,25.49620056152344
2019-06-20 01:30:00,25.49620056152344
2019-06-20 01:45:00,17.736499786376953
2019-06-20 02:00:00,12.19379997253418
2019-06-20 02:15:00,13.302300453186035
2019-06-20 02:30:00,12.19379997253418
2019-06-20 02:45:00,13.302300453186035
2019-06-20 03:00:00,13.302300453186035
2019-06-20 03:15:00,11.08530044555664
2019-06-20 03:30:00,13.302300453186035
2019-06-20 03:45:00,12.19379997253418
2019-06-20 04:00:00,13.302300453186035
2019-06-20 04:15:00,12.19379997253418
2019-06-20 04:30:00,13.302300453186035
2019-06-20 04:45:00,13.302300453186035
2019-06-20 05:00:00,12.19379997253418
2019-06-20 05:15:00,13.302300453186035
2019-06-20 05:30:00,12.19379997253418
2019-06-20 05:45:00,12.19379997253418
2019-06-20 06:00:00,14.410900115966797
2019-06-20 06:15:00,15.519399642944336
2019-06-20 06:30:00,14.410900115966797
2019-06-20 06:45:00,16.627899169921875
2019-06-20 07:00:00,17.736499786376953
2019-06-20 07:15:00,106.4188003540039
2019-06-20 07:30:00,137.4575958251953
2019-06-20 07:45:00,123.04669952392578
2019-06-20 08:00:00,141.89169311523438
2019-06-20 08:15:00,222.8143005371093
2019-06-20 08:30:00,327.01611328125
2019-06-20 08:45:00,351.4036865234375
2019-06-20 09:00:00,382.4425048828125
2019-06-20 09:15:00,397.9619140625
2019-06-20 09:30:00,402.39599609375
2019-06-20 09:45:00,409.0472106933594
2019-06-20 10:00:00,426.78369140625
2019-06-20 10:15:00,420.1325073242188
2019-06-20 10:30:00,417.9154052734375
2019-06-20 10:45:00,417.9154052734375
2019-06-20 11:00:00,380.2254943847656
2019-06-20 11:15:00,393.5278015136719
2019-06-20 11:30:00,380.2254943847656
2019-06-20 11:45:00,341.4269104003906
2019-06-20 12:00:00,291.5430908203125
2019-06-20 12:15:00,207.2949066162109
2019-06-20 12:30:00,223.9228973388672
2019-06-20 12:45:00,345.8611145019531
2019-06-20 13:00:00,370.2486877441406
2019-06-20 13:15:00,374.6828002929688
2019-06-20 13:30:00,355.8377990722656
2019-06-20 13:45:00,368.0315856933594
2019-06-20 14:00:00,352.51220703125
2019-06-20 14:15:00,338.1014099121094
2019-06-20 14:30:00,378.0083923339844
2019-06-20 14:45:00,407.9386901855469
2019-06-20 15:00:00,382.4425048828125
2019-06-20 15:15:00,411.2643127441406
2019-06-20 15:30:00,411.2643127441406
2019-06-20 15:45:00,401.2875061035156
2019-06-20 16:00:00,411.2643127441406
2019-06-20 16:15:00,417.9154052734375
2019-06-20 16:30:00,414.58990478515625
2019-06-20 16:45:00,426.78369140625
2019-06-20 17:00:00,412.372802734375
2019-06-20 17:15:00,383.5509948730469
2019-06-20 17:30:00,331.4501953125
2019-06-20 17:45:00,269.3725891113281
2019-06-20 18:00:00,195.10110473632807
2019-06-20 18:15:00,172.9304962158203
2019-06-20 18:30:00,154.0854949951172
2019-06-20 18:45:00,159.62820434570312
2019-06-20 19:00:00,152.9770050048828
2019-06-20 19:15:00,156.30259704589844
2019-06-20 19:30:00,146.3258056640625
2019-06-20 19:45:00,130.806396484375
2019-06-20 20:00:00,126.37229919433594
2019-06-20 20:15:00,124.1552963256836
2019-06-20 20:30:00,131.9149932861328
2019-06-20 20:45:00,134.1320037841797
2019-06-20 21:00:00,118.61260223388672
2019-06-20 21:15:00,111.9614028930664
2019-06-20 21:30:00,113.06999969482422
2019-06-20 21:45:00,109.74440002441406
2019-06-20 22:00:00,107.5272979736328
2019-06-20 22:15:00,101.98470306396484
2019-06-20 22:30:00,101.98470306396484
2019-06-20 22:45:00,110.85289764404295
2019-06-20 23:00:00,114.17849731445312
2019-06-20 23:15:00,111.9614028930664
2019-06-20 23:30:00,110.85289764404295
2019-06-20 23:45:00,110.85289764404295
2019-06-21 00:00:00,97.55059814453124
2019-06-21 00:15:00,86.46530151367188
2019-06-21 00:30:00,86.46530151367188
2019-06-21 00:45:00,80.92259979248047
2019-06-21 01:00:00,82.03109741210938
2019-06-21 01:15:00,80.92259979248047
2019-06-21 01:30:00,82.03109741210938
2019-06-21 01:45:00,66.51170349121094
2019-06-21 02:00:00,50.9922981262207
2019-06-21 02:15:00,48.775299072265625
2019-06-21 02:30:00,53.20940017700195
2019-06-21 02:45:00,66.51170349121094
2019-06-21 03:00:00,59.860599517822266
2019-06-21 03:15:00,59.860599517822266
2019-06-21 03:30:00,58.75199890136719
2019-06-21 03:45:00,60.96910095214844
2019-06-21 04:00:00,59.860599517822266
2019-06-21 04:15:00,52.10089874267578
2019-06-21 04:30:00,44.34120178222656
2019-06-21 04:45:00,38.79850006103516
2019-06-21 05:00:00,39.90700149536133
2019-06-21 05:15:00,46.55820083618164
2019-06-21 05:30:00,47.66669845581055
2019-06-21 05:45:00,52.10089874267578
2019-06-21 06:00:00,53.20940017700195
2019-06-21 06:15:00,55.42649841308594
2019-06-21 06:30:00,54.317901611328125
2019-06-21 06:45:00,46.55820083618164
2019-06-21 07:00:00,48.775299072265625
2019-06-21 07:15:00,56.53499984741211
2019-06-21 07:30:00,110.85289764404295
2019-06-21 07:45:00,154.0854949951172
2019-06-21 08:00:00,178.47320556640625
2019-06-21 08:15:00,228.35699462890625
2019-06-21 08:30:00,292.6517028808594
2019-06-21 08:45:00,375.7912902832031
2019-06-21 09:00:00,396.8533935546875
2019-06-21 09:15:00,411.2643127441406
2019-06-21 09:30:00,400.1789855957031
2019-06-21 09:45:00,375.7912902832031
2019-06-21 10:00:00,396.8533935546875
2019-06-21 10:15:00,407.9386901855469
2019-06-21 10:30:00,410.15570068359375
2019-06-21 10:45:00,392.4193115234375
2019-06-21 11:00:00,421.2409973144531
2019-06-21 11:15:00,403.5046081542969
2019-06-21 11:30:00,405.7215881347656
2019-06-21 11:45:00,392.4193115234375
2019-06-21 12:00:00,330.34161376953125
2019-06-21 12:15:00,237.22520446777344
2019-06-21 12:30:00,235.00819396972656
2019-06-21 12:45:00,292.6517028808594
2019-06-21 13:00:00,394.6362915039063
2019-06-21 13:15:00,402.39599609375
2019-06-21 13:30:00,395.7449035644531
2019-06-21 13:45:00,379.1169128417969
2019-06-21 14:00:00,390.20220947265625
2019-06-21 14:15:00,391.3106994628906
2019-06-21 14:30:00,414.58990478515625
2019-06-21 14:45:00,394.6362915039063
2019-06-21 15:00:00,362.489013671875
2019-06-21 15:15:00,379.1169128417969
2019-06-21 15:30:00,387.9851989746094
2019-06-21 15:45:00,391.3106994628906
2019-06-21 16:00:00,387.9851989746094
2019-06-21 16:15:00,392.4193115234375
2019-06-21 16:30:00,410.15570068359375
2019-06-21 16:45:00,380.2254943847656
2019-06-21 17:00:00,371.3572082519531
2019-06-21 17:15:00,362.489013671875
2019-06-21 17:30:00,320.3648986816406
2019-06-21 17:45:00,231.6826019287109
2019-06-21 18:00:00,164.0623016357422
2019-06-21 18:15:00,150.75990295410156
2019-06-21 18:30:00,138.56610107421875
2019-06-21 18:45:00,144.10879516601562
2019-06-21 19:00:00,144.10879516601562
2019-06-21 19:15:00,124.1552963256836
2019-06-21 19:30:00,115.28700256347656
2019-06-21 19:45:00,113.06999969482422
2019-06-21 20:00:00,114.17849731445312
2019-06-21 20:15:00,116.39550018310548
2019-06-21 20:30:00,109.74440002441406
2019-06-21 20:45:00,85.35669708251953
2019-06-21 21:00:00,83.13970184326172
2019-06-21 21:15:00,83.13970184326172
2019-06-21 21:30:00,85.35669708251953
2019-06-21 21:45:00,79.81410217285156
2019-06-21 22:00:00,83.13970184326172
2019-06-21 22:15:00,84.24819946289062
2019-06-21 22:30:00,82.03109741210938
2019-06-21 22:45:00,83.13970184326172
2019-06-21 23:00:00,76.4885025024414
2019-06-21 23:15:00,76.4885025024414
2019-06-21 23:30:00,78.70559692382812
2019-06-21 23:45:00,78.70559692382812
2019-06-22 00:00:00,69.8373031616211
2019-06-22 00:15:00,64.2947006225586
2019-06-22 00:30:00,64.2947006225586
2019-06-22 00:45:00,54.317901611328125
2019-06-22 01:00:00,49.8838005065918
2019-06-22 01:15:00,33.25590133666992
2019-06-22 01:30:00,32.147300720214844
2019-06-22 01:45:00,18.84499931335449
2019-06-22 02:00:00,17.736499786376953
2019-06-22 02:15:00,16.627899169921875
2019-06-22 02:30:00,167.6321561144133
2019-06-22 02:45:00,167.6321561144133
2019-06-22 03:00:00,167.6321561144133
2019-06-22 03:15:00,167.6321561144133
2019-06-22 03:30:00,167.6321561144133
2019-06-22 03:45:00,167.6321561144133
2019-06-22 04:00:00,167.6321561144133
2019-06-22 04:15:00,167.6321561144133
2019-06-22 04:30:00,167.6321561144133
2019-06-22 04:45:00,167.6321561144133
2019-06-22 05:00:00,167.6321561144133
2019-06-22 05:15:00,167.6321561144133
2019-06-22 05:30:00,167.6321561144133
2019-06-22 05:45:00,167.6321561144133
2019-06-22 06:00:00,167.6321561144133
2019-06-22 06:15:00,167.6321561144133
2019-06-22 06:30:00,167.6321561144133
2019-06-22 06:45:00,167.6321561144133
2019-06-22 07:00:00,167.6321561144133
2019-06-22 07:15:00,167.6321561144133
2019-06-22 07:30:00,167.6321561144133
2019-06-22 07:45:00,167.6321561144133
2019-06-22 08:00:00,167.6321561144133
2019-06-22 08:15:00,167.6321561144133
2019-06-22 08:30:00,167.6321561144133
2019-06-22 08:45:00,167.6321561144133
2019-06-22 09:00:00,167.6321561144133
2019-06-22 09:15:00,167.6321561144133
2019-06-22 09:30:00,167.6321561144133
2019-06-22 09:45:00,167.6321561144133
2019-06-22 10:00:00,167.6321561144133
2019-06-22 10:15:00,167.6321561144133
2019-06-22 10:30:00,167.6321561144133
2019-06-22 10:45:00,167.6321561144133
2019-06-22 11:00:00,167.6321561144133
2019-06-22 11:15:00,167.6321561144133
2019-06-22 11:30:00,167.6321561144133
2019-06-22 11:45:00,167.6321561144133
2019-06-22 12:00:00,167.6321561144133
2019-06-22 12:15:00,167.6321561144133
2019-06-22 12:30:00,167.6321561144133
2019-06-22 12:45:00,167.6321561144133
2019-06-22 13:00:00,167.6321561144133
2019-06-22 13:15:00,167.6321561144133
2019-06-22 13:30:00,167.6321561144133
2019-06-22 13:45:00,167.6321561144133
2019-06-22 14:00:00,167.6321561144133
2019-06-22 14:15:00,167.6321561144133
2019-06-22 14:30:00,167.6321561144133
2019-06-22 14:45:00,167.6321561144133
2019-06-22 15:00:00,309.27960205078125
2019-06-22 15:15:00,309.27960205078125
2019-06-22 15:30:00,322.5819091796875
2019-06-22 15:45:00,315.9307861328125
2019-06-22 16:00:00,341.4269104003906
2019-06-22 16:15:00,311.4967041015625
2019-06-22 16:30:00,314.8222045898437
2019-06-22 16:45:00,304.8454895019531
2019-06-22 17:00:00,305.9540100097656
2019-06-22 17:15:00,297.0857849121094
2019-06-22 17:30:00,248.3105010986328
2019-06-22 17:45:00,181.79879760742188
2019-06-22 18:00:00,139.67469787597656
2019-06-22 18:15:00,125.26380157470705
2019-06-22 18:30:00,109.74440002441406
2019-06-22 18:45:00,104.20169830322266
2019-06-22 19:00:00,88.68229675292969
2019-06-22 19:15:00,94.2249984741211
2019-06-22 19:30:00,96.44200134277344
2019-06-22 19:45:00,94.2249984741211
2019-06-22 20:00:00,99.7676010131836
2019-06-22 20:15:00,88.68229675292969
2019-06-22 20:30:00,76.4885025024414
2019-06-22 20:45:00,76.4885025024414
2019-06-22 21:00:00,76.4885025024414
2019-06-22 21:15:00,85.35669708251953
2019-06-22 21:30:00,77.59700012207031
2019-06-22 21:45:00,77.59700012207031
2019-06-22 22:00:00,78.70559692382812
2019-06-22 22:15:00,84.24819946289062
2019-06-22 22:30:00,85.35669708251953
2019-06-22 22:45:00,80.92259979248047
2019-06-22 23:00:00,78.70559692382812
2019-06-22 23:15:00,80.92259979248047
2019-06-22 23:30:00,76.4885025024414
2019-06-22 23:45:00,73.16290283203125
2019-06-23 00:00:00,69.8373031616211
2019-06-23 00:15:00,64.2947006225586
2019-06-23 00:30:00,53.20940017700195
2019-06-23 00:45:00,49.8838005065918
2019-06-23 01:00:00,46.55820083618164
2019-06-23 01:15:00,42.12409973144531
2019-06-23 01:30:00,38.79850006103516
2019-06-23 01:45:00,38.79850006103516
2019-06-23 02:00:00,37.68999862670898
2019-06-23 02:15:00,37.68999862670898
2019-06-23 02:30:00,37.68999862670898
2019-06-23 02:45:00,38.79850006103516
2019-06-23 03:00:00,36.58150100708008
2019-06-23 03:15:00,38.79850006103516
2019-06-23 03:30:00,38.79850006103516
2019-06-23 03:45:00,27.71319961547852
2019-06-23 04:00:00,14.410900115966797
2019-06-23 04:15:00,12.19379997253418
2019-06-23 04:30:00,15.519399642944336
2019-06-23 04:45:00,13.302300453186035
2019-06-23 05:00:00,13.302300453186035
2019-06-23 05:15:00,14.410900115966797
2019-06-23 05:30:00,13.302300453186035
2019-06-23 05:45:00,14.410900115966797
2019-06-23 06:00:00,15.519399642944336
2019-06-23 06:15:00,14.410900115966797
2019-06-23 06:30:00,14.410900115966797
2019-06-23 06:45:00,13.302300453186035
2019-06-23 07:00:00,17.736499786376953
2019-06-23 07:15:00,18.84499931335449
2019-06-23 07:30:00,65.4031982421875
2019-06-23 07:45:00,117.50409698486328
2019-06-23 08:00:00,133.02349853515625
2019-06-23 08:15:00,188.4499053955078
2019-06-23 08:30:00,241.6593017578125
2019-06-23 08:45:00,289.3261108398437
2019-06-23 09:00:00,295.9772033691406
2019-06-23 09:15:00,314.8222045898437
2019-06-23 09:30:00,311.4967041015625
2019-06-23 09:45:00,311.4967041015625
2019-06-23 10:00:00,310.3880920410156
2019-06-23 10:15:00,305.9540100097656
2019-06-23 10:30:00,331.4501953125
2019-06-23 10:45:00,301.5198974609375
2019-06-23 11:00:00,323.69049072265625
2019-06-23 11:15:00,308.1711120605469
2019-06-23 11:30:00,322.5819091796875
2019-06-23 11:45:00,304.8454895019531
2019-06-23 12:00:00,231.6826019287109
2019-06-23 12:15:00,151.86849975585938
2019-06-23 12:30:00,155.19410705566406
2019-06-23 12:45:00,232.7911071777344
2019-06-23 13:00:00,310.3880920410156
2019-06-23 13:15:00,294.86871337890625
2019-06-23 13:30:00,297.0857849121094
2019-06-23 13:45:00,289.3261108398437
2019-06-23 14:00:00,286.00048828125
2019-06-23 14:15:00,269.3725891113281
2019-06-23 14:30:00,267.1554870605469
2019-06-23 14:45:00,270.4811096191406
2019-06-23 15:00:00,287.1090087890625
2019-06-23 15:15:00,268.2640075683594
2019-06-23 15:30:00,264.9383850097656
2019-06-23 15:45:00,263.82989501953125
2019-06-23 16:00:00,282.6748962402344
2019-06-23 16:15:00,268.2640075683594
2019-06-23 16:30:00,293.7601928710937
2019-06-23 16:45:00,276.0237121582031
2019-06-23 17:00:00,269.3725891113281
2019-06-23 17:15:00,252.74459838867188
2019-06-23 17:30:00,232.7911071777344
2019-06-23 17:45:00,152.9770050048828
2019-06-23 18:00:00,110.85289764404295
2019-06-23 18:15:00,101.98470306396484
2019-06-23 18:30:00,80.92259979248047
2019-06-23 18:45:00,78.70559692382812
2019-06-23 19:00:00,75.37999725341797
2019-06-23 19:15:00,74.27140045166016
2019-06-23 19:30:00,77.59700012207031
2019-06-23 19:45:00,83.13970184326172
2019-06-23 20:00:00,82.03109741210938
2019-06-23 20:15:00,79.81410217285156
2019-06-23 20:30:00,77.59700012207031
2019-06-23 20:45:00,75.37999725341797
2019-06-23 21:00:00,70.9458999633789
2019-06-23 21:15:00,68.72879791259766
2019-06-23 21:30:00,68.72879791259766
2019-06-23 21:45:00,70.9458999633789
2019-06-23 22:00:00,69.8373031616211
2019-06-23 22:15:00,68.72879791259766
2019-06-23 22:30:00,69.8373031616211
2019-06-23 22:45:00,68.72879791259766
2019-06-23 23:00:00,70.9458999633789
2019-06-23 23:15:00,68.72879791259766
2019-06-23 23:30:00,67.62030029296875
2019-06-23 23:45:00,68.72879791259766
2019-06-24 00:00:00,68.72879791259766
2019-06-24 00:15:00,60.96910095214844
2019-06-24 00:30:00,53.20940017700195
2019-06-24 00:45:00,48.775299072265625
2019-06-24 01:00:00,29.930299758911133
2019-06-24 01:15:00,25.49620056152344
2019-06-24 01:30:00,16.627899169921875
2019-06-24 01:45:00,13.302300453186035
2019-06-24 02:00:00,12.19379997253418
2019-06-24 02:15:00,9.976799964904783
2019-06-24 02:30:00,12.19379997253418
2019-06-24 02:45:00,12.19379997253418
2019-06-24 03:00:00,12.19379997253418
2019-06-24 03:15:00,11.08530044555664
2019-06-24 03:30:00,13.302300453186035
2019-06-24 03:45:00,11.08530044555664
2019-06-24 04:00:00,11.08530044555664
2019-06-24 04:15:00,13.302300453186035
2019-06-24 04:30:00,11.08530044555664
2019-06-24 04:45:00,11.08530044555664
2019-06-24 05:00:00,9.976799964904783
2019-06-24 05:15:00,13.302300453186035
2019-06-24 05:30:00,9.976799964904783
2019-06-24 05:45:00,13.302300453186035
2019-06-24 06:00:00,11.08530044555664
2019-06-24 06:15:00,12.19379997253418
2019-06-24 06:30:00,11.08530044555664
2019-06-24 06:45:00,11.08530044555664
2019-06-24 07:00:00,29.930299758911133
2019-06-24 07:15:00,103.09320068359376
2019-06-24 07:30:00,126.37229919433594
2019-06-24 07:45:00,145.21730041503906
2019-06-24 08:00:00,157.41110229492188
2019-06-24 08:15:00,219.4886932373047
2019-06-24 08:30:00,287.1090087890625
2019-06-24 08:45:00,344.75250244140625
2019-06-24 09:00:00,401.2875061035156
2019-06-24 09:15:00,383.5509948730469
2019-06-24 09:30:00,385.7680969238281
2019-06-24 09:45:00,378.0083923339844
2019-06-24 10:00:00,370.2486877441406
2019-06-24 10:15:00,358.0549011230469
2019-06-24 10:30:00,394.6362915039063
2019-06-24 10:45:00,385.7680969238281
2019-06-24 11:00:00,380.2254943847656
2019-06-24 11:15:00,364.70599365234375
2019-06-24 11:30:00,336.9927978515625
2019-06-24 11:45:00,354.72930908203125
2019-06-24 12:00:00,287.1090087890625
2019-06-24 12:15:00,197.3182067871093
2019-06-24 12:30:00,196.2095947265625
2019-06-24 12:45:00,281.56640625
2019-06-24 13:00:00,350.2951965332031
2019-06-24 13:15:00,342.5354919433594
2019-06-24 13:30:00,382.4425048828125
2019-06-24 13:45:00,399.0704040527344
2019-06-24 14:00:00,392.4193115234375
2019-06-24 14:15:00,395.7449035644531
2019-06-24 14:30:00,402.39599609375
2019-06-24 14:45:00,371.3572082519531
2019-06-24 15:00:00,386.8765869140625
2019-06-24 15:15:00,387.9851989746094
2019-06-24 15:30:00,405.7215881347656
2019-06-24 15:45:00,416.806884765625
2019-06-24 16:00:00,416.806884765625
2019-06-24 16:15:00,423.4580993652344
2019-06-24 16:30:00,419.0239868164063
2019-06-24 16:45:00,389.09368896484375
2019-06-24 17:00:00,382.4425048828125
2019-06-24 17:15:00,373.5743103027344
2019-06-24 17:30:00,341.4269104003906
2019-06-24 17:45:00,293.7601928710937
2019-06-24 18:00:00,240.55079650878903
2019-06-24 18:15:00,179.58169555664062
2019-06-24 18:30:00,180.6902008056641
2019-06-24 18:45:00,262.7214050292969
2019-06-24 19:00:00,239.4423065185547
2019-06-24 19:15:00,236.11669921875
2019-06-24 19:30:00,213.94610595703125
2019-06-24 19:45:00,199.5352020263672
2019-06-24 20:00:00,190.66700744628903
2019-06-24 20:15:00,189.5585021972656
2019-06-24 20:30:00,164.0623016357422
2019-06-24 20:45:00,114.17849731445312
2019-06-24 21:00:00,77.59700012207031
2019-06-24 21:15:00,76.4885025024414
2019-06-24 21:30:00,75.37999725341797
2019-06-24 21:45:00,76.4885025024414
2019-06-24 22:00:00,74.27140045166016
2019-06-24 22:15:00,74.27140045166016
2019-06-24 22:30:00,72.05439758300781
2019-06-24 22:45:00,72.05439758300781
2019-06-24 23:00:00,73.16290283203125
2019-06-24 23:15:00,72.05439758300781
2019-06-24 23:30:00,75.37999725341797
2019-06-24 23:45:00,78.70559692382812
2019-06-25 00:00:00,72.05439758300781
2019-06-25 00:15:00,66.51170349121094
2019-06-25 00:30:00,63.18619918823242
2019-06-25 00:45:00,52.10089874267578
2019-06-25 01:00:00,43.23260116577149
2019-06-25 01:15:00,23.27910041809082
2019-06-25 01:30:00,22.17060089111328
2019-06-25 01:45:00,12.19379997253418
2019-06-25 02:00:00,8.868200302124023
2019-06-25 02:15:00,6.651199817657471
2019-06-25 02:30:00,7.759699821472168
2019-06-25 02:45:00,7.759699821472168
2019-06-25 03:00:00,6.651199817657471
2019-06-25 03:15:00,7.759699821472168
2019-06-25 03:30:00,6.651199817657471
2019-06-25 03:45:00,6.651199817657471
2019-06-25 04:00:00,7.759699821472168
2019-06-25 04:15:00,5.542600154876709
2019-06-25 04:30:00,6.651199817657471
2019-06-25 04:45:00,6.651199817657471
2019-06-25 05:00:00,6.651199817657471
2019-06-25 05:15:00,7.759699821472168
2019-06-25 05:30:00,6.651199817657471
2019-06-25 05:45:00,8.868200302124023
2019-06-25 06:00:00,6.651199817657471
2019-06-25 06:15:00,9.976799964904783
2019-06-25 06:30:00,11.08530044555664
2019-06-25 06:45:00,8.868200302124023
2019-06-25 07:00:00,12.19379997253418
2019-06-25 07:15:00,97.55059814453124
2019-06-25 07:30:00,135.24049377441406
2019-06-25 07:45:00,145.21730041503906
2019-06-25 08:00:00,140.783203125
2019-06-25 08:15:00,181.79879760742188
2019-06-25 08:30:00,276.0237121582031
2019-06-25 08:45:00,341.4269104003906
2019-06-25 09:00:00,354.72930908203125
2019-06-25 09:15:00,375.7912902832031
2019-06-25 09:30:00,189.8009490966797
2019-06-25 09:45:00,422.349609375
2019-06-25 10:00:00,188.2215118408203
2019-06-25 10:15:00,186.32540893554688
2019-06-25 10:30:00,401.2875061035156
2019-06-25 10:45:00,416.806884765625
2019-06-25 11:00:00,184.9291534423828
2019-06-25 11:15:00,437.8689880371094
2019-06-25 11:30:00,395.7449035644531
2019-06-25 11:45:00,370.2486877441406
2019-06-25 12:00:00,323.69049072265625
2019-06-25 12:15:00,227.24850463867188
2019-06-25 12:30:00,233.89959716796875
2019-06-25 12:45:00,312.6051940917969
2019-06-25 13:00:00,374.6828002929688
2019-06-25 13:15:00,411.2643127441406
2019-06-25 13:30:00,413.4812927246094
2019-06-25 13:45:00,420.1325073242188
2019-06-25 14:00:00,438.9775085449219
2019-06-25 14:15:00,420.1325073242188
2019-06-25 14:30:00,406.8302001953125
2019-06-25 14:45:00,427.8922119140625
2019-06-25 15:00:00,416.806884765625
2019-06-25 15:15:00,419.0239868164063
2019-06-25 15:30:00,427.8922119140625
2019-06-25 15:45:00,426.78369140625
2019-06-25 16:00:00,189.69610595703125
2019-06-25 16:15:00,436.7604064941406
2019-06-25 16:30:00,187.46893310546875
2019-06-25 16:45:00,185.0569000244141
2019-06-25 17:00:00,423.4580993652344
2019-06-25 17:15:00,405.7215881347656
2019-06-25 17:30:00,354.72930908203125
2019-06-25 17:45:00,271.589599609375
2019-06-25 18:00:00,222.8143005371093
2019-06-25 18:15:00,165.17080688476562
2019-06-25 18:30:00,143.0001983642578
2019-06-25 18:45:00,164.0623016357422
2019-06-25 19:00:00,186.2328948974609
2019-06-25 19:15:00,190.66700744628903
2019-06-25 19:30:00,201.75230407714844
2019-06-25 19:45:00,202.8607940673828
2019-06-25 20:00:00,202.8607940673828
2019-06-25 20:15:00,167.3878936767578
2019-06-25 20:30:00,151.86849975585938
2019-06-25 20:45:00,133.02349853515625
2019-06-25 21:00:00,115.28700256347656
2019-06-25 21:15:00,111.9614028930664
2019-06-25 21:30:00,105.310302734375
2019-06-25 21:45:00,101.98470306396484
2019-06-25 22:00:00,116.39550018310548
2019-06-25 22:15:00,126.37229919433594
2019-06-25 22:30:00,117.50409698486328
2019-06-25 22:45:00,114.17849731445312
2019-06-25 23:00:00,113.06999969482422
2019-06-25 23:15:00,113.06999969482422
2019-06-25 23:30:00,89.79090118408203
2019-06-25 23:45:00,69.8373031616211
2019-06-26 00:00:00,64.2947006225586
2019-06-26 00:15:00,60.96910095214844
2019-06-26 00:30:00,53.20940017700195
2019-06-26 00:45:00,47.66669845581055
2019-06-26 01:00:00,33.25590133666992
2019-06-26 01:15:00,28.8218002319336
2019-06-26 01:30:00,21.06209945678711
2019-06-26 01:45:00,14.410900115966797
2019-06-26 02:00:00,14.410900115966797
2019-06-26 02:15:00,13.302300453186035
2019-06-26 02:30:00,14.410900115966797
2019-06-26 02:45:00,12.19379997253418
2019-06-26 03:00:00,8.868200302124023
2019-06-26 03:15:00,9.976799964904783
2019-06-26 03:30:00,8.868200302124023
2019-06-26 03:45:00,9.976799964904783
2019-06-26 04:00:00,8.868200302124023
2019-06-26 04:15:00,8.868200302124023
2019-06-26 04:30:00,9.976799964904783
2019-06-26 04:45:00,8.868200302124023
2019-06-26 05:00:00,8.868200302124023
2019-06-26 05:15:00,8.868200302124023
2019-06-26 05:30:00,7.759699821472168
2019-06-26 05:45:00,7.759699821472168
2019-06-26 06:00:00,8.868200302124023
2019-06-26 06:15:00,11.08530044555664
2019-06-26 06:30:00,9.976799964904783
2019-06-26 06:45:00,9.976799964904783
2019-06-26 07:00:00,15.519399642944336
2019-06-26 07:15:00,14.410900115966797
2019-06-26 07:30:00,72.05439758300781
2019-06-26 07:45:00,116.39550018310548
2019-06-26 08:00:00,129.69790649414062
2019-06-26 08:15:00,190.66700744628903
2019-06-26 08:30:00,262.7214050292969
2019-06-26 08:45:00,292.6517028808594
2019-06-26 09:00:00,314.8222045898437
2019-06-26 09:15:00,307.0625
2019-06-26 09:30:00,321.473388671875
2019-06-26 09:45:00,356.9462890625
2019-06-26 10:00:00,409.0472106933594
2019-06-26 10:15:00,429.0007019042969
2019-06-26 10:30:00,410.15570068359375
2019-06-26 10:45:00,382.4425048828125
2019-06-26 11:00:00,383.5509948730469
2019-06-26 11:15:00,373.5743103027344
2019-06-26 11:30:00,383.5509948730469
2019-06-26 11:45:00,366.923095703125
2019-06-26 12:00:00,310.3880920410156
2019-06-26 12:15:00,211.72900390625
2019-06-26 12:30:00,219.4886932373047
2019-06-26 12:45:00,343.6440124511719
2019-06-26 13:00:00,381.3340148925781
2019-06-26 13:15:00,397.9619140625
2019-06-26 13:30:00,396.8533935546875
2019-06-26 13:45:00,389.09368896484375
2019-06-26 14:00:00,376.89990234375
2019-06-26 14:15:00,399.0704040527344
2019-06-26 14:30:00,406.8302001953125
2019-06-26 14:45:00,382.4425048828125
2019-06-26 15:00:00,416.806884765625
2019-06-26 15:15:00,425.6751098632813
2019-06-26 15:30:00,410.15570068359375
2019-06-26 15:45:00,413.4812927246094
2019-06-26 16:00:00,395.7449035644531
2019-06-26 16:15:00,427.8922119140625
2019-06-26 16:30:00,375.7912902832031
2019-06-26 16:45:00,371.3572082519531
2019-06-26 17:00:00,386.8765869140625
2019-06-26 17:15:00,383.5509948730469
2019-06-26 17:30:00,360.2719116210937
2019-06-26 17:45:00,281.56640625
2019-06-26 18:00:00,195.10110473632807
2019-06-26 18:15:00,172.9304962158203
2019-06-26 18:30:00,146.3258056640625
2019-06-26 18:45:00,140.783203125
2019-06-26 19:00:00,131.9149932861328
2019-06-26 19:15:00,137.4575958251953
2019-06-26 19:30:00,157.41110229492188
2019-06-26 19:45:00,149.65139770507812
2019-06-26 20:00:00,150.75990295410156
2019-06-26 20:15:00,146.3258056640625
2019-06-26 20:30:00,140.783203125
2019-06-26 20:45:00,123.04669952392578
2019-06-26 21:00:00,109.74440002441406
2019-06-26 21:15:00,121.93820190429688
2019-06-26 21:30:00,115.28700256347656
2019-06-26 21:45:00,109.74440002441406
2019-06-26 22:00:00,115.28700256347656
2019-06-26 22:15:00,118.61260223388672
2019-06-26 22:30:00,113.06999969482422
2019-06-26 22:45:00,105.310302734375
2019-06-26 23:00:00,127.48079681396484
2019-06-26 23:15:00,99.7676010131836
2019-06-26 23:30:00,84.24819946289062
2019-06-26 23:45:00,77.59700012207031
2019-06-27 00:00:00,66.51170349121094
2019-06-27 00:15:00,64.2947006225586
2019-06-27 00:30:00,56.53499984741211
2019-06-27 00:45:00,54.317901611328125
2019-06-27 01:00:00,46.55820083618164
2019-06-27 01:15:00,28.8218002319336
2019-06-27 01:30:00,26.604700088500977
2019-06-27 01:45:00,16.627899169921875
2019-06-27 02:00:00,14.410900115966797
2019-06-27 02:15:00,14.410900115966797
2019-06-27 02:30:00,13.302300453186035
2019-06-27 02:45:00,11.08530044555664
2019-06-27 03:00:00,9.976799964904783
2019-06-27 03:15:00,9.976799964904783
2019-06-27 03:30:00,8.868200302124023
2019-06-27 03:45:00,9.976799964904783
2019-06-27 04:00:00,8.868200302124023
2019-06-27 04:15:00,9.976799964904783
2019-06-27 04:30:00,9.976799964904783
2019-06-27 04:45:00,8.868200302124023
2019-06-27 05:00:00,11.08530044555664
2019-06-27 05:15:00,8.868200302124023
2019-06-27 05:30:00,7.759699821472168
2019-06-27 05:45:00,9.976799964904783
2019-06-27 06:00:00,8.868200302124023
2019-06-27 06:15:00,13.302300453186035
2019-06-27 06:30:00,11.08530044555664
2019-06-27 06:45:00,13.302300453186035
2019-06-27 07:00:00,26.604700088500977
2019-06-27 07:15:00,97.55059814453124
2019-06-27 07:30:00,130.806396484375
2019-06-27 07:45:00,140.783203125
2019-06-27 08:00:00,185.12429809570312
2019-06-27 08:15:00,258.28729248046875
2019-06-27 08:30:00,309.27960205078125
2019-06-27 08:45:00,378.0083923339844
2019-06-27 09:00:00,400.1789855957031
2019-06-27 09:15:00,384.65960693359375
2019-06-27 09:30:00,406.8302001953125
2019-06-27 09:45:00,412.372802734375
2019-06-27 10:00:00,387.9851989746094
2019-06-27 10:15:00,396.8533935546875
2019-06-27 10:30:00,391.3106994628906
2019-06-27 10:45:00,387.9851989746094
2019-06-27 11:00:00,383.5509948730469
2019-06-27 11:15:00,380.2254943847656
2019-06-27 11:30:00,356.9462890625
2019-06-27 11:45:00,351.4036865234375
2019-06-27 12:00:00,279.34930419921875
2019-06-27 12:15:00,178.47320556640625
2019-06-27 12:30:00,203.96929931640625
2019-06-27 12:45:00,284.8919982910156
2019-06-27 13:00:00,339.2098999023437
2019-06-27 13:15:00,344.75250244140625
2019-06-27 13:30:00,352.51220703125
2019-06-27 13:45:00,368.0315856933594
2019-06-27 14:00:00,383.5509948730469
2019-06-27 14:15:00,371.3572082519531
2019-06-27 14:30:00,365.8146057128906
2019-06-27 14:45:00,340.3183898925781
2019-06-27 15:00:00,356.9462890625
2019-06-27 15:15:00,364.70599365234375
2019-06-27 15:30:00,363.5975036621094
2019-06-27 15:45:00,374.6828002929688
2019-06-27 16:00:00,364.70599365234375
2019-06-27 16:15:00,346.9696044921875
2019-06-27 16:30:00,359.16339111328125
2019-06-27 16:45:00,351.4036865234375
2019-06-27 17:00:00,339.2098999023437
2019-06-27 17:15:00,362.489013671875
2019-06-27 17:30:00,338.1014099121094
2019-06-27 17:45:00,256.0701904296875
2019-06-27 18:00:00,210.62049865722656
2019-06-27 18:15:00,181.79879760742188
2019-06-27 18:30:00,165.17080688476562
2019-06-27 18:45:00,192.88409423828125
2019-06-27 19:00:00,190.66700744628903
2019-06-27 19:15:00,181.79879760742188
2019-06-27 19:30:00,203.96929931640625
2019-06-27 19:45:00,195.10110473632807
2019-06-27 20:00:00,190.66700744628903
2019-06-27 20:15:00,141.89169311523438
2019-06-27 20:30:00,145.21730041503906
2019-06-27 20:45:00,140.783203125
2019-06-27 21:00:00,130.806396484375
2019-06-27 21:15:00,126.37229919433594
2019-06-27 21:30:00,103.09320068359376
2019-06-27 21:45:00,94.2249984741211
2019-06-27 22:00:00,99.7676010131836
2019-06-27 22:15:00,121.93820190429688
2019-06-27 22:30:00,111.9614028930664
2019-06-27 22:45:00,101.98470306396484
2019-06-27 23:00:00,99.7676010131836
2019-06-27 23:15:00,96.44200134277344
2019-06-27 23:30:00,85.35669708251953
2019-06-27 23:45:00,76.4885025024414
2019-06-28 00:00:00,68.72879791259766
2019-06-28 00:15:00,63.18619918823242
2019-06-28 00:30:00,59.860599517822266
2019-06-28 00:45:00,54.317901611328125
2019-06-28 01:00:00,39.90700149536133
2019-06-28 01:15:00,31.038799285888672
2019-06-28 01:30:00,28.8218002319336
2019-06-28 01:45:00,15.519399642944336
2019-06-28 02:00:00,17.736499786376953
2019-06-28 02:15:00,16.627899169921875
2019-06-28 02:30:00,17.736499786376953
2019-06-28 02:45:00,16.627899169921875
2019-06-28 03:00:00,16.627899169921875
2019-06-28 03:15:00,15.519399642944336
2019-06-28 03:30:00,16.627899169921875
2019-06-28 03:45:00,14.410900115966797
2019-06-28 04:00:00,12.19379997253418
2019-06-28 04:15:00,12.19379997253418
2019-06-28 04:30:00,11.08530044555664
2019-06-28 04:45:00,12.19379997253418
2019-06-28 05:00:00,11.08530044555664
2019-06-28 05:15:00,11.08530044555664
2019-06-28 05:30:00,13.302300453186035
2019-06-28 05:45:00,9.976799964904783
2019-06-28 06:00:00,12.19379997253418
2019-06-28 06:15:00,14.410900115966797
2019-06-28 06:30:00,16.627899169921875
2019-06-28 06:45:00,9.976799964904783
2019-06-28 07:00:00,12.19379997253418
2019-06-28 07:15:00,90.89939880371094
2019-06-28 07:30:00,119.72109985351562
2019-06-28 07:45:00,139.67469787597656
2019-06-28 08:00:00,154.0854949951172
2019-06-28 08:15:00,209.51199340820312
2019-06-28 08:30:00,270.4811096191406
2019-06-28 08:45:00,380.2254943847656
2019-06-28 09:00:00,386.8765869140625
2019-06-28 09:15:00,405.7215881347656
2019-06-28 09:30:00,387.9851989746094
2019-06-28 09:45:00,386.8765869140625
2019-06-28 10:00:00,411.2643127441406
2019-06-28 10:15:00,430.10931396484375
2019-06-28 10:30:00,433.434814453125
2019-06-28 10:45:00,424.5665893554688
2019-06-28 11:00:00,432.3262939453125
2019-06-28 11:15:00,422.349609375
2019-06-28 11:30:00,379.1169128417969
2019-06-28 11:45:00,370.2486877441406
2019-06-28 12:00:00,282.6748962402344
2019-06-28 12:15:00,217.27169799804688
2019-06-28 12:30:00,249.41900634765625
2019-06-28 12:45:00,307.0625
2019-06-28 13:00:00,361.3804931640625
2019-06-28 13:15:00,385.7680969238281
2019-06-28 13:30:00,381.3340148925781
2019-06-28 13:45:00,382.4425048828125
2019-06-28 14:00:00,386.8765869140625
2019-06-28 14:15:00,371.3572082519531
2019-06-28 14:30:00,389.09368896484375
2019-06-28 14:45:00,361.3804931640625
2019-06-28 15:00:00,370.2486877441406
2019-06-28 15:15:00,382.4425048828125
2019-06-28 15:30:00,393.5278015136719
2019-06-28 15:45:00,409.0472106933594
2019-06-28 16:00:00,411.2643127441406
2019-06-28 16:15:00,387.9851989746094
2019-06-28 16:30:00,378.0083923339844
2019-06-28 16:45:00,366.923095703125
2019-06-28 17:00:00,372.4657897949219
2019-06-28 17:15:00,312.6051940917969
2019-06-28 17:30:00,251.63609313964844
2019-06-28 17:45:00,243.8764038085937
2019-06-28 18:00:00,233.89959716796875
2019-06-28 18:15:00,203.96929931640625
2019-06-28 18:30:00,185.12429809570312
2019-06-28 18:45:00,198.4266967773437
2019-06-28 19:00:00,201.75230407714844
2019-06-28 19:15:00,177.36459350585938
2019-06-28 19:30:00,157.41110229492188
2019-06-28 19:45:00,139.67469787597656
2019-06-28 20:00:00,133.02349853515625
2019-06-28 20:15:00,134.1320037841797
2019-06-28 20:30:00,128.5894012451172
2019-06-28 20:45:00,135.24049377441406
2019-06-28 21:00:00,136.34910583496094
2019-06-28 21:15:00,133.02349853515625
2019-06-28 21:30:00,137.4575958251953
2019-06-28 21:45:00,120.82969665527344
2019-06-28 22:00:00,129.69790649414062
2019-06-28 22:15:00,135.24049377441406
2019-06-28 22:30:00,131.9149932861328
2019-06-28 22:45:00,134.1320037841797
2019-06-28 23:00:00,124.1552963256836
2019-06-28 23:15:00,87.57379913330078
2019-06-28 23:30:00,80.92259979248047
2019-06-28 23:45:00,85.35669708251953
2019-06-29 00:00:00,79.81410217285156
2019-06-29 00:15:00,69.8373031616211
2019-06-29 00:30:00,63.18619918823242
2019-06-29 00:45:00,58.75199890136719
2019-06-29 01:00:00,41.01559829711914
2019-06-29 01:15:00,36.58150100708008
2019-06-29 01:30:00,29.930299758911133
2019-06-29 01:45:00,22.17060089111328
2019-06-29 02:00:00,19.953500747680664
2019-06-29 02:15:00,12.19379997253418
2019-06-29 02:30:00,14.410900115966797
2019-06-29 02:45:00,13.302300453186035
2019-06-29 03:00:00,12.19379997253418
2019-06-29 03:15:00,13.302300453186035
2019-06-29 03:30:00,13.302300453186035
2019-06-29 03:45:00,13.302300453186035
2019-06-29 04:00:00,13.302300453186035
2019-06-29 04:15:00,9.976799964904783
2019-06-29 04:30:00,12.19379997253418
2019-06-29 04:45:00,11.08530044555664
2019-06-29 05:00:00,11.08530044555664
2019-06-29 05:15:00,9.976799964904783
2019-06-29 05:30:00,11.08530044555664
2019-06-29 05:45:00,11.08530044555664
2019-06-29 06:00:00,12.19379997253418
2019-06-29 06:15:00,13.302300453186035
2019-06-29 06:30:00,13.302300453186035
2019-06-29 06:45:00,13.302300453186035
2019-06-29 07:00:00,17.736499786376953
2019-06-29 07:15:00,17.736499786376953
2019-06-29 07:30:00,65.4031982421875
2019-06-29 07:45:00,115.28700256347656
2019-06-29 08:00:00,129.69790649414062
2019-06-29 08:15:00,157.41110229492188
2019-06-29 08:30:00,244.98489379882807
2019-06-29 08:45:00,167.6321561144133
2019-06-29 09:00:00,167.6321561144133
2019-06-29 09:15:00,167.6321561144133
2019-06-29 09:30:00,167.6321561144133
2019-06-29 09:45:00,167.6321561144133
2019-06-29 10:00:00,167.6321561144133
2019-06-29 10:15:00,167.6321561144133
2019-06-29 10:30:00,167.6321561144133
2019-06-29 10:45:00,167.6321561144133
2019-06-29 11:00:00,167.6321561144133
2019-06-29 11:15:00,167.6321561144133
2019-06-29 11:30:00,167.6321561144133
2019-06-29 11:45:00,167.6321561144133
2019-06-29 12:00:00,167.6321561144133
2019-06-29 12:15:00,167.6321561144133
2019-06-29 12:30:00,167.6321561144133
2019-06-29 12:45:00,167.6321561144133
2019-06-29 13:00:00,167.6321561144133
2019-06-29 13:15:00,167.6321561144133
2019-06-29 13:30:00,167.6321561144133
2019-06-29 13:45:00,167.6321561144133
2019-06-29 14:00:00,167.6321561144133
2019-06-29 14:15:00,167.6321561144133
2019-06-29 14:30:00,167.6321561144133
2019-06-29 14:45:00,167.6321561144133
2019-06-29 15:00:00,167.6321561144133
2019-06-29 15:15:00,167.6321561144133
2019-06-29 15:30:00,167.6321561144133
2019-06-29 15:45:00,167.6321561144133
2019-06-29 16:00:00,167.6321561144133
2019-06-29 16:15:00,167.6321561144133
2019-06-29 16:30:00,167.6321561144133
2019-06-29 16:45:00,167.6321561144133
2019-06-29 17:00:00,167.6321561144133
2019-06-29 17:15:00,167.6321561144133
2019-06-29 17:30:00,167.6321561144133
2019-06-29 17:45:00,167.6321561144133
2019-06-29 18:00:00,167.6321561144133
2019-06-29 18:15:00,167.6321561144133
2019-06-29 18:30:00,167.6321561144133
2019-06-29 18:45:00,167.6321561144133
2019-06-29 19:00:00,167.6321561144133
2019-06-29 19:15:00,167.6321561144133
2019-06-29 19:30:00,167.6321561144133
2019-06-29 19:45:00,167.6321561144133
2019-06-29 20:00:00,167.6321561144133
2019-06-29 20:15:00,167.6321561144133
2019-06-29 20:30:00,167.6321561144133
2019-06-29 20:45:00,167.6321561144133
2019-06-29 21:00:00,167.6321561144133
2019-06-29 21:15:00,97.55059814453124
2019-06-29 21:30:00,85.35669708251953
2019-06-29 21:45:00,74.27140045166016
2019-06-29 22:00:00,75.37999725341797
2019-06-29 22:15:00,73.16290283203125
2019-06-29 22:30:00,79.81410217285156
2019-06-29 22:45:00,79.81410217285156
2019-06-29 23:00:00,82.03109741210938
2019-06-29 23:15:00,79.81410217285156
2019-06-29 23:30:00,78.70559692382812
2019-06-29 23:45:00,73.16290283203125
2019-06-30 00:00:00,66.51170349121094
2019-06-30 00:15:00,60.96910095214844
2019-06-30 00:30:00,62.077598571777344
2019-06-30 00:45:00,48.775299072265625
2019-06-30 01:00:00,29.930299758911133
2019-06-30 01:15:00,28.8218002319336
2019-06-30 01:30:00,19.953500747680664
2019-06-30 01:45:00,14.410900115966797
2019-06-30 02:00:00,15.519399642944336
2019-06-30 02:15:00,15.519399642944336
2019-06-30 02:30:00,15.519399642944336
2019-06-30 02:45:00,14.410900115966797
2019-06-30 03:00:00,14.410900115966797
2019-06-30 03:15:00,13.302300453186035
2019-06-30 03:30:00,13.302300453186035
2019-06-30 03:45:00,15.519399642944336
2019-06-30 04:00:00,14.410900115966797
2019-06-30 04:15:00,14.410900115966797
2019-06-30 04:30:00,12.19379997253418
2019-06-30 04:45:00,12.19379997253418
2019-06-30 05:00:00,12.19379997253418
2019-06-30 05:15:00,12.19379997253418
2019-06-30 05:30:00,12.19379997253418
2019-06-30 05:45:00,11.08530044555664
2019-06-30 06:00:00,12.19379997253418
2019-06-30 06:15:00,15.519399642944336
2019-06-30 06:30:00,14.410900115966797
2019-06-30 06:45:00,13.302300453186035
2019-06-30 07:00:00,13.302300453186035
2019-06-30 07:15:00,31.038799285888672
2019-06-30 07:30:00,76.4885025024414
2019-06-30 07:45:00,106.4188003540039
2019-06-30 08:00:00,155.19410705566406
2019-06-30 08:15:00,228.35699462890625
2019-06-30 08:30:00,263.82989501953125
2019-06-30 08:45:00,288.2174987792969
2019-06-30 09:00:00,299.30279541015625
2019-06-30 09:15:00,298.1943054199219
2019-06-30 09:30:00,303.73699951171875
2019-06-30 09:45:00,284.8919982910156
2019-06-30 10:00:00,167.6321561144133
2019-06-30 10:15:00,167.6321561144133
2019-06-30 10:30:00,167.6321561144133
2019-06-30 10:45:00,167.6321561144133
2019-06-30 11:00:00,167.6321561144133
2019-06-30 11:15:00,167.6321561144133
2019-06-30 11:30:00,167.6321561144133
2019-06-30 11:45:00,167.6321561144133
2019-06-30 12:00:00,167.6321561144133
2019-06-30 12:15:00,167.6321561144133
2019-06-30 12:30:00,167.6321561144133
2019-06-30 12:45:00,167.6321561144133
2019-06-30 13:00:00,167.6321561144133
2019-06-30 13:15:00,167.6321561144133
2019-06-30 13:30:00,167.6321561144133
2019-06-30 13:45:00,167.6321561144133
2019-06-30 14:00:00,167.6321561144133
2019-06-30 14:15:00,167.6321561144133
2019-06-30 14:30:00,167.6321561144133
2019-06-30 14:45:00,167.6321561144133
2019-06-30 15:00:00,167.6321561144133
2019-06-30 15:15:00,167.6321561144133
2019-06-30 15:30:00,167.6321561144133
2019-06-30 15:45:00,167.6321561144133
2019-06-30 16:00:00,167.6321561144133
2019-06-30 16:15:00,167.6321561144133
2019-06-30 16:30:00,167.6321561144133
2019-06-30 16:45:00,167.6321561144133
2019-06-30 17:00:00,167.6321561144133
2019-06-30 17:15:00,167.6321561144133
2019-06-30 17:30:00,167.6321561144133
2019-06-30 17:45:00,167.6321561144133
2019-06-30 18:00:00,167.6321561144133
2019-06-30 18:15:00,167.6321561144133
2019-06-30 18:30:00,167.6321561144133
2019-06-30 18:45:00,167.6321561144133
2019-06-30 19:00:00,167.6321561144133
2019-06-30 19:15:00,167.6321561144133
2019-06-30 19:30:00,167.6321561144133
2019-06-30 19:45:00,167.6321561144133
2019-06-30 20:00:00,167.6321561144133
2019-06-30 20:15:00,167.6321561144133
2019-06-30 20:30:00,167.6321561144133
2019-06-30 20:45:00,167.6321561144133
2019-06-30 21:00:00,167.6321561144133
2019-06-30 21:15:00,167.6321561144133
2019-06-30 21:30:00,167.6321561144133
2019-06-30 21:45:00,167.6321561144133
2019-06-30 22:00:00,167.6321561144133
2019-06-30 22:15:00,167.6321561144133
2019-06-30 22:30:00,63.18619918823242
2019-06-30 22:45:00,59.860599517822266
2019-06-30 23:00:00,56.53499984741211
2019-06-30 23:15:00,52.10089874267578
2019-06-30 23:30:00,49.8838005065918
2019-06-30 23:45:00,39.90700149536133
2019-07-01 00:00:00,36.58150100708008
2019-07-01 00:15:00,19.953500747680664
2019-07-01 00:30:00,14.410900115966797
2019-07-01 00:45:00,14.410900115966797
2019-07-01 01:00:00,15.519399642944336
2019-07-01 01:15:00,13.302300453186035
2019-07-01 01:30:00,13.302300453186035
2019-07-01 01:45:00,13.302300453186035
2019-07-01 02:00:00,14.410900115966797
2019-07-01 02:15:00,13.302300453186035
2019-07-01 02:30:00,14.410900115966797
2019-07-01 02:45:00,14.410900115966797
2019-07-01 03:00:00,12.19379997253418
2019-07-01 03:15:00,14.410900115966797
2019-07-01 03:30:00,13.302300453186035
2019-07-01 03:45:00,13.302300453186035
2019-07-01 04:00:00,12.19379997253418
2019-07-01 04:15:00,13.302300453186035
2019-07-01 04:30:00,12.19379997253418
2019-07-01 04:45:00,12.19379997253418
2019-07-01 05:00:00,11.08530044555664
2019-07-01 05:15:00,12.19379997253418
2019-07-01 05:30:00,12.19379997253418
2019-07-01 05:45:00,13.302300453186035
2019-07-01 06:00:00,13.302300453186035
2019-07-01 06:15:00,16.627899169921875
2019-07-01 06:30:00,14.410900115966797
2019-07-01 06:45:00,12.19379997253418
2019-07-01 07:00:00,14.410900115966797
2019-07-01 07:15:00,101.98470306396484
2019-07-01 07:30:00,96.44200134277344
2019-07-01 07:45:00,111.9614028930664
2019-07-01 08:00:00,125.26380157470705
2019-07-01 08:15:00,162.95379638671875
2019-07-01 08:30:00,203.96929931640625
2019-07-01 08:45:00,262.7214050292969
2019-07-01 09:00:00,282.6748962402344
2019-07-01 09:15:00,287.1090087890625
2019-07-01 09:30:00,297.0857849121094
2019-07-01 09:45:00,302.6283874511719
2019-07-01 10:00:00,331.4501953125
2019-07-01 10:15:00,315.9307861328125
2019-07-01 10:30:00,321.473388671875
2019-07-01 10:45:00,343.6440124511719
2019-07-01 11:00:00,320.3648986816406
2019-07-01 11:15:00,314.8222045898437
2019-07-01 11:30:00,283.78338623046875
2019-07-01 11:45:00,309.27960205078125
2019-07-01 12:00:00,199.5352020263672
2019-07-01 12:15:00,131.9149932861328
2019-07-01 12:30:00,151.86849975585938
2019-07-01 12:45:00,242.7678985595703
2019-07-01 13:00:00,276.0237121582031
2019-07-01 13:15:00,283.78338623046875
2019-07-01 13:30:00,301.5198974609375
2019-07-01 13:45:00,303.73699951171875
2019-07-01 14:00:00,308.1711120605469
2019-07-01 14:15:00,291.5430908203125
2019-07-01 14:30:00,314.8222045898437
2019-07-01 14:45:00,305.9540100097656
2019-07-01 15:00:00,334.7757873535156
2019-07-01 15:15:00,321.473388671875
2019-07-01 15:30:00,320.3648986816406
2019-07-01 15:45:00,312.6051940917969
2019-07-01 16:00:00,312.6051940917969
2019-07-01 16:15:00,312.6051940917969
2019-07-01 16:30:00,294.86871337890625
2019-07-01 16:45:00,286.00048828125
2019-07-01 17:00:00,290.4346008300781
2019-07-01 17:15:00,231.6826019287109
2019-07-01 17:30:00,198.4266967773437
2019-07-01 17:45:00,137.4575958251953
2019-07-01 18:00:00,127.48079681396484
2019-07-01 18:15:00,105.310302734375
2019-07-01 18:30:00,93.11640167236328
2019-07-01 18:45:00,110.85289764404295
2019-07-01 19:00:00,134.1320037841797
2019-07-01 19:15:00,136.34910583496094
2019-07-01 19:30:00,131.9149932861328
2019-07-01 19:45:00,127.48079681396484
2019-07-01 20:00:00,120.82969665527344
2019-07-01 20:15:00,65.4031982421875
2019-07-01 20:30:00,55.42649841308594
2019-07-01 20:45:00,55.42649841308594
2019-07-01 21:00:00,66.51170349121094
2019-07-01 21:15:00,62.077598571777344
2019-07-01 21:30:00,62.077598571777344
2019-07-01 21:45:00,62.077598571777344
2019-07-01 22:00:00,66.51170349121094
2019-07-01 22:15:00,75.37999725341797
2019-07-01 22:30:00,54.317901611328125
2019-07-01 22:45:00,67.62030029296875
2019-07-01 23:00:00,60.96910095214844
2019-07-01 23:15:00,63.18619918823242
2019-07-01 23:30:00,56.53499984741211
2019-07-01 23:45:00,46.55820083618164
2019-07-02 00:00:00,22.17060089111328
2019-07-02 00:15:00,18.84499931335449
2019-07-02 00:30:00,21.06209945678711
2019-07-02 00:45:00,18.84499931335449
2019-07-02 01:00:00,17.736499786376953
2019-07-02 01:15:00,18.84499931335449
2019-07-02 01:30:00,17.736499786376953
2019-07-02 01:45:00,17.736499786376953
2019-07-02 02:00:00,18.84499931335449
2019-07-02 02:15:00,17.736499786376953
2019-07-02 02:30:00,16.627899169921875
2019-07-02 02:45:00,14.410900115966797
2019-07-02 03:00:00,13.302300453186035
2019-07-02 03:15:00,14.410900115966797
2019-07-02 03:30:00,14.410900115966797
2019-07-02 03:45:00,13.302300453186035
2019-07-02 04:00:00,13.302300453186035
2019-07-02 04:15:00,13.302300453186035
2019-07-02 04:30:00,13.302300453186035
2019-07-02 04:45:00,12.19379997253418
2019-07-02 05:00:00,12.19379997253418
2019-07-02 05:15:00,13.302300453186035
2019-07-02 05:30:00,11.08530044555664
2019-07-02 05:45:00,13.302300453186035
2019-07-02 06:00:00,15.519399642944336
2019-07-02 06:15:00,15.519399642944336
2019-07-02 06:30:00,15.519399642944336
2019-07-02 06:45:00,16.627899169921875
2019-07-02 07:00:00,15.519399642944336
2019-07-02 07:15:00,80.92259979248047
2019-07-02 07:30:00,133.02349853515625
2019-07-02 07:45:00,127.48079681396484
2019-07-02 08:00:00,127.48079681396484
2019-07-02 08:15:00,182.9073028564453
2019-07-02 08:30:00,284.8919982910156
2019-07-02 08:45:00,346.9696044921875
2019-07-02 09:00:00,374.6828002929688
2019-07-02 09:15:00,360.2719116210937
2019-07-02 09:30:00,372.4657897949219
2019-07-02 09:45:00,364.70599365234375
2019-07-02 10:00:00,349.1866149902344
2019-07-02 10:15:00,385.7680969238281
2019-07-02 10:30:00,390.20220947265625
2019-07-02 10:45:00,378.0083923339844
2019-07-02 11:00:00,386.8765869140625
2019-07-02 11:15:00,387.9851989746094
2019-07-02 11:30:00,376.89990234375
2019-07-02 11:45:00,360.2719116210937
2019-07-02 12:00:00,304.8454895019531
2019-07-02 12:15:00,198.4266967773437
2019-07-02 12:30:00,191.77549743652344
2019-07-02 12:45:00,205.0778961181641
2019-07-02 13:00:00,294.86871337890625
2019-07-02 13:15:00,378.0083923339844
2019-07-02 13:30:00,385.7680969238281
2019-07-02 13:45:00,375.7912902832031
2019-07-02 14:00:00,369.1401977539063
2019-07-02 14:15:00,387.9851989746094
2019-07-02 14:30:00,368.0315856933594
2019-07-02 14:45:00,343.6440124511719
2019-07-02 15:00:00,363.5975036621094
2019-07-02 15:15:00,396.8533935546875
2019-07-02 15:30:00,393.5278015136719
2019-07-02 15:45:00,384.65960693359375
2019-07-02 16:00:00,383.5509948730469
2019-07-02 16:15:00,381.3340148925781
2019-07-02 16:30:00,380.2254943847656
2019-07-02 16:45:00,365.8146057128906
2019-07-02 17:00:00,351.4036865234375
2019-07-02 17:15:00,317.039306640625
2019-07-02 17:30:00,278.2408142089844
2019-07-02 17:45:00,179.58169555664062
2019-07-02 18:00:00,174.03909301757812
2019-07-02 18:15:00,192.88409423828125
2019-07-02 18:30:00,175.14759826660156
2019-07-02 18:45:00,192.88409423828125
2019-07-02 19:00:00,174.03909301757812
2019-07-02 19:15:00,140.783203125
2019-07-02 19:30:00,144.10879516601562
2019-07-02 19:45:00,145.21730041503906
2019-07-02 20:00:00,134.1320037841797
2019-07-02 20:15:00,123.04669952392578
2019-07-02 20:30:00,119.72109985351562
2019-07-02 20:45:00,126.37229919433594
2019-07-02 21:00:00,110.85289764404295
2019-07-02 21:15:00,108.63580322265624
2019-07-02 21:30:00,107.5272979736328
2019-07-02 21:45:00,115.28700256347656
2019-07-02 22:00:00,128.5894012451172
2019-07-02 22:15:00,128.5894012451172
2019-07-02 22:30:00,129.69790649414062
2019-07-02 22:45:00,124.1552963256836
2019-07-02 23:00:00,121.93820190429688
2019-07-02 23:15:00,120.82969665527344
2019-07-02 23:30:00,119.72109985351562
2019-07-02 23:45:00,98.65910339355467
2019-07-03 00:00:00,73.16290283203125
2019-07-03 00:15:00,69.8373031616211
2019-07-03 00:30:00,65.4031982421875
2019-07-03 00:45:00,59.860599517822266
2019-07-03 01:00:00,55.42649841308594
2019-07-03 01:15:00,34.36439895629883
2019-07-03 01:30:00,28.8218002319336
2019-07-03 01:45:00,17.736499786376953
2019-07-03 02:00:00,15.519399642944336
2019-07-03 02:15:00,17.736499786376953
2019-07-03 02:30:00,15.519399642944336
2019-07-03 02:45:00,13.302300453186035
2019-07-03 03:00:00,13.302300453186035
2019-07-03 03:15:00,13.302300453186035
2019-07-03 03:30:00,12.19379997253418
2019-07-03 03:45:00,13.302300453186035
2019-07-03 04:00:00,13.302300453186035
2019-07-03 04:15:00,12.19379997253418
2019-07-03 04:30:00,12.19379997253418
2019-07-03 04:45:00,11.08530044555664
2019-07-03 05:00:00,12.19379997253418
2019-07-03 05:15:00,11.08530044555664
2019-07-03 05:30:00,11.08530044555664
2019-07-03 05:45:00,9.976799964904783
2019-07-03 06:00:00,12.19379997253418
2019-07-03 06:15:00,13.302300453186035
2019-07-03 06:30:00,13.302300453186035
2019-07-03 06:45:00,13.302300453186035
2019-07-03 07:00:00,13.302300453186035
2019-07-03 07:15:00,84.24819946289062
2019-07-03 07:30:00,79.81410217285156
2019-07-03 07:45:00,57.64350128173828
2019-07-03 08:00:00,67.62030029296875
2019-07-03 08:15:00,131.9149932861328
2019-07-03 08:30:00,203.96929931640625
2019-07-03 08:45:00,267.1554870605469
2019-07-03 09:00:00,295.9772033691406
2019-07-03 09:15:00,324.79901123046875
2019-07-03 09:30:00,335.8843078613281
2019-07-03 09:45:00,323.69049072265625
2019-07-03 10:00:00,320.3648986816406
2019-07-03 10:15:00,329.23309326171875
2019-07-03 10:30:00,331.4501953125
2019-07-03 10:45:00,331.4501953125
2019-07-03 11:00:00,340.3183898925781
2019-07-03 11:15:00,327.01611328125
2019-07-03 11:30:00,331.4501953125
2019-07-03 11:45:00,286.00048828125
2019-07-03 12:00:00,244.98489379882807
2019-07-03 12:15:00,231.6826019287109
2019-07-03 12:30:00,235.00819396972656
2019-07-03 12:45:00,281.56640625
2019-07-03 13:00:00,302.6283874511719
2019-07-03 13:15:00,293.7601928710937
2019-07-03 13:30:00,279.34930419921875
2019-07-03 13:45:00,298.1943054199219
2019-07-03 14:00:00,302.6283874511719
2019-07-03 14:15:00,303.73699951171875
2019-07-03 14:30:00,297.0857849121094
2019-07-03 14:45:00,311.4967041015625
2019-07-03 15:00:00,315.9307861328125
2019-07-03 15:15:00,335.8843078613281
2019-07-03 15:30:00,167.6321561144133
2019-07-03 15:45:00,167.6321561144133
2019-07-03 16:00:00,167.6321561144133
2019-07-03 16:15:00,167.6321561144133
2019-07-03 16:30:00,167.6321561144133
2019-07-03 16:45:00,167.6321561144133
2019-07-03 17:00:00,167.6321561144133
2019-07-03 17:15:00,167.6321561144133
2019-07-03 17:30:00,167.6321561144133
2019-07-03 17:45:00,167.6321561144133
2019-07-03 18:00:00,167.6321561144133
2019-07-03 18:15:00,167.6321561144133
2019-07-03 18:30:00,167.6321561144133
2019-07-03 18:45:00,167.6321561144133
2019-07-03 19:00:00,167.6321561144133
2019-07-03 19:15:00,167.6321561144133
2019-07-03 19:30:00,167.6321561144133
2019-07-03 19:45:00,167.6321561144133
2019-07-03 20:00:00,167.6321561144133
2019-07-03 20:15:00,167.6321561144133
2019-07-03 20:30:00,167.6321561144133
2019-07-03 20:45:00,167.6321561144133
2019-07-03 21:00:00,167.6321561144133
2019-07-03 21:15:00,167.6321561144133
2019-07-03 21:30:00,167.6321561144133
2019-07-03 21:45:00,167.6321561144133
2019-07-03 22:00:00,167.6321561144133
2019-07-03 22:15:00,167.6321561144133
2019-07-03 22:30:00,167.6321561144133
2019-07-03 22:45:00,167.6321561144133
2019-07-03 23:00:00,167.6321561144133
2019-07-03 23:15:00,167.6321561144133
2019-07-03 23:30:00,167.6321561144133
2019-07-03 23:45:00,167.6321561144133
2019-07-04 00:00:00,167.6321561144133
2019-07-04 00:15:00,167.6321561144133
2019-07-04 00:30:00,167.6321561144133
2019-07-04 00:45:00,167.6321561144133
2019-07-04 01:00:00,167.6321561144133
2019-07-04 01:15:00,167.6321561144133
2019-07-04 01:30:00,167.6321561144133
2019-07-04 01:45:00,167.6321561144133
2019-07-04 02:00:00,167.6321561144133
2019-07-04 02:15:00,167.6321561144133
2019-07-04 02:30:00,167.6321561144133
2019-07-04 02:45:00,167.6321561144133
2019-07-04 03:00:00,167.6321561144133
2019-07-04 03:15:00,167.6321561144133
2019-07-04 03:30:00,167.6321561144133
2019-07-04 03:45:00,167.6321561144133
2019-07-04 04:00:00,8.868200302124023
2019-07-04 04:15:00,9.976799964904783
2019-07-04 04:30:00,9.976799964904783
2019-07-04 04:45:00,8.868200302124023
2019-07-04 05:00:00,8.868200302124023
2019-07-04 05:15:00,8.868200302124023
2019-07-04 05:30:00,8.868200302124023
2019-07-04 05:45:00,11.08530044555664
2019-07-04 06:00:00,9.976799964904783
2019-07-04 06:15:00,9.976799964904783
2019-07-04 06:30:00,9.976799964904783
2019-07-04 06:45:00,14.410900115966797
2019-07-04 07:00:00,14.410900115966797
2019-07-04 07:15:00,75.37999725341797
2019-07-04 07:30:00,86.46530151367188
2019-07-04 07:45:00,90.89939880371094
2019-07-04 08:00:00,127.48079681396484
2019-07-04 08:15:00,192.88409423828125
2019-07-04 08:30:00,238.3336944580078
2019-07-04 08:45:00,288.2174987792969
2019-07-04 09:00:00,323.69049072265625
2019-07-04 09:15:00,355.8377990722656
2019-07-04 09:30:00,359.16339111328125
2019-07-04 09:45:00,366.923095703125
2019-07-04 10:00:00,374.6828002929688
2019-07-04 10:15:00,381.3340148925781
2019-07-04 10:30:00,363.5975036621094
2019-07-04 10:45:00,339.2098999023437
2019-07-04 11:00:00,345.8611145019531
2019-07-04 11:15:00,338.1014099121094
2019-07-04 11:30:00,328.1246032714844
2019-07-04 11:45:00,295.9772033691406
2019-07-04 12:00:00,213.94610595703125
2019-07-04 12:15:00,191.77549743652344
2019-07-04 12:30:00,198.4266967773437
2019-07-04 12:45:00,282.6748962402344
2019-07-04 13:00:00,313.7137145996094
2019-07-04 13:15:00,346.9696044921875
2019-07-04 13:30:00,344.75250244140625
2019-07-04 13:45:00,350.2951965332031
2019-07-04 14:00:00,346.9696044921875
2019-07-04 14:15:00,335.8843078613281
2019-07-04 14:30:00,304.8454895019531
2019-07-04 14:45:00,310.3880920410156
2019-07-04 15:00:00,297.0857849121094
2019-07-04 15:15:00,321.473388671875
2019-07-04 15:30:00,329.23309326171875
2019-07-04 15:45:00,354.72930908203125
2019-07-04 16:00:00,368.0315856933594
2019-07-04 16:15:00,360.2719116210937
2019-07-04 16:30:00,371.3572082519531
2019-07-04 16:45:00,355.8377990722656
2019-07-04 17:00:00,349.1866149902344
2019-07-04 17:15:00,331.4501953125
2019-07-04 17:30:00,290.4346008300781
2019-07-04 17:45:00,208.40350341796875
2019-07-04 18:00:00,192.88409423828125
2019-07-04 18:15:00,165.17080688476562
2019-07-04 18:30:00,164.0623016357422
2019-07-04 18:45:00,166.27940368652344
2019-07-04 19:00:00,168.49639892578125
2019-07-04 19:15:00,152.9770050048828
2019-07-04 19:30:00,147.4344024658203
2019-07-04 19:45:00,139.67469787597656
2019-07-04 20:00:00,149.65139770507812
2019-07-04 20:15:00,125.26380157470705
2019-07-04 20:30:00,114.17849731445312
2019-07-04 20:45:00,111.9614028930664
2019-07-04 21:00:00,107.5272979736328
2019-07-04 21:15:00,109.74440002441406
2019-07-04 21:30:00,117.50409698486328
2019-07-04 21:45:00,118.61260223388672
2019-07-04 22:00:00,115.28700256347656
2019-07-04 22:15:00,115.28700256347656
2019-07-04 22:30:00,115.28700256347656
2019-07-04 22:45:00,116.39550018310548
2019-07-04 23:00:00,115.28700256347656
2019-07-04 23:15:00,111.9614028930664
2019-07-04 23:30:00,76.4885025024414
2019-07-04 23:45:00,72.05439758300781
2019-07-05 00:00:00,73.16290283203125
2019-07-05 00:15:00,66.51170349121094
2019-07-05 00:30:00,63.18619918823242
2019-07-05 00:45:00,52.10089874267578
2019-07-05 01:00:00,37.68999862670898
2019-07-05 01:15:00,31.038799285888672
2019-07-05 01:30:00,25.49620056152344
2019-07-05 01:45:00,15.519399642944336
2019-07-05 02:00:00,16.627899169921875
2019-07-05 02:15:00,16.627899169921875
2019-07-05 02:30:00,15.519399642944336
2019-07-05 02:45:00,12.19379997253418
2019-07-05 03:00:00,11.08530044555664
2019-07-05 03:15:00,12.19379997253418
2019-07-05 03:30:00,12.19379997253418
2019-07-05 03:45:00,11.08530044555664
2019-07-05 04:00:00,11.08530044555664
2019-07-05 04:15:00,12.19379997253418
2019-07-05 04:30:00,9.976799964904783
2019-07-05 04:45:00,11.08530044555664
2019-07-05 05:00:00,9.976799964904783
2019-07-05 05:15:00,9.976799964904783
2019-07-05 05:30:00,9.976799964904783
2019-07-05 05:45:00,12.19379997253418
2019-07-05 06:00:00,12.19379997253418
2019-07-05 06:15:00,11.08530044555664
2019-07-05 06:30:00,16.627899169921875
2019-07-05 06:45:00,15.519399642944336
2019-07-05 07:00:00,15.519399642944336
2019-07-05 07:15:00,96.44200134277344
2019-07-05 07:30:00,125.26380157470705
2019-07-05 07:45:00,145.21730041503906
2019-07-05 08:00:00,177.36459350585938
2019-07-05 08:15:00,226.139892578125
2019-07-05 08:30:00,278.2408142089844
2019-07-05 08:45:00,369.1401977539063
2019-07-05 09:00:00,373.5743103027344
2019-07-05 09:15:00,389.09368896484375
2019-07-05 09:30:00,404.6130981445313
2019-07-05 09:45:00,407.9386901855469
2019-07-05 10:00:00,407.9386901855469
2019-07-05 10:15:00,430.10931396484375
2019-07-05 10:30:00,419.0239868164063
2019-07-05 10:45:00,399.0704040527344
2019-07-05 11:00:00,396.8533935546875
2019-07-05 11:15:00,395.7449035644531
2019-07-05 11:30:00,400.1789855957031
2019-07-05 11:45:00,392.4193115234375
2019-07-05 12:00:00,332.5586853027344
2019-07-05 12:15:00,229.4654998779297
2019-07-05 12:30:00,211.72900390625
2019-07-05 12:45:00,320.3648986816406
2019-07-05 13:00:00,360.2719116210937
2019-07-05 13:15:00,406.8302001953125
2019-07-05 13:30:00,402.39599609375
2019-07-05 13:45:00,379.1169128417969
2019-07-05 14:00:00,394.6362915039063
2019-07-05 14:15:00,393.5278015136719
2019-07-05 14:30:00,396.8533935546875
2019-07-05 14:45:00,407.9386901855469
2019-07-05 15:00:00,404.6130981445313
2019-07-05 15:15:00,389.09368896484375
2019-07-05 15:30:00,375.7912902832031
2019-07-05 15:45:00,419.0239868164063
2019-07-05 16:00:00,397.9619140625
2019-07-05 16:15:00,376.89990234375
2019-07-05 16:30:00,383.5509948730469
2019-07-05 16:45:00,380.2254943847656
2019-07-05 17:00:00,363.5975036621094
2019-07-05 17:15:00,359.16339111328125
2019-07-05 17:30:00,342.5354919433594
2019-07-05 17:45:00,260.5043029785156
2019-07-05 18:00:00,233.89959716796875
2019-07-05 18:15:00,228.35699462890625
2019-07-05 18:30:00,197.3182067871093
2019-07-05 18:45:00,167.3878936767578
2019-07-05 19:00:00,151.86849975585938
2019-07-05 19:15:00,145.21730041503906
2019-07-05 19:30:00,128.5894012451172
2019-07-05 19:45:00,115.28700256347656
2019-07-05 20:00:00,121.93820190429688
2019-07-05 20:15:00,104.20169830322266
2019-07-05 20:30:00,108.63580322265624
2019-07-05 20:45:00,106.4188003540039
2019-07-05 21:00:00,99.7676010131836
2019-07-05 21:15:00,107.5272979736328
2019-07-05 21:30:00,98.65910339355467
2019-07-05 21:45:00,99.7676010131836
2019-07-05 22:00:00,107.5272979736328
2019-07-05 22:15:00,108.63580322265624
2019-07-05 22:30:00,107.5272979736328
2019-07-05 22:45:00,104.20169830322266
2019-07-05 23:00:00,105.310302734375
2019-07-05 23:15:00,105.310302734375
2019-07-05 23:30:00,75.37999725341797
2019-07-05 23:45:00,65.4031982421875
2019-07-06 00:00:00,60.96910095214844
2019-07-06 00:15:00,60.96910095214844
2019-07-06 00:30:00,55.42649841308594
2019-07-06 00:45:00,48.775299072265625
2019-07-06 01:00:00,49.8838005065918
2019-07-06 01:15:00,29.930299758911133
2019-07-06 01:30:00,18.84499931335449
2019-07-06 01:45:00,14.410900115966797
2019-07-06 02:00:00,15.519399642944336
2019-07-06 02:15:00,12.19379997253418
2019-07-06 02:30:00,9.976799964904783
2019-07-06 02:45:00,12.19379997253418
2019-07-06 03:00:00,9.976799964904783
2019-07-06 03:15:00,9.976799964904783
2019-07-06 03:30:00,11.08530044555664
2019-07-06 03:45:00,11.08530044555664
2019-07-06 04:00:00,8.868200302124023
2019-07-06 04:15:00,9.976799964904783
2019-07-06 04:30:00,9.976799964904783
2019-07-06 04:45:00,9.976799964904783
2019-07-06 05:00:00,9.976799964904783
2019-07-06 05:15:00,8.868200302124023
2019-07-06 05:30:00,9.976799964904783
2019-07-06 05:45:00,9.976799964904783
2019-07-06 06:00:00,11.08530044555664
2019-07-06 06:15:00,13.302300453186035
2019-07-06 06:30:00,12.19379997253418
2019-07-06 06:45:00,13.302300453186035
2019-07-06 07:00:00,12.19379997253418
2019-07-06 07:15:00,11.08530044555664
2019-07-06 07:30:00,38.79850006103516
2019-07-06 07:45:00,101.98470306396484
2019-07-06 08:00:00,125.26380157470705
2019-07-06 08:15:00,175.14759826660156
2019-07-06 08:30:00,249.41900634765625
2019-07-06 08:45:00,270.4811096191406
2019-07-06 09:00:00,287.1090087890625
2019-07-06 09:15:00,291.5430908203125
2019-07-06 09:30:00,325.9075012207031
2019-07-06 09:45:00,334.7757873535156
2019-07-06 10:00:00,321.473388671875
2019-07-06 10:15:00,329.23309326171875
2019-07-06 10:30:00,332.5586853027344
2019-07-06 10:45:00,292.6517028808594
2019-07-06 11:00:00,289.3261108398437
2019-07-06 11:15:00,313.7137145996094
2019-07-06 11:30:00,317.039306640625
2019-07-06 11:45:00,313.7137145996094
2019-07-06 12:00:00,238.3336944580078
2019-07-06 12:15:00,171.82200622558594
2019-07-06 12:30:00,179.58169555664062
2019-07-06 12:45:00,230.57400512695312
2019-07-06 13:00:00,266.0469970703125
2019-07-06 13:15:00,270.4811096191406
2019-07-06 13:30:00,300.4114074707031
2019-07-06 13:45:00,282.6748962402344
2019-07-06 14:00:00,293.7601928710937
2019-07-06 14:15:00,289.3261108398437
2019-07-06 14:30:00,287.1090087890625
2019-07-06 14:45:00,304.8454895019531
2019-07-06 15:00:00,293.7601928710937
2019-07-06 15:15:00,281.56640625
2019-07-06 15:30:00,303.73699951171875
2019-07-06 15:45:00,309.27960205078125
2019-07-06 16:00:00,315.9307861328125
2019-07-06 16:15:00,325.9075012207031
2019-07-06 16:30:00,319.25640869140625
2019-07-06 16:45:00,324.79901123046875
2019-07-06 17:00:00,290.4346008300781
2019-07-06 17:15:00,260.5043029785156
2019-07-06 17:30:00,237.22520446777344
2019-07-06 17:45:00,161.84519958496094
2019-07-06 18:00:00,111.9614028930664
2019-07-06 18:15:00,101.98470306396484
2019-07-06 18:30:00,69.8373031616211
2019-07-06 18:45:00,73.16290283203125
2019-07-06 19:00:00,72.05439758300781
2019-07-06 19:15:00,72.05439758300781
2019-07-06 19:30:00,75.37999725341797
2019-07-06 19:45:00,75.37999725341797
2019-07-06 20:00:00,75.37999725341797
2019-07-06 20:15:00,73.16290283203125
2019-07-06 20:30:00,73.16290283203125
2019-07-06 20:45:00,72.05439758300781
2019-07-06 21:00:00,74.27140045166016
2019-07-06 21:15:00,75.37999725341797
2019-07-06 21:30:00,70.9458999633789
2019-07-06 21:45:00,70.9458999633789
2019-07-06 22:00:00,70.9458999633789
2019-07-06 22:15:00,70.9458999633789
2019-07-06 22:30:00,70.9458999633789
2019-07-06 22:45:00,70.9458999633789
2019-07-06 23:00:00,66.51170349121094
2019-07-06 23:15:00,66.51170349121094
2019-07-06 23:30:00,72.05439758300781
2019-07-06 23:45:00,70.9458999633789
2019-07-07 00:00:00,66.51170349121094
2019-07-07 00:15:00,65.4031982421875
2019-07-07 00:30:00,57.64350128173828
2019-07-07 00:45:00,53.20940017700195
2019-07-07 01:00:00,49.8838005065918
2019-07-07 01:15:00,28.8218002319336
2019-07-07 01:30:00,13.302300453186035
2019-07-07 01:45:00,13.302300453186035
2019-07-07 02:00:00,13.302300453186035
2019-07-07 02:15:00,11.08530044555664
2019-07-07 02:30:00,12.19379997253418
2019-07-07 02:45:00,12.19379997253418
2019-07-07 03:00:00,11.08530044555664
2019-07-07 03:15:00,12.19379997253418
2019-07-07 03:30:00,9.976799964904783
2019-07-07 03:45:00,12.19379997253418
2019-07-07 04:00:00,11.08530044555664
2019-07-07 04:15:00,14.410900115966797
2019-07-07 04:30:00,9.976799964904783
2019-07-07 04:45:00,11.08530044555664
2019-07-07 05:00:00,11.08530044555664
2019-07-07 05:15:00,11.08530044555664
2019-07-07 05:30:00,11.08530044555664
2019-07-07 05:45:00,8.868200302124023
2019-07-07 06:00:00,13.302300453186035
2019-07-07 06:15:00,13.302300453186035
2019-07-07 06:30:00,15.519399642944336
2019-07-07 06:45:00,11.08530044555664
2019-07-07 07:00:00,14.410900115966797
2019-07-07 07:15:00,17.736499786376953
2019-07-07 07:30:00,60.96910095214844
2019-07-07 07:45:00,114.17849731445312
2019-07-07 08:00:00,147.4344024658203
2019-07-07 08:15:00,195.10110473632807
2019-07-07 08:30:00,288.2174987792969
2019-07-07 08:45:00,300.4114074707031
2019-07-07 09:00:00,308.1711120605469
2019-07-07 09:15:00,330.34161376953125
2019-07-07 09:30:00,330.34161376953125
2019-07-07 09:45:00,304.8454895019531
2019-07-07 10:00:00,334.7757873535156
2019-07-07 10:15:00,348.0780944824219
2019-07-07 10:30:00,332.5586853027344
2019-07-07 10:45:00,324.79901123046875
2019-07-07 11:00:00,331.4501953125
2019-07-07 11:15:00,331.4501953125
2019-07-07 11:30:00,312.6051940917969
2019-07-07 11:45:00,299.30279541015625
2019-07-07 12:00:00,232.7911071777344
2019-07-07 12:15:00,154.0854949951172
2019-07-07 12:30:00,172.9304962158203
2019-07-07 12:45:00,243.8764038085937
2019-07-07 13:00:00,278.2408142089844
2019-07-07 13:15:00,302.6283874511719
2019-07-07 13:30:00,298.1943054199219
2019-07-07 13:45:00,311.4967041015625
2019-07-07 14:00:00,290.4346008300781
2019-07-07 14:15:00,297.0857849121094
2019-07-07 14:30:00,287.1090087890625
2019-07-07 14:45:00,321.473388671875
2019-07-07 15:00:00,312.6051940917969
2019-07-07 15:15:00,308.1711120605469
2019-07-07 15:30:00,315.9307861328125
2019-07-07 15:45:00,321.473388671875
2019-07-07 16:00:00,323.69049072265625
2019-07-07 16:15:00,327.01611328125
2019-07-07 16:30:00,324.79901123046875
2019-07-07 16:45:00,311.4967041015625
2019-07-07 17:00:00,295.9772033691406
2019-07-07 17:15:00,264.9383850097656
2019-07-07 17:30:00,258.28729248046875
2019-07-07 17:45:00,221.705795288086
2019-07-07 18:00:00,177.36459350585938
2019-07-07 18:15:00,108.63580322265624
2019-07-07 18:30:00,99.7676010131836
2019-07-07 18:45:00,124.1552963256836
2019-07-07 19:00:00,135.24049377441406
2019-07-07 19:15:00,140.783203125
2019-07-07 19:30:00,143.0001983642578
2019-07-07 19:45:00,141.89169311523438
2019-07-07 20:00:00,140.783203125
2019-07-07 20:15:00,144.10879516601562
2019-07-07 20:30:00,125.26380157470705
2019-07-07 20:45:00,88.68229675292969
2019-07-07 21:00:00,75.37999725341797
2019-07-07 21:15:00,73.16290283203125
2019-07-07 21:30:00,72.05439758300781
2019-07-07 21:45:00,75.37999725341797
2019-07-07 22:00:00,72.05439758300781
2019-07-07 22:15:00,69.8373031616211
2019-07-07 22:30:00,65.4031982421875
2019-07-07 22:45:00,66.51170349121094
2019-07-07 23:00:00,73.16290283203125
2019-07-07 23:15:00,75.37999725341797
2019-07-07 23:30:00,75.37999725341797
2019-07-07 23:45:00,78.70559692382812
2019-07-08 00:00:00,73.16290283203125
2019-07-08 00:15:00,67.62030029296875
2019-07-08 00:30:00,59.860599517822266
2019-07-08 00:45:00,50.9922981262207
2019-07-08 01:00:00,42.12409973144531
2019-07-08 01:15:00,26.604700088500977
2019-07-08 01:30:00,22.17060089111328
2019-07-08 01:45:00,13.302300453186035
2019-07-08 02:00:00,13.302300453186035
2019-07-08 02:15:00,11.08530044555664
2019-07-08 02:30:00,12.19379997253418
2019-07-08 02:45:00,12.19379997253418
2019-07-08 03:00:00,13.302300453186035
2019-07-08 03:15:00,12.19379997253418
2019-07-08 03:30:00,11.08530044555664
2019-07-08 03:45:00,12.19379997253418
2019-07-08 04:00:00,11.08530044555664
2019-07-08 04:15:00,11.08530044555664
2019-07-08 04:30:00,11.08530044555664
2019-07-08 04:45:00,11.08530044555664
2019-07-08 05:00:00,11.08530044555664
2019-07-08 05:15:00,11.08530044555664
2019-07-08 05:30:00,13.302300453186035
2019-07-08 05:45:00,9.976799964904783
2019-07-08 06:00:00,12.19379997253418
2019-07-08 06:15:00,14.410900115966797
2019-07-08 06:30:00,14.410900115966797
2019-07-08 06:45:00,15.519399642944336
2019-07-08 07:00:00,16.627899169921875
2019-07-08 07:15:00,16.627899169921875
2019-07-08 07:30:00,63.18619918823242
2019-07-08 07:45:00,97.55059814453124
2019-07-08 08:00:00,148.5428924560547
2019-07-08 08:15:00,197.3182067871093
2019-07-08 08:30:00,236.11669921875
2019-07-08 08:45:00,271.589599609375
2019-07-08 09:00:00,277.1322937011719
2019-07-08 09:15:00,271.589599609375
2019-07-08 09:30:00,268.2640075683594
2019-07-08 09:45:00,301.5198974609375
2019-07-08 10:00:00,309.27960205078125
2019-07-08 10:15:00,291.5430908203125
2019-07-08 10:30:00,298.1943054199219
2019-07-08 10:45:00,291.5430908203125
2019-07-08 11:00:00,167.6321561144133
2019-07-08 11:15:00,167.6321561144133
2019-07-08 11:30:00,167.6321561144133
2019-07-08 11:45:00,167.6321561144133
2019-07-08 12:00:00,167.6321561144133
2019-07-08 12:15:00,167.6321561144133
2019-07-08 12:30:00,167.6321561144133
2019-07-08 12:45:00,167.6321561144133
2019-07-08 13:00:00,167.6321561144133
2019-07-08 13:15:00,167.6321561144133
2019-07-08 13:30:00,167.6321561144133
2019-07-08 13:45:00,167.6321561144133
2019-07-08 14:00:00,167.6321561144133
2019-07-08 14:15:00,167.6321561144133
2019-07-08 14:30:00,167.6321561144133
2019-07-08 14:45:00,167.6321561144133
2019-07-08 15:00:00,167.6321561144133
2019-07-08 15:15:00,167.6321561144133
2019-07-08 15:30:00,167.6321561144133
2019-07-08 15:45:00,167.6321561144133
2019-07-08 16:00:00,167.6321561144133
2019-07-08 16:15:00,167.6321561144133
2019-07-08 16:30:00,167.6321561144133
2019-07-08 16:45:00,167.6321561144133
2019-07-08 17:00:00,167.6321561144133
2019-07-08 17:15:00,167.6321561144133
2019-07-08 17:30:00,167.6321561144133
2019-07-08 17:45:00,167.6321561144133
2019-07-08 18:00:00,167.6321561144133
2019-07-08 18:15:00,167.6321561144133
2019-07-08 18:30:00,167.6321561144133
2019-07-08 18:45:00,167.6321561144133
2019-07-08 19:00:00,167.6321561144133
2019-07-08 19:15:00,167.6321561144133
2019-07-08 19:30:00,167.6321561144133
2019-07-08 19:45:00,167.6321561144133
2019-07-08 20:00:00,167.6321561144133
2019-07-08 20:15:00,167.6321561144133
2019-07-08 20:30:00,167.6321561144133
2019-07-08 20:45:00,167.6321561144133
2019-07-08 21:00:00,167.6321561144133
2019-07-08 21:15:00,167.6321561144133
2019-07-08 21:30:00,167.6321561144133
2019-07-08 21:45:00,167.6321561144133
2019-07-08 22:00:00,167.6321561144133
2019-07-08 22:15:00,167.6321561144133
2019-07-08 22:30:00,167.6321561144133
2019-07-08 22:45:00,167.6321561144133
2019-07-08 23:00:00,167.6321561144133
2019-07-08 23:15:00,167.6321561144133
2019-07-08 23:30:00,68.72879791259766
2019-07-08 23:45:00,68.72879791259766
2019-07-09 00:00:00,64.2947006225586
2019-07-09 00:15:00,59.860599517822266
2019-07-09 00:30:00,60.96910095214844
2019-07-09 00:45:00,53.20940017700195
2019-07-09 01:00:00,48.775299072265625
2019-07-09 01:15:00,27.71319961547852
2019-07-09 01:30:00,26.604700088500977
2019-07-09 01:45:00,19.953500747680664
2019-07-09 02:00:00,13.302300453186035
2019-07-09 02:15:00,13.302300453186035
2019-07-09 02:30:00,13.302300453186035
2019-07-09 02:45:00,13.302300453186035
2019-07-09 03:00:00,13.302300453186035
2019-07-09 03:15:00,14.410900115966797
2019-07-09 03:30:00,12.19379997253418
2019-07-09 03:45:00,13.302300453186035
2019-07-09 04:00:00,13.302300453186035
2019-07-09 04:15:00,13.302300453186035
2019-07-09 04:30:00,13.302300453186035
2019-07-09 04:45:00,12.19379997253418
2019-07-09 05:00:00,14.410900115966797
2019-07-09 05:15:00,13.302300453186035
2019-07-09 05:30:00,12.19379997253418
2019-07-09 05:45:00,13.302300453186035
2019-07-09 06:00:00,15.519399642944336
2019-07-09 06:15:00,16.627899169921875
2019-07-09 06:30:00,14.410900115966797
2019-07-09 06:45:00,14.410900115966797
2019-07-09 07:00:00,15.519399642944336
2019-07-09 07:15:00,85.35669708251953
2019-07-09 07:30:00,137.4575958251953
2019-07-09 07:45:00,181.79879760742188
2019-07-09 08:00:00,179.58169555664062
2019-07-09 08:15:00,226.139892578125
2019-07-09 08:30:00,294.86871337890625
2019-07-09 08:45:00,315.9307861328125
2019-07-09 09:00:00,331.4501953125
2019-07-09 09:15:00,353.62078857421875
2019-07-09 09:30:00,376.89990234375
2019-07-09 09:45:00,389.09368896484375
2019-07-09 10:00:00,392.4193115234375
2019-07-09 10:15:00,406.8302001953125
2019-07-09 10:30:00,399.0704040527344
2019-07-09 10:45:00,400.1789855957031
2019-07-09 11:00:00,375.7912902832031
2019-07-09 11:15:00,369.1401977539063
2019-07-09 11:30:00,364.70599365234375
2019-07-09 11:45:00,359.16339111328125
2019-07-09 12:00:00,277.1322937011719
2019-07-09 12:15:00,196.2095947265625
2019-07-09 12:30:00,226.139892578125
2019-07-09 12:45:00,304.8454895019531
2019-07-09 13:00:00,401.2875061035156
2019-07-09 13:15:00,373.5743103027344
2019-07-09 13:30:00,330.34161376953125
2019-07-09 13:45:00,361.3804931640625
2019-07-09 14:00:00,354.72930908203125
2019-07-09 14:15:00,364.70599365234375
2019-07-09 14:30:00,365.8146057128906
2019-07-09 14:45:00,348.0780944824219
2019-07-09 15:00:00,353.62078857421875
2019-07-09 15:15:00,352.51220703125
2019-07-09 15:30:00,341.4269104003906
2019-07-09 15:45:00,346.9696044921875
2019-07-09 16:00:00,366.923095703125
2019-07-09 16:15:00,361.3804931640625
2019-07-09 16:30:00,352.51220703125
2019-07-09 16:45:00,341.4269104003906
2019-07-09 17:00:00,355.8377990722656
2019-07-09 17:15:00,344.75250244140625
2019-07-09 17:30:00,323.69049072265625
2019-07-09 17:45:00,280.4577941894531
2019-07-09 18:00:00,249.41900634765625
2019-07-09 18:15:00,229.4654998779297
2019-07-09 18:30:00,220.5973052978516
2019-07-09 18:45:00,238.3336944580078
2019-07-09 19:00:00,232.7911071777344
2019-07-09 19:15:00,227.24850463867188
2019-07-09 19:30:00,229.4654998779297
2019-07-09 19:45:00,211.72900390625
2019-07-09 20:00:00,181.79879760742188
2019-07-09 20:15:00,175.14759826660156
2019-07-09 20:30:00,157.41110229492188
2019-07-09 20:45:00,124.1552963256836
2019-07-09 21:00:00,120.82969665527344
2019-07-09 21:15:00,109.74440002441406
2019-07-09 21:30:00,113.06999969482422
2019-07-09 21:45:00,114.17849731445312
2019-07-09 22:00:00,108.63580322265624
2019-07-09 22:15:00,114.17849731445312
2019-07-09 22:30:00,104.20169830322266
2019-07-09 22:45:00,110.85289764404295
2019-07-09 23:00:00,117.50409698486328
2019-07-09 23:15:00,109.74440002441406
2019-07-09 23:30:00,106.4188003540039
2019-07-09 23:45:00,74.27140045166016
2019-07-10 00:00:00,67.62030029296875
2019-07-10 00:15:00,63.18619918823242
2019-07-10 00:30:00,59.860599517822266
2019-07-10 00:45:00,49.8838005065918
2019-07-10 01:00:00,41.01559829711914
2019-07-10 01:15:00,28.8218002319336
2019-07-10 01:30:00,27.71319961547852
2019-07-10 01:45:00,16.627899169921875
2019-07-10 02:00:00,14.410900115966797
2019-07-10 02:15:00,16.627899169921875
2019-07-10 02:30:00,13.302300453186035
2019-07-10 02:45:00,14.410900115966797
2019-07-10 03:00:00,11.08530044555664
2019-07-10 03:15:00,9.976799964904783
2019-07-10 03:30:00,11.08530044555664
2019-07-10 03:45:00,9.976799964904783
2019-07-10 04:00:00,11.08530044555664
2019-07-10 04:15:00,12.19379997253418
2019-07-10 04:30:00,11.08530044555664
2019-07-10 04:45:00,11.08530044555664
2019-07-10 05:00:00,9.976799964904783
2019-07-10 05:15:00,9.976799964904783
2019-07-10 05:30:00,9.976799964904783
2019-07-10 05:45:00,9.976799964904783
2019-07-10 06:00:00,11.08530044555664
2019-07-10 06:15:00,13.302300453186035
2019-07-10 06:30:00,11.08530044555664
2019-07-10 06:45:00,13.302300453186035
2019-07-10 07:00:00,15.519399642944336
2019-07-10 07:15:00,70.9458999633789
2019-07-10 07:30:00,121.93820190429688
2019-07-10 07:45:00,152.9770050048828
2019-07-10 08:00:00,143.0001983642578
2019-07-10 08:15:00,217.27169799804688
2019-07-10 08:30:00,329.23309326171875
2019-07-10 08:45:00,358.0549011230469
2019-07-10 09:00:00,364.70599365234375
2019-07-10 09:15:00,378.0083923339844
2019-07-10 09:30:00,396.8533935546875
2019-07-10 09:45:00,373.5743103027344
2019-07-10 10:00:00,414.58990478515625
2019-07-10 10:15:00,167.6321561144133
2019-07-10 10:30:00,167.6321561144133
2019-07-10 10:45:00,167.6321561144133
2019-07-10 11:00:00,167.6321561144133
2019-07-10 11:15:00,167.6321561144133
2019-07-10 11:30:00,167.6321561144133
2019-07-10 11:45:00,167.6321561144133
2019-07-10 12:00:00,167.6321561144133
2019-07-10 12:15:00,167.6321561144133
2019-07-10 12:30:00,167.6321561144133
2019-07-10 12:45:00,167.6321561144133
2019-07-10 13:00:00,167.6321561144133
2019-07-10 13:15:00,167.6321561144133
2019-07-10 13:30:00,167.6321561144133
2019-07-10 13:45:00,167.6321561144133
2019-07-10 14:00:00,167.6321561144133
2019-07-10 14:15:00,167.6321561144133
2019-07-10 14:30:00,167.6321561144133
2019-07-10 14:45:00,167.6321561144133
2019-07-10 15:00:00,167.6321561144133
2019-07-10 15:15:00,167.6321561144133
2019-07-10 15:30:00,167.6321561144133
2019-07-10 15:45:00,167.6321561144133
2019-07-10 16:00:00,167.6321561144133
2019-07-10 16:15:00,167.6321561144133
2019-07-10 16:30:00,167.6321561144133
2019-07-10 16:45:00,167.6321561144133
2019-07-10 17:00:00,167.6321561144133
2019-07-10 17:15:00,167.6321561144133
2019-07-10 17:30:00,167.6321561144133
2019-07-10 17:45:00,167.6321561144133
2019-07-10 18:00:00,167.6321561144133
2019-07-10 18:15:00,167.6321561144133
2019-07-10 18:30:00,167.6321561144133
2019-07-10 18:45:00,167.6321561144133
2019-07-10 19:00:00,167.6321561144133
2019-07-10 19:15:00,167.6321561144133
2019-07-10 19:30:00,167.6321561144133
2019-07-10 19:45:00,167.6321561144133
2019-07-10 20:00:00,167.6321561144133
2019-07-10 20:15:00,167.6321561144133
2019-07-10 20:30:00,167.6321561144133
2019-07-10 20:45:00,167.6321561144133
2019-07-10 21:00:00,167.6321561144133
2019-07-10 21:15:00,167.6321561144133
2019-07-10 21:30:00,167.6321561144133
2019-07-10 21:45:00,167.6321561144133
2019-07-10 22:00:00,167.6321561144133
2019-07-10 22:15:00,167.6321561144133
2019-07-10 22:30:00,167.6321561144133
2019-07-10 22:45:00,116.39550018310548
2019-07-10 23:00:00,111.9614028930664
2019-07-10 23:15:00,106.4188003540039
2019-07-10 23:30:00,90.89939880371094
2019-07-10 23:45:00,72.05439758300781
2019-07-11 00:00:00,60.96910095214844
2019-07-11 00:15:00,59.860599517822266
2019-07-11 00:30:00,57.64350128173828
2019-07-11 00:45:00,50.9922981262207
2019-07-11 01:00:00,46.55820083618164
2019-07-11 01:15:00,28.8218002319336
2019-07-11 01:30:00,24.38759994506836
2019-07-11 01:45:00,17.736499786376953
2019-07-11 02:00:00,13.302300453186035
2019-07-11 02:15:00,12.19379997253418
2019-07-11 02:30:00,11.08530044555664
2019-07-11 02:45:00,9.976799964904783
2019-07-11 03:00:00,6.651199817657471
2019-07-11 03:15:00,8.868200302124023
2019-07-11 03:30:00,7.759699821472168
2019-07-11 03:45:00,6.651199817657471
2019-07-11 04:00:00,7.759699821472168
2019-07-11 04:15:00,7.759699821472168
2019-07-11 04:30:00,6.651199817657471
2019-07-11 04:45:00,7.759699821472168
2019-07-11 05:00:00,8.868200302124023
2019-07-11 05:15:00,6.651199817657471
2019-07-11 05:30:00,7.759699821472168
2019-07-11 05:45:00,6.651199817657471
2019-07-11 06:00:00,8.868200302124023
2019-07-11 06:15:00,11.08530044555664
2019-07-11 06:30:00,9.976799964904783
2019-07-11 06:45:00,11.08530044555664
2019-07-11 07:00:00,13.302300453186035
2019-07-11 07:15:00,73.16290283203125
2019-07-11 07:30:00,89.79090118408203
2019-07-11 07:45:00,89.79090118408203
2019-07-11 08:00:00,94.2249984741211
2019-07-11 08:15:00,135.24049377441406
2019-07-11 08:30:00,178.47320556640625
2019-07-11 08:45:00,300.4114074707031
2019-07-11 09:00:00,324.79901123046875
2019-07-11 09:15:00,332.5586853027344
2019-07-11 09:30:00,322.5819091796875
2019-07-11 09:45:00,361.3804931640625
2019-07-11 10:00:00,330.34161376953125
2019-07-11 10:15:00,355.8377990722656
2019-07-11 10:30:00,358.0549011230469
2019-07-11 10:45:00,360.2719116210937
2019-07-11 11:00:00,356.9462890625
2019-07-11 11:15:00,348.0780944824219
2019-07-11 11:30:00,328.1246032714844
2019-07-11 11:45:00,284.8919982910156
2019-07-11 12:00:00,225.03140258789065
2019-07-11 12:15:00,212.8376007080078
2019-07-11 12:30:00,223.9228973388672
2019-07-11 12:45:00,271.589599609375
2019-07-11 13:00:00,328.1246032714844
2019-07-11 13:15:00,324.79901123046875
2019-07-11 13:30:00,334.7757873535156
2019-07-11 13:45:00,334.7757873535156
2019-07-11 14:00:00,313.7137145996094
2019-07-11 14:15:00,298.1943054199219
2019-07-11 14:30:00,314.8222045898437
2019-07-11 14:45:00,340.3183898925781
2019-07-11 15:00:00,342.5354919433594
2019-07-11 15:15:00,335.8843078613281
2019-07-11 15:30:00,338.1014099121094
2019-07-11 15:45:00,314.8222045898437
2019-07-11 16:00:00,323.69049072265625
2019-07-11 16:15:00,349.1866149902344
2019-07-11 16:30:00,338.1014099121094
2019-07-11 16:45:00,345.8611145019531
2019-07-11 17:00:00,325.9075012207031
2019-07-11 17:15:00,298.1943054199219
2019-07-11 17:30:00,242.7678985595703
2019-07-11 17:45:00,192.88409423828125
2019-07-11 18:00:00,181.79879760742188
2019-07-11 18:15:00,171.82200622558594
2019-07-11 18:30:00,179.58169555664062
2019-07-11 18:45:00,181.79879760742188
2019-07-11 19:00:00,148.5428924560547
2019-07-11 19:15:00,137.4575958251953
2019-07-11 19:30:00,129.69790649414062
2019-07-11 19:45:00,118.61260223388672
2019-07-11 20:00:00,104.20169830322266
2019-07-11 20:15:00,107.5272979736328
2019-07-11 20:30:00,107.5272979736328
2019-07-11 20:45:00,100.8760986328125
2019-07-11 21:00:00,110.85289764404295
2019-07-11 21:15:00,105.310302734375
2019-07-11 21:30:00,100.8760986328125
2019-07-11 21:45:00,107.5272979736328
2019-07-11 22:00:00,114.17849731445312
2019-07-11 22:15:00,111.9614028930664
2019-07-11 22:30:00,111.9614028930664
2019-07-11 22:45:00,114.17849731445312
2019-07-11 23:00:00,114.17849731445312
2019-07-11 23:15:00,120.82969665527344
2019-07-11 23:30:00,117.50409698486328
2019-07-11 23:45:00,113.06999969482422
2019-07-12 00:00:00,70.9458999633789
2019-07-12 00:15:00,59.860599517822266
2019-07-12 00:30:00,56.53499984741211
2019-07-12 00:45:00,50.9922981262207
2019-07-12 01:00:00,44.34120178222656
2019-07-12 01:15:00,25.49620056152344
2019-07-12 01:30:00,23.27910041809082
2019-07-12 01:45:00,23.27910041809082
2019-07-12 02:00:00,12.19379997253418
2019-07-12 02:15:00,11.08530044555664
2019-07-12 02:30:00,9.976799964904783
2019-07-12 02:45:00,7.759699821472168
2019-07-12 03:00:00,6.651199817657471
2019-07-12 03:15:00,7.759699821472168
2019-07-12 03:30:00,6.651199817657471
2019-07-12 03:45:00,7.759699821472168
2019-07-12 04:00:00,7.759699821472168
2019-07-12 04:15:00,7.759699821472168
2019-07-12 04:30:00,7.759699821472168
2019-07-12 04:45:00,7.759699821472168
2019-07-12 05:00:00,8.868200302124023
2019-07-12 05:15:00,7.759699821472168
2019-07-12 05:30:00,7.759699821472168
2019-07-12 05:45:00,7.759699821472168
2019-07-12 06:00:00,7.759699821472168
2019-07-12 06:15:00,12.19379997253418
2019-07-12 06:30:00,12.19379997253418
2019-07-12 06:45:00,11.08530044555664
2019-07-12 07:00:00,13.302300453186035
2019-07-12 07:15:00,78.70559692382812
2019-07-12 07:30:00,80.92259979248047
2019-07-12 07:45:00,88.68229675292969
2019-07-12 08:00:00,96.44200134277344
2019-07-12 08:15:00,179.58169555664062
2019-07-12 08:30:00,235.00819396972656
2019-07-12 08:45:00,276.0237121582031
2019-07-12 09:00:00,308.1711120605469
2019-07-12 09:15:00,328.1246032714844
2019-07-12 09:30:00,331.4501953125
2019-07-12 09:45:00,323.69049072265625
2019-07-12 10:00:00,294.86871337890625
2019-07-12 10:15:00,311.4967041015625
2019-07-12 10:30:00,339.2098999023437
2019-07-12 10:45:00,348.0780944824219
2019-07-12 11:00:00,343.6440124511719
2019-07-12 11:15:00,341.4269104003906
2019-07-12 11:30:00,321.473388671875
2019-07-12 11:45:00,300.4114074707031
2019-07-12 12:00:00,251.63609313964844
2019-07-12 12:15:00,202.8607940673828
2019-07-12 12:30:00,230.57400512695312
2019-07-12 12:45:00,284.8919982910156
2019-07-12 13:00:00,302.6283874511719
2019-07-12 13:15:00,284.8919982910156
2019-07-12 13:30:00,304.8454895019531
2019-07-12 13:45:00,323.69049072265625
2019-07-12 14:00:00,332.5586853027344
2019-07-12 14:15:00,336.9927978515625
2019-07-12 14:30:00,318.1477966308594
2019-07-12 14:45:00,325.9075012207031
2019-07-12 15:00:00,342.5354919433594
2019-07-12 15:15:00,341.4269104003906
2019-07-12 15:30:00,321.473388671875
2019-07-12 15:45:00,318.1477966308594
2019-07-12 16:00:00,319.25640869140625
2019-07-12 16:15:00,350.2951965332031
2019-07-12 16:30:00,321.473388671875
2019-07-12 16:45:00,328.1246032714844
2019-07-12 17:00:00,319.25640869140625
2019-07-12 17:15:00,305.9540100097656
2019-07-12 17:30:00,271.589599609375
2019-07-12 17:45:00,227.24850463867188
2019-07-12 18:00:00,140.783203125
2019-07-12 18:15:00,128.5894012451172
2019-07-12 18:30:00,135.24049377441406
2019-07-12 18:45:00,127.48079681396484
2019-07-12 19:00:00,119.72109985351562
2019-07-12 19:15:00,115.28700256347656
2019-07-12 19:30:00,104.20169830322266
2019-07-12 19:45:00,95.33350372314452
2019-07-12 20:00:00,99.7676010131836
2019-07-12 20:15:00,107.5272979736328
2019-07-12 20:30:00,105.310302734375
2019-07-12 20:45:00,94.2249984741211
2019-07-12 21:00:00,106.4188003540039
2019-07-12 21:15:00,100.8760986328125
2019-07-12 21:30:00,108.63580322265624
2019-07-12 21:45:00,93.11640167236328
2019-07-12 22:00:00,92.00789642333984
2019-07-12 22:15:00,100.8760986328125
2019-07-12 22:30:00,104.20169830322266
2019-07-12 22:45:00,93.11640167236328
2019-07-12 23:00:00,97.55059814453124
2019-07-12 23:15:00,96.44200134277344
2019-07-12 23:30:00,82.03109741210938
2019-07-12 23:45:00,60.96910095214844
2019-07-13 00:00:00,57.64350128173828
2019-07-13 00:15:00,60.96910095214844
2019-07-13 00:30:00,57.64350128173828
2019-07-13 00:45:00,50.9922981262207
2019-07-13 01:00:00,48.775299072265625
2019-07-13 01:15:00,43.23260116577149
2019-07-13 01:30:00,43.23260116577149
2019-07-13 01:45:00,25.49620056152344
2019-07-13 02:00:00,27.71319961547852
2019-07-13 02:15:00,13.302300453186035
2019-07-13 02:30:00,13.302300453186035
2019-07-13 02:45:00,11.08530044555664
2019-07-13 03:00:00,9.976799964904783
2019-07-13 03:15:00,9.976799964904783
2019-07-13 03:30:00,9.976799964904783
2019-07-13 03:45:00,8.868200302124023
2019-07-13 04:00:00,9.976799964904783
2019-07-13 04:15:00,9.976799964904783
2019-07-13 04:30:00,9.976799964904783
2019-07-13 04:45:00,8.868200302124023
2019-07-13 05:00:00,8.868200302124023
2019-07-13 05:15:00,9.976799964904783
2019-07-13 05:30:00,8.868200302124023
2019-07-13 05:45:00,9.976799964904783
2019-07-13 06:00:00,12.19379997253418
2019-07-13 06:15:00,13.302300453186035
2019-07-13 06:30:00,13.302300453186035
2019-07-13 06:45:00,14.410900115966797
2019-07-13 07:00:00,14.410900115966797
2019-07-13 07:15:00,22.17060089111328
2019-07-13 07:30:00,64.2947006225586
2019-07-13 07:45:00,77.59700012207031
2019-07-13 08:00:00,107.5272979736328
2019-07-13 08:15:00,172.9304962158203
2019-07-13 08:30:00,266.0469970703125
2019-07-13 08:45:00,319.25640869140625
2019-07-13 09:00:00,304.8454895019531
2019-07-13 09:15:00,313.7137145996094
2019-07-13 09:30:00,327.01611328125
2019-07-13 09:45:00,283.78338623046875
2019-07-13 10:00:00,288.2174987792969
2019-07-13 10:15:00,315.9307861328125
2019-07-13 10:30:00,300.4114074707031
2019-07-13 10:45:00,310.3880920410156
2019-07-13 11:00:00,318.1477966308594
2019-07-13 11:15:00,276.0237121582031
2019-07-13 11:30:00,266.0469970703125
2019-07-13 11:45:00,272.6980895996094
2019-07-13 12:00:00,220.5973052978516
2019-07-13 12:15:00,147.4344024658203
2019-07-13 12:30:00,156.30259704589844
2019-07-13 12:45:00,227.24850463867188
2019-07-13 13:00:00,257.1787109375
2019-07-13 13:15:00,270.4811096191406
2019-07-13 13:30:00,261.61279296875
2019-07-13 13:45:00,280.4577941894531
2019-07-13 14:00:00,287.1090087890625
2019-07-13 14:15:00,277.1322937011719
2019-07-13 14:30:00,291.5430908203125
2019-07-13 14:45:00,278.2408142089844
2019-07-13 15:00:00,289.3261108398437
2019-07-13 15:15:00,281.56640625
2019-07-13 15:30:00,281.56640625
2019-07-13 15:45:00,295.9772033691406
2019-07-13 16:00:00,292.6517028808594
2019-07-13 16:15:00,290.4346008300781
2019-07-13 16:30:00,299.30279541015625
2019-07-13 16:45:00,290.4346008300781
2019-07-13 17:00:00,295.9772033691406
2019-07-13 17:15:00,280.4577941894531
2019-07-13 17:30:00,248.3105010986328
2019-07-13 17:45:00,206.1864013671875
2019-07-13 18:00:00,167.3878936767578
2019-07-13 18:15:00,115.28700256347656
2019-07-13 18:30:00,84.24819946289062
2019-07-13 18:45:00,116.39550018310548
2019-07-13 19:00:00,116.39550018310548
2019-07-13 19:15:00,120.82969665527344
2019-07-13 19:30:00,114.17849731445312
2019-07-13 19:45:00,126.37229919433594
2019-07-13 20:00:00,129.69790649414062
2019-07-13 20:15:00,124.1552963256836
2019-07-13 20:30:00,93.11640167236328
2019-07-13 20:45:00,74.27140045166016
2019-07-13 21:00:00,67.62030029296875
2019-07-13 21:15:00,68.72879791259766
2019-07-13 21:30:00,68.72879791259766
2019-07-13 21:45:00,66.51170349121094
2019-07-13 22:00:00,67.62030029296875
2019-07-13 22:15:00,69.8373031616211
2019-07-13 22:30:00,66.51170349121094
2019-07-13 22:45:00,69.8373031616211
2019-07-13 23:00:00,66.51170349121094
2019-07-13 23:15:00,67.62030029296875
2019-07-13 23:30:00,66.51170349121094
2019-07-13 23:45:00,69.8373031616211
2019-07-14 00:00:00,68.72879791259766
2019-07-14 00:15:00,60.96910095214844
2019-07-14 00:30:00,60.96910095214844
2019-07-14 00:45:00,68.72879791259766
2019-07-14 01:00:00,68.72879791259766
2019-07-14 01:15:00,63.18619918823242
2019-07-14 01:30:00,63.18619918823242
2019-07-14 01:45:00,65.4031982421875
2019-07-14 02:00:00,67.62030029296875
2019-07-14 02:15:00,68.72879791259766
2019-07-14 02:30:00,67.62030029296875
2019-07-14 02:45:00,68.72879791259766
2019-07-14 03:00:00,65.4031982421875
2019-07-14 03:15:00,66.51170349121094
2019-07-14 03:30:00,67.62030029296875
2019-07-14 03:45:00,65.4031982421875
2019-07-14 04:00:00,65.4031982421875
2019-07-14 04:15:00,65.4031982421875
2019-07-14 04:30:00,167.6321561144133
2019-07-14 04:45:00,167.6321561144133
2019-07-14 05:00:00,167.6321561144133
2019-07-14 05:15:00,167.6321561144133
2019-07-14 05:30:00,167.6321561144133
2019-07-14 05:45:00,167.6321561144133
2019-07-14 06:00:00,167.6321561144133
2019-07-14 06:15:00,167.6321561144133
2019-07-14 06:30:00,167.6321561144133
2019-07-14 06:45:00,167.6321561144133
2019-07-14 07:00:00,167.6321561144133
2019-07-14 07:15:00,167.6321561144133
2019-07-14 07:30:00,167.6321561144133
2019-07-14 07:45:00,167.6321561144133
2019-07-14 08:00:00,167.6321561144133
2019-07-14 08:15:00,167.6321561144133
2019-07-14 08:30:00,167.6321561144133
2019-07-14 08:45:00,167.6321561144133
2019-07-14 09:00:00,167.6321561144133
2019-07-14 09:15:00,167.6321561144133
2019-07-14 09:30:00,167.6321561144133
2019-07-14 09:45:00,167.6321561144133
2019-07-14 10:00:00,167.6321561144133
2019-07-14 10:15:00,167.6321561144133
2019-07-14 10:30:00,167.6321561144133
2019-07-14 10:45:00,167.6321561144133
2019-07-14 11:00:00,167.6321561144133
2019-07-14 11:15:00,167.6321561144133
2019-07-14 11:30:00,167.6321561144133
2019-07-14 11:45:00,167.6321561144133
2019-07-14 12:00:00,167.6321561144133
2019-07-14 12:15:00,167.6321561144133
2019-07-14 12:30:00,167.6321561144133
2019-07-14 12:45:00,167.6321561144133
2019-07-14 13:00:00,167.6321561144133
2019-07-14 13:15:00,167.6321561144133
2019-07-14 13:30:00,167.6321561144133
2019-07-14 13:45:00,167.6321561144133
2019-07-14 14:00:00,167.6321561144133
2019-07-14 14:15:00,167.6321561144133
2019-07-14 14:30:00,167.6321561144133
2019-07-14 14:45:00,167.6321561144133
2019-07-14 15:00:00,167.6321561144133
2019-07-14 15:15:00,167.6321561144133
2019-07-14 15:30:00,167.6321561144133
2019-07-14 15:45:00,167.6321561144133
2019-07-14 16:00:00,167.6321561144133
2019-07-14 16:15:00,167.6321561144133
2019-07-14 16:30:00,167.6321561144133
2019-07-14 16:45:00,167.6321561144133
2019-07-14 17:00:00,266.0469970703125
2019-07-14 17:15:00,247.2019958496093
2019-07-14 17:30:00,218.3802032470703
2019-07-14 17:45:00,192.88409423828125
2019-07-14 18:00:00,119.72109985351562
2019-07-14 18:15:00,86.46530151367188
2019-07-14 18:30:00,80.92259979248047
2019-07-14 18:45:00,118.61260223388672
2019-07-14 19:00:00,120.82969665527344
2019-07-14 19:15:00,119.72109985351562
2019-07-14 19:30:00,113.06999969482422
2019-07-14 19:45:00,113.06999969482422
2019-07-14 20:00:00,123.04669952392578
2019-07-14 20:15:00,125.26380157470705
2019-07-14 20:30:00,114.17849731445312
2019-07-14 20:45:00,84.24819946289062
2019-07-14 21:00:00,74.27140045166016
2019-07-14 21:15:00,74.27140045166016
2019-07-14 21:30:00,64.2947006225586
2019-07-14 21:45:00,68.72879791259766
2019-07-14 22:00:00,64.2947006225586
2019-07-14 22:15:00,66.51170349121094
2019-07-14 22:30:00,66.51170349121094
2019-07-14 22:45:00,66.51170349121094
2019-07-14 23:00:00,67.62030029296875
2019-07-14 23:15:00,67.62030029296875
2019-07-14 23:30:00,66.51170349121094
2019-07-14 23:45:00,59.860599517822266
2019-07-15 00:00:00,56.53499984741211
2019-07-15 00:15:00,56.53499984741211
2019-07-15 00:30:00,59.860599517822266
2019-07-15 00:45:00,63.18619918823242
2019-07-15 01:00:00,60.96910095214844
2019-07-15 01:15:00,65.4031982421875
2019-07-15 01:30:00,64.2947006225586
2019-07-15 01:45:00,64.2947006225586
2019-07-15 02:00:00,65.4031982421875
2019-07-15 02:15:00,65.4031982421875
2019-07-15 02:30:00,65.4031982421875
2019-07-15 02:45:00,64.2947006225586
2019-07-15 03:00:00,64.2947006225586
2019-07-15 03:15:00,64.2947006225586
2019-07-15 03:30:00,65.4031982421875
2019-07-15 03:45:00,65.4031982421875
2019-07-15 04:00:00,63.18619918823242
2019-07-15 04:15:00,63.18619918823242
2019-07-15 04:30:00,64.2947006225586
2019-07-15 04:45:00,62.077598571777344
2019-07-15 05:00:00,62.077598571777344
2019-07-15 05:15:00,62.077598571777344
2019-07-15 05:30:00,64.2947006225586
2019-07-15 05:45:00,63.18619918823242
2019-07-15 06:00:00,65.4031982421875
2019-07-15 06:15:00,73.16290283203125
2019-07-15 06:30:00,70.9458999633789
2019-07-15 06:45:00,64.2947006225586
2019-07-15 07:00:00,63.18619918823242
2019-07-15 07:15:00,73.16290283203125
2019-07-15 07:30:00,201.75230407714844
2019-07-15 07:45:00,239.4423065185547
2019-07-15 08:00:00,235.00819396972656
2019-07-15 08:15:00,266.0469970703125
2019-07-15 08:30:00,298.1943054199219
2019-07-15 08:45:00,372.4657897949219
2019-07-15 09:00:00,387.9851989746094
2019-07-15 09:15:00,396.8533935546875
2019-07-15 09:30:00,385.7680969238281
2019-07-15 09:45:00,403.5046081542969
2019-07-15 10:00:00,394.6362915039063
2019-07-15 10:15:00,416.806884765625
2019-07-15 10:30:00,407.9386901855469
2019-07-15 10:45:00,419.0239868164063
2019-07-15 11:00:00,415.6983947753906
2019-07-15 11:15:00,413.4812927246094
2019-07-15 11:30:00,407.9386901855469
2019-07-15 11:45:00,400.1789855957031
2019-07-15 12:00:00,304.8454895019531
2019-07-15 12:15:00,219.4886932373047
2019-07-15 12:30:00,246.0933990478516
2019-07-15 12:45:00,343.6440124511719
2019-07-15 13:00:00,390.20220947265625
2019-07-15 13:15:00,409.0472106933594
2019-07-15 13:30:00,397.9619140625
2019-07-15 13:45:00,406.8302001953125
2019-07-15 14:00:00,409.0472106933594
2019-07-15 14:15:00,414.58990478515625
2019-07-15 14:30:00,410.15570068359375
2019-07-15 14:45:00,390.20220947265625
2019-07-15 15:00:00,416.806884765625
2019-07-15 15:15:00,407.9386901855469
2019-07-15 15:30:00,385.7680969238281
2019-07-15 15:45:00,405.7215881347656
2019-07-15 16:00:00,386.8765869140625
2019-07-15 16:15:00,400.1789855957031
2019-07-15 16:30:00,409.0472106933594
2019-07-15 16:45:00,415.6983947753906
2019-07-15 17:00:00,402.39599609375
2019-07-15 17:15:00,365.8146057128906
2019-07-15 17:30:00,321.473388671875
2019-07-15 17:45:00,293.7601928710937
2019-07-15 18:00:00,240.55079650878903
2019-07-15 18:15:00,181.79879760742188
2019-07-15 18:30:00,145.21730041503906
2019-07-15 18:45:00,140.783203125
2019-07-15 19:00:00,120.82969665527344
2019-07-15 19:15:00,118.61260223388672
2019-07-15 19:30:00,107.5272979736328
2019-07-15 19:45:00,105.310302734375
2019-07-15 20:00:00,89.79090118408203
2019-07-15 20:15:00,85.35669708251953
2019-07-15 20:30:00,85.35669708251953
2019-07-15 20:45:00,95.33350372314452
2019-07-15 21:00:00,103.09320068359376
2019-07-15 21:15:00,107.5272979736328
2019-07-15 21:30:00,115.28700256347656
2019-07-15 21:45:00,113.06999969482422
2019-07-15 22:00:00,130.806396484375
2019-07-15 22:15:00,117.50409698486328
2019-07-15 22:30:00,116.39550018310548
2019-07-15 22:45:00,114.17849731445312
2019-07-15 23:00:00,111.9614028930664
2019-07-15 23:15:00,113.06999969482422
2019-07-15 23:30:00,107.5272979736328
2019-07-15 23:45:00,92.00789642333984
2019-07-16 00:00:00,67.62030029296875
2019-07-16 00:15:00,69.8373031616211
2019-07-16 00:30:00,69.8373031616211
2019-07-16 00:45:00,73.16290283203125
2019-07-16 01:00:00,66.51170349121094
2019-07-16 01:15:00,68.72879791259766
2019-07-16 01:30:00,68.72879791259766
2019-07-16 01:45:00,69.8373031616211
2019-07-16 02:00:00,68.72879791259766
2019-07-16 02:15:00,167.6321561144133
2019-07-16 02:30:00,167.6321561144133
2019-07-16 02:45:00,167.6321561144133
2019-07-16 03:00:00,167.6321561144133
2019-07-16 03:15:00,167.6321561144133
2019-07-16 03:30:00,167.6321561144133
2019-07-16 03:45:00,167.6321561144133
2019-07-16 04:00:00,167.6321561144133
2019-07-16 04:15:00,167.6321561144133
2019-07-16 04:30:00,167.6321561144133
2019-07-16 04:45:00,167.6321561144133
2019-07-16 05:00:00,167.6321561144133
2019-07-16 05:15:00,167.6321561144133
2019-07-16 05:30:00,167.6321561144133
2019-07-16 05:45:00,167.6321561144133
2019-07-16 06:00:00,167.6321561144133
2019-07-16 06:15:00,167.6321561144133
2019-07-16 06:30:00,167.6321561144133
2019-07-16 06:45:00,167.6321561144133
2019-07-16 07:00:00,167.6321561144133
2019-07-16 07:15:00,167.6321561144133
2019-07-16 07:30:00,167.6321561144133
2019-07-16 07:45:00,167.6321561144133
2019-07-16 08:00:00,167.6321561144133
2019-07-16 08:15:00,167.6321561144133
2019-07-16 08:30:00,167.6321561144133
2019-07-16 08:45:00,167.6321561144133
2019-07-16 09:00:00,167.6321561144133
2019-07-16 09:15:00,167.6321561144133
2019-07-16 09:30:00,167.6321561144133
2019-07-16 09:45:00,167.6321561144133
2019-07-16 10:00:00,167.6321561144133
2019-07-16 10:15:00,167.6321561144133
2019-07-16 10:30:00,167.6321561144133
2019-07-16 10:45:00,167.6321561144133
2019-07-16 11:00:00,167.6321561144133
2019-07-16 11:15:00,167.6321561144133
2019-07-16 11:30:00,167.6321561144133
2019-07-16 11:45:00,167.6321561144133
2019-07-16 12:00:00,167.6321561144133
2019-07-16 12:15:00,167.6321561144133
2019-07-16 12:30:00,167.6321561144133
2019-07-16 12:45:00,167.6321561144133
2019-07-16 13:00:00,167.6321561144133
2019-07-16 13:15:00,167.6321561144133
2019-07-16 13:30:00,167.6321561144133
2019-07-16 13:45:00,167.6321561144133
2019-07-16 14:00:00,167.6321561144133
2019-07-16 14:15:00,167.6321561144133
2019-07-16 14:30:00,167.6321561144133
2019-07-16 14:45:00,346.9696044921875
2019-07-16 15:00:00,352.51220703125
2019-07-16 15:15:00,378.0083923339844
2019-07-16 15:30:00,345.8611145019531
2019-07-16 15:45:00,334.7757873535156
2019-07-16 16:00:00,361.3804931640625
2019-07-16 16:15:00,346.9696044921875
2019-07-16 16:30:00,394.6362915039063
2019-07-16 16:45:00,411.2643127441406
2019-07-16 17:00:00,391.3106994628906
2019-07-16 17:15:00,344.75250244140625
2019-07-16 17:30:00,260.5043029785156
2019-07-16 17:45:00,225.03140258789065
2019-07-16 18:00:00,179.58169555664062
2019-07-16 18:15:00,114.17849731445312
2019-07-16 18:30:00,80.92259979248047
2019-07-16 18:45:00,77.59700012207031
2019-07-16 19:00:00,67.62030029296875
2019-07-16 19:15:00,167.6321561144133
2019-07-16 19:30:00,167.6321561144133
2019-07-16 19:45:00,167.6321561144133
2019-07-16 20:00:00,167.6321561144133
2019-07-16 20:15:00,167.6321561144133
2019-07-16 20:30:00,167.6321561144133
2019-07-16 20:45:00,167.6321561144133
2019-07-16 21:00:00,167.6321561144133
2019-07-16 21:15:00,167.6321561144133
2019-07-16 21:30:00,167.6321561144133
2019-07-16 21:45:00,167.6321561144133
2019-07-16 22:00:00,167.6321561144133
2019-07-16 22:15:00,167.6321561144133
2019-07-16 22:30:00,167.6321561144133
2019-07-16 22:45:00,167.6321561144133
2019-07-16 23:00:00,167.6321561144133
2019-07-16 23:15:00,167.6321561144133
2019-07-16 23:30:00,167.6321561144133
2019-07-16 23:45:00,167.6321561144133
2019-07-17 00:00:00,167.6321561144133
2019-07-17 00:15:00,167.6321561144133
2019-07-17 00:30:00,167.6321561144133
2019-07-17 00:45:00,167.6321561144133
2019-07-17 01:00:00,167.6321561144133
2019-07-17 01:15:00,167.6321561144133
2019-07-17 01:30:00,167.6321561144133
2019-07-17 01:45:00,167.6321561144133
2019-07-17 02:00:00,167.6321561144133
2019-07-17 02:15:00,167.6321561144133
2019-07-17 02:30:00,167.6321561144133
2019-07-17 02:45:00,167.6321561144133
2019-07-17 03:00:00,167.6321561144133
2019-07-17 03:15:00,167.6321561144133
2019-07-17 03:30:00,167.6321561144133
2019-07-17 03:45:00,167.6321561144133
2019-07-17 04:00:00,167.6321561144133
2019-07-17 04:15:00,167.6321561144133
2019-07-17 04:30:00,167.6321561144133
2019-07-17 04:45:00,167.6321561144133
2019-07-17 05:00:00,167.6321561144133
2019-07-17 05:15:00,167.6321561144133
2019-07-17 05:30:00,167.6321561144133
2019-07-17 05:45:00,167.6321561144133
2019-07-17 06:00:00,167.6321561144133
2019-07-17 06:15:00,167.6321561144133
2019-07-17 06:30:00,167.6321561144133
2019-07-17 06:45:00,167.6321561144133
2019-07-17 07:00:00,167.6321561144133
2019-07-17 07:15:00,167.6321561144133
2019-07-17 07:30:00,167.6321561144133
2019-07-17 07:45:00,148.5428924560547
2019-07-17 08:00:00,172.9304962158203
2019-07-17 08:15:00,229.4654998779297
2019-07-17 08:30:00,292.6517028808594
2019-07-17 08:45:00,328.1246032714844
2019-07-17 09:00:00,331.4501953125
2019-07-17 09:15:00,345.8611145019531
2019-07-17 09:30:00,340.3183898925781
2019-07-17 09:45:00,354.72930908203125
2019-07-17 10:00:00,355.8377990722656
2019-07-17 10:15:00,366.923095703125
2019-07-17 10:30:00,382.4425048828125
2019-07-17 10:45:00,387.9851989746094
2019-07-17 11:00:00,369.1401977539063
2019-07-17 11:15:00,378.0083923339844
2019-07-17 11:30:00,364.70599365234375
2019-07-17 11:45:00,323.69049072265625
2019-07-17 12:00:00,328.1246032714844
2019-07-17 12:15:00,268.2640075683594
2019-07-17 12:30:00,242.7678985595703
2019-07-17 12:45:00,280.4577941894531
2019-07-17 13:00:00,342.5354919433594
2019-07-17 13:15:00,373.5743103027344
2019-07-17 13:30:00,410.15570068359375
2019-07-17 13:45:00,412.372802734375
2019-07-17 14:00:00,406.8302001953125
2019-07-17 14:15:00,406.8302001953125
2019-07-17 14:30:00,391.3106994628906
2019-07-17 14:45:00,383.5509948730469
2019-07-17 15:00:00,385.7680969238281
2019-07-17 15:15:00,334.7757873535156
2019-07-17 15:30:00,362.489013671875
2019-07-17 15:45:00,404.6130981445313
2019-07-17 16:00:00,395.7449035644531
2019-07-17 16:15:00,389.09368896484375
2019-07-17 16:30:00,417.9154052734375
2019-07-17 16:45:00,415.6983947753906
2019-07-17 17:00:00,403.5046081542969
2019-07-17 17:15:00,384.65960693359375
2019-07-17 17:30:00,332.5586853027344
2019-07-17 17:45:00,259.39581298828125
2019-07-17 18:00:00,196.2095947265625
2019-07-17 18:15:00,176.256103515625
2019-07-17 18:30:00,151.86849975585938
2019-07-17 18:45:00,213.94610595703125
2019-07-17 19:00:00,211.72900390625
2019-07-17 19:15:00,213.94610595703125
2019-07-17 19:30:00,179.58169555664062
2019-07-17 19:45:00,164.0623016357422
2019-07-17 20:00:00,159.62820434570312
2019-07-17 20:15:00,158.5196990966797
2019-07-17 20:30:00,150.75990295410156
2019-07-17 20:45:00,113.06999969482422
2019-07-17 21:00:00,103.09320068359376
2019-07-17 21:15:00,98.65910339355467
2019-07-17 21:30:00,105.310302734375
2019-07-17 21:45:00,116.39550018310548
2019-07-17 22:00:00,100.8760986328125
2019-07-17 22:15:00,103.09320068359376
2019-07-17 22:30:00,103.09320068359376
2019-07-17 22:45:00,101.98470306396484
2019-07-17 23:00:00,110.85289764404295
2019-07-17 23:15:00,80.92259979248047
2019-07-17 23:30:00,78.70559692382812
2019-07-17 23:45:00,75.37999725341797
2019-07-18 00:00:00,70.9458999633789
2019-07-18 00:15:00,79.81410217285156
2019-07-18 00:30:00,78.70559692382812
2019-07-18 00:45:00,76.4885025024414
2019-07-18 01:00:00,74.27140045166016
2019-07-18 01:15:00,76.4885025024414
2019-07-18 01:30:00,78.70559692382812
2019-07-18 01:45:00,74.27140045166016
2019-07-18 02:00:00,82.03109741210938
2019-07-18 02:15:00,79.81410217285156
2019-07-18 02:30:00,78.70559692382812
2019-07-18 02:45:00,76.4885025024414
2019-07-18 03:00:00,76.4885025024414
2019-07-18 03:15:00,77.59700012207031
2019-07-18 03:30:00,72.05439758300781
2019-07-18 03:45:00,70.9458999633789
2019-07-18 04:00:00,72.05439758300781
2019-07-18 04:15:00,73.16290283203125
2019-07-18 04:30:00,72.05439758300781
2019-07-18 04:45:00,68.72879791259766
2019-07-18 05:00:00,70.9458999633789
2019-07-18 05:15:00,66.51170349121094
2019-07-18 05:30:00,72.05439758300781
2019-07-18 05:45:00,72.05439758300781
2019-07-18 06:00:00,72.05439758300781
2019-07-18 06:15:00,74.27140045166016
2019-07-18 06:30:00,75.37999725341797
2019-07-18 06:45:00,72.05439758300781
2019-07-18 07:00:00,74.27140045166016
2019-07-18 07:15:00,67.62030029296875
2019-07-18 07:30:00,115.28700256347656
2019-07-18 07:45:00,135.24049377441406
2019-07-18 08:00:00,243.8764038085937
2019-07-18 08:15:00,286.00048828125
2019-07-18 08:30:00,318.1477966308594
2019-07-18 08:45:00,384.65960693359375
2019-07-18 09:00:00,412.372802734375
2019-07-18 09:15:00,404.6130981445313
2019-07-18 09:30:00,396.8533935546875
2019-07-18 09:45:00,409.0472106933594
2019-07-18 10:00:00,401.2875061035156
2019-07-18 10:15:00,383.5509948730469
2019-07-18 10:30:00,414.58990478515625
2019-07-18 10:45:00,401.2875061035156
2019-07-18 11:00:00,410.15570068359375
2019-07-18 11:15:00,397.9619140625
2019-07-18 11:30:00,395.7449035644531
2019-07-18 11:45:00,364.70599365234375
2019-07-18 12:00:00,253.8531036376953
2019-07-18 12:15:00,196.2095947265625
2019-07-18 12:30:00,230.57400512695312
2019-07-18 12:45:00,267.1554870605469
2019-07-18 13:00:00,309.27960205078125
2019-07-18 13:15:00,391.3106994628906
2019-07-18 13:30:00,389.09368896484375
2019-07-18 13:45:00,374.6828002929688
2019-07-18 14:00:00,387.9851989746094
2019-07-18 14:15:00,355.8377990722656
2019-07-18 14:30:00,374.6828002929688
2019-07-18 14:45:00,407.9386901855469
2019-07-18 15:00:00,393.5278015136719
2019-07-18 15:15:00,324.79901123046875
2019-07-18 15:30:00,379.1169128417969
2019-07-18 15:45:00,405.7215881347656
2019-07-18 16:00:00,387.9851989746094
2019-07-18 16:15:00,210.4473114013672
2019-07-18 16:30:00,416.806884765625
2019-07-18 16:45:00,379.1169128417969
2019-07-18 17:00:00,371.3572082519531
2019-07-18 17:15:00,338.1014099121094
2019-07-18 17:30:00,298.1943054199219
2019-07-18 17:45:00,227.24850463867188
2019-07-18 18:00:00,187.3414001464844
2019-07-18 18:15:00,161.84519958496094
2019-07-18 18:30:00,147.4344024658203
2019-07-18 18:45:00,110.85289764404295
2019-07-18 19:00:00,118.61260223388672
2019-07-18 19:15:00,111.9614028930664
2019-07-18 19:30:00,109.74440002441406
2019-07-18 19:45:00,114.17849731445312
2019-07-18 20:00:00,123.04669952392578
2019-07-18 20:15:00,115.28700256347656
2019-07-18 20:30:00,119.72109985351562
2019-07-18 20:45:00,109.74440002441406
2019-07-18 21:00:00,114.17849731445312
2019-07-18 21:15:00,118.61260223388672
2019-07-18 21:30:00,123.04669952392578
2019-07-18 21:45:00,119.72109985351562
2019-07-18 22:00:00,117.50409698486328
2019-07-18 22:15:00,120.82969665527344
2019-07-18 22:30:00,119.72109985351562
2019-07-18 22:45:00,116.39550018310548
2019-07-18 23:00:00,118.61260223388672
2019-07-18 23:15:00,116.39550018310548
2019-07-18 23:30:00,117.50409698486328
2019-07-18 23:45:00,74.27140045166016
2019-07-19 00:00:00,69.8373031616211
2019-07-19 00:15:00,66.51170349121094
2019-07-19 00:30:00,72.05439758300781
2019-07-19 00:45:00,75.37999725341797
2019-07-19 01:00:00,70.9458999633789
2019-07-19 01:15:00,65.4031982421875
2019-07-19 01:30:00,70.9458999633789
2019-07-19 01:45:00,74.27140045166016
2019-07-19 02:00:00,72.05439758300781
2019-07-19 02:15:00,70.9458999633789
2019-07-19 02:30:00,72.05439758300781
2019-07-19 02:45:00,73.16290283203125
2019-07-19 03:00:00,72.05439758300781
2019-07-19 03:15:00,78.70559692382812
2019-07-19 03:30:00,76.4885025024414
2019-07-19 03:45:00,75.37999725341797
2019-07-19 04:00:00,73.16290283203125
2019-07-19 04:15:00,74.27140045166016
2019-07-19 04:30:00,78.70559692382812
2019-07-19 04:45:00,75.37999725341797
2019-07-19 05:00:00,70.9458999633789
2019-07-19 05:15:00,68.72879791259766
2019-07-19 05:30:00,68.72879791259766
2019-07-19 05:45:00,70.9458999633789
2019-07-19 06:00:00,72.05439758300781
2019-07-19 06:15:00,70.9458999633789
2019-07-19 06:30:00,69.8373031616211
2019-07-19 06:45:00,68.72879791259766
2019-07-19 07:00:00,73.16290283203125
2019-07-19 07:15:00,74.27140045166016
2019-07-19 07:30:00,80.92259979248047
2019-07-19 07:45:00,111.9614028930664
2019-07-19 08:00:00,159.62820434570312
2019-07-19 08:15:00,195.10110473632807
2019-07-19 08:30:00,241.6593017578125
2019-07-19 08:45:00,282.6748962402344
2019-07-19 09:00:00,301.5198974609375
2019-07-19 09:15:00,308.1711120605469
2019-07-19 09:30:00,328.1246032714844
2019-07-19 09:45:00,324.79901123046875
2019-07-19 10:00:00,327.01611328125
2019-07-19 10:15:00,327.01611328125
2019-07-19 10:30:00,354.72930908203125
2019-07-19 10:45:00,329.23309326171875
2019-07-19 11:00:00,330.34161376953125
2019-07-19 11:15:00,333.6672058105469
2019-07-19 11:30:00,334.7757873535156
2019-07-19 11:45:00,318.1477966308594
2019-07-19 12:00:00,253.8531036376953
2019-07-19 12:15:00,166.27940368652344
2019-07-19 12:30:00,200.643798828125
2019-07-19 12:45:00,246.0933990478516
2019-07-19 13:00:00,289.3261108398437
2019-07-19 13:15:00,325.9075012207031
2019-07-19 13:30:00,307.0625
2019-07-19 13:45:00,317.039306640625
2019-07-19 14:00:00,319.25640869140625
2019-07-19 14:15:00,335.8843078613281
2019-07-19 14:30:00,331.4501953125
2019-07-19 14:45:00,319.25640869140625
2019-07-19 15:00:00,342.5354919433594
2019-07-19 15:15:00,346.9696044921875
2019-07-19 15:30:00,348.0780944824219
2019-07-19 15:45:00,335.8843078613281
2019-07-19 16:00:00,328.1246032714844
2019-07-19 16:15:00,362.489013671875
2019-07-19 16:30:00,332.5586853027344
2019-07-19 16:45:00,329.23309326171875
2019-07-19 17:00:00,308.1711120605469
2019-07-19 17:15:00,283.78338623046875
2019-07-19 17:30:00,233.89959716796875
2019-07-19 17:45:00,199.5352020263672
2019-07-19 18:00:00,145.21730041503906
2019-07-19 18:15:00,100.8760986328125
2019-07-19 18:30:00,93.11640167236328
2019-07-19 18:45:00,75.37999725341797
2019-07-19 19:00:00,78.70559692382812
2019-07-19 19:15:00,77.59700012207031
2019-07-19 19:30:00,72.05439758300781
2019-07-19 19:45:00,68.72879791259766
2019-07-19 20:00:00,76.4885025024414
2019-07-19 20:15:00,67.62030029296875
2019-07-19 20:30:00,66.51170349121094
2019-07-19 20:45:00,65.4031982421875
2019-07-19 21:00:00,66.51170349121094
2019-07-19 21:15:00,65.4031982421875
2019-07-19 21:30:00,58.75199890136719
2019-07-19 21:45:00,57.64350128173828
2019-07-19 22:00:00,60.96910095214844
2019-07-19 22:15:00,72.05439758300781
2019-07-19 22:30:00,74.27140045166016
2019-07-19 22:45:00,79.81410217285156
2019-07-19 23:00:00,78.70559692382812
2019-07-19 23:15:00,76.4885025024414
2019-07-19 23:30:00,66.51170349121094
2019-07-19 23:45:00,58.75199890136719
2019-07-20 00:00:00,64.2947006225586
2019-07-20 00:15:00,53.20940017700195
2019-07-20 00:30:00,58.75199890136719
2019-07-20 00:45:00,66.51170349121094
2019-07-20 01:00:00,60.96910095214844
2019-07-20 01:15:00,56.53499984741211
2019-07-20 01:30:00,57.64350128173828
2019-07-20 01:45:00,57.64350128173828
2019-07-20 02:00:00,57.64350128173828
2019-07-20 02:15:00,55.42649841308594
2019-07-20 02:30:00,56.53499984741211
2019-07-20 02:45:00,58.75199890136719
2019-07-20 03:00:00,59.860599517822266
2019-07-20 03:15:00,58.75199890136719
2019-07-20 03:30:00,55.42649841308594
2019-07-20 03:45:00,58.75199890136719
2019-07-20 04:00:00,55.42649841308594
2019-07-20 04:15:00,57.64350128173828
2019-07-20 04:30:00,55.42649841308594
2019-07-20 04:45:00,55.42649841308594
2019-07-20 05:00:00,57.64350128173828
2019-07-20 05:15:00,58.75199890136719
2019-07-20 05:30:00,55.42649841308594
2019-07-20 05:45:00,56.53499984741211
2019-07-20 06:00:00,60.96910095214844
2019-07-20 06:15:00,64.2947006225586
2019-07-20 06:30:00,59.860599517822266
2019-07-20 06:45:00,58.75199890136719
2019-07-20 07:00:00,57.64350128173828
2019-07-20 07:15:00,66.51170349121094
2019-07-20 07:30:00,116.39550018310548
2019-07-20 07:45:00,137.4575958251953
2019-07-20 08:00:00,144.10879516601562
2019-07-20 08:15:00,187.3414001464844
2019-07-20 08:30:00,276.0237121582031
2019-07-20 08:45:00,287.1090087890625
2019-07-20 09:00:00,291.5430908203125
2019-07-20 09:15:00,298.1943054199219
2019-07-20 09:30:00,325.9075012207031
2019-07-20 09:45:00,313.7137145996094
2019-07-20 10:00:00,345.8611145019531
2019-07-20 10:15:00,340.3183898925781
2019-07-20 10:30:00,350.2951965332031
2019-07-20 10:45:00,352.51220703125
2019-07-20 11:00:00,338.1014099121094
2019-07-20 11:15:00,331.4501953125
2019-07-20 11:30:00,332.5586853027344
2019-07-20 11:45:00,329.23309326171875
2019-07-20 12:00:00,259.39581298828125
2019-07-20 12:15:00,168.49639892578125
2019-07-20 12:30:00,175.14759826660156
2019-07-20 12:45:00,242.7678985595703
2019-07-20 13:00:00,307.0625
2019-07-20 13:15:00,322.5819091796875
2019-07-20 13:30:00,325.9075012207031
2019-07-20 13:45:00,310.3880920410156
2019-07-20 14:00:00,293.7601928710937
2019-07-20 14:15:00,271.589599609375
2019-07-20 14:30:00,279.34930419921875
2019-07-20 14:45:00,302.6283874511719
2019-07-20 15:00:00,295.9772033691406
2019-07-20 15:15:00,312.6051940917969
2019-07-20 15:30:00,297.0857849121094
2019-07-20 15:45:00,302.6283874511719
2019-07-20 16:00:00,302.6283874511719
2019-07-20 16:15:00,308.1711120605469
2019-07-20 16:30:00,298.1943054199219
2019-07-20 16:45:00,301.5198974609375
2019-07-20 17:00:00,287.1090087890625
2019-07-20 17:15:00,269.3725891113281
2019-07-20 17:30:00,264.9383850097656
2019-07-20 17:45:00,221.705795288086
2019-07-20 18:00:00,148.5428924560547
2019-07-20 18:15:00,99.7676010131836
2019-07-20 18:30:00,77.59700012207031
2019-07-20 18:45:00,90.89939880371094
2019-07-20 19:00:00,99.7676010131836
2019-07-20 19:15:00,99.7676010131836
2019-07-20 19:30:00,95.33350372314452
2019-07-20 19:45:00,87.57379913330078
2019-07-20 20:00:00,87.57379913330078
2019-07-20 20:15:00,68.72879791259766
2019-07-20 20:30:00,69.8373031616211
2019-07-20 20:45:00,65.4031982421875
2019-07-20 21:00:00,62.077598571777344
2019-07-20 21:15:00,66.51170349121094
2019-07-20 21:30:00,65.4031982421875
2019-07-20 21:45:00,67.62030029296875
2019-07-20 22:00:00,66.51170349121094
2019-07-20 22:15:00,67.62030029296875
2019-07-20 22:30:00,58.75199890136719
2019-07-20 22:45:00,56.53499984741211
2019-07-20 23:00:00,59.860599517822266
2019-07-20 23:15:00,60.96910095214844
2019-07-20 23:30:00,60.96910095214844
2019-07-20 23:45:00,59.860599517822266
2019-07-21 00:00:00,57.64350128173828
2019-07-21 00:15:00,57.64350128173828
2019-07-21 00:30:00,55.42649841308594
2019-07-21 00:45:00,55.42649841308594
2019-07-21 01:00:00,54.317901611328125
2019-07-21 01:15:00,56.53499984741211
2019-07-21 01:30:00,58.75199890136719
2019-07-21 01:45:00,56.53499984741211
2019-07-21 02:00:00,55.42649841308594
2019-07-21 02:15:00,56.53499984741211
2019-07-21 02:30:00,57.64350128173828
2019-07-21 02:45:00,56.53499984741211
2019-07-21 03:00:00,56.53499984741211
2019-07-21 03:15:00,56.53499984741211
2019-07-21 03:30:00,56.53499984741211
2019-07-21 03:45:00,56.53499984741211
2019-07-21 04:00:00,55.42649841308594
2019-07-21 04:15:00,63.18619918823242
2019-07-21 04:30:00,62.077598571777344
2019-07-21 04:45:00,62.077598571777344
2019-07-21 05:00:00,59.860599517822266
2019-07-21 05:15:00,59.860599517822266
2019-07-21 05:30:00,59.860599517822266
2019-07-21 05:45:00,58.75199890136719
2019-07-21 06:00:00,56.53499984741211
2019-07-21 06:15:00,57.64350128173828
2019-07-21 06:30:00,60.96910095214844
2019-07-21 06:45:00,54.317901611328125
2019-07-21 07:00:00,60.96910095214844
2019-07-21 07:15:00,58.75199890136719
2019-07-21 07:30:00,103.09320068359376
2019-07-21 07:45:00,131.9149932861328
2019-07-21 08:00:00,155.19410705566406
2019-07-21 08:15:00,177.36459350585938
2019-07-21 08:30:00,268.2640075683594
2019-07-21 08:45:00,298.1943054199219
2019-07-21 09:00:00,305.9540100097656
2019-07-21 09:15:00,336.9927978515625
2019-07-21 09:30:00,332.5586853027344
2019-07-21 09:45:00,329.23309326171875
2019-07-21 10:00:00,309.27960205078125
2019-07-21 10:15:00,334.7757873535156
2019-07-21 10:30:00,324.79901123046875
2019-07-21 10:45:00,329.23309326171875
2019-07-21 11:00:00,329.23309326171875
2019-07-21 11:15:00,352.51220703125
2019-07-21 11:30:00,348.0780944824219
2019-07-21 11:45:00,343.6440124511719
2019-07-21 12:00:00,260.5043029785156
2019-07-21 12:15:00,156.30259704589844
2019-07-21 12:30:00,154.0854949951172
2019-07-21 12:45:00,192.88409423828125
2019-07-21 13:00:00,274.9151916503906
2019-07-21 13:15:00,307.0625
2019-07-21 13:30:00,301.5198974609375
2019-07-21 13:45:00,328.1246032714844
2019-07-21 14:00:00,310.3880920410156
2019-07-21 14:15:00,317.039306640625
2019-07-21 14:30:00,274.9151916503906
2019-07-21 14:45:00,300.4114074707031
2019-07-21 15:00:00,298.1943054199219
2019-07-21 15:15:00,299.30279541015625
2019-07-21 15:30:00,297.0857849121094
2019-07-21 15:45:00,308.1711120605469
2019-07-21 16:00:00,327.01611328125
2019-07-21 16:15:00,312.6051940917969
2019-07-21 16:30:00,320.3648986816406
2019-07-21 16:45:00,310.3880920410156
2019-07-21 17:00:00,291.5430908203125
2019-07-21 17:15:00,247.2019958496093
2019-07-21 17:30:00,206.1864013671875
2019-07-21 17:45:00,172.9304962158203
2019-07-21 18:00:00,120.82969665527344
2019-07-21 18:15:00,90.89939880371094
2019-07-21 18:30:00,66.51170349121094
2019-07-21 18:45:00,64.2947006225586
2019-07-21 19:00:00,65.4031982421875
2019-07-21 19:15:00,69.8373031616211
2019-07-21 19:30:00,68.72879791259766
2019-07-21 19:45:00,66.51170349121094
2019-07-21 20:00:00,65.4031982421875
2019-07-21 20:15:00,69.8373031616211
2019-07-21 20:30:00,75.37999725341797
2019-07-21 20:45:00,67.62030029296875
2019-07-21 21:00:00,63.18619918823242
2019-07-21 21:15:00,57.64350128173828
2019-07-21 21:30:00,65.4031982421875
2019-07-21 21:45:00,74.27140045166016
2019-07-21 22:00:00,72.05439758300781
2019-07-21 22:15:00,75.37999725341797
2019-07-21 22:30:00,75.37999725341797
2019-07-21 22:45:00,76.4885025024414
2019-07-21 23:00:00,70.9458999633789
2019-07-21 23:15:00,69.8373031616211
2019-07-21 23:30:00,68.72879791259766
2019-07-21 23:45:00,70.9458999633789
2019-07-22 00:00:00,58.75199890136719
2019-07-22 00:15:00,55.42649841308594
2019-07-22 00:30:00,56.53499984741211
2019-07-22 00:45:00,66.51170349121094
2019-07-22 01:00:00,67.62030029296875
2019-07-22 01:15:00,62.077598571777344
2019-07-22 01:30:00,66.51170349121094
2019-07-22 01:45:00,65.4031982421875
2019-07-22 02:00:00,66.51170349121094
2019-07-22 02:15:00,66.51170349121094
2019-07-22 02:30:00,66.51170349121094
2019-07-22 02:45:00,66.51170349121094
2019-07-22 03:00:00,66.51170349121094
2019-07-22 03:15:00,66.51170349121094
2019-07-22 03:30:00,66.51170349121094
2019-07-22 03:45:00,66.51170349121094
2019-07-22 04:00:00,68.72879791259766
2019-07-22 04:15:00,65.4031982421875
2019-07-22 04:30:00,65.4031982421875
2019-07-22 04:45:00,66.51170349121094
2019-07-22 05:00:00,66.51170349121094
2019-07-22 05:15:00,67.62030029296875
2019-07-22 05:30:00,66.51170349121094
2019-07-22 05:45:00,69.8373031616211
2019-07-22 06:00:00,68.72879791259766
2019-07-22 06:15:00,70.9458999633789
2019-07-22 06:30:00,70.9458999633789
2019-07-22 06:45:00,69.8373031616211
2019-07-22 07:00:00,69.8373031616211
2019-07-22 07:15:00,68.72879791259766
2019-07-22 07:30:00,192.88409423828125
2019-07-22 07:45:00,215.0545959472656
2019-07-22 08:00:00,208.40350341796875
2019-07-22 08:15:00,250.5276031494141
2019-07-22 08:30:00,314.8222045898437
2019-07-22 08:45:00,348.0780944824219
2019-07-22 09:00:00,366.923095703125
2019-07-22 09:15:00,371.3572082519531
2019-07-22 09:30:00,387.9851989746094
2019-07-22 09:45:00,423.4580993652344
2019-07-22 10:00:00,425.6751098632813
2019-07-22 10:15:00,430.10931396484375
2019-07-22 10:30:00,437.8689880371094
2019-07-22 10:45:00,170.4478759765625
2019-07-22 11:00:00,438.9775085449219
2019-07-22 11:15:00,169.93704223632812
2019-07-22 11:30:00,168.03521728515625
2019-07-22 11:45:00,385.7680969238281
2019-07-22 12:00:00,308.1711120605469
2019-07-22 12:15:00,230.57400512695312
2019-07-22 12:30:00,241.6593017578125
2019-07-22 12:45:00,321.473388671875
2019-07-22 13:00:00,386.8765869140625
2019-07-22 13:15:00,404.6130981445313
2019-07-22 13:30:00,407.9386901855469
2019-07-22 13:45:00,406.8302001953125
2019-07-22 14:00:00,402.39599609375
2019-07-22 14:15:00,371.3572082519531
2019-07-22 14:30:00,378.0083923339844
2019-07-22 14:45:00,413.4812927246094
2019-07-22 15:00:00,401.2875061035156
2019-07-22 15:15:00,384.65960693359375
2019-07-22 15:30:00,411.2643127441406
2019-07-22 15:45:00,399.0704040527344
2019-07-22 16:00:00,386.8765869140625
2019-07-22 16:15:00,394.6362915039063
2019-07-22 16:30:00,411.2643127441406
2019-07-22 16:45:00,390.20220947265625
2019-07-22 17:00:00,386.8765869140625
2019-07-22 17:15:00,382.4425048828125
2019-07-22 17:30:00,339.2098999023437
2019-07-22 17:45:00,270.4811096191406
2019-07-22 18:00:00,226.139892578125
2019-07-22 18:15:00,200.643798828125
2019-07-22 18:30:00,180.6902008056641
2019-07-22 18:45:00,189.5585021972656
2019-07-22 19:00:00,182.9073028564453
2019-07-22 19:15:00,190.66700744628903
2019-07-22 19:30:00,178.47320556640625
2019-07-22 19:45:00,179.58169555664062
2019-07-22 20:00:00,187.3414001464844
2019-07-22 20:15:00,181.79879760742188
2019-07-22 20:30:00,159.62820434570312
2019-07-22 20:45:00,124.1552963256836
2019-07-22 21:00:00,111.9614028930664
2019-07-22 21:15:00,118.61260223388672
2019-07-22 21:30:00,110.85289764404295
2019-07-22 21:45:00,110.85289764404295
2019-07-22 22:00:00,100.8760986328125
2019-07-22 22:15:00,99.7676010131836
2019-07-22 22:30:00,109.74440002441406
2019-07-22 22:45:00,110.85289764404295
2019-07-22 23:00:00,109.74440002441406
2019-07-22 23:15:00,107.5272979736328
2019-07-22 23:30:00,82.03109741210938
2019-07-22 23:45:00,67.62030029296875
2019-07-23 00:00:00,57.64350128173828
2019-07-23 00:15:00,59.860599517822266
2019-07-23 00:30:00,65.4031982421875
2019-07-23 00:45:00,70.9458999633789
2019-07-23 01:00:00,72.05439758300781
2019-07-23 01:15:00,73.16290283203125
2019-07-23 01:30:00,73.16290283203125
2019-07-23 01:45:00,73.16290283203125
2019-07-23 02:00:00,70.9458999633789
2019-07-23 02:15:00,72.05439758300781
2019-07-23 02:30:00,67.62030029296875
2019-07-23 02:45:00,63.18619918823242
2019-07-23 03:00:00,64.2947006225586
2019-07-23 03:15:00,62.077598571777344
2019-07-23 03:30:00,64.2947006225586
2019-07-23 03:45:00,63.18619918823242
2019-07-23 04:00:00,63.18619918823242
2019-07-23 04:15:00,62.077598571777344
2019-07-23 04:30:00,62.077598571777344
2019-07-23 04:45:00,63.18619918823242
2019-07-23 05:00:00,63.18619918823242
2019-07-23 05:15:00,64.2947006225586
2019-07-23 05:30:00,62.077598571777344
2019-07-23 05:45:00,65.4031982421875
2019-07-23 06:00:00,66.51170349121094
2019-07-23 06:15:00,65.4031982421875
2019-07-23 06:30:00,60.96910095214844
2019-07-23 06:45:00,60.96910095214844
2019-07-23 07:00:00,63.18619918823242
2019-07-23 07:15:00,64.2947006225586
2019-07-23 07:30:00,125.26380157470705
2019-07-23 07:45:00,217.27169799804688
2019-07-23 08:00:00,211.72900390625
2019-07-23 08:15:00,235.00819396972656
2019-07-23 08:30:00,283.78338623046875
2019-07-23 08:45:00,343.6440124511719
2019-07-23 09:00:00,360.2719116210937
2019-07-23 09:15:00,392.4193115234375
2019-07-23 09:30:00,396.8533935546875
2019-07-23 09:45:00,406.8302001953125
2019-07-23 10:00:00,431.2178039550781
2019-07-23 10:15:00,404.6130981445313
2019-07-23 10:30:00,420.1325073242188
2019-07-23 10:45:00,205.9975433349609
2019-07-23 11:00:00,206.3678436279297
2019-07-23 11:15:00,421.2409973144531
2019-07-23 11:30:00,415.6983947753906
2019-07-23 11:45:00,387.9851989746094
2019-07-23 12:00:00,287.1090087890625
2019-07-23 12:15:00,215.0545959472656
2019-07-23 12:30:00,257.1787109375
2019-07-23 12:45:00,292.6517028808594
2019-07-23 13:00:00,376.89990234375
2019-07-23 13:15:00,391.3106994628906
2019-07-23 13:30:00,397.9619140625
2019-07-23 13:45:00,373.5743103027344
2019-07-23 14:00:00,384.65960693359375
2019-07-23 14:15:00,394.6362915039063
2019-07-23 14:30:00,407.9386901855469
2019-07-23 14:45:00,390.20220947265625
2019-07-23 15:00:00,413.4812927246094
2019-07-23 15:15:00,397.9619140625
2019-07-23 15:30:00,396.8533935546875
2019-07-23 15:45:00,396.8533935546875
2019-07-23 16:00:00,350.2951965332031
2019-07-23 16:15:00,396.8533935546875
2019-07-23 16:30:00,404.6130981445313
2019-07-23 16:45:00,427.8922119140625
2019-07-23 17:00:00,422.349609375
2019-07-23 17:15:00,390.20220947265625
2019-07-23 17:30:00,352.51220703125
2019-07-23 17:45:00,250.5276031494141
2019-07-23 18:00:00,219.4886932373047
2019-07-23 18:15:00,197.3182067871093
2019-07-23 18:30:00,167.3878936767578
2019-07-23 18:45:00,190.66700744628903
2019-07-23 19:00:00,185.12429809570312
2019-07-23 19:15:00,180.6902008056641
2019-07-23 19:30:00,149.65139770507812
2019-07-23 19:45:00,141.89169311523438
2019-07-23 20:00:00,139.67469787597656
2019-07-23 20:15:00,134.1320037841797
2019-07-23 20:30:00,131.9149932861328
2019-07-23 20:45:00,110.85289764404295
2019-07-23 21:00:00,93.11640167236328
2019-07-23 21:15:00,86.46530151367188
2019-07-23 21:30:00,98.65910339355467
2019-07-23 21:45:00,109.74440002441406
2019-07-23 22:00:00,110.85289764404295
2019-07-23 22:15:00,113.06999969482422
2019-07-23 22:30:00,103.09320068359376
2019-07-23 22:45:00,100.8760986328125
2019-07-23 23:00:00,108.63580322265624
2019-07-23 23:15:00,106.4188003540039
2019-07-23 23:30:00,167.6321561144133
2019-07-23 23:45:00,167.6321561144133
2019-07-24 00:00:00,167.6321561144133
2019-07-24 00:15:00,167.6321561144133
2019-07-24 00:30:00,167.6321561144133
2019-07-24 00:45:00,167.6321561144133
2019-07-24 01:00:00,167.6321561144133
2019-07-24 01:15:00,167.6321561144133
2019-07-24 01:30:00,167.6321561144133
2019-07-24 01:45:00,167.6321561144133
2019-07-24 02:00:00,167.6321561144133
2019-07-24 02:15:00,167.6321561144133
2019-07-24 02:30:00,167.6321561144133
2019-07-24 02:45:00,167.6321561144133
2019-07-24 03:00:00,167.6321561144133
2019-07-24 03:15:00,167.6321561144133
2019-07-24 03:30:00,167.6321561144133
2019-07-24 03:45:00,167.6321561144133
2019-07-24 04:00:00,167.6321561144133
2019-07-24 04:15:00,167.6321561144133
2019-07-24 04:30:00,167.6321561144133
2019-07-24 04:45:00,167.6321561144133
2019-07-24 05:00:00,167.6321561144133
2019-07-24 05:15:00,167.6321561144133
2019-07-24 05:30:00,167.6321561144133
2019-07-24 05:45:00,167.6321561144133
2019-07-24 06:00:00,167.6321561144133
2019-07-24 06:15:00,167.6321561144133
2019-07-24 06:30:00,167.6321561144133
2019-07-24 06:45:00,167.6321561144133
2019-07-24 07:00:00,167.6321561144133
2019-07-24 07:15:00,167.6321561144133
2019-07-24 07:30:00,167.6321561144133
2019-07-24 07:45:00,167.6321561144133
2019-07-24 08:00:00,167.6321561144133
2019-07-24 08:15:00,167.6321561144133
2019-07-24 08:30:00,167.6321561144133
2019-07-24 08:45:00,167.6321561144133
2019-07-24 09:00:00,167.6321561144133
2019-07-24 09:15:00,167.6321561144133
2019-07-24 09:30:00,167.6321561144133
2019-07-24 09:45:00,167.6321561144133
2019-07-24 10:00:00,167.6321561144133
2019-07-24 10:15:00,167.6321561144133
2019-07-24 10:30:00,167.6321561144133
2019-07-24 10:45:00,167.6321561144133
2019-07-24 11:00:00,167.6321561144133
2019-07-24 11:15:00,167.6321561144133
2019-07-24 11:30:00,167.6321561144133
2019-07-24 11:45:00,167.6321561144133
2019-07-24 12:00:00,280.4577941894531
2019-07-24 12:15:00,167.6321561144133
2019-07-24 12:30:00,167.6321561144133
2019-07-24 12:45:00,167.6321561144133
2019-07-24 13:00:00,167.6321561144133
2019-07-24 13:15:00,167.6321561144133
2019-07-24 13:30:00,167.6321561144133
2019-07-24 13:45:00,167.6321561144133
2019-07-24 14:00:00,167.6321561144133
2019-07-24 14:15:00,167.6321561144133
2019-07-24 14:30:00,167.6321561144133
2019-07-24 14:45:00,167.6321561144133
2019-07-24 15:00:00,167.6321561144133
2019-07-24 15:15:00,167.6321561144133
2019-07-24 15:30:00,167.6321561144133
2019-07-24 15:45:00,167.6321561144133
2019-07-24 16:00:00,167.6321561144133
2019-07-24 16:15:00,167.6321561144133
2019-07-24 16:30:00,167.6321561144133
2019-07-24 16:45:00,167.6321561144133
2019-07-24 17:00:00,167.6321561144133
2019-07-24 17:15:00,167.6321561144133
2019-07-24 17:30:00,167.6321561144133
2019-07-24 17:45:00,167.6321561144133
2019-07-24 18:00:00,167.6321561144133
2019-07-24 18:15:00,167.6321561144133
2019-07-24 18:30:00,167.6321561144133
2019-07-24 18:45:00,167.6321561144133
2019-07-24 19:00:00,167.6321561144133
2019-07-24 19:15:00,167.6321561144133
2019-07-24 19:30:00,167.6321561144133
2019-07-24 19:45:00,167.6321561144133
2019-07-24 20:00:00,167.6321561144133
2019-07-24 20:15:00,167.6321561144133
2019-07-24 20:30:00,167.6321561144133
2019-07-24 20:45:00,167.6321561144133
2019-07-24 21:00:00,167.6321561144133
2019-07-24 21:15:00,167.6321561144133
2019-07-24 21:30:00,167.6321561144133
2019-07-24 21:45:00,167.6321561144133
2019-07-24 22:00:00,167.6321561144133
2019-07-24 22:15:00,167.6321561144133
2019-07-24 22:30:00,167.6321561144133
2019-07-24 22:45:00,167.6321561144133
2019-07-24 23:00:00,167.6321561144133
2019-07-24 23:15:00,167.6321561144133
2019-07-24 23:30:00,167.6321561144133
2019-07-24 23:45:00,167.6321561144133
2019-07-25 00:00:00,167.6321561144133
2019-07-25 00:15:00,167.6321561144133
2019-07-25 00:30:00,167.6321561144133
2019-07-25 00:45:00,58.75199890136719
2019-07-25 01:00:00,53.20940017700195
2019-07-25 01:15:00,56.53499984741211
2019-07-25 01:30:00,58.75199890136719
2019-07-25 01:45:00,57.64350128173828
2019-07-25 02:00:00,58.75199890136719
2019-07-25 02:15:00,57.64350128173828
2019-07-25 02:30:00,56.53499984741211
2019-07-25 02:45:00,56.53499984741211
2019-07-25 03:00:00,55.42649841308594
2019-07-25 03:15:00,56.53499984741211
2019-07-25 03:30:00,54.317901611328125
2019-07-25 03:45:00,53.20940017700195
2019-07-25 04:00:00,53.20940017700195
2019-07-25 04:15:00,53.20940017700195
2019-07-25 04:30:00,52.10089874267578
2019-07-25 04:45:00,53.20940017700195
2019-07-25 05:00:00,54.317901611328125
2019-07-25 05:15:00,57.64350128173828
2019-07-25 05:30:00,52.10089874267578
2019-07-25 05:45:00,53.20940017700195
2019-07-25 06:00:00,59.860599517822266
2019-07-25 06:15:00,60.96910095214844
2019-07-25 06:30:00,57.64350128173828
2019-07-25 06:45:00,55.42649841308594
2019-07-25 07:00:00,56.53499984741211
2019-07-25 07:15:00,64.2947006225586
2019-07-25 07:30:00,141.89169311523438
2019-07-25 07:45:00,217.27169799804688
2019-07-25 08:00:00,222.8143005371093
2019-07-25 08:15:00,263.82989501953125
2019-07-25 08:30:00,315.9307861328125
2019-07-25 08:45:00,362.489013671875
2019-07-25 09:00:00,362.489013671875
2019-07-25 09:15:00,353.62078857421875
2019-07-25 09:30:00,366.923095703125
2019-07-25 09:45:00,387.9851989746094
2019-07-25 10:00:00,370.2486877441406
2019-07-25 10:15:00,374.6828002929688
2019-07-25 10:30:00,409.0472106933594
2019-07-25 10:45:00,402.39599609375
2019-07-25 11:00:00,391.3106994628906
2019-07-25 11:15:00,389.09368896484375
2019-07-25 11:30:00,383.5509948730469
2019-07-25 11:45:00,329.23309326171875
2019-07-25 12:00:00,269.3725891113281
2019-07-25 12:15:00,199.5352020263672
2019-07-25 12:30:00,190.66700744628903
2019-07-25 12:45:00,249.41900634765625
2019-07-25 13:00:00,327.01611328125
2019-07-25 13:15:00,359.16339111328125
2019-07-25 13:30:00,390.20220947265625
2019-07-25 13:45:00,400.1789855957031
2019-07-25 14:00:00,391.3106994628906
2019-07-25 14:15:00,396.8533935546875
2019-07-25 14:30:00,363.5975036621094
2019-07-25 14:45:00,368.0315856933594
2019-07-25 15:00:00,368.0315856933594
2019-07-25 15:15:00,368.0315856933594
2019-07-25 15:30:00,384.65960693359375
2019-07-25 15:45:00,371.3572082519531
2019-07-25 16:00:00,376.89990234375
2019-07-25 16:15:00,352.51220703125
2019-07-25 16:30:00,345.8611145019531
2019-07-25 16:45:00,387.9851989746094
2019-07-25 17:00:00,373.5743103027344
2019-07-25 17:15:00,345.8611145019531
2019-07-25 17:30:00,324.79901123046875
2019-07-25 17:45:00,257.1787109375
2019-07-25 18:00:00,208.40350341796875
2019-07-25 18:15:00,187.3414001464844
2019-07-25 18:30:00,189.5585021972656
2019-07-25 18:45:00,195.10110473632807
2019-07-25 19:00:00,189.5585021972656
2019-07-25 19:15:00,178.47320556640625
2019-07-25 19:30:00,172.9304962158203
2019-07-25 19:45:00,150.75990295410156
2019-07-25 20:00:00,139.67469787597656
2019-07-25 20:15:00,141.89169311523438
2019-07-25 20:30:00,135.24049377441406
2019-07-25 20:45:00,124.1552963256836
2019-07-25 21:00:00,110.85289764404295
2019-07-25 21:15:00,105.310302734375
2019-07-25 21:30:00,99.7676010131836
2019-07-25 21:45:00,110.85289764404295
2019-07-25 22:00:00,118.61260223388672
2019-07-25 22:15:00,106.4188003540039
2019-07-25 22:30:00,88.68229675292969
2019-07-25 22:45:00,89.79090118408203
2019-07-25 23:00:00,87.57379913330078
2019-07-25 23:15:00,77.59700012207031
2019-07-25 23:30:00,76.4885025024414
2019-07-25 23:45:00,68.72879791259766
2019-07-26 00:00:00,63.18619918823242
2019-07-26 00:15:00,64.2947006225586
2019-07-26 00:30:00,70.9458999633789
2019-07-26 00:45:00,68.72879791259766
2019-07-26 01:00:00,67.62030029296875
2019-07-26 01:15:00,72.05439758300781
2019-07-26 01:30:00,72.05439758300781
2019-07-26 01:45:00,64.2947006225586
2019-07-26 02:00:00,67.62030029296875
2019-07-26 02:15:00,66.51170349121094
2019-07-26 02:30:00,66.51170349121094
2019-07-26 02:45:00,66.51170349121094
2019-07-26 03:00:00,66.51170349121094
2019-07-26 03:15:00,66.51170349121094
2019-07-26 03:30:00,66.51170349121094
2019-07-26 03:45:00,67.62030029296875
2019-07-26 04:00:00,67.62030029296875
2019-07-26 04:15:00,62.077598571777344
2019-07-26 04:30:00,65.4031982421875
2019-07-26 04:45:00,60.96910095214844
2019-07-26 05:00:00,65.4031982421875
2019-07-26 05:15:00,63.18619918823242
2019-07-26 05:30:00,65.4031982421875
2019-07-26 05:45:00,64.2947006225586
2019-07-26 06:00:00,64.2947006225586
2019-07-26 06:15:00,167.6321561144133
2019-07-26 06:30:00,167.6321561144133
2019-07-26 06:45:00,167.6321561144133
2019-07-26 07:00:00,167.6321561144133
2019-07-26 07:15:00,167.6321561144133
2019-07-26 07:30:00,167.6321561144133
2019-07-26 07:45:00,167.6321561144133
2019-07-26 08:00:00,167.6321561144133
2019-07-26 08:15:00,167.6321561144133
2019-07-26 08:30:00,167.6321561144133
2019-07-26 08:45:00,167.6321561144133
2019-07-26 09:00:00,167.6321561144133
2019-07-26 09:15:00,167.6321561144133
2019-07-26 09:30:00,167.6321561144133
2019-07-26 09:45:00,167.6321561144133
2019-07-26 10:00:00,167.6321561144133
2019-07-26 10:15:00,167.6321561144133
2019-07-26 10:30:00,167.6321561144133
2019-07-26 10:45:00,167.6321561144133
2019-07-26 11:00:00,167.6321561144133
2019-07-26 11:15:00,167.6321561144133
2019-07-26 11:30:00,167.6321561144133
2019-07-26 11:45:00,167.6321561144133
2019-07-26 12:00:00,167.6321561144133
2019-07-26 12:15:00,167.6321561144133
2019-07-26 12:30:00,167.6321561144133
2019-07-26 12:45:00,167.6321561144133
2019-07-26 13:00:00,167.6321561144133
2019-07-26 13:15:00,167.6321561144133
2019-07-26 13:30:00,167.6321561144133
2019-07-26 13:45:00,167.6321561144133
2019-07-26 14:00:00,167.6321561144133
2019-07-26 14:15:00,167.6321561144133
2019-07-26 14:30:00,167.6321561144133
2019-07-26 14:45:00,167.6321561144133
2019-07-26 15:00:00,167.6321561144133
2019-07-26 15:15:00,167.6321561144133
2019-07-26 15:30:00,167.6321561144133
2019-07-26 15:45:00,167.6321561144133
2019-07-26 16:00:00,167.6321561144133
2019-07-26 16:15:00,167.6321561144133
2019-07-26 16:30:00,167.6321561144133
2019-07-26 16:45:00,167.6321561144133
2019-07-26 17:00:00,167.6321561144133
2019-07-26 17:15:00,167.6321561144133
2019-07-26 17:30:00,167.6321561144133
2019-07-26 17:45:00,167.6321561144133
2019-07-26 18:00:00,167.6321561144133
2019-07-26 18:15:00,167.6321561144133
2019-07-26 18:30:00,167.6321561144133
2019-07-26 18:45:00,188.4499053955078
2019-07-26 19:00:00,178.47320556640625
2019-07-26 19:15:00,184.0157928466797
2019-07-26 19:30:00,172.9304962158203
2019-07-26 19:45:00,154.0854949951172
2019-07-26 20:00:00,149.65139770507812
2019-07-26 20:15:00,147.4344024658203
2019-07-26 20:30:00,133.02349853515625
2019-07-26 20:45:00,106.4188003540039
2019-07-26 21:00:00,119.72109985351562
2019-07-26 21:15:00,130.806396484375
2019-07-26 21:30:00,125.26380157470705
2019-07-26 21:45:00,124.1552963256836
2019-07-26 22:00:00,120.82969665527344
2019-07-26 22:15:00,120.82969665527344
2019-07-26 22:30:00,118.61260223388672
2019-07-26 22:45:00,101.98470306396484
2019-07-26 23:00:00,87.57379913330078
2019-07-26 23:15:00,85.35669708251953
2019-07-26 23:30:00,78.70559692382812
2019-07-26 23:45:00,75.37999725341797
2019-07-27 00:00:00,67.62030029296875
2019-07-27 00:15:00,69.8373031616211
2019-07-27 00:30:00,76.4885025024414
2019-07-27 00:45:00,70.9458999633789
2019-07-27 01:00:00,73.16290283203125
2019-07-27 01:15:00,70.9458999633789
2019-07-27 01:30:00,69.8373031616211
2019-07-27 01:45:00,69.8373031616211
2019-07-27 02:00:00,72.05439758300781
2019-07-27 02:15:00,69.8373031616211
2019-07-27 02:30:00,67.62030029296875
2019-07-27 02:45:00,69.8373031616211
2019-07-27 03:00:00,68.72879791259766
2019-07-27 03:15:00,68.72879791259766
2019-07-27 03:30:00,68.72879791259766
2019-07-27 03:45:00,66.51170349121094
2019-07-27 04:00:00,68.72879791259766
2019-07-27 04:15:00,68.72879791259766
2019-07-27 04:30:00,68.72879791259766
2019-07-27 04:45:00,68.72879791259766
2019-07-27 05:00:00,64.2947006225586
2019-07-27 05:15:00,69.8373031616211
2019-07-27 05:30:00,67.62030029296875
2019-07-27 05:45:00,69.8373031616211
2019-07-27 06:00:00,72.05439758300781
2019-07-27 06:15:00,66.51170349121094
2019-07-27 06:30:00,69.8373031616211
2019-07-27 06:45:00,67.62030029296875
2019-07-27 07:00:00,70.9458999633789
2019-07-27 07:15:00,68.72879791259766
2019-07-27 07:30:00,143.0001983642578
2019-07-27 07:45:00,215.0545959472656
2019-07-27 08:00:00,218.3802032470703
2019-07-27 08:15:00,254.96170043945312
2019-07-27 08:30:00,345.8611145019531
2019-07-27 08:45:00,376.89990234375
2019-07-27 09:00:00,371.3572082519531
2019-07-27 09:15:00,396.8533935546875
2019-07-27 09:30:00,395.7449035644531
2019-07-27 09:45:00,394.6362915039063
2019-07-27 10:00:00,209.9507751464844
2019-07-27 10:15:00,415.6983947753906
2019-07-27 10:30:00,208.00387573242188
2019-07-27 10:45:00,205.9212188720703
2019-07-27 11:00:00,405.7215881347656
2019-07-27 11:15:00,416.806884765625
2019-07-27 11:30:00,406.8302001953125
2019-07-27 11:45:00,375.7912902832031
2019-07-27 12:00:00,295.9772033691406
2019-07-27 12:15:00,233.89959716796875
2019-07-27 12:30:00,237.22520446777344
2019-07-27 12:45:00,330.34161376953125
2019-07-27 13:00:00,378.0083923339844
2019-07-27 13:15:00,420.1325073242188
2019-07-27 13:30:00,415.6983947753906
2019-07-27 13:45:00,395.7449035644531
2019-07-27 14:00:00,392.4193115234375
2019-07-27 14:15:00,409.0472106933594
2019-07-27 14:30:00,410.15570068359375
2019-07-27 14:45:00,406.8302001953125
2019-07-27 15:00:00,384.65960693359375
2019-07-27 15:15:00,391.3106994628906
2019-07-27 15:30:00,405.7215881347656
2019-07-27 15:45:00,420.1325073242188
2019-07-27 16:00:00,424.5665893554688
2019-07-27 16:15:00,413.4812927246094
2019-07-27 16:30:00,424.5665893554688
2019-07-27 16:45:00,406.8302001953125
2019-07-27 17:00:00,396.8533935546875
2019-07-27 17:15:00,382.4425048828125
2019-07-27 17:30:00,343.6440124511719
2019-07-27 17:45:00,283.78338623046875
2019-07-27 18:00:00,223.9228973388672
2019-07-27 18:15:00,193.9925994873047
2019-07-27 18:30:00,167.3878936767578
2019-07-27 18:45:00,162.95379638671875
2019-07-27 19:00:00,162.95379638671875
2019-07-27 19:15:00,162.95379638671875
2019-07-27 19:30:00,168.49639892578125
2019-07-27 19:45:00,134.1320037841797
2019-07-27 20:00:00,103.09320068359376
2019-07-27 20:15:00,93.11640167236328
2019-07-27 20:30:00,96.44200134277344
2019-07-27 20:45:00,94.2249984741211
2019-07-27 21:00:00,89.79090118408203
2019-07-27 21:15:00,87.57379913330078
2019-07-27 21:30:00,75.37999725341797
2019-07-27 21:45:00,74.27140045166016
2019-07-27 22:00:00,75.37999725341797
2019-07-27 22:15:00,79.81410217285156
2019-07-27 22:30:00,84.24819946289062
2019-07-27 22:45:00,82.03109741210938
2019-07-27 23:00:00,76.4885025024414
2019-07-27 23:15:00,76.4885025024414
2019-07-27 23:30:00,75.37999725341797
2019-07-27 23:45:00,77.59700012207031
2019-07-28 00:00:00,66.51170349121094
2019-07-28 00:15:00,41.01559829711914
2019-07-28 00:30:00,43.23260116577149
2019-07-28 00:45:00,41.01559829711914
2019-07-28 01:00:00,41.01559829711914
2019-07-28 01:15:00,41.01559829711914
2019-07-28 01:30:00,41.01559829711914
2019-07-28 01:45:00,41.01559829711914
2019-07-28 02:00:00,41.01559829711914
2019-07-28 02:15:00,39.90700149536133
2019-07-28 02:30:00,39.90700149536133
2019-07-28 02:45:00,57.64350128173828
2019-07-28 03:00:00,62.077598571777344
2019-07-28 03:15:00,60.96910095214844
2019-07-28 03:30:00,63.18619918823242
2019-07-28 03:45:00,62.077598571777344
2019-07-28 04:00:00,63.18619918823242
2019-07-28 04:15:00,64.2947006225586
2019-07-28 04:30:00,63.18619918823242
2019-07-28 04:45:00,63.18619918823242
2019-07-28 05:00:00,62.077598571777344
2019-07-28 05:15:00,62.077598571777344
2019-07-28 05:30:00,62.077598571777344
2019-07-28 05:45:00,60.96910095214844
2019-07-28 06:00:00,62.077598571777344
2019-07-28 06:15:00,62.077598571777344
2019-07-28 06:30:00,66.51170349121094
2019-07-28 06:45:00,65.4031982421875
2019-07-28 07:00:00,63.18619918823242
2019-07-28 07:15:00,64.2947006225586
2019-07-28 07:30:00,150.75990295410156
2019-07-28 07:45:00,210.62049865722656
2019-07-28 08:00:00,195.10110473632807
2019-07-28 08:15:00,252.74459838867188
2019-07-28 08:30:00,297.0857849121094
2019-07-28 08:45:00,343.6440124511719
2019-07-28 09:00:00,361.3804931640625
2019-07-28 09:15:00,385.7680969238281
2019-07-28 09:30:00,385.7680969238281
2019-07-28 09:45:00,381.3340148925781
2019-07-28 10:00:00,376.89990234375
2019-07-28 10:15:00,371.3572082519531
2019-07-28 10:30:00,379.1169128417969
2019-07-28 10:45:00,356.9462890625
2019-07-28 11:00:00,346.9696044921875
2019-07-28 11:15:00,334.7757873535156
2019-07-28 11:30:00,336.9927978515625
2019-07-28 11:45:00,308.1711120605469
2019-07-28 12:00:00,264.9383850097656
2019-07-28 12:15:00,176.256103515625
2019-07-28 12:30:00,179.58169555664062
2019-07-28 12:45:00,246.0933990478516
2019-07-28 13:00:00,315.9307861328125
2019-07-28 13:15:00,359.16339111328125
2019-07-28 13:30:00,359.16339111328125
2019-07-28 13:45:00,343.6440124511719
2019-07-28 14:00:00,387.9851989746094
2019-07-28 14:15:00,368.0315856933594
2019-07-28 14:30:00,351.4036865234375
2019-07-28 14:45:00,376.89990234375
2019-07-28 15:00:00,350.2951965332031
2019-07-28 15:15:00,348.0780944824219
2019-07-28 15:30:00,363.5975036621094
2019-07-28 15:45:00,364.70599365234375
2019-07-28 16:00:00,386.8765869140625
2019-07-28 16:15:00,390.20220947265625
2019-07-28 16:30:00,385.7680969238281
2019-07-28 16:45:00,403.5046081542969
2019-07-28 17:00:00,370.2486877441406
2019-07-28 17:15:00,360.2719116210937
2019-07-28 17:30:00,307.0625
2019-07-28 17:45:00,262.7214050292969
2019-07-28 18:00:00,193.9925994873047
2019-07-28 18:15:00,175.14759826660156
2019-07-28 18:30:00,159.62820434570312
2019-07-28 18:45:00,165.17080688476562
2019-07-28 19:00:00,166.27940368652344
2019-07-28 19:15:00,147.4344024658203
2019-07-28 19:30:00,124.1552963256836
2019-07-28 19:45:00,124.1552963256836
2019-07-28 20:00:00,121.93820190429688
2019-07-28 20:15:00,113.06999969482422
2019-07-28 20:30:00,107.5272979736328
2019-07-28 20:45:00,98.65910339355467
2019-07-28 21:00:00,87.57379913330078
2019-07-28 21:15:00,87.57379913330078
2019-07-28 21:30:00,89.79090118408203
2019-07-28 21:45:00,103.09320068359376
2019-07-28 22:00:00,106.4188003540039
2019-07-28 22:15:00,101.98470306396484
2019-07-28 22:30:00,101.98470306396484
2019-07-28 22:45:00,100.8760986328125
2019-07-28 23:00:00,101.98470306396484
2019-07-28 23:15:00,101.98470306396484
2019-07-28 23:30:00,95.33350372314452
2019-07-28 23:45:00,100.8760986328125
2019-07-29 00:00:00,77.59700012207031
2019-07-29 00:15:00,65.4031982421875
2019-07-29 00:30:00,65.4031982421875
2019-07-29 00:45:00,62.077598571777344
2019-07-29 01:00:00,59.860599517822266
2019-07-29 01:15:00,63.18619918823242
2019-07-29 01:30:00,63.18619918823242
2019-07-29 01:45:00,65.4031982421875
2019-07-29 02:00:00,63.18619918823242
2019-07-29 02:15:00,62.077598571777344
2019-07-29 02:30:00,58.75199890136719
2019-07-29 02:45:00,58.75199890136719
2019-07-29 03:00:00,59.860599517822266
2019-07-29 03:15:00,59.860599517822266
2019-07-29 03:30:00,59.860599517822266
2019-07-29 03:45:00,62.077598571777344
2019-07-29 04:00:00,60.96910095214844
2019-07-29 04:15:00,58.75199890136719
2019-07-29 04:30:00,58.75199890136719
2019-07-29 04:45:00,58.75199890136719
2019-07-29 05:00:00,59.860599517822266
2019-07-29 05:15:00,59.860599517822266
2019-07-29 05:30:00,59.860599517822266
2019-07-29 05:45:00,60.96910095214844
2019-07-29 06:00:00,55.42649841308594
2019-07-29 06:15:00,64.2947006225586
2019-07-29 06:30:00,64.2947006225586
2019-07-29 06:45:00,60.96910095214844
2019-07-29 07:00:00,60.96910095214844
2019-07-29 07:15:00,60.96910095214844
2019-07-29 07:30:00,127.48079681396484
2019-07-29 07:45:00,211.72900390625
2019-07-29 08:00:00,218.3802032470703
2019-07-29 08:15:00,251.63609313964844
2019-07-29 08:30:00,320.3648986816406
2019-07-29 08:45:00,358.0549011230469
2019-07-29 09:00:00,372.4657897949219
2019-07-29 09:15:00,384.65960693359375
2019-07-29 09:30:00,400.1789855957031
2019-07-29 09:45:00,385.7680969238281
2019-07-29 10:00:00,374.6828002929688
2019-07-29 10:15:00,412.372802734375
2019-07-29 10:30:00,401.2875061035156
2019-07-29 10:45:00,406.8302001953125
2019-07-29 11:00:00,413.4812927246094
2019-07-29 11:15:00,410.15570068359375
2019-07-29 11:30:00,383.5509948730469
2019-07-29 11:45:00,368.0315856933594
2019-07-29 12:00:00,295.9772033691406
2019-07-29 12:15:00,210.62049865722656
2019-07-29 12:30:00,220.5973052978516
2019-07-29 12:45:00,270.4811096191406
2019-07-29 13:00:00,352.51220703125
2019-07-29 13:15:00,421.2409973144531
2019-07-29 13:30:00,396.8533935546875
2019-07-29 13:45:00,396.8533935546875
2019-07-29 14:00:00,390.20220947265625
2019-07-29 14:15:00,386.8765869140625
2019-07-29 14:30:00,392.4193115234375
2019-07-29 14:45:00,372.4657897949219
2019-07-29 15:00:00,370.2486877441406
2019-07-29 15:15:00,375.7912902832031
2019-07-29 15:30:00,379.1169128417969
2019-07-29 15:45:00,365.8146057128906
2019-07-29 16:00:00,378.0083923339844
2019-07-29 16:15:00,379.1169128417969
2019-07-29 16:30:00,393.5278015136719
2019-07-29 16:45:00,400.1789855957031
2019-07-29 17:00:00,397.9619140625
2019-07-29 17:15:00,375.7912902832031
2019-07-29 17:30:00,318.1477966308594
2019-07-29 17:45:00,271.589599609375
2019-07-29 18:00:00,209.51199340820312
2019-07-29 18:15:00,190.66700744628903
2019-07-29 18:30:00,197.3182067871093
2019-07-29 18:45:00,208.40350341796875
2019-07-29 19:00:00,205.0778961181641
2019-07-29 19:15:00,196.2095947265625
2019-07-29 19:30:00,192.88409423828125
2019-07-29 19:45:00,190.66700744628903
2019-07-29 20:00:00,156.30259704589844
2019-07-29 20:15:00,134.1320037841797
2019-07-29 20:30:00,137.4575958251953
2019-07-29 20:45:00,140.783203125
2019-07-29 21:00:00,120.82969665527344
2019-07-29 21:15:00,115.28700256347656
2019-07-29 21:30:00,115.28700256347656
2019-07-29 21:45:00,108.63580322265624
2019-07-29 22:00:00,107.5272979736328
2019-07-29 22:15:00,110.85289764404295
2019-07-29 22:30:00,94.2249984741211
2019-07-29 22:45:00,96.44200134277344
2019-07-29 23:00:00,92.00789642333984
2019-07-29 23:15:00,93.11640167236328
2019-07-29 23:30:00,94.2249984741211
2019-07-29 23:45:00,98.65910339355467
2019-07-30 00:00:00,68.72879791259766
2019-07-30 00:15:00,59.860599517822266
2019-07-30 00:30:00,57.64350128173828
2019-07-30 00:45:00,59.860599517822266
2019-07-30 01:00:00,60.96910095214844
2019-07-30 01:15:00,62.077598571777344
2019-07-30 01:30:00,58.75199890136719
2019-07-30 01:45:00,57.64350128173828
2019-07-30 02:00:00,58.75199890136719
2019-07-30 02:15:00,56.53499984741211
2019-07-30 02:30:00,55.42649841308594
2019-07-30 02:45:00,56.53499984741211
2019-07-30 03:00:00,54.317901611328125
2019-07-30 03:15:00,56.53499984741211
2019-07-30 03:30:00,54.317901611328125
2019-07-30 03:45:00,50.9922981262207
2019-07-30 04:00:00,50.9922981262207
2019-07-30 04:15:00,53.20940017700195
2019-07-30 04:30:00,54.317901611328125
2019-07-30 04:45:00,55.42649841308594
2019-07-30 05:00:00,58.75199890136719
2019-07-30 05:15:00,50.9922981262207
2019-07-30 05:30:00,52.10089874267578
2019-07-30 05:45:00,56.53499984741211
2019-07-30 06:00:00,57.64350128173828
2019-07-30 06:15:00,62.077598571777344
2019-07-30 06:30:00,63.18619918823242
2019-07-30 06:45:00,56.53499984741211
2019-07-30 07:00:00,55.42649841308594
2019-07-30 07:15:00,69.8373031616211
2019-07-30 07:30:00,156.30259704589844
2019-07-30 07:45:00,211.72900390625
2019-07-30 08:00:00,205.0778961181641
2019-07-30 08:15:00,230.57400512695312
2019-07-30 08:30:00,321.473388671875
2019-07-30 08:45:00,365.8146057128906
2019-07-30 09:00:00,393.5278015136719
2019-07-30 09:15:00,385.7680969238281
2019-07-30 09:30:00,383.5509948730469
2019-07-30 09:45:00,382.4425048828125
2019-07-30 10:00:00,368.0315856933594
2019-07-30 10:15:00,392.4193115234375
2019-07-30 10:30:00,387.9851989746094
2019-07-30 10:45:00,417.9154052734375
2019-07-30 11:00:00,420.1325073242188
2019-07-30 11:15:00,434.54339599609375
2019-07-30 11:30:00,436.7604064941406
2019-07-30 11:45:00,395.7449035644531
2019-07-30 12:00:00,282.6748962402344
2019-07-30 12:15:00,188.4499053955078
2019-07-30 12:30:00,203.96929931640625
2019-07-30 12:45:00,284.8919982910156
2019-07-30 13:00:00,360.2719116210937
2019-07-30 13:15:00,385.7680969238281
2019-07-30 13:30:00,387.9851989746094
2019-07-30 13:45:00,410.15570068359375
2019-07-30 14:00:00,396.8533935546875
2019-07-30 14:15:00,403.5046081542969
2019-07-30 14:30:00,419.0239868164063
2019-07-30 14:45:00,432.3262939453125
2019-07-30 15:00:00,430.10931396484375
2019-07-30 15:15:00,420.1325073242188
2019-07-30 15:30:00,427.8922119140625
2019-07-30 15:45:00,432.3262939453125
2019-07-30 16:00:00,391.3106994628906
2019-07-30 16:15:00,378.0083923339844
2019-07-30 16:30:00,402.39599609375
2019-07-30 16:45:00,414.58990478515625
2019-07-30 17:00:00,396.8533935546875
2019-07-30 17:15:00,345.8611145019531
2019-07-30 17:30:00,305.9540100097656
2019-07-30 17:45:00,222.8143005371093
2019-07-30 18:00:00,211.72900390625
2019-07-30 18:15:00,195.10110473632807
2019-07-30 18:30:00,189.5585021972656
2019-07-30 18:45:00,182.9073028564453
2019-07-30 19:00:00,162.95379638671875
2019-07-30 19:15:00,165.17080688476562
2019-07-30 19:30:00,141.89169311523438
2019-07-30 19:45:00,127.48079681396484
2019-07-30 20:00:00,87.57379913330078
2019-07-30 20:15:00,78.70559692382812
2019-07-30 20:30:00,83.13970184326172
2019-07-30 20:45:00,90.89939880371094
2019-07-30 21:00:00,99.7676010131836
2019-07-30 21:15:00,116.39550018310548
2019-07-30 21:30:00,108.63580322265624
2019-07-30 21:45:00,103.09320068359376
2019-07-30 22:00:00,108.63580322265624
2019-07-30 22:15:00,109.74440002441406
2019-07-30 22:30:00,113.06999969482422
2019-07-30 22:45:00,109.74440002441406
2019-07-30 23:00:00,96.44200134277344
2019-07-30 23:15:00,82.03109741210938
2019-07-30 23:30:00,89.79090118408203
2019-07-30 23:45:00,94.2249984741211
2019-07-31 00:00:00,98.65910339355467
2019-07-31 00:15:00,80.92259979248047
2019-07-31 00:30:00,60.96910095214844
2019-07-31 00:45:00,59.860599517822266
2019-07-31 01:00:00,56.53499984741211
2019-07-31 01:15:00,60.96910095214844
2019-07-31 01:30:00,60.96910095214844
2019-07-31 01:45:00,59.860599517822266
2019-07-31 02:00:00,59.860599517822266
2019-07-31 02:15:00,58.75199890136719
2019-07-31 02:30:00,55.42649841308594
2019-07-31 02:45:00,55.42649841308594
2019-07-31 03:00:00,55.42649841308594
2019-07-31 03:15:00,55.42649841308594
2019-07-31 03:30:00,57.64350128173828
2019-07-31 03:45:00,55.42649841308594
2019-07-31 04:00:00,56.53499984741211
2019-07-31 04:15:00,55.42649841308594
2019-07-31 04:30:00,55.42649841308594
2019-07-31 04:45:00,54.317901611328125
2019-07-31 05:00:00,55.42649841308594
2019-07-31 05:15:00,53.20940017700195
2019-07-31 05:30:00,55.42649841308594
2019-07-31 05:45:00,53.20940017700195
2019-07-31 06:00:00,56.53499984741211
2019-07-31 06:15:00,57.64350128173828
2019-07-31 06:30:00,60.96910095214844
2019-07-31 06:45:00,58.75199890136719
2019-07-31 07:00:00,58.75199890136719
2019-07-31 07:15:00,62.077598571777344
2019-07-31 07:30:00,137.4575958251953
2019-07-31 07:45:00,212.8376007080078
2019-07-31 08:00:00,210.62049865722656
2019-07-31 08:15:00,239.4423065185547
2019-07-31 08:30:00,352.51220703125
2019-07-31 08:45:00,359.16339111328125
2019-07-31 09:00:00,396.8533935546875
2019-07-31 09:15:00,409.0472106933594
2019-07-31 09:30:00,382.4425048828125
2019-07-31 09:45:00,401.2875061035156
2019-07-31 10:00:00,379.1169128417969
2019-07-31 10:15:00,373.5743103027344
2019-07-31 10:30:00,406.8302001953125
2019-07-31 10:45:00,396.8533935546875
2019-07-31 11:00:00,401.2875061035156
2019-07-31 11:15:00,407.9386901855469
2019-07-31 11:30:00,416.806884765625
2019-07-31 11:45:00,353.62078857421875
2019-07-31 12:00:00,284.8919982910156
2019-07-31 12:15:00,223.9228973388672
2019-07-31 12:30:00,236.11669921875
2019-07-31 12:45:00,321.473388671875
2019-07-31 13:00:00,311.4967041015625
2019-07-31 13:15:00,366.923095703125
2019-07-31 13:30:00,381.3340148925781
2019-07-31 13:45:00,368.0315856933594
2019-07-31 14:00:00,366.923095703125
2019-07-31 14:15:00,345.8611145019531
2019-07-31 14:30:00,372.4657897949219
2019-07-31 14:45:00,371.3572082519531
2019-07-31 15:00:00,379.1169128417969
2019-07-31 15:15:00,384.65960693359375
2019-07-31 15:30:00,336.9927978515625
2019-07-31 15:45:00,288.2174987792969
2019-07-31 16:00:00,261.61279296875
2019-07-31 16:15:00,268.2640075683594
2019-07-31 16:30:00,270.4811096191406
2019-07-31 16:45:00,246.0933990478516
2019-07-31 17:00:00,229.4654998779297
2019-07-31 17:15:00,242.7678985595703
2019-07-31 17:30:00,229.4654998779297
2019-07-31 17:45:00,177.36459350585938
2019-07-31 18:00:00,159.62820434570312
2019-07-31 18:15:00,159.62820434570312
2019-07-31 18:30:00,157.41110229492188
2019-07-31 18:45:00,162.95379638671875
2019-07-31 19:00:00,121.93820190429688
2019-07-31 19:15:00,93.11640167236328
2019-07-31 19:30:00,74.27140045166016
2019-07-31 19:45:00,50.9922981262207
2019-07-31 20:00:00,56.53499984741211
2019-07-31 20:15:00,55.42649841308594
2019-07-31 20:30:00,55.42649841308594
2019-07-31 20:45:00,53.20940017700195
2019-07-31 21:00:00,62.077598571777344
2019-07-31 21:15:00,77.59700012207031
2019-07-31 21:30:00,64.2947006225586
2019-07-31 21:45:00,70.9458999633789
2019-07-31 22:00:00,60.96910095214844
2019-07-31 22:15:00,63.18619918823242
2019-07-31 22:30:00,70.9458999633789
2019-07-31 22:45:00,73.16290283203125
2019-07-31 23:00:00,55.42649841308594
2019-07-31 23:15:00,43.23260116577149
2019-07-31 23:30:00,14.410900115966797
2019-07-31 23:45:00,13.302300453186035
2019-08-01 00:00:00,13.302300453186035
2019-08-01 00:15:00,12.19379997253418
2019-08-01 00:30:00,12.19379997253418
2019-08-01 00:45:00,12.19379997253418
2019-08-01 01:00:00,12.19379997253418
2019-08-01 01:15:00,12.19379997253418
2019-08-01 01:30:00,11.08530044555664
2019-08-01 01:45:00,12.19379997253418
2019-08-01 02:00:00,9.976799964904783
2019-08-01 02:15:00,7.759699821472168
2019-08-01 02:30:00,8.868200302124023
2019-08-01 02:45:00,7.759699821472168
2019-08-01 03:00:00,7.759699821472168
2019-08-01 03:15:00,7.759699821472168
2019-08-01 03:30:00,7.759699821472168
2019-08-01 03:45:00,8.868200302124023
2019-08-01 04:00:00,6.651199817657471
2019-08-01 04:15:00,7.759699821472168
2019-08-01 04:30:00,7.759699821472168
2019-08-01 04:45:00,7.759699821472168
2019-08-01 05:00:00,7.759699821472168
2019-08-01 05:15:00,6.651199817657471
2019-08-01 05:30:00,8.868200302124023
2019-08-01 05:45:00,7.759699821472168
2019-08-01 06:00:00,6.651199817657471
2019-08-01 06:15:00,9.976799964904783
2019-08-01 06:30:00,8.868200302124023
2019-08-01 06:45:00,7.759699821472168
2019-08-01 07:00:00,8.868200302124023
2019-08-01 07:15:00,7.759699821472168
2019-08-01 07:30:00,28.8218002319336
2019-08-01 07:45:00,87.57379913330078
2019-08-01 08:00:00,83.13970184326172
2019-08-01 08:15:00,113.06999969482422
2019-08-01 08:30:00,175.14759826660156
2019-08-01 08:45:00,244.98489379882807
2019-08-01 09:00:00,283.78338623046875
2019-08-01 09:15:00,286.00048828125
2019-08-01 09:30:00,279.34930419921875
2019-08-01 09:45:00,262.7214050292969
2019-08-01 10:00:00,244.98489379882807
2019-08-01 10:15:00,211.72900390625
2019-08-01 10:30:00,250.5276031494141
2019-08-01 10:45:00,267.1554870605469
2019-08-01 11:00:00,267.1554870605469
2019-08-01 11:15:00,274.9151916503906
2019-08-01 11:30:00,252.74459838867188
2019-08-01 11:45:00,252.74459838867188
2019-08-01 12:00:00,172.9304962158203
2019-08-01 12:15:00,139.67469787597656
2019-08-01 12:30:00,138.56610107421875
2019-08-01 12:45:00,219.4886932373047
2019-08-01 13:00:00,264.9383850097656
2019-08-01 13:15:00,257.1787109375
2019-08-01 13:30:00,235.00819396972656
2019-08-01 13:45:00,226.139892578125
2019-08-01 14:00:00,246.0933990478516
2019-08-01 14:15:00,256.0701904296875
2019-08-01 14:30:00,246.0933990478516
2019-08-01 14:45:00,293.7601928710937
2019-08-01 15:00:00,269.3725891113281
2019-08-01 15:15:00,267.1554870605469
2019-08-01 15:30:00,305.9540100097656
2019-08-01 15:45:00,257.1787109375
2019-08-01 16:00:00,256.0701904296875
2019-08-01 16:15:00,289.3261108398437
2019-08-01 16:30:00,309.27960205078125
2019-08-01 16:45:00,279.34930419921875
2019-08-01 17:00:00,267.1554870605469
2019-08-01 17:15:00,252.74459838867188
2019-08-01 17:30:00,203.96929931640625
2019-08-01 17:45:00,123.04669952392578
2019-08-01 18:00:00,65.4031982421875
2019-08-01 18:15:00,104.20169830322266
2019-08-01 18:30:00,121.93820190429688
2019-08-01 18:45:00,137.4575958251953
2019-08-01 19:00:00,146.3258056640625
2019-08-01 19:15:00,154.0854949951172
2019-08-01 19:30:00,88.68229675292969
2019-08-01 19:45:00,76.4885025024414
2019-08-01 20:00:00,58.75199890136719
2019-08-01 20:15:00,56.53499984741211
2019-08-01 20:30:00,53.20940017700195
2019-08-01 20:45:00,27.71319961547852
2019-08-01 21:00:00,34.36439895629883
2019-08-01 21:15:00,42.12409973144531
2019-08-01 21:30:00,52.10089874267578
2019-08-01 21:45:00,48.775299072265625
2019-08-01 22:00:00,47.66669845581055
2019-08-01 22:15:00,46.55820083618164
2019-08-01 22:30:00,44.34120178222656
2019-08-01 22:45:00,39.90700149536133
2019-08-01 23:00:00,33.25590133666992
2019-08-01 23:15:00,16.627899169921875
2019-08-01 23:30:00,15.519399642944336
2019-08-01 23:45:00,13.302300453186035
2019-08-02 00:00:00,11.08530044555664
2019-08-02 00:15:00,11.08530044555664
2019-08-02 00:30:00,9.976799964904783
2019-08-02 00:45:00,11.08530044555664
2019-08-02 01:00:00,11.08530044555664
2019-08-02 01:15:00,9.976799964904783
2019-08-02 01:30:00,11.08530044555664
2019-08-02 01:45:00,9.976799964904783
2019-08-02 02:00:00,5.542600154876709
2019-08-02 02:15:00,7.759699821472168
2019-08-02 02:30:00,5.542600154876709
2019-08-02 02:45:00,5.542600154876709
2019-08-02 03:00:00,6.651199817657471
2019-08-02 03:15:00,5.542600154876709
2019-08-02 03:30:00,7.759699821472168
2019-08-02 03:45:00,5.542600154876709
2019-08-02 04:00:00,6.651199817657471
2019-08-02 04:15:00,5.542600154876709
2019-08-02 04:30:00,5.542600154876709
2019-08-02 04:45:00,6.651199817657471
2019-08-02 05:00:00,5.542600154876709
2019-08-02 05:15:00,6.651199817657471
2019-08-02 05:30:00,6.651199817657471
2019-08-02 05:45:00,4.434100151062012
2019-08-02 06:00:00,8.868200302124023
2019-08-02 06:15:00,8.868200302124023
2019-08-02 06:30:00,13.302300453186035
2019-08-02 06:45:00,13.302300453186035
2019-08-02 07:00:00,13.302300453186035
2019-08-02 07:15:00,9.976799964904783
2019-08-02 07:30:00,58.75199890136719
2019-08-02 07:45:00,130.806396484375
2019-08-02 08:00:00,126.37229919433594
2019-08-02 08:15:00,165.17080688476562
2019-08-02 08:30:00,278.2408142089844
2019-08-02 08:45:00,307.0625
2019-08-02 09:00:00,304.8454895019531
2019-08-02 09:15:00,349.1866149902344
2019-08-02 09:30:00,376.89990234375
2019-08-02 09:45:00,402.39599609375
2019-08-02 10:00:00,364.70599365234375
2019-08-02 10:15:00,399.0704040527344
2019-08-02 10:30:00,401.2875061035156
2019-08-02 10:45:00,409.0472106933594
2019-08-02 11:00:00,419.0239868164063
2019-08-02 11:15:00,411.2643127441406
2019-08-02 11:30:00,386.8765869140625
2019-08-02 11:45:00,336.9927978515625
2019-08-02 12:00:00,257.1787109375
2019-08-02 12:15:00,201.75230407714844
2019-08-02 12:30:00,208.40350341796875
2019-08-02 12:45:00,281.56640625
2019-08-02 13:00:00,291.5430908203125
2019-08-02 13:15:00,331.4501953125
2019-08-02 13:30:00,358.0549011230469
2019-08-02 13:45:00,350.2951965332031
2019-08-02 14:00:00,370.2486877441406
2019-08-02 14:15:00,373.5743103027344
2019-08-02 14:30:00,360.2719116210937
2019-08-02 14:45:00,378.0083923339844
2019-08-02 15:00:00,411.2643127441406
2019-08-02 15:15:00,403.5046081542969
2019-08-02 15:30:00,404.6130981445313
2019-08-02 15:45:00,374.6828002929688
2019-08-02 16:00:00,363.5975036621094
2019-08-02 16:15:00,380.2254943847656
2019-08-02 16:30:00,406.8302001953125
2019-08-02 16:45:00,396.8533935546875
2019-08-02 17:00:00,396.8533935546875
2019-08-02 17:15:00,375.7912902832031
2019-08-02 17:30:00,331.4501953125
2019-08-02 17:45:00,217.27169799804688
2019-08-02 18:00:00,179.58169555664062
2019-08-02 18:15:00,179.58169555664062
2019-08-02 18:30:00,176.256103515625
2019-08-02 18:45:00,167.3878936767578
2019-08-02 19:00:00,167.6321561144133
2019-08-02 19:15:00,167.6321561144133
2019-08-02 19:30:00,167.6321561144133
2019-08-02 19:45:00,167.6321561144133
2019-08-02 20:00:00,167.6321561144133
2019-08-02 20:15:00,167.6321561144133
2019-08-02 20:30:00,167.6321561144133
2019-08-02 20:45:00,167.6321561144133
2019-08-02 21:00:00,167.6321561144133
2019-08-02 21:15:00,167.6321561144133
2019-08-02 21:30:00,167.6321561144133
2019-08-02 21:45:00,167.6321561144133
2019-08-02 22:00:00,167.6321561144133
2019-08-02 22:15:00,167.6321561144133
2019-08-02 22:30:00,167.6321561144133
2019-08-02 22:45:00,167.6321561144133
2019-08-02 23:00:00,167.6321561144133
2019-08-02 23:15:00,167.6321561144133
2019-08-02 23:30:00,167.6321561144133
2019-08-02 23:45:00,167.6321561144133
2019-08-03 00:00:00,167.6321561144133
2019-08-03 00:15:00,167.6321561144133
2019-08-03 00:30:00,167.6321561144133
2019-08-03 00:45:00,167.6321561144133
2019-08-03 01:00:00,167.6321561144133
2019-08-03 01:15:00,167.6321561144133
2019-08-03 01:30:00,167.6321561144133
2019-08-03 01:45:00,167.6321561144133
2019-08-03 02:00:00,167.6321561144133
2019-08-03 02:15:00,167.6321561144133
2019-08-03 02:30:00,167.6321561144133
2019-08-03 02:45:00,167.6321561144133
2019-08-03 03:00:00,167.6321561144133
2019-08-03 03:15:00,167.6321561144133
2019-08-03 03:30:00,167.6321561144133
2019-08-03 03:45:00,167.6321561144133
2019-08-03 04:00:00,167.6321561144133
2019-08-03 04:15:00,167.6321561144133
2019-08-03 04:30:00,167.6321561144133
2019-08-03 04:45:00,167.6321561144133
2019-08-03 05:00:00,167.6321561144133
2019-08-03 05:15:00,167.6321561144133
2019-08-03 05:30:00,167.6321561144133
2019-08-03 05:45:00,167.6321561144133
2019-08-03 06:00:00,167.6321561144133
2019-08-03 06:15:00,167.6321561144133
2019-08-03 06:30:00,167.6321561144133
2019-08-03 06:45:00,167.6321561144133
2019-08-03 07:00:00,167.6321561144133
2019-08-03 07:15:00,167.6321561144133
2019-08-03 07:30:00,104.20169830322266
2019-08-03 07:45:00,107.5272979736328
2019-08-03 08:00:00,133.02349853515625
2019-08-03 08:15:00,164.0623016357422
2019-08-03 08:30:00,209.51199340820312
2019-08-03 08:45:00,247.2019958496093
2019-08-03 09:00:00,263.82989501953125
2019-08-03 09:15:00,268.2640075683594
2019-08-03 09:30:00,272.6980895996094
2019-08-03 09:45:00,297.0857849121094
2019-08-03 10:00:00,286.00048828125
2019-08-03 10:15:00,287.1090087890625
2019-08-03 10:30:00,287.1090087890625
2019-08-03 10:45:00,283.78338623046875
2019-08-03 11:00:00,277.1322937011719
2019-08-03 11:15:00,292.6517028808594
2019-08-03 11:30:00,300.4114074707031
2019-08-03 11:45:00,289.3261108398437
2019-08-03 12:00:00,228.35699462890625
2019-08-03 12:15:00,159.62820434570312
2019-08-03 12:30:00,172.9304962158203
2019-08-03 12:45:00,241.6593017578125
2019-08-03 13:00:00,261.61279296875
2019-08-03 13:15:00,277.1322937011719
2019-08-03 13:30:00,280.4577941894531
2019-08-03 13:45:00,302.6283874511719
2019-08-03 14:00:00,309.27960205078125
2019-08-03 14:15:00,295.9772033691406
2019-08-03 14:30:00,299.30279541015625
2019-08-03 14:45:00,266.0469970703125
2019-08-03 15:00:00,294.86871337890625
2019-08-03 15:15:00,293.7601928710937
2019-08-03 15:30:00,291.5430908203125
2019-08-03 15:45:00,290.4346008300781
2019-08-03 16:00:00,283.78338623046875
2019-08-03 16:15:00,308.1711120605469
2019-08-03 16:30:00,321.473388671875
2019-08-03 16:45:00,332.5586853027344
2019-08-03 17:00:00,311.4967041015625
2019-08-03 17:15:00,295.9772033691406
2019-08-03 17:30:00,253.8531036376953
2019-08-03 17:45:00,177.36459350585938
2019-08-03 18:00:00,130.806396484375
2019-08-03 18:15:00,107.5272979736328
2019-08-03 18:30:00,86.46530151367188
2019-08-03 18:45:00,72.05439758300781
2019-08-03 19:00:00,68.72879791259766
2019-08-03 19:15:00,73.16290283203125
2019-08-03 19:30:00,75.37999725341797
2019-08-03 19:45:00,78.70559692382812
2019-08-03 20:00:00,77.59700012207031
2019-08-03 20:15:00,74.27140045166016
2019-08-03 20:30:00,70.9458999633789
2019-08-03 20:45:00,69.8373031616211
2019-08-03 21:00:00,66.51170349121094
2019-08-03 21:15:00,62.077598571777344
2019-08-03 21:30:00,65.4031982421875
2019-08-03 21:45:00,57.64350128173828
2019-08-03 22:00:00,60.96910095214844
2019-08-03 22:15:00,55.42649841308594
2019-08-03 22:30:00,56.53499984741211
2019-08-03 22:45:00,56.53499984741211
2019-08-03 23:00:00,53.20940017700195
2019-08-03 23:15:00,66.51170349121094
2019-08-03 23:30:00,62.077598571777344
2019-08-03 23:45:00,57.64350128173828
2019-08-04 00:00:00,55.42649841308594
2019-08-04 00:15:00,52.10089874267578
2019-08-04 00:30:00,54.317901611328125
2019-08-04 00:45:00,55.42649841308594
2019-08-04 01:00:00,55.42649841308594
2019-08-04 01:15:00,55.42649841308594
2019-08-04 01:30:00,53.20940017700195
2019-08-04 01:45:00,53.20940017700195
2019-08-04 02:00:00,53.20940017700195
2019-08-04 02:15:00,55.42649841308594
2019-08-04 02:30:00,54.317901611328125
2019-08-04 02:45:00,54.317901611328125
2019-08-04 03:00:00,55.42649841308594
2019-08-04 03:15:00,55.42649841308594
2019-08-04 03:30:00,53.20940017700195
2019-08-04 03:45:00,53.20940017700195
2019-08-04 04:00:00,53.20940017700195
2019-08-04 04:15:00,52.10089874267578
2019-08-04 04:30:00,52.10089874267578
2019-08-04 04:45:00,55.42649841308594
2019-08-04 05:00:00,54.317901611328125
2019-08-04 05:15:00,55.42649841308594
2019-08-04 05:30:00,54.317901611328125
2019-08-04 05:45:00,54.317901611328125
2019-08-04 06:00:00,56.53499984741211
2019-08-04 06:15:00,57.64350128173828
2019-08-04 06:30:00,59.860599517822266
2019-08-04 06:45:00,59.860599517822266
2019-08-04 07:00:00,57.64350128173828
2019-08-04 07:15:00,58.75199890136719
2019-08-04 07:30:00,110.85289764404295
2019-08-04 07:45:00,133.02349853515625
2019-08-04 08:00:00,156.30259704589844
2019-08-04 08:15:00,180.6902008056641
2019-08-04 08:30:00,264.9383850097656
2019-08-04 08:45:00,288.2174987792969
2019-08-04 09:00:00,282.6748962402344
2019-08-04 09:15:00,299.30279541015625
2019-08-04 09:30:00,309.27960205078125
2019-08-04 09:45:00,304.8454895019531
2019-08-04 10:00:00,324.79901123046875
2019-08-04 10:15:00,311.4967041015625
2019-08-04 10:30:00,299.30279541015625
2019-08-04 10:45:00,319.25640869140625
2019-08-04 11:00:00,303.73699951171875
2019-08-04 11:15:00,313.7137145996094
2019-08-04 11:30:00,301.5198974609375
2019-08-04 11:45:00,297.0857849121094
2019-08-04 12:00:00,235.00819396972656
2019-08-04 12:15:00,152.9770050048828
2019-08-04 12:30:00,151.86849975585938
2019-08-04 12:45:00,222.8143005371093
2019-08-04 13:00:00,233.89959716796875
2019-08-04 13:15:00,256.0701904296875
2019-08-04 13:30:00,260.5043029785156
2019-08-04 13:45:00,270.4811096191406
2019-08-04 14:00:00,283.78338623046875
2019-08-04 14:15:00,277.1322937011719
2019-08-04 14:30:00,272.6980895996094
2019-08-04 14:45:00,289.3261108398437
2019-08-04 15:00:00,274.9151916503906
2019-08-04 15:15:00,297.0857849121094
2019-08-04 15:30:00,269.3725891113281
2019-08-04 15:45:00,287.1090087890625
2019-08-04 16:00:00,283.78338623046875
2019-08-04 16:15:00,282.6748962402344
2019-08-04 16:30:00,291.5430908203125
2019-08-04 16:45:00,268.2640075683594
2019-08-04 17:00:00,241.6593017578125
2019-08-04 17:15:00,218.3802032470703
2019-08-04 17:30:00,197.3182067871093
2019-08-04 17:45:00,180.6902008056641
2019-08-04 18:00:00,121.93820190429688
2019-08-04 18:15:00,105.310302734375
2019-08-04 18:30:00,97.55059814453124
2019-08-04 18:45:00,74.27140045166016
2019-08-04 19:00:00,69.8373031616211
2019-08-04 19:15:00,75.37999725341797
2019-08-04 19:30:00,74.27140045166016
2019-08-04 19:45:00,67.62030029296875
2019-08-04 20:00:00,57.64350128173828
2019-08-04 20:15:00,58.75199890136719
2019-08-04 20:30:00,50.9922981262207
2019-08-04 20:45:00,56.53499984741211
2019-08-04 21:00:00,55.42649841308594
2019-08-04 21:15:00,56.53499984741211
2019-08-04 21:30:00,59.860599517822266
2019-08-04 21:45:00,57.64350128173828
2019-08-04 22:00:00,55.42649841308594
2019-08-04 22:15:00,62.077598571777344
2019-08-04 22:30:00,56.53499984741211
2019-08-04 22:45:00,56.53499984741211
2019-08-04 23:00:00,58.75199890136719
2019-08-04 23:15:00,56.53499984741211
2019-08-04 23:30:00,57.64350128173828
2019-08-04 23:45:00,55.42649841308594
2019-08-05 00:00:00,57.64350128173828
2019-08-05 00:15:00,57.64350128173828
2019-08-05 00:30:00,56.53499984741211
2019-08-05 00:45:00,56.53499984741211
2019-08-05 01:00:00,53.20940017700195
2019-08-05 01:15:00,55.42649841308594
2019-08-05 01:30:00,55.42649841308594
2019-08-05 01:45:00,54.317901611328125
2019-08-05 02:00:00,54.317901611328125
2019-08-05 02:15:00,55.42649841308594
2019-08-05 02:30:00,54.317901611328125
2019-08-05 02:45:00,53.20940017700195
2019-08-05 03:00:00,53.20940017700195
2019-08-05 03:15:00,55.42649841308594
2019-08-05 03:30:00,54.317901611328125
2019-08-05 03:45:00,55.42649841308594
2019-08-05 04:00:00,54.317901611328125
2019-08-05 04:15:00,55.42649841308594
2019-08-05 04:30:00,54.317901611328125
2019-08-05 04:45:00,57.64350128173828
2019-08-05 05:00:00,55.42649841308594
2019-08-05 05:15:00,55.42649841308594
2019-08-05 05:30:00,55.42649841308594
2019-08-05 05:45:00,54.317901611328125
2019-08-05 06:00:00,55.42649841308594
2019-08-05 06:15:00,56.53499984741211
2019-08-05 06:30:00,59.860599517822266
2019-08-05 06:45:00,59.860599517822266
2019-08-05 07:00:00,55.42649841308594
2019-08-05 07:15:00,56.53499984741211
2019-08-05 07:30:00,125.26380157470705
2019-08-05 07:45:00,209.51199340820312
2019-08-05 08:00:00,228.35699462890625
2019-08-05 08:15:00,262.7214050292969
2019-08-05 08:30:00,288.2174987792969
2019-08-05 08:45:00,322.5819091796875
2019-08-05 09:00:00,341.4269104003906
2019-08-05 09:15:00,365.8146057128906
2019-08-05 09:30:00,361.3804931640625
2019-08-05 09:45:00,383.5509948730469
2019-08-05 10:00:00,376.89990234375
2019-08-05 10:15:00,338.1014099121094
2019-08-05 10:30:00,390.20220947265625
2019-08-05 10:45:00,383.5509948730469
2019-08-05 11:00:00,375.7912902832031
2019-08-05 11:15:00,376.89990234375
2019-08-05 11:30:00,359.16339111328125
2019-08-05 11:45:00,342.5354919433594
2019-08-05 12:00:00,290.4346008300781
2019-08-05 12:15:00,200.643798828125
2019-08-05 12:30:00,184.0157928466797
2019-08-05 12:45:00,253.8531036376953
2019-08-05 13:00:00,264.9383850097656
2019-08-05 13:15:00,268.2640075683594
2019-08-05 13:30:00,322.5819091796875
2019-08-05 13:45:00,352.51220703125
2019-08-05 14:00:00,365.8146057128906
2019-08-05 14:15:00,359.16339111328125
2019-08-05 14:30:00,352.51220703125
2019-08-05 14:45:00,360.2719116210937
2019-08-05 15:00:00,356.9462890625
2019-08-05 15:15:00,342.5354919433594
2019-08-05 15:30:00,335.8843078613281
2019-08-05 15:45:00,344.75250244140625
2019-08-05 16:00:00,356.9462890625
2019-08-05 16:15:00,349.1866149902344
2019-08-05 16:30:00,349.1866149902344
2019-08-05 16:45:00,343.6440124511719
2019-08-05 17:00:00,338.1014099121094
2019-08-05 17:15:00,349.1866149902344
2019-08-05 17:30:00,320.3648986816406
2019-08-05 17:45:00,233.89959716796875
2019-08-05 18:00:00,198.4266967773437
2019-08-05 18:15:00,182.9073028564453
2019-08-05 18:30:00,165.17080688476562
2019-08-05 18:45:00,144.10879516601562
2019-08-05 19:00:00,136.34910583496094
2019-08-05 19:15:00,137.4575958251953
2019-08-05 19:30:00,139.67469787597656
2019-08-05 19:45:00,146.3258056640625
2019-08-05 20:00:00,108.63580322265624
2019-08-05 20:15:00,108.63580322265624
2019-08-05 20:30:00,107.5272979736328
2019-08-05 20:45:00,104.20169830322266
2019-08-05 21:00:00,84.24819946289062
2019-08-05 21:15:00,84.24819946289062
2019-08-05 21:30:00,167.6321561144133
2019-08-05 21:45:00,167.6321561144133
2019-08-05 22:00:00,167.6321561144133
2019-08-05 22:15:00,167.6321561144133
2019-08-05 22:30:00,167.6321561144133
2019-08-05 22:45:00,167.6321561144133
2019-08-05 23:00:00,167.6321561144133
2019-08-05 23:15:00,167.6321561144133
2019-08-05 23:30:00,167.6321561144133
2019-08-05 23:45:00,167.6321561144133
2019-08-06 00:00:00,167.6321561144133
2019-08-06 00:15:00,167.6321561144133
2019-08-06 00:30:00,167.6321561144133
2019-08-06 00:45:00,167.6321561144133
2019-08-06 01:00:00,167.6321561144133
2019-08-06 01:15:00,167.6321561144133
2019-08-06 01:30:00,167.6321561144133
2019-08-06 01:45:00,167.6321561144133
2019-08-06 02:00:00,167.6321561144133
2019-08-06 02:15:00,167.6321561144133
2019-08-06 02:30:00,167.6321561144133
2019-08-06 02:45:00,167.6321561144133
2019-08-06 03:00:00,167.6321561144133
2019-08-06 03:15:00,167.6321561144133
2019-08-06 03:30:00,167.6321561144133
2019-08-06 03:45:00,167.6321561144133
2019-08-06 04:00:00,167.6321561144133
2019-08-06 04:15:00,167.6321561144133
2019-08-06 04:30:00,167.6321561144133
2019-08-06 04:45:00,167.6321561144133
2019-08-06 05:00:00,167.6321561144133
2019-08-06 05:15:00,167.6321561144133
2019-08-06 05:30:00,167.6321561144133
2019-08-06 05:45:00,167.6321561144133
2019-08-06 06:00:00,167.6321561144133
2019-08-06 06:15:00,167.6321561144133
2019-08-06 06:30:00,167.6321561144133
2019-08-06 06:45:00,167.6321561144133
2019-08-06 07:00:00,167.6321561144133
2019-08-06 07:15:00,167.6321561144133
2019-08-06 07:30:00,167.6321561144133
2019-08-06 07:45:00,167.6321561144133
2019-08-06 08:00:00,167.6321561144133
2019-08-06 08:15:00,167.6321561144133
2019-08-06 08:30:00,167.6321561144133
2019-08-06 08:45:00,167.6321561144133
2019-08-06 09:00:00,167.6321561144133
2019-08-06 09:15:00,167.6321561144133
2019-08-06 09:30:00,167.6321561144133
2019-08-06 09:45:00,167.6321561144133
2019-08-06 10:00:00,352.51220703125
2019-08-06 10:15:00,372.4657897949219
2019-08-06 10:30:00,375.7912902832031
2019-08-06 10:45:00,342.5354919433594
2019-08-06 11:00:00,362.489013671875
2019-08-06 11:15:00,366.923095703125
2019-08-06 11:30:00,359.16339111328125
2019-08-06 11:45:00,317.039306640625
2019-08-06 12:00:00,270.4811096191406
2019-08-06 12:15:00,188.4499053955078
2019-08-06 12:30:00,187.3414001464844
2019-08-06 12:45:00,167.6321561144133
2019-08-06 13:00:00,167.6321561144133
2019-08-06 13:15:00,167.6321561144133
2019-08-06 13:30:00,167.6321561144133
2019-08-06 13:45:00,167.6321561144133
2019-08-06 14:00:00,167.6321561144133
2019-08-06 14:15:00,167.6321561144133
2019-08-06 14:30:00,167.6321561144133
2019-08-06 14:45:00,167.6321561144133
2019-08-06 15:00:00,167.6321561144133
2019-08-06 15:15:00,167.6321561144133
2019-08-06 15:30:00,167.6321561144133
2019-08-06 15:45:00,167.6321561144133
2019-08-06 16:00:00,167.6321561144133
2019-08-06 16:15:00,167.6321561144133
2019-08-06 16:30:00,167.6321561144133
2019-08-06 16:45:00,167.6321561144133
2019-08-06 17:00:00,167.6321561144133
2019-08-06 17:15:00,167.6321561144133
2019-08-06 17:30:00,167.6321561144133
2019-08-06 17:45:00,167.6321561144133
2019-08-06 18:00:00,167.6321561144133
2019-08-06 18:15:00,167.6321561144133
2019-08-06 18:30:00,167.6321561144133
2019-08-06 18:45:00,167.6321561144133
2019-08-06 19:00:00,167.6321561144133
2019-08-06 19:15:00,167.6321561144133
2019-08-06 19:30:00,167.6321561144133
2019-08-06 19:45:00,167.6321561144133
2019-08-06 20:00:00,167.6321561144133
2019-08-06 20:15:00,167.6321561144133
2019-08-06 20:30:00,167.6321561144133
2019-08-06 20:45:00,167.6321561144133
2019-08-06 21:00:00,167.6321561144133
2019-08-06 21:15:00,167.6321561144133
2019-08-06 21:30:00,167.6321561144133
2019-08-06 21:45:00,167.6321561144133
2019-08-06 22:00:00,167.6321561144133
2019-08-06 22:15:00,167.6321561144133
2019-08-06 22:30:00,167.6321561144133
2019-08-06 22:45:00,167.6321561144133
2019-08-06 23:00:00,167.6321561144133
2019-08-06 23:15:00,167.6321561144133
2019-08-06 23:30:00,167.6321561144133
2019-08-06 23:45:00,167.6321561144133
2019-08-07 00:00:00,167.6321561144133
2019-08-07 00:15:00,167.6321561144133
2019-08-07 00:30:00,167.6321561144133
2019-08-07 00:45:00,167.6321561144133
2019-08-07 01:00:00,167.6321561144133
2019-08-07 01:15:00,63.18619918823242
2019-08-07 01:30:00,63.18619918823242
2019-08-07 01:45:00,62.077598571777344
2019-08-07 02:00:00,59.860599517822266
2019-08-07 02:15:00,57.64350128173828
2019-08-07 02:30:00,55.42649841308594
2019-08-07 02:45:00,57.64350128173828
2019-08-07 03:00:00,54.317901611328125
2019-08-07 03:15:00,56.53499984741211
2019-08-07 03:30:00,54.317901611328125
2019-08-07 03:45:00,56.53499984741211
2019-08-07 04:00:00,53.20940017700195
2019-08-07 04:15:00,55.42649841308594
2019-08-07 04:30:00,54.317901611328125
2019-08-07 04:45:00,53.20940017700195
2019-08-07 05:00:00,54.317901611328125
2019-08-07 05:15:00,54.317901611328125
2019-08-07 05:30:00,55.42649841308594
2019-08-07 05:45:00,54.317901611328125
2019-08-07 06:00:00,56.53499984741211
2019-08-07 06:15:00,55.42649841308594
2019-08-07 06:30:00,60.96910095214844
2019-08-07 06:45:00,59.860599517822266
2019-08-07 07:00:00,58.75199890136719
2019-08-07 07:15:00,56.53499984741211
2019-08-07 07:30:00,101.98470306396484
2019-08-07 07:45:00,212.8376007080078
2019-08-07 08:00:00,217.27169799804688
2019-08-07 08:15:00,215.0545959472656
2019-08-07 08:30:00,283.78338623046875
2019-08-07 08:45:00,358.0549011230469
2019-08-07 09:00:00,371.3572082519531
2019-08-07 09:15:00,396.8533935546875
2019-08-07 09:30:00,371.3572082519531
2019-08-07 09:45:00,391.3106994628906
2019-08-07 10:00:00,412.372802734375
2019-08-07 10:15:00,422.349609375
2019-08-07 10:30:00,389.09368896484375
2019-08-07 10:45:00,410.15570068359375
2019-08-07 11:00:00,387.9851989746094
2019-08-07 11:15:00,399.0704040527344
2019-08-07 11:30:00,381.3340148925781
2019-08-07 11:45:00,381.3340148925781
2019-08-07 12:00:00,323.69049072265625
2019-08-07 12:15:00,222.8143005371093
2019-08-07 12:30:00,212.8376007080078
2019-08-07 12:45:00,284.8919982910156
2019-08-07 13:00:00,334.7757873535156
2019-08-07 13:15:00,331.4501953125
2019-08-07 13:30:00,346.9696044921875
2019-08-07 13:45:00,354.72930908203125
2019-08-07 14:00:00,167.6321561144133
2019-08-07 14:15:00,167.6321561144133
2019-08-07 14:30:00,167.6321561144133
2019-08-07 14:45:00,167.6321561144133
2019-08-07 15:00:00,167.6321561144133
2019-08-07 15:15:00,167.6321561144133
2019-08-07 15:30:00,167.6321561144133
2019-08-07 15:45:00,167.6321561144133
2019-08-07 16:00:00,167.6321561144133
2019-08-07 16:15:00,167.6321561144133
2019-08-07 16:30:00,167.6321561144133
2019-08-07 16:45:00,167.6321561144133
2019-08-07 17:00:00,167.6321561144133
2019-08-07 17:15:00,167.6321561144133
2019-08-07 17:30:00,167.6321561144133
2019-08-07 17:45:00,167.6321561144133
2019-08-07 18:00:00,167.6321561144133
2019-08-07 18:15:00,167.6321561144133
2019-08-07 18:30:00,167.6321561144133
2019-08-07 18:45:00,167.6321561144133
2019-08-07 19:00:00,167.6321561144133
2019-08-07 19:15:00,167.6321561144133
2019-08-07 19:30:00,167.6321561144133
2019-08-07 19:45:00,167.6321561144133
2019-08-07 20:00:00,167.6321561144133
2019-08-07 20:15:00,167.6321561144133
2019-08-07 20:30:00,167.6321561144133
2019-08-07 20:45:00,167.6321561144133
2019-08-07 21:00:00,167.6321561144133
2019-08-07 21:15:00,167.6321561144133
2019-08-07 21:30:00,167.6321561144133
2019-08-07 21:45:00,167.6321561144133
2019-08-07 22:00:00,167.6321561144133
2019-08-07 22:15:00,167.6321561144133
2019-08-07 22:30:00,167.6321561144133
2019-08-07 22:45:00,167.6321561144133
2019-08-07 23:00:00,167.6321561144133
2019-08-07 23:15:00,167.6321561144133
2019-08-07 23:30:00,167.6321561144133
2019-08-07 23:45:00,167.6321561144133
2019-08-08 00:00:00,167.6321561144133
2019-08-08 00:15:00,167.6321561144133
2019-08-08 00:30:00,167.6321561144133
2019-08-08 00:45:00,167.6321561144133
2019-08-08 01:00:00,167.6321561144133
2019-08-08 01:15:00,167.6321561144133
2019-08-08 01:30:00,167.6321561144133
2019-08-08 01:45:00,167.6321561144133
2019-08-08 02:00:00,167.6321561144133
2019-08-08 02:15:00,167.6321561144133
2019-08-08 02:30:00,60.96910095214844
2019-08-08 02:45:00,59.860599517822266
2019-08-08 03:00:00,56.53499984741211
2019-08-08 03:15:00,167.6321561144133
2019-08-08 03:30:00,167.6321561144133
2019-08-08 03:45:00,167.6321561144133
2019-08-08 04:00:00,167.6321561144133
2019-08-08 04:15:00,167.6321561144133
2019-08-08 04:30:00,167.6321561144133
2019-08-08 04:45:00,167.6321561144133
2019-08-08 05:00:00,167.6321561144133
2019-08-08 05:15:00,167.6321561144133
2019-08-08 05:30:00,167.6321561144133
2019-08-08 05:45:00,167.6321561144133
2019-08-08 06:00:00,167.6321561144133
2019-08-08 06:15:00,167.6321561144133
2019-08-08 06:30:00,167.6321561144133
2019-08-08 06:45:00,167.6321561144133
2019-08-08 07:00:00,167.6321561144133
2019-08-08 07:15:00,167.6321561144133
2019-08-08 07:30:00,167.6321561144133
2019-08-08 07:45:00,167.6321561144133
2019-08-08 08:00:00,167.6321561144133
2019-08-08 08:15:00,167.6321561144133
2019-08-08 08:30:00,167.6321561144133
2019-08-08 08:45:00,167.6321561144133
2019-08-08 09:00:00,167.6321561144133
2019-08-08 09:15:00,167.6321561144133
2019-08-08 09:30:00,167.6321561144133
2019-08-08 09:45:00,167.6321561144133
2019-08-08 10:00:00,167.6321561144133
2019-08-08 10:15:00,167.6321561144133
2019-08-08 10:30:00,167.6321561144133
2019-08-08 10:45:00,167.6321561144133
2019-08-08 11:00:00,167.6321561144133
2019-08-08 11:15:00,167.6321561144133
2019-08-08 11:30:00,167.6321561144133
2019-08-08 11:45:00,167.6321561144133
2019-08-08 12:00:00,167.6321561144133
2019-08-08 12:15:00,167.6321561144133
2019-08-08 12:30:00,167.6321561144133
2019-08-08 12:45:00,167.6321561144133
2019-08-08 13:00:00,167.6321561144133
2019-08-08 13:15:00,167.6321561144133
2019-08-08 13:30:00,167.6321561144133
2019-08-08 13:45:00,167.6321561144133
2019-08-08 14:00:00,167.6321561144133
2019-08-08 14:15:00,167.6321561144133
2019-08-08 14:30:00,167.6321561144133
2019-08-08 14:45:00,167.6321561144133
2019-08-08 15:00:00,167.6321561144133
2019-08-08 15:15:00,167.6321561144133
2019-08-08 15:30:00,167.6321561144133
2019-08-08 15:45:00,356.9462890625
2019-08-08 16:00:00,356.9462890625
2019-08-08 16:15:00,365.8146057128906
2019-08-08 16:30:00,359.16339111328125
2019-08-08 16:45:00,348.0780944824219
2019-08-08 17:00:00,336.9927978515625
2019-08-08 17:15:00,341.4269104003906
2019-08-08 17:30:00,317.039306640625
2019-08-08 17:45:00,236.11669921875
2019-08-08 18:00:00,206.1864013671875
2019-08-08 18:15:00,185.12429809570312
2019-08-08 18:30:00,167.3878936767578
2019-08-08 18:45:00,147.4344024658203
2019-08-08 19:00:00,121.93820190429688
2019-08-08 19:15:00,110.85289764404295
2019-08-08 19:30:00,96.44200134277344
2019-08-08 19:45:00,98.65910339355467
2019-08-08 20:00:00,101.98470306396484
2019-08-08 20:15:00,100.8760986328125
2019-08-08 20:30:00,98.65910339355467
2019-08-08 20:45:00,101.98470306396484
2019-08-08 21:00:00,98.65910339355467
2019-08-08 21:15:00,103.09320068359376
2019-08-08 21:30:00,99.7676010131836
2019-08-08 21:45:00,103.09320068359376
2019-08-08 22:00:00,99.7676010131836
2019-08-08 22:15:00,97.55059814453124
2019-08-08 22:30:00,95.33350372314452
2019-08-08 22:45:00,107.5272979736328
2019-08-08 23:00:00,105.310302734375
2019-08-08 23:15:00,87.57379913330078
2019-08-08 23:30:00,79.81410217285156
2019-08-08 23:45:00,75.37999725341797
2019-08-09 00:00:00,75.37999725341797
2019-08-09 00:15:00,75.37999725341797
2019-08-09 00:30:00,73.16290283203125
2019-08-09 00:45:00,69.8373031616211
2019-08-09 01:00:00,68.72879791259766
2019-08-09 01:15:00,67.62030029296875
2019-08-09 01:30:00,62.077598571777344
2019-08-09 01:45:00,66.51170349121094
2019-08-09 02:00:00,64.2947006225586
2019-08-09 02:15:00,63.18619918823242
2019-08-09 02:30:00,62.077598571777344
2019-08-09 02:45:00,60.96910095214844
2019-08-09 03:00:00,59.860599517822266
2019-08-09 03:15:00,62.077598571777344
2019-08-09 03:30:00,62.077598571777344
2019-08-09 03:45:00,62.077598571777344
2019-08-09 04:00:00,53.20940017700195
2019-08-09 04:15:00,59.860599517822266
2019-08-09 04:30:00,60.96910095214844
2019-08-09 04:45:00,59.860599517822266
2019-08-09 05:00:00,58.75199890136719
2019-08-09 05:15:00,60.96910095214844
2019-08-09 05:30:00,58.75199890136719
2019-08-09 05:45:00,58.75199890136719
2019-08-09 06:00:00,60.96910095214844
2019-08-09 06:15:00,60.96910095214844
2019-08-09 06:30:00,65.4031982421875
2019-08-09 06:45:00,66.51170349121094
2019-08-09 07:00:00,62.077598571777344
2019-08-09 07:15:00,69.8373031616211
2019-08-09 07:30:00,109.74440002441406
2019-08-09 07:45:00,135.24049377441406
2019-08-09 08:00:00,139.67469787597656
2019-08-09 08:15:00,168.49639892578125
2019-08-09 08:30:00,248.3105010986328
2019-08-09 08:45:00,267.1554870605469
2019-08-09 09:00:00,270.4811096191406
2019-08-09 09:15:00,298.1943054199219
2019-08-09 09:30:00,308.1711120605469
2019-08-09 09:45:00,293.7601928710937
2019-08-09 10:00:00,317.039306640625
2019-08-09 10:15:00,329.23309326171875
2019-08-09 10:30:00,327.01611328125
2019-08-09 10:45:00,323.69049072265625
2019-08-09 11:00:00,329.23309326171875
2019-08-09 11:15:00,314.8222045898437
2019-08-09 11:30:00,333.6672058105469
2019-08-09 11:45:00,313.7137145996094
2019-08-09 12:00:00,243.8764038085937
2019-08-09 12:15:00,159.62820434570312
2019-08-09 12:30:00,160.7366943359375
2019-08-09 12:45:00,244.98489379882807
2019-08-09 13:00:00,281.56640625
2019-08-09 13:15:00,319.25640869140625
2019-08-09 13:30:00,310.3880920410156
2019-08-09 13:45:00,290.4346008300781
2019-08-09 14:00:00,298.1943054199219
2019-08-09 14:15:00,278.2408142089844
2019-08-09 14:30:00,300.4114074707031
2019-08-09 14:45:00,313.7137145996094
2019-08-09 15:00:00,304.8454895019531
2019-08-09 15:15:00,312.6051940917969
2019-08-09 15:30:00,301.5198974609375
2019-08-09 15:45:00,291.5430908203125
2019-08-09 16:00:00,301.5198974609375
2019-08-09 16:15:00,288.2174987792969
2019-08-09 16:30:00,320.3648986816406
2019-08-09 16:45:00,300.4114074707031
2019-08-09 17:00:00,297.0857849121094
2019-08-09 17:15:00,249.41900634765625
2019-08-09 17:30:00,220.5973052978516
2019-08-09 17:45:00,181.79879760742188
2019-08-09 18:00:00,130.806396484375
2019-08-09 18:15:00,104.20169830322266
2019-08-09 18:30:00,101.98470306396484
2019-08-09 18:45:00,92.00789642333984
2019-08-09 19:00:00,65.4031982421875
2019-08-09 19:15:00,64.2947006225586
2019-08-09 19:30:00,65.4031982421875
2019-08-09 19:45:00,64.2947006225586
2019-08-09 20:00:00,63.18619918823242
2019-08-09 20:15:00,64.2947006225586
2019-08-09 20:30:00,60.96910095214844
2019-08-09 20:45:00,58.75199890136719
2019-08-09 21:00:00,69.8373031616211
2019-08-09 21:15:00,72.05439758300781
2019-08-09 21:30:00,70.9458999633789
2019-08-09 21:45:00,74.27140045166016
2019-08-09 22:00:00,74.27140045166016
2019-08-09 22:15:00,74.27140045166016
2019-08-09 22:30:00,75.37999725341797
2019-08-09 22:45:00,68.72879791259766
2019-08-09 23:00:00,69.8373031616211
2019-08-09 23:15:00,68.72879791259766
2019-08-09 23:30:00,70.9458999633789
2019-08-09 23:45:00,68.72879791259766
2019-08-10 00:00:00,66.51170349121094
2019-08-10 00:15:00,68.72879791259766
2019-08-10 00:30:00,68.72879791259766
2019-08-10 00:45:00,67.62030029296875
2019-08-10 01:00:00,64.2947006225586
2019-08-10 01:15:00,65.4031982421875
2019-08-10 01:30:00,64.2947006225586
2019-08-10 01:45:00,64.2947006225586
2019-08-10 02:00:00,63.18619918823242
2019-08-10 02:15:00,64.2947006225586
2019-08-10 02:30:00,64.2947006225586
2019-08-10 02:45:00,65.4031982421875
2019-08-10 03:00:00,64.2947006225586
2019-08-10 03:15:00,67.62030029296875
2019-08-10 03:30:00,66.51170349121094
2019-08-10 03:45:00,67.62030029296875
2019-08-10 04:00:00,66.51170349121094
2019-08-10 04:15:00,65.4031982421875
2019-08-10 04:30:00,65.4031982421875
2019-08-10 04:45:00,65.4031982421875
2019-08-10 05:00:00,66.51170349121094
2019-08-10 05:15:00,64.2947006225586
2019-08-10 05:30:00,62.077598571777344
2019-08-10 05:45:00,63.18619918823242
2019-08-10 06:00:00,66.51170349121094
2019-08-10 06:15:00,67.62030029296875
2019-08-10 06:30:00,69.8373031616211
2019-08-10 06:45:00,68.72879791259766
2019-08-10 07:00:00,66.51170349121094
2019-08-10 07:15:00,66.51170349121094
2019-08-10 07:30:00,108.63580322265624
2019-08-10 07:45:00,137.4575958251953
2019-08-10 08:00:00,147.4344024658203
2019-08-10 08:15:00,180.6902008056641
2019-08-10 08:30:00,226.139892578125
2019-08-10 08:45:00,269.3725891113281
2019-08-10 09:00:00,262.7214050292969
2019-08-10 09:15:00,284.8919982910156
2019-08-10 09:30:00,270.4811096191406
2019-08-10 09:45:00,264.9383850097656
2019-08-10 10:00:00,305.9540100097656
2019-08-10 10:15:00,303.73699951171875
2019-08-10 10:30:00,305.9540100097656
2019-08-10 10:45:00,321.473388671875
2019-08-10 11:00:00,302.6283874511719
2019-08-10 11:15:00,310.3880920410156
2019-08-10 11:30:00,313.7137145996094
2019-08-10 11:45:00,308.1711120605469
2019-08-10 12:00:00,259.39581298828125
2019-08-10 12:15:00,156.30259704589844
2019-08-10 12:30:00,167.3878936767578
2019-08-10 12:45:00,213.94610595703125
2019-08-10 13:00:00,261.61279296875
2019-08-10 13:15:00,270.4811096191406
2019-08-10 13:30:00,277.1322937011719
2019-08-10 13:45:00,279.34930419921875
2019-08-10 14:00:00,281.56640625
2019-08-10 14:15:00,291.5430908203125
2019-08-10 14:30:00,279.34930419921875
2019-08-10 14:45:00,290.4346008300781
2019-08-10 15:00:00,308.1711120605469
2019-08-10 15:15:00,301.5198974609375
2019-08-10 15:30:00,299.30279541015625
2019-08-10 15:45:00,299.30279541015625
2019-08-10 16:00:00,305.9540100097656
2019-08-10 16:15:00,310.3880920410156
2019-08-10 16:30:00,299.30279541015625
2019-08-10 16:45:00,300.4114074707031
2019-08-10 17:00:00,291.5430908203125
2019-08-10 17:15:00,270.4811096191406
2019-08-10 17:30:00,247.2019958496093
2019-08-10 17:45:00,195.10110473632807
2019-08-10 18:00:00,135.24049377441406
2019-08-10 18:15:00,118.61260223388672
2019-08-10 18:30:00,101.98470306396484
2019-08-10 18:45:00,80.92259979248047
2019-08-10 19:00:00,74.27140045166016
2019-08-10 19:15:00,75.37999725341797
2019-08-10 19:30:00,76.4885025024414
2019-08-10 19:45:00,78.70559692382812
2019-08-10 20:00:00,83.13970184326172
2019-08-10 20:15:00,79.81410217285156
2019-08-10 20:30:00,80.92259979248047
2019-08-10 20:45:00,80.92259979248047
2019-08-10 21:00:00,79.81410217285156
2019-08-10 21:15:00,80.92259979248047
2019-08-10 21:30:00,79.81410217285156
2019-08-10 21:45:00,77.59700012207031
2019-08-10 22:00:00,79.81410217285156
2019-08-10 22:15:00,77.59700012207031
2019-08-10 22:30:00,79.81410217285156
2019-08-10 22:45:00,82.03109741210938
2019-08-10 23:00:00,167.6321561144133
2019-08-10 23:15:00,167.6321561144133
2019-08-10 23:30:00,167.6321561144133
2019-08-10 23:45:00,167.6321561144133
2019-08-11 00:00:00,167.6321561144133
2019-08-11 00:15:00,167.6321561144133
2019-08-11 00:30:00,167.6321561144133
2019-08-11 00:45:00,167.6321561144133
2019-08-11 01:00:00,167.6321561144133
2019-08-11 01:15:00,167.6321561144133
2019-08-11 01:30:00,167.6321561144133
2019-08-11 01:45:00,167.6321561144133
2019-08-11 02:00:00,167.6321561144133
2019-08-11 02:15:00,167.6321561144133
2019-08-11 02:30:00,167.6321561144133
2019-08-11 02:45:00,167.6321561144133
2019-08-11 03:00:00,167.6321561144133
2019-08-11 03:15:00,167.6321561144133
2019-08-11 03:30:00,167.6321561144133
2019-08-11 03:45:00,167.6321561144133
2019-08-11 04:00:00,167.6321561144133
2019-08-11 04:15:00,167.6321561144133
2019-08-11 04:30:00,167.6321561144133
2019-08-11 04:45:00,167.6321561144133
2019-08-11 05:00:00,167.6321561144133
2019-08-11 05:15:00,167.6321561144133
2019-08-11 05:30:00,167.6321561144133
2019-08-11 05:45:00,167.6321561144133
2019-08-11 06:00:00,167.6321561144133
2019-08-11 06:15:00,167.6321561144133
2019-08-11 06:30:00,167.6321561144133
2019-08-11 06:45:00,167.6321561144133
2019-08-11 07:00:00,167.6321561144133
2019-08-11 07:15:00,167.6321561144133
2019-08-11 07:30:00,167.6321561144133
2019-08-11 07:45:00,167.6321561144133
2019-08-11 08:00:00,167.6321561144133
2019-08-11 08:15:00,167.6321561144133
2019-08-11 08:30:00,167.6321561144133
2019-08-11 08:45:00,167.6321561144133
2019-08-11 09:00:00,167.6321561144133
2019-08-11 09:15:00,167.6321561144133
2019-08-11 09:30:00,167.6321561144133
2019-08-11 09:45:00,167.6321561144133
2019-08-11 10:00:00,167.6321561144133
2019-08-11 10:15:00,167.6321561144133
2019-08-11 10:30:00,167.6321561144133
2019-08-11 10:45:00,167.6321561144133
2019-08-11 11:00:00,167.6321561144133
2019-08-11 11:15:00,167.6321561144133
2019-08-11 11:30:00,278.2408142089844
2019-08-11 11:45:00,281.56640625
2019-08-11 12:00:00,230.57400512695312
2019-08-11 12:15:00,127.48079681396484
2019-08-11 12:30:00,120.82969665527344
2019-08-11 12:45:00,178.47320556640625
2019-08-11 13:00:00,199.5352020263672
2019-08-11 13:15:00,233.89959716796875
2019-08-11 13:30:00,256.0701904296875
2019-08-11 13:45:00,254.96170043945312
2019-08-11 14:00:00,239.4423065185547
2019-08-11 14:15:00,243.8764038085937
2019-08-11 14:30:00,244.98489379882807
2019-08-11 14:45:00,268.2640075683594
2019-08-11 15:00:00,273.80670166015625
2019-08-11 15:15:00,283.78338623046875
2019-08-11 15:30:00,260.5043029785156
2019-08-11 15:45:00,253.8531036376953
2019-08-11 16:00:00,247.2019958496093
2019-08-11 16:15:00,266.0469970703125
2019-08-11 16:30:00,257.1787109375
2019-08-11 16:45:00,253.8531036376953
2019-08-11 17:00:00,254.96170043945312
2019-08-11 17:15:00,228.35699462890625
2019-08-11 17:30:00,185.12429809570312
2019-08-11 17:45:00,156.30259704589844
2019-08-11 18:00:00,107.5272979736328
2019-08-11 18:15:00,54.317901611328125
2019-08-11 18:30:00,50.9922981262207
2019-08-11 18:45:00,89.79090118408203
2019-08-11 19:00:00,98.65910339355467
2019-08-11 19:15:00,80.92259979248047
2019-08-11 19:30:00,99.7676010131836
2019-08-11 19:45:00,90.89939880371094
2019-08-11 20:00:00,93.11640167236328
2019-08-11 20:15:00,80.92259979248047
2019-08-11 20:30:00,88.68229675292969
2019-08-11 20:45:00,84.24819946289062
2019-08-11 21:00:00,78.70559692382812
2019-08-11 21:15:00,82.03109741210938
2019-08-11 21:30:00,96.44200134277344
2019-08-11 21:45:00,97.55059814453124
2019-08-11 22:00:00,97.55059814453124
2019-08-11 22:15:00,86.46530151367188
2019-08-11 22:30:00,93.11640167236328
2019-08-11 22:45:00,92.00789642333984
2019-08-11 23:00:00,69.8373031616211
2019-08-11 23:15:00,67.62030029296875
2019-08-11 23:30:00,68.72879791259766
2019-08-11 23:45:00,65.4031982421875
2019-08-12 00:00:00,66.51170349121094
2019-08-12 00:15:00,68.72879791259766
2019-08-12 00:30:00,64.2947006225586
2019-08-12 00:45:00,64.2947006225586
2019-08-12 01:00:00,62.077598571777344
2019-08-12 01:15:00,63.18619918823242
2019-08-12 01:30:00,63.18619918823242
2019-08-12 01:45:00,63.18619918823242
2019-08-12 02:00:00,62.077598571777344
2019-08-12 02:15:00,63.18619918823242
2019-08-12 02:30:00,63.18619918823242
2019-08-12 02:45:00,64.2947006225586
2019-08-12 03:00:00,63.18619918823242
2019-08-12 03:15:00,60.96910095214844
2019-08-12 03:30:00,57.64350128173828
2019-08-12 03:45:00,63.18619918823242
2019-08-12 04:00:00,63.18619918823242
2019-08-12 04:15:00,62.077598571777344
2019-08-12 04:30:00,63.18619918823242
2019-08-12 04:45:00,64.2947006225586
2019-08-12 05:00:00,62.077598571777344
2019-08-12 05:15:00,62.077598571777344
2019-08-12 05:30:00,60.96910095214844
2019-08-12 05:45:00,62.077598571777344
2019-08-12 06:00:00,63.18619918823242
2019-08-12 06:15:00,64.2947006225586
2019-08-12 06:30:00,65.4031982421875
2019-08-12 06:45:00,62.077598571777344
2019-08-12 07:00:00,49.8838005065918
2019-08-12 07:15:00,48.775299072265625
2019-08-12 07:30:00,99.7676010131836
2019-08-12 07:45:00,172.9304962158203
2019-08-12 08:00:00,191.77549743652344
2019-08-12 08:15:00,213.94610595703125
2019-08-12 08:30:00,258.28729248046875
2019-08-12 08:45:00,287.1090087890625
2019-08-12 09:00:00,308.1711120605469
2019-08-12 09:15:00,332.5586853027344
2019-08-12 09:30:00,348.0780944824219
2019-08-12 09:45:00,382.4425048828125
2019-08-12 10:00:00,369.1401977539063
2019-08-12 10:15:00,384.65960693359375
2019-08-12 10:30:00,392.4193115234375
2019-08-12 10:45:00,437.8689880371094
2019-08-12 11:00:00,400.1789855957031
2019-08-12 11:15:00,411.2643127441406
2019-08-12 11:30:00,381.3340148925781
2019-08-12 11:45:00,374.6828002929688
2019-08-12 12:00:00,293.7601928710937
2019-08-12 12:15:00,223.9228973388672
2019-08-12 12:30:00,223.9228973388672
2019-08-12 12:45:00,309.27960205078125
2019-08-12 13:00:00,331.4501953125
2019-08-12 13:15:00,355.8377990722656
2019-08-12 13:30:00,350.2951965332031
2019-08-12 13:45:00,375.7912902832031
2019-08-12 14:00:00,353.62078857421875
2019-08-12 14:15:00,353.62078857421875
2019-08-12 14:30:00,356.9462890625
2019-08-12 14:45:00,384.65960693359375
2019-08-12 15:00:00,359.16339111328125
2019-08-12 15:15:00,356.9462890625
2019-08-12 15:30:00,355.8377990722656
2019-08-12 15:45:00,345.8611145019531
2019-08-12 16:00:00,351.4036865234375
2019-08-12 16:15:00,360.2719116210937
2019-08-12 16:30:00,365.8146057128906
2019-08-12 16:45:00,370.2486877441406
2019-08-12 17:00:00,345.8611145019531
2019-08-12 17:15:00,313.7137145996094
2019-08-12 17:30:00,294.86871337890625
2019-08-12 17:45:00,246.0933990478516
2019-08-12 18:00:00,212.8376007080078
2019-08-12 18:15:00,189.5585021972656
2019-08-12 18:30:00,167.3878936767578
2019-08-12 18:45:00,156.30259704589844
2019-08-12 19:00:00,158.5196990966797
2019-08-12 19:15:00,137.4575958251953
2019-08-12 19:30:00,113.06999969482422
2019-08-12 19:45:00,98.65910339355467
2019-08-12 20:00:00,106.4188003540039
2019-08-12 20:15:00,116.39550018310548
2019-08-12 20:30:00,113.06999969482422
2019-08-12 20:45:00,108.63580322265624
2019-08-12 21:00:00,101.98470306396484
2019-08-12 21:15:00,95.33350372314452
2019-08-12 21:30:00,95.33350372314452
2019-08-12 21:45:00,99.7676010131836
2019-08-12 22:00:00,113.06999969482422
2019-08-12 22:15:00,113.06999969482422
2019-08-12 22:30:00,106.4188003540039
2019-08-12 22:45:00,101.98470306396484
2019-08-12 23:00:00,92.00789642333984
2019-08-12 23:15:00,85.35669708251953
2019-08-12 23:30:00,80.92259979248047
2019-08-12 23:45:00,78.70559692382812
2019-08-13 00:00:00,73.16290283203125
2019-08-13 00:15:00,74.27140045166016
2019-08-13 00:30:00,74.27140045166016
2019-08-13 00:45:00,72.05439758300781
2019-08-13 01:00:00,70.9458999633789
2019-08-13 01:15:00,69.8373031616211
2019-08-13 01:30:00,70.9458999633789
2019-08-13 01:45:00,70.9458999633789
2019-08-13 02:00:00,67.62030029296875
2019-08-13 02:15:00,68.72879791259766
2019-08-13 02:30:00,65.4031982421875
2019-08-13 02:45:00,65.4031982421875
2019-08-13 03:00:00,65.4031982421875
2019-08-13 03:15:00,64.2947006225586
2019-08-13 03:30:00,62.077598571777344
2019-08-13 03:45:00,63.18619918823242
2019-08-13 04:00:00,66.51170349121094
2019-08-13 04:15:00,60.96910095214844
2019-08-13 04:30:00,62.077598571777344
2019-08-13 04:45:00,64.2947006225586
2019-08-13 05:00:00,62.077598571777344
2019-08-13 05:15:00,64.2947006225586
2019-08-13 05:30:00,62.077598571777344
2019-08-13 05:45:00,64.2947006225586
2019-08-13 06:00:00,64.2947006225586
2019-08-13 06:15:00,64.2947006225586
2019-08-13 06:30:00,67.62030029296875
2019-08-13 06:45:00,66.51170349121094
2019-08-13 07:00:00,64.2947006225586
2019-08-13 07:15:00,59.860599517822266
2019-08-13 07:30:00,131.9149932861328
2019-08-13 07:45:00,207.2949066162109
2019-08-13 08:00:00,202.8607940673828
2019-08-13 08:15:00,260.5043029785156
2019-08-13 08:30:00,313.7137145996094
2019-08-13 08:45:00,348.0780944824219
2019-08-13 09:00:00,339.2098999023437
2019-08-13 09:15:00,366.923095703125
2019-08-13 09:30:00,351.4036865234375
2019-08-13 09:45:00,387.9851989746094
2019-08-13 10:00:00,376.89990234375
2019-08-13 10:15:00,366.923095703125
2019-08-13 10:30:00,385.7680969238281
2019-08-13 10:45:00,385.7680969238281
2019-08-13 11:00:00,391.3106994628906
2019-08-13 11:15:00,405.7215881347656
2019-08-13 11:30:00,366.923095703125
2019-08-13 11:45:00,372.4657897949219
2019-08-13 12:00:00,289.3261108398437
2019-08-13 12:15:00,220.5973052978516
2019-08-13 12:30:00,227.24850463867188
2019-08-13 12:45:00,303.73699951171875
2019-08-13 13:00:00,311.4967041015625
2019-08-13 13:15:00,360.2719116210937
2019-08-13 13:30:00,379.1169128417969
2019-08-13 13:45:00,393.5278015136719
2019-08-13 14:00:00,409.0472106933594
2019-08-13 14:15:00,391.3106994628906
2019-08-13 14:30:00,372.4657897949219
2019-08-13 14:45:00,382.4425048828125
2019-08-13 15:00:00,364.70599365234375
2019-08-13 15:15:00,366.923095703125
2019-08-13 15:30:00,402.39599609375
2019-08-13 15:45:00,378.0083923339844
2019-08-13 16:00:00,385.7680969238281
2019-08-13 16:15:00,394.6362915039063
2019-08-13 16:30:00,368.0315856933594
2019-08-13 16:45:00,385.7680969238281
2019-08-13 17:00:00,384.65960693359375
2019-08-13 17:15:00,338.1014099121094
2019-08-13 17:30:00,288.2174987792969
2019-08-13 17:45:00,242.7678985595703
2019-08-13 18:00:00,222.8143005371093
2019-08-13 18:15:00,199.5352020263672
2019-08-13 18:30:00,186.2328948974609
2019-08-13 18:45:00,202.8607940673828
2019-08-13 19:00:00,195.10110473632807
2019-08-13 19:15:00,213.94610595703125
2019-08-13 19:30:00,221.705795288086
2019-08-13 19:45:00,186.2328948974609
2019-08-13 20:00:00,188.4499053955078
2019-08-13 20:15:00,188.4499053955078
2019-08-13 20:30:00,188.4499053955078
2019-08-13 20:45:00,144.10879516601562
2019-08-13 21:00:00,128.5894012451172
2019-08-13 21:15:00,133.02349853515625
2019-08-13 21:30:00,119.72109985351562
2019-08-13 21:45:00,133.02349853515625
2019-08-13 22:00:00,134.1320037841797
2019-08-13 22:15:00,136.34910583496094
2019-08-13 22:30:00,133.02349853515625
2019-08-13 22:45:00,130.806396484375
2019-08-13 23:00:00,128.5894012451172
2019-08-13 23:15:00,137.4575958251953
2019-08-13 23:30:00,111.9614028930664
2019-08-13 23:45:00,89.79090118408203
2019-08-14 00:00:00,69.8373031616211
2019-08-14 00:15:00,67.62030029296875
2019-08-14 00:30:00,66.51170349121094
2019-08-14 00:45:00,65.4031982421875
2019-08-14 01:00:00,67.62030029296875
2019-08-14 01:15:00,64.2947006225586
2019-08-14 01:30:00,65.4031982421875
2019-08-14 01:45:00,66.51170349121094
2019-08-14 02:00:00,63.18619918823242
2019-08-14 02:15:00,63.18619918823242
2019-08-14 02:30:00,63.18619918823242
2019-08-14 02:45:00,62.077598571777344
2019-08-14 03:00:00,167.6321561144133
2019-08-14 03:15:00,167.6321561144133
2019-08-14 03:30:00,167.6321561144133
2019-08-14 03:45:00,167.6321561144133
2019-08-14 04:00:00,167.6321561144133
2019-08-14 04:15:00,167.6321561144133
2019-08-14 04:30:00,167.6321561144133
2019-08-14 04:45:00,167.6321561144133
2019-08-14 05:00:00,167.6321561144133
2019-08-14 05:15:00,167.6321561144133
2019-08-14 05:30:00,167.6321561144133
2019-08-14 05:45:00,167.6321561144133
2019-08-14 06:00:00,167.6321561144133
2019-08-14 06:15:00,167.6321561144133
2019-08-14 06:30:00,167.6321561144133
2019-08-14 06:45:00,167.6321561144133
2019-08-14 07:00:00,167.6321561144133
2019-08-14 07:15:00,167.6321561144133
2019-08-14 07:30:00,167.6321561144133
2019-08-14 07:45:00,167.6321561144133
2019-08-14 08:00:00,167.6321561144133
2019-08-14 08:15:00,167.6321561144133
2019-08-14 08:30:00,167.6321561144133
2019-08-14 08:45:00,167.6321561144133
2019-08-14 09:00:00,167.6321561144133
2019-08-14 09:15:00,167.6321561144133
2019-08-14 09:30:00,167.6321561144133
2019-08-14 09:45:00,167.6321561144133
2019-08-14 10:00:00,167.6321561144133
2019-08-14 10:15:00,167.6321561144133
2019-08-14 10:30:00,167.6321561144133
2019-08-14 10:45:00,167.6321561144133
2019-08-14 11:00:00,167.6321561144133
2019-08-14 11:15:00,167.6321561144133
2019-08-14 11:30:00,167.6321561144133
2019-08-14 11:45:00,167.6321561144133
2019-08-14 12:00:00,167.6321561144133
2019-08-14 12:15:00,167.6321561144133
2019-08-14 12:30:00,167.6321561144133
2019-08-14 12:45:00,167.6321561144133
2019-08-14 13:00:00,167.6321561144133
2019-08-14 13:15:00,167.6321561144133
2019-08-14 13:30:00,167.6321561144133
2019-08-14 13:45:00,167.6321561144133
2019-08-14 14:00:00,167.6321561144133
2019-08-14 14:15:00,167.6321561144133
2019-08-14 14:30:00,167.6321561144133
2019-08-14 14:45:00,167.6321561144133
2019-08-14 15:00:00,167.6321561144133
2019-08-14 15:15:00,167.6321561144133
2019-08-14 15:30:00,363.5975036621094
2019-08-14 15:45:00,356.9462890625
2019-08-14 16:00:00,373.5743103027344
2019-08-14 16:15:00,350.2951965332031
2019-08-14 16:30:00,355.8377990722656
2019-08-14 16:45:00,340.3183898925781
2019-08-14 17:00:00,297.0857849121094
2019-08-14 17:15:00,278.2408142089844
2019-08-14 17:30:00,237.22520446777344
2019-08-14 17:45:00,187.3414001464844
2019-08-14 18:00:00,184.0157928466797
2019-08-14 18:15:00,170.7135009765625
2019-08-14 18:30:00,141.89169311523438
2019-08-14 18:45:00,141.89169311523438
2019-08-14 19:00:00,127.48079681396484
2019-08-14 19:15:00,137.4575958251953
2019-08-14 19:30:00,126.37229919433594
2019-08-14 19:45:00,104.20169830322266
2019-08-14 20:00:00,92.00789642333984
2019-08-14 20:15:00,88.68229675292969
2019-08-14 20:30:00,90.89939880371094
2019-08-14 20:45:00,98.65910339355467
2019-08-14 21:00:00,107.5272979736328
2019-08-14 21:15:00,94.2249984741211
2019-08-14 21:30:00,97.55059814453124
2019-08-14 21:45:00,93.11640167236328
2019-08-14 22:00:00,101.98470306396484
2019-08-14 22:15:00,110.85289764404295
2019-08-14 22:30:00,118.61260223388672
2019-08-14 22:45:00,111.9614028930664
2019-08-14 23:00:00,110.85289764404295
2019-08-14 23:15:00,109.74440002441406
2019-08-14 23:30:00,103.09320068359376
2019-08-14 23:45:00,75.37999725341797
2019-08-15 00:00:00,68.72879791259766
2019-08-15 00:15:00,68.72879791259766
2019-08-15 00:30:00,68.72879791259766
2019-08-15 00:45:00,66.51170349121094
2019-08-15 01:00:00,64.2947006225586
2019-08-15 01:15:00,66.51170349121094
2019-08-15 01:30:00,66.51170349121094
2019-08-15 01:45:00,66.51170349121094
2019-08-15 02:00:00,66.51170349121094
2019-08-15 02:15:00,63.18619918823242
2019-08-15 02:30:00,63.18619918823242
2019-08-15 02:45:00,62.077598571777344
2019-08-15 03:00:00,63.18619918823242
2019-08-15 03:15:00,62.077598571777344
2019-08-15 03:30:00,63.18619918823242
2019-08-15 03:45:00,58.75199890136719
2019-08-15 04:00:00,60.96910095214844
2019-08-15 04:15:00,62.077598571777344
2019-08-15 04:30:00,57.64350128173828
2019-08-15 04:45:00,57.64350128173828
2019-08-15 05:00:00,59.860599517822266
2019-08-15 05:15:00,59.860599517822266
2019-08-15 05:30:00,62.077598571777344
2019-08-15 05:45:00,58.75199890136719
2019-08-15 06:00:00,59.860599517822266
2019-08-15 06:15:00,59.860599517822266
2019-08-15 06:30:00,60.96910095214844
2019-08-15 06:45:00,57.64350128173828
2019-08-15 07:00:00,62.077598571777344
2019-08-15 07:15:00,65.4031982421875
2019-08-15 07:30:00,103.09320068359376
2019-08-15 07:45:00,139.67469787597656
2019-08-15 08:00:00,144.10879516601562
2019-08-15 08:15:00,159.62820434570312
2019-08-15 08:30:00,229.4654998779297
2019-08-15 08:45:00,260.5043029785156
2019-08-15 09:00:00,264.9383850097656
2019-08-15 09:15:00,301.5198974609375
2019-08-15 09:30:00,283.78338623046875
2019-08-15 09:45:00,278.2408142089844
2019-08-15 10:00:00,294.86871337890625
2019-08-15 10:15:00,311.4967041015625
2019-08-15 10:30:00,307.0625
2019-08-15 10:45:00,309.27960205078125
2019-08-15 11:00:00,291.5430908203125
2019-08-15 11:15:00,299.30279541015625
2019-08-15 11:30:00,301.5198974609375
2019-08-15 11:45:00,322.5819091796875
2019-08-15 12:00:00,240.55079650878903
2019-08-15 12:15:00,144.10879516601562
2019-08-15 12:30:00,139.67469787597656
2019-08-15 12:45:00,202.8607940673828
2019-08-15 13:00:00,218.3802032470703
2019-08-15 13:15:00,278.2408142089844
2019-08-15 13:30:00,292.6517028808594
2019-08-15 13:45:00,291.5430908203125
2019-08-15 14:00:00,288.2174987792969
2019-08-15 14:15:00,290.4346008300781
2019-08-15 14:30:00,301.5198974609375
2019-08-15 14:45:00,301.5198974609375
2019-08-15 15:00:00,280.4577941894531
2019-08-15 15:15:00,278.2408142089844
2019-08-15 15:30:00,277.1322937011719
2019-08-15 15:45:00,283.78338623046875
2019-08-15 16:00:00,268.2640075683594
2019-08-15 16:15:00,310.3880920410156
2019-08-15 16:30:00,318.1477966308594
2019-08-15 16:45:00,307.0625
2019-08-15 17:00:00,304.8454895019531
2019-08-15 17:15:00,273.80670166015625
2019-08-15 17:30:00,218.3802032470703
2019-08-15 17:45:00,171.82200622558594
2019-08-15 18:00:00,128.5894012451172
2019-08-15 18:15:00,99.7676010131836
2019-08-15 18:30:00,88.68229675292969
2019-08-15 18:45:00,88.68229675292969
2019-08-15 19:00:00,82.03109741210938
2019-08-15 19:15:00,74.27140045166016
2019-08-15 19:30:00,74.27140045166016
2019-08-15 19:45:00,70.9458999633789
2019-08-15 20:00:00,66.51170349121094
2019-08-15 20:15:00,69.8373031616211
2019-08-15 20:30:00,57.64350128173828
2019-08-15 20:45:00,27.71319961547852
2019-08-15 21:00:00,19.953500747680664
2019-08-15 21:15:00,19.953500747680664
2019-08-15 21:30:00,19.953500747680664
2019-08-15 21:45:00,19.953500747680664
2019-08-15 22:00:00,17.736499786376953
2019-08-15 22:15:00,15.519399642944336
2019-08-15 22:30:00,14.410900115966797
2019-08-15 22:45:00,14.410900115966797
2019-08-15 23:00:00,15.519399642944336
2019-08-15 23:15:00,15.519399642944336
2019-08-15 23:30:00,14.410900115966797
2019-08-15 23:45:00,14.410900115966797
2019-08-16 00:00:00,15.519399642944336
2019-08-16 00:15:00,13.302300453186035
2019-08-16 00:30:00,15.519399642944336
2019-08-16 00:45:00,13.302300453186035
2019-08-16 01:00:00,14.410900115966797
2019-08-16 01:15:00,15.519399642944336
2019-08-16 01:30:00,13.302300453186035
2019-08-16 01:45:00,14.410900115966797
2019-08-16 02:00:00,14.410900115966797
2019-08-16 02:15:00,13.302300453186035
2019-08-16 02:30:00,14.410900115966797
2019-08-16 02:45:00,13.302300453186035
2019-08-16 03:00:00,13.302300453186035
2019-08-16 03:15:00,13.302300453186035
2019-08-16 03:30:00,13.302300453186035
2019-08-16 03:45:00,12.19379997253418
2019-08-16 04:00:00,12.19379997253418
2019-08-16 04:15:00,11.08530044555664
2019-08-16 04:30:00,13.302300453186035
2019-08-16 04:45:00,11.08530044555664
2019-08-16 05:00:00,12.19379997253418
2019-08-16 05:15:00,12.19379997253418
2019-08-16 05:30:00,11.08530044555664
2019-08-16 05:45:00,13.302300453186035
2019-08-16 06:00:00,13.302300453186035
2019-08-16 06:15:00,13.302300453186035
2019-08-16 06:30:00,17.736499786376953
2019-08-16 06:45:00,16.627899169921875
2019-08-16 07:00:00,13.302300453186035
2019-08-16 07:15:00,19.953500747680664
2019-08-16 07:30:00,70.9458999633789
2019-08-16 07:45:00,89.79090118408203
2019-08-16 08:00:00,113.06999969482422
2019-08-16 08:15:00,147.4344024658203
2019-08-16 08:30:00,205.0778961181641
2019-08-16 08:45:00,252.74459838867188
2019-08-16 09:00:00,250.5276031494141
2019-08-16 09:15:00,272.6980895996094
2019-08-16 09:30:00,284.8919982910156
2019-08-16 09:45:00,279.34930419921875
2019-08-16 10:00:00,304.8454895019531
2019-08-16 10:15:00,294.86871337890625
2019-08-16 10:30:00,302.6283874511719
2019-08-16 10:45:00,280.4577941894531
2019-08-16 11:00:00,277.1322937011719
2019-08-16 11:15:00,286.00048828125
2019-08-16 11:30:00,268.2640075683594
2019-08-16 11:45:00,258.28729248046875
2019-08-16 12:00:00,197.3182067871093
2019-08-16 12:15:00,141.89169311523438
2019-08-16 12:30:00,179.58169555664062
2019-08-16 12:45:00,205.0778961181641
2019-08-16 13:00:00,239.4423065185547
2019-08-16 13:15:00,251.63609313964844
2019-08-16 13:30:00,252.74459838867188
2019-08-16 13:45:00,258.28729248046875
2019-08-16 14:00:00,257.1787109375
2019-08-16 14:15:00,254.96170043945312
2019-08-16 14:30:00,240.55079650878903
2019-08-16 14:45:00,240.55079650878903
2019-08-16 15:00:00,262.7214050292969
2019-08-16 15:15:00,256.0701904296875
2019-08-16 15:30:00,244.98489379882807
2019-08-16 15:45:00,252.74459838867188
2019-08-16 16:00:00,267.1554870605469
2019-08-16 16:15:00,262.7214050292969
2019-08-16 16:30:00,256.0701904296875
2019-08-16 16:45:00,261.61279296875
2019-08-16 17:00:00,250.5276031494141
2019-08-16 17:15:00,230.57400512695312
2019-08-16 17:30:00,208.40350341796875
2019-08-16 17:45:00,185.12429809570312
2019-08-16 18:00:00,129.69790649414062
2019-08-16 18:15:00,106.4188003540039
2019-08-16 18:30:00,64.2947006225586
2019-08-16 18:45:00,60.96910095214844
2019-08-16 19:00:00,62.077598571777344
2019-08-16 19:15:00,167.6321561144133
2019-08-16 19:30:00,167.6321561144133
2019-08-16 19:45:00,167.6321561144133
2019-08-16 20:00:00,167.6321561144133
2019-08-16 20:15:00,167.6321561144133
2019-08-16 20:30:00,167.6321561144133
2019-08-16 20:45:00,167.6321561144133
2019-08-16 21:00:00,167.6321561144133
2019-08-16 21:15:00,167.6321561144133
2019-08-16 21:30:00,167.6321561144133
2019-08-16 21:45:00,167.6321561144133
2019-08-16 22:00:00,167.6321561144133
2019-08-16 22:15:00,167.6321561144133
2019-08-16 22:30:00,167.6321561144133
2019-08-16 22:45:00,167.6321561144133
2019-08-16 23:00:00,167.6321561144133
2019-08-16 23:15:00,167.6321561144133
2019-08-16 23:30:00,167.6321561144133
2019-08-16 23:45:00,167.6321561144133
2019-08-17 00:00:00,167.6321561144133
2019-08-17 00:15:00,167.6321561144133
2019-08-17 00:30:00,167.6321561144133
2019-08-17 00:45:00,167.6321561144133
2019-08-17 01:00:00,167.6321561144133
2019-08-17 01:15:00,167.6321561144133
2019-08-17 01:30:00,167.6321561144133
2019-08-17 01:45:00,167.6321561144133
2019-08-17 02:00:00,167.6321561144133
2019-08-17 02:15:00,167.6321561144133
2019-08-17 02:30:00,167.6321561144133
2019-08-17 02:45:00,167.6321561144133
2019-08-17 03:00:00,167.6321561144133
2019-08-17 03:15:00,167.6321561144133
2019-08-17 03:30:00,167.6321561144133
2019-08-17 03:45:00,167.6321561144133
2019-08-17 04:00:00,167.6321561144133
2019-08-17 04:15:00,167.6321561144133
2019-08-17 04:30:00,167.6321561144133
2019-08-17 04:45:00,167.6321561144133
2019-08-17 05:00:00,167.6321561144133
2019-08-17 05:15:00,167.6321561144133
2019-08-17 05:30:00,167.6321561144133
2019-08-17 05:45:00,167.6321561144133
2019-08-17 06:00:00,167.6321561144133
2019-08-17 06:15:00,167.6321561144133
2019-08-17 06:30:00,167.6321561144133
2019-08-17 06:45:00,167.6321561144133
2019-08-17 07:00:00,167.6321561144133
2019-08-17 07:15:00,167.6321561144133
2019-08-17 07:30:00,167.6321561144133
2019-08-17 07:45:00,55.42649841308594
2019-08-17 08:00:00,125.26380157470705
2019-08-17 08:15:00,168.49639892578125
2019-08-17 08:30:00,216.16319274902344
2019-08-17 08:45:00,243.8764038085937
2019-08-17 09:00:00,261.61279296875
2019-08-17 09:15:00,282.6748962402344
2019-08-17 09:30:00,271.589599609375
2019-08-17 09:45:00,287.1090087890625
2019-08-17 10:00:00,292.6517028808594
2019-08-17 10:15:00,301.5198974609375
2019-08-17 10:30:00,300.4114074707031
2019-08-17 10:45:00,308.1711120605469
2019-08-17 11:00:00,297.0857849121094
2019-08-17 11:15:00,289.3261108398437
2019-08-17 11:30:00,305.9540100097656
2019-08-17 11:45:00,274.9151916503906
2019-08-17 12:00:00,237.22520446777344
2019-08-17 12:15:00,154.0854949951172
2019-08-17 12:30:00,144.10879516601562
2019-08-17 12:45:00,208.40350341796875
2019-08-17 13:00:00,230.57400512695312
2019-08-17 13:15:00,266.0469970703125
2019-08-17 13:30:00,270.4811096191406
2019-08-17 13:45:00,279.34930419921875
2019-08-17 14:00:00,279.34930419921875
2019-08-17 14:15:00,281.56640625
2019-08-17 14:30:00,271.589599609375
2019-08-17 14:45:00,167.6321561144133
2019-08-17 15:00:00,167.6321561144133
2019-08-17 15:15:00,167.6321561144133
2019-08-17 15:30:00,167.6321561144133
2019-08-17 15:45:00,167.6321561144133
2019-08-17 16:00:00,167.6321561144133
2019-08-17 16:15:00,167.6321561144133
2019-08-17 16:30:00,167.6321561144133
2019-08-17 16:45:00,167.6321561144133
2019-08-17 17:00:00,167.6321561144133
2019-08-17 17:15:00,167.6321561144133
2019-08-17 17:30:00,167.6321561144133
2019-08-17 17:45:00,167.6321561144133
2019-08-17 18:00:00,167.6321561144133
2019-08-17 18:15:00,167.6321561144133
2019-08-17 18:30:00,167.6321561144133
2019-08-17 18:45:00,167.6321561144133
2019-08-17 19:00:00,167.6321561144133
2019-08-17 19:15:00,167.6321561144133
2019-08-17 19:30:00,167.6321561144133
2019-08-17 19:45:00,167.6321561144133
2019-08-17 20:00:00,167.6321561144133
2019-08-17 20:15:00,167.6321561144133
2019-08-17 20:30:00,167.6321561144133
2019-08-17 20:45:00,167.6321561144133
2019-08-17 21:00:00,167.6321561144133
2019-08-17 21:15:00,167.6321561144133
2019-08-17 21:30:00,167.6321561144133
2019-08-17 21:45:00,167.6321561144133
2019-08-17 22:00:00,167.6321561144133
2019-08-17 22:15:00,167.6321561144133
2019-08-17 22:30:00,167.6321561144133
2019-08-17 22:45:00,167.6321561144133
2019-08-17 23:00:00,167.6321561144133
2019-08-17 23:15:00,167.6321561144133
2019-08-17 23:30:00,167.6321561144133
2019-08-17 23:45:00,167.6321561144133
2019-08-18 00:00:00,167.6321561144133
2019-08-18 00:15:00,167.6321561144133
2019-08-18 00:30:00,167.6321561144133
2019-08-18 00:45:00,167.6321561144133
2019-08-18 01:00:00,167.6321561144133
2019-08-18 01:15:00,167.6321561144133
2019-08-18 01:30:00,167.6321561144133
2019-08-18 01:45:00,167.6321561144133
2019-08-18 02:00:00,167.6321561144133
2019-08-18 02:15:00,167.6321561144133
2019-08-18 02:30:00,167.6321561144133
2019-08-18 02:45:00,167.6321561144133
2019-08-18 03:00:00,167.6321561144133
2019-08-18 03:15:00,25.49620056152344
2019-08-18 03:30:00,25.49620056152344
2019-08-18 03:45:00,24.38759994506836
2019-08-18 04:00:00,23.27910041809082
2019-08-18 04:15:00,23.27910041809082
2019-08-18 04:30:00,24.38759994506836
2019-08-18 04:45:00,25.49620056152344
2019-08-18 05:00:00,23.27910041809082
2019-08-18 05:15:00,24.38759994506836
2019-08-18 05:30:00,23.27910041809082
2019-08-18 05:45:00,25.49620056152344
2019-08-18 06:00:00,24.38759994506836
2019-08-18 06:15:00,26.604700088500977
2019-08-18 06:30:00,29.930299758911133
2019-08-18 06:45:00,31.038799285888672
2019-08-18 07:00:00,25.49620056152344
2019-08-18 07:15:00,19.953500747680664
2019-08-18 07:30:00,48.775299072265625
2019-08-18 07:45:00,80.92259979248047
2019-08-18 08:00:00,113.06999969482422
2019-08-18 08:15:00,164.0623016357422
2019-08-18 08:30:00,186.2328948974609
2019-08-18 08:45:00,221.705795288086
2019-08-18 09:00:00,247.2019958496093
2019-08-18 09:15:00,241.6593017578125
2019-08-18 09:30:00,259.39581298828125
2019-08-18 09:45:00,237.22520446777344
2019-08-18 10:00:00,244.98489379882807
2019-08-18 10:15:00,268.2640075683594
2019-08-18 10:30:00,261.61279296875
2019-08-18 10:45:00,274.9151916503906
2019-08-18 11:00:00,272.6980895996094
2019-08-18 11:15:00,259.39581298828125
2019-08-18 11:30:00,270.4811096191406
2019-08-18 11:45:00,258.28729248046875
2019-08-18 12:00:00,191.77549743652344
2019-08-18 12:15:00,121.93820190429688
2019-08-18 12:30:00,124.1552963256836
2019-08-18 12:45:00,201.75230407714844
2019-08-18 13:00:00,228.35699462890625
2019-08-18 13:15:00,266.0469970703125
2019-08-18 13:30:00,274.9151916503906
2019-08-18 13:45:00,266.0469970703125
2019-08-18 14:00:00,243.8764038085937
2019-08-18 14:15:00,274.9151916503906
2019-08-18 14:30:00,281.56640625
2019-08-18 14:45:00,248.3105010986328
2019-08-18 15:00:00,273.80670166015625
2019-08-18 15:15:00,287.1090087890625
2019-08-18 15:30:00,270.4811096191406
2019-08-18 15:45:00,271.589599609375
2019-08-18 16:00:00,279.34930419921875
2019-08-18 16:15:00,280.4577941894531
2019-08-18 16:30:00,299.30279541015625
2019-08-18 16:45:00,268.2640075683594
2019-08-18 17:00:00,241.6593017578125
2019-08-18 17:15:00,236.11669921875
2019-08-18 17:30:00,202.8607940673828
2019-08-18 17:45:00,146.3258056640625
2019-08-18 18:00:00,93.11640167236328
2019-08-18 18:15:00,58.75199890136719
2019-08-18 18:30:00,43.23260116577149
2019-08-18 18:45:00,79.81410217285156
2019-08-18 19:00:00,75.37999725341797
2019-08-18 19:15:00,75.37999725341797
2019-08-18 19:30:00,75.37999725341797
2019-08-18 19:45:00,73.16290283203125
2019-08-18 20:00:00,73.16290283203125
2019-08-18 20:15:00,75.37999725341797
2019-08-18 20:30:00,88.68229675292969
2019-08-18 20:45:00,74.27140045166016
2019-08-18 21:00:00,63.18619918823242
2019-08-18 21:15:00,62.077598571777344
2019-08-18 21:30:00,48.775299072265625
2019-08-18 21:45:00,48.775299072265625
2019-08-18 22:00:00,45.44969940185547
2019-08-18 22:15:00,47.66669845581055
2019-08-18 22:30:00,38.79850006103516
2019-08-18 22:45:00,38.79850006103516
2019-08-18 23:00:00,37.68999862670898
2019-08-18 23:15:00,37.68999862670898
2019-08-18 23:30:00,37.68999862670898
2019-08-18 23:45:00,44.34120178222656
2019-08-19 00:00:00,49.8838005065918
2019-08-19 00:15:00,60.96910095214844
2019-08-19 00:30:00,62.077598571777344
2019-08-19 00:45:00,64.2947006225586
2019-08-19 01:00:00,63.18619918823242
2019-08-19 01:15:00,62.077598571777344
2019-08-19 01:30:00,63.18619918823242
2019-08-19 01:45:00,62.077598571777344
2019-08-19 02:00:00,62.077598571777344
2019-08-19 02:15:00,62.077598571777344
2019-08-19 02:30:00,60.96910095214844
2019-08-19 02:45:00,62.077598571777344
2019-08-19 03:00:00,62.077598571777344
2019-08-19 03:15:00,60.96910095214844
2019-08-19 03:30:00,62.077598571777344
2019-08-19 03:45:00,64.2947006225586
2019-08-19 04:00:00,62.077598571777344
2019-08-19 04:15:00,64.2947006225586
2019-08-19 04:30:00,167.6321561144133
2019-08-19 04:45:00,167.6321561144133
2019-08-19 05:00:00,167.6321561144133
2019-08-19 05:15:00,167.6321561144133
2019-08-19 05:30:00,167.6321561144133
2019-08-19 05:45:00,167.6321561144133
2019-08-19 06:00:00,167.6321561144133
2019-08-19 06:15:00,167.6321561144133
2019-08-19 06:30:00,167.6321561144133
2019-08-19 06:45:00,167.6321561144133
2019-08-19 07:00:00,167.6321561144133
2019-08-19 07:15:00,167.6321561144133
2019-08-19 07:30:00,167.6321561144133
2019-08-19 07:45:00,167.6321561144133
2019-08-19 08:00:00,167.6321561144133
2019-08-19 08:15:00,167.6321561144133
2019-08-19 08:30:00,167.6321561144133
2019-08-19 08:45:00,167.6321561144133
2019-08-19 09:00:00,167.6321561144133
2019-08-19 09:15:00,167.6321561144133
2019-08-19 09:30:00,167.6321561144133
2019-08-19 09:45:00,167.6321561144133
2019-08-19 10:00:00,167.6321561144133
2019-08-19 10:15:00,167.6321561144133
2019-08-19 10:30:00,167.6321561144133
2019-08-19 10:45:00,167.6321561144133
2019-08-19 11:00:00,167.6321561144133
2019-08-19 11:15:00,167.6321561144133
2019-08-19 11:30:00,167.6321561144133
2019-08-19 11:45:00,167.6321561144133
2019-08-19 12:00:00,167.6321561144133
2019-08-19 12:15:00,167.6321561144133
2019-08-19 12:30:00,167.6321561144133
2019-08-19 12:45:00,167.6321561144133
2019-08-19 13:00:00,167.6321561144133
2019-08-19 13:15:00,167.6321561144133
2019-08-19 13:30:00,167.6321561144133
2019-08-19 13:45:00,167.6321561144133
2019-08-19 14:00:00,167.6321561144133
2019-08-19 14:15:00,167.6321561144133
2019-08-19 14:30:00,167.6321561144133
2019-08-19 14:45:00,167.6321561144133
2019-08-19 15:00:00,167.6321561144133
2019-08-19 15:15:00,167.6321561144133
2019-08-19 15:30:00,167.6321561144133
2019-08-19 15:45:00,167.6321561144133
2019-08-19 16:00:00,167.6321561144133
2019-08-19 16:15:00,167.6321561144133
2019-08-19 16:30:00,167.6321561144133
2019-08-19 16:45:00,167.6321561144133
2019-08-19 17:00:00,389.09368896484375
2019-08-19 17:15:00,329.23309326171875
2019-08-19 17:30:00,291.5430908203125
2019-08-19 17:45:00,231.6826019287109
2019-08-19 18:00:00,216.16319274902344
2019-08-19 18:15:00,178.47320556640625
2019-08-19 18:30:00,180.6902008056641
2019-08-19 18:45:00,178.47320556640625
2019-08-19 19:00:00,167.3878936767578
2019-08-19 19:15:00,157.41110229492188
2019-08-19 19:30:00,147.4344024658203
2019-08-19 19:45:00,130.806396484375
2019-08-19 20:00:00,104.20169830322266
2019-08-19 20:15:00,87.57379913330078
2019-08-19 20:30:00,92.00789642333984
2019-08-19 20:45:00,92.00789642333984
2019-08-19 21:00:00,94.2249984741211
2019-08-19 21:15:00,104.20169830322266
2019-08-19 21:30:00,109.74440002441406
2019-08-19 21:45:00,106.4188003540039
2019-08-19 22:00:00,98.65910339355467
2019-08-19 22:15:00,99.7676010131836
2019-08-19 22:30:00,110.85289764404295
2019-08-19 22:45:00,105.310302734375
2019-08-19 23:00:00,103.09320068359376
2019-08-19 23:15:00,76.4885025024414
2019-08-19 23:30:00,74.27140045166016
2019-08-19 23:45:00,70.9458999633789
2019-08-20 00:00:00,55.42649841308594
2019-08-20 00:15:00,167.6321561144133
2019-08-20 00:30:00,167.6321561144133
2019-08-20 00:45:00,167.6321561144133
2019-08-20 01:00:00,167.6321561144133
2019-08-20 01:15:00,167.6321561144133
2019-08-20 01:30:00,167.6321561144133
2019-08-20 01:45:00,167.6321561144133
2019-08-20 02:00:00,167.6321561144133
2019-08-20 02:15:00,167.6321561144133
2019-08-20 02:30:00,167.6321561144133
2019-08-20 02:45:00,167.6321561144133
2019-08-20 03:00:00,167.6321561144133
2019-08-20 03:15:00,167.6321561144133
2019-08-20 03:30:00,167.6321561144133
2019-08-20 03:45:00,167.6321561144133
2019-08-20 04:00:00,167.6321561144133
2019-08-20 04:15:00,167.6321561144133
2019-08-20 04:30:00,167.6321561144133
2019-08-20 04:45:00,167.6321561144133
2019-08-20 05:00:00,167.6321561144133
2019-08-20 05:15:00,167.6321561144133
2019-08-20 05:30:00,167.6321561144133
2019-08-20 05:45:00,167.6321561144133
2019-08-20 06:00:00,167.6321561144133
2019-08-20 06:15:00,167.6321561144133
2019-08-20 06:30:00,167.6321561144133
2019-08-20 06:45:00,167.6321561144133
2019-08-20 07:00:00,167.6321561144133
2019-08-20 07:15:00,167.6321561144133
2019-08-20 07:30:00,167.6321561144133
2019-08-20 07:45:00,167.6321561144133
2019-08-20 08:00:00,167.6321561144133
2019-08-20 08:15:00,167.6321561144133
2019-08-20 08:30:00,167.6321561144133
2019-08-20 08:45:00,167.6321561144133
2019-08-20 09:00:00,167.6321561144133
2019-08-20 09:15:00,167.6321561144133
2019-08-20 09:30:00,167.6321561144133
2019-08-20 09:45:00,167.6321561144133
2019-08-20 10:00:00,167.6321561144133
2019-08-20 10:15:00,167.6321561144133
2019-08-20 10:30:00,167.6321561144133
2019-08-20 10:45:00,167.6321561144133
2019-08-20 11:00:00,167.6321561144133
2019-08-20 11:15:00,167.6321561144133
2019-08-20 11:30:00,167.6321561144133
2019-08-20 11:45:00,167.6321561144133
2019-08-20 12:00:00,167.6321561144133
2019-08-20 12:15:00,167.6321561144133
2019-08-20 12:30:00,167.6321561144133
2019-08-20 12:45:00,263.82989501953125
2019-08-20 13:00:00,352.51220703125
2019-08-20 13:15:00,389.09368896484375
2019-08-20 13:30:00,396.8533935546875
2019-08-20 13:45:00,416.806884765625
2019-08-20 14:00:00,407.9386901855469
2019-08-20 14:15:00,381.3340148925781
2019-08-20 14:30:00,403.5046081542969
2019-08-20 14:45:00,403.5046081542969
2019-08-20 15:00:00,383.5509948730469
2019-08-20 15:15:00,365.8146057128906
2019-08-20 15:30:00,385.7680969238281
2019-08-20 15:45:00,385.7680969238281
2019-08-20 16:00:00,381.3340148925781
2019-08-20 16:15:00,391.3106994628906
2019-08-20 16:30:00,412.372802734375
2019-08-20 16:45:00,436.7604064941406
2019-08-20 17:00:00,411.2643127441406
2019-08-20 17:15:00,368.0315856933594
2019-08-20 17:30:00,320.3648986816406
2019-08-20 17:45:00,253.8531036376953
2019-08-20 18:00:00,219.4886932373047
2019-08-20 18:15:00,195.10110473632807
2019-08-20 18:30:00,164.0623016357422
2019-08-20 18:45:00,184.0157928466797
2019-08-20 19:00:00,197.3182067871093
2019-08-20 19:15:00,159.62820434570312
2019-08-20 19:30:00,150.75990295410156
2019-08-20 19:45:00,162.95379638671875
2019-08-20 20:00:00,148.5428924560547
2019-08-20 20:15:00,143.0001983642578
2019-08-20 20:30:00,140.783203125
2019-08-20 20:45:00,118.61260223388672
2019-08-20 21:00:00,114.17849731445312
2019-08-20 21:15:00,110.85289764404295
2019-08-20 21:30:00,109.74440002441406
2019-08-20 21:45:00,109.74440002441406
2019-08-20 22:00:00,108.63580322265624
2019-08-20 22:15:00,109.74440002441406
2019-08-20 22:30:00,109.74440002441406
2019-08-20 22:45:00,109.74440002441406
2019-08-20 23:00:00,113.06999969482422
2019-08-20 23:15:00,82.03109741210938
2019-08-20 23:30:00,74.27140045166016
2019-08-20 23:45:00,63.18619918823242
2019-08-21 00:00:00,59.860599517822266
2019-08-21 00:15:00,62.077598571777344
2019-08-21 00:30:00,59.860599517822266
2019-08-21 00:45:00,59.860599517822266
2019-08-21 01:00:00,63.18619918823242
2019-08-21 01:15:00,66.51170349121094
2019-08-21 01:30:00,65.4031982421875
2019-08-21 01:45:00,66.51170349121094
2019-08-21 02:00:00,66.51170349121094
2019-08-21 02:15:00,66.51170349121094
2019-08-21 02:30:00,64.2947006225586
2019-08-21 02:45:00,59.860599517822266
2019-08-21 03:00:00,62.077598571777344
2019-08-21 03:15:00,63.18619918823242
2019-08-21 03:30:00,60.96910095214844
2019-08-21 03:45:00,58.75199890136719
2019-08-21 04:00:00,60.96910095214844
2019-08-21 04:15:00,59.860599517822266
2019-08-21 04:30:00,60.96910095214844
2019-08-21 04:45:00,64.2947006225586
2019-08-21 05:00:00,57.64350128173828
2019-08-21 05:15:00,62.077598571777344
2019-08-21 05:30:00,63.18619918823242
2019-08-21 05:45:00,60.96910095214844
2019-08-21 06:00:00,58.75199890136719
2019-08-21 06:15:00,56.53499984741211
2019-08-21 06:30:00,56.53499984741211
2019-08-21 06:45:00,59.860599517822266
2019-08-21 07:00:00,60.96910095214844
2019-08-21 07:15:00,57.64350128173828
2019-08-21 07:30:00,88.68229675292969
2019-08-21 07:45:00,200.643798828125
2019-08-21 08:00:00,217.27169799804688
2019-08-21 08:15:00,260.5043029785156
2019-08-21 08:30:00,324.79901123046875
2019-08-21 08:45:00,376.89990234375
2019-08-21 09:00:00,407.9386901855469
2019-08-21 09:15:00,413.4812927246094
2019-08-21 09:30:00,433.434814453125
2019-08-21 09:45:00,407.9386901855469
2019-08-21 10:00:00,427.8922119140625
2019-08-21 10:15:00,423.4580993652344
2019-08-21 10:30:00,409.0472106933594
2019-08-21 10:45:00,209.9276885986328
2019-08-21 11:00:00,207.71495056152344
2019-08-21 11:15:00,205.4445343017578
2019-08-21 11:30:00,437.8689880371094
2019-08-21 11:45:00,410.15570068359375
2019-08-21 12:00:00,299.30279541015625
2019-08-21 12:15:00,219.4886932373047
2019-08-21 12:30:00,247.2019958496093
2019-08-21 12:45:00,290.4346008300781
2019-08-21 13:00:00,344.75250244140625
2019-08-21 13:15:00,365.8146057128906
2019-08-21 13:30:00,361.3804931640625
2019-08-21 13:45:00,403.5046081542969
2019-08-21 14:00:00,380.2254943847656
2019-08-21 14:15:00,401.2875061035156
2019-08-21 14:30:00,416.806884765625
2019-08-21 14:45:00,412.372802734375
2019-08-21 15:00:00,391.3106994628906
2019-08-21 15:15:00,386.8765869140625
2019-08-21 15:30:00,389.09368896484375
2019-08-21 15:45:00,406.8302001953125
2019-08-21 16:00:00,386.8765869140625
2019-08-21 16:15:00,373.5743103027344
2019-08-21 16:30:00,392.4193115234375
2019-08-21 16:45:00,384.65960693359375
2019-08-21 17:00:00,358.0549011230469
2019-08-21 17:15:00,370.2486877441406
2019-08-21 17:30:00,167.6321561144133
2019-08-21 17:45:00,167.6321561144133
2019-08-21 18:00:00,167.6321561144133
2019-08-21 18:15:00,167.6321561144133
2019-08-21 18:30:00,167.6321561144133
2019-08-21 18:45:00,167.6321561144133
2019-08-21 19:00:00,167.6321561144133
2019-08-21 19:15:00,167.6321561144133
2019-08-21 19:30:00,167.6321561144133
2019-08-21 19:45:00,167.6321561144133
2019-08-21 20:00:00,167.6321561144133
2019-08-21 20:15:00,167.6321561144133
2019-08-21 20:30:00,167.6321561144133
2019-08-21 20:45:00,167.6321561144133
2019-08-21 21:00:00,167.6321561144133
2019-08-21 21:15:00,167.6321561144133
2019-08-21 21:30:00,167.6321561144133
2019-08-21 21:45:00,167.6321561144133
2019-08-21 22:00:00,167.6321561144133
2019-08-21 22:15:00,167.6321561144133
2019-08-21 22:30:00,167.6321561144133
2019-08-21 22:45:00,167.6321561144133
2019-08-21 23:00:00,167.6321561144133
2019-08-21 23:15:00,167.6321561144133
2019-08-21 23:30:00,167.6321561144133
2019-08-21 23:45:00,167.6321561144133
2019-08-22 00:00:00,167.6321561144133
2019-08-22 00:15:00,167.6321561144133
2019-08-22 00:30:00,167.6321561144133
2019-08-22 00:45:00,167.6321561144133
2019-08-22 01:00:00,167.6321561144133
2019-08-22 01:15:00,167.6321561144133
2019-08-22 01:30:00,167.6321561144133
2019-08-22 01:45:00,167.6321561144133
2019-08-22 02:00:00,167.6321561144133
2019-08-22 02:15:00,167.6321561144133
2019-08-22 02:30:00,167.6321561144133
2019-08-22 02:45:00,167.6321561144133
2019-08-22 03:00:00,167.6321561144133
2019-08-22 03:15:00,167.6321561144133
2019-08-22 03:30:00,167.6321561144133
2019-08-22 03:45:00,167.6321561144133
2019-08-22 04:00:00,167.6321561144133
2019-08-22 04:15:00,167.6321561144133
2019-08-22 04:30:00,167.6321561144133
2019-08-22 04:45:00,167.6321561144133
2019-08-22 05:00:00,167.6321561144133
2019-08-22 05:15:00,167.6321561144133
2019-08-22 05:30:00,167.6321561144133
2019-08-22 05:45:00,167.6321561144133
2019-08-22 06:00:00,64.2947006225586
2019-08-22 06:15:00,63.18619918823242
2019-08-22 06:30:00,63.18619918823242
2019-08-22 06:45:00,65.4031982421875
2019-08-22 07:00:00,66.51170349121094
2019-08-22 07:15:00,62.077598571777344
2019-08-22 07:30:00,76.4885025024414
2019-08-22 07:45:00,121.93820190429688
2019-08-22 08:00:00,147.4344024658203
2019-08-22 08:15:00,206.1864013671875
2019-08-22 08:30:00,254.96170043945312
2019-08-22 08:45:00,303.73699951171875
2019-08-22 09:00:00,317.039306640625
2019-08-22 09:15:00,332.5586853027344
2019-08-22 09:30:00,317.039306640625
2019-08-22 09:45:00,304.8454895019531
2019-08-22 10:00:00,323.69049072265625
2019-08-22 10:15:00,331.4501953125
2019-08-22 10:30:00,345.8611145019531
2019-08-22 10:45:00,333.6672058105469
2019-08-22 11:00:00,325.9075012207031
2019-08-22 11:15:00,335.8843078613281
2019-08-22 11:30:00,330.34161376953125
2019-08-22 11:45:00,325.9075012207031
2019-08-22 12:00:00,273.80670166015625
2019-08-22 12:15:00,161.84519958496094
2019-08-22 12:30:00,166.27940368652344
2019-08-22 12:45:00,188.4499053955078
2019-08-22 13:00:00,249.41900634765625
2019-08-22 13:15:00,295.9772033691406
2019-08-22 13:30:00,317.039306640625
2019-08-22 13:45:00,307.0625
2019-08-22 14:00:00,321.473388671875
2019-08-22 14:15:00,311.4967041015625
2019-08-22 14:30:00,332.5586853027344
2019-08-22 14:45:00,336.9927978515625
2019-08-22 15:00:00,324.79901123046875
2019-08-22 15:15:00,331.4501953125
2019-08-22 15:30:00,303.73699951171875
2019-08-22 15:45:00,332.5586853027344
2019-08-22 16:00:00,329.23309326171875
2019-08-22 16:15:00,327.01611328125
2019-08-22 16:30:00,324.79901123046875
2019-08-22 16:45:00,310.3880920410156
2019-08-22 17:00:00,305.9540100097656
2019-08-22 17:15:00,267.1554870605469
2019-08-22 17:30:00,233.89959716796875
2019-08-22 17:45:00,215.0545959472656
2019-08-22 18:00:00,144.10879516601562
2019-08-22 18:15:00,104.20169830322266
2019-08-22 18:30:00,76.4885025024414
2019-08-22 18:45:00,92.00789642333984
2019-08-22 19:00:00,108.63580322265624
2019-08-22 19:15:00,115.28700256347656
2019-08-22 19:30:00,123.04669952392578
2019-08-22 19:45:00,108.63580322265624
2019-08-22 20:00:00,116.39550018310548
2019-08-22 20:15:00,121.93820190429688
2019-08-22 20:30:00,115.28700256347656
2019-08-22 20:45:00,85.35669708251953
2019-08-22 21:00:00,68.72879791259766
2019-08-22 21:15:00,64.2947006225586
2019-08-22 21:30:00,55.42649841308594
2019-08-22 21:45:00,49.8838005065918
2019-08-22 22:00:00,55.42649841308594
2019-08-22 22:15:00,28.8218002319336
2019-08-22 22:30:00,18.84499931335449
2019-08-22 22:45:00,12.19379997253418
2019-08-22 23:00:00,13.302300453186035
2019-08-22 23:15:00,13.302300453186035
2019-08-22 23:30:00,13.302300453186035
2019-08-22 23:45:00,13.302300453186035
2019-08-23 00:00:00,13.302300453186035
2019-08-23 00:15:00,13.302300453186035
2019-08-23 00:30:00,13.302300453186035
2019-08-23 00:45:00,13.302300453186035
2019-08-23 01:00:00,13.302300453186035
2019-08-23 01:15:00,13.302300453186035
2019-08-23 01:30:00,14.410900115966797
2019-08-23 01:45:00,12.19379997253418
2019-08-23 02:00:00,13.302300453186035
2019-08-23 02:15:00,13.302300453186035
2019-08-23 02:30:00,14.410900115966797
2019-08-23 02:45:00,13.302300453186035
2019-08-23 03:00:00,13.302300453186035
2019-08-23 03:15:00,12.19379997253418
2019-08-23 03:30:00,13.302300453186035
2019-08-23 03:45:00,12.19379997253418
2019-08-23 04:00:00,11.08530044555664
2019-08-23 04:15:00,12.19379997253418
2019-08-23 04:30:00,12.19379997253418
2019-08-23 04:45:00,11.08530044555664
2019-08-23 05:00:00,11.08530044555664
2019-08-23 05:15:00,11.08530044555664
2019-08-23 05:30:00,9.976799964904783
2019-08-23 05:45:00,11.08530044555664
2019-08-23 06:00:00,11.08530044555664
2019-08-23 06:15:00,12.19379997253418
2019-08-23 06:30:00,12.19379997253418
2019-08-23 06:45:00,13.302300453186035
2019-08-23 07:00:00,14.410900115966797
2019-08-23 07:15:00,14.410900115966797
2019-08-23 07:30:00,46.55820083618164
2019-08-23 07:45:00,78.70559692382812
2019-08-23 08:00:00,111.9614028930664
2019-08-23 08:15:00,159.62820434570312
2019-08-23 08:30:00,243.8764038085937
2019-08-23 08:45:00,269.3725891113281
2019-08-23 09:00:00,302.6283874511719
2019-08-23 09:15:00,333.6672058105469
2019-08-23 09:30:00,331.4501953125
2019-08-23 09:45:00,351.4036865234375
2019-08-23 10:00:00,340.3183898925781
2019-08-23 10:15:00,320.3648986816406
2019-08-23 10:30:00,327.01611328125
2019-08-23 10:45:00,356.9462890625
2019-08-23 11:00:00,330.34161376953125
2019-08-23 11:15:00,341.4269104003906
2019-08-23 11:30:00,322.5819091796875
2019-08-23 11:45:00,319.25640869140625
2019-08-23 12:00:00,284.8919982910156
2019-08-23 12:15:00,145.21730041503906
2019-08-23 12:30:00,140.783203125
2019-08-23 12:45:00,210.62049865722656
2019-08-23 13:00:00,292.6517028808594
2019-08-23 13:15:00,313.7137145996094
2019-08-23 13:30:00,308.1711120605469
2019-08-23 13:45:00,289.3261108398437
2019-08-23 14:00:00,300.4114074707031
2019-08-23 14:15:00,293.7601928710937
2019-08-23 14:30:00,272.6980895996094
2019-08-23 14:45:00,289.3261108398437
2019-08-23 15:00:00,314.8222045898437
2019-08-23 15:15:00,345.8611145019531
2019-08-23 15:30:00,342.5354919433594
2019-08-23 15:45:00,348.0780944824219
2019-08-23 16:00:00,167.6321561144133
2019-08-23 16:15:00,167.6321561144133
2019-08-23 16:30:00,167.6321561144133
2019-08-23 16:45:00,167.6321561144133
2019-08-23 17:00:00,167.6321561144133
2019-08-23 17:15:00,167.6321561144133
2019-08-23 17:30:00,167.6321561144133
2019-08-23 17:45:00,167.6321561144133
2019-08-23 18:00:00,167.6321561144133
2019-08-23 18:15:00,167.6321561144133
2019-08-23 18:30:00,167.6321561144133
2019-08-23 18:45:00,167.6321561144133
2019-08-23 19:00:00,167.6321561144133
2019-08-23 19:15:00,167.6321561144133
2019-08-23 19:30:00,167.6321561144133
2019-08-23 19:45:00,167.6321561144133
2019-08-23 20:00:00,167.6321561144133
2019-08-23 20:15:00,167.6321561144133
2019-08-23 20:30:00,167.6321561144133
2019-08-23 20:45:00,167.6321561144133
2019-08-23 21:00:00,167.6321561144133
2019-08-23 21:15:00,167.6321561144133
2019-08-23 21:30:00,167.6321561144133
2019-08-23 21:45:00,167.6321561144133
2019-08-23 22:00:00,167.6321561144133
2019-08-23 22:15:00,167.6321561144133
2019-08-23 22:30:00,167.6321561144133
2019-08-23 22:45:00,167.6321561144133
2019-08-23 23:00:00,167.6321561144133
2019-08-23 23:15:00,167.6321561144133
2019-08-23 23:30:00,167.6321561144133
2019-08-23 23:45:00,167.6321561144133
2019-08-24 00:00:00,167.6321561144133
2019-08-24 00:15:00,167.6321561144133
2019-08-24 00:30:00,167.6321561144133
2019-08-24 00:45:00,167.6321561144133
2019-08-24 01:00:00,167.6321561144133
2019-08-24 01:15:00,167.6321561144133
2019-08-24 01:30:00,167.6321561144133
2019-08-24 01:45:00,167.6321561144133
2019-08-24 02:00:00,167.6321561144133
2019-08-24 02:15:00,167.6321561144133
2019-08-24 02:30:00,167.6321561144133
2019-08-24 02:45:00,167.6321561144133
2019-08-24 03:00:00,167.6321561144133
2019-08-24 03:15:00,167.6321561144133
2019-08-24 03:30:00,167.6321561144133
2019-08-24 03:45:00,167.6321561144133
2019-08-24 04:00:00,167.6321561144133
2019-08-24 04:15:00,167.6321561144133
2019-08-24 04:30:00,8.868200302124023
2019-08-24 04:45:00,9.976799964904783
2019-08-24 05:00:00,9.976799964904783
2019-08-24 05:15:00,9.976799964904783
2019-08-24 05:30:00,8.868200302124023
2019-08-24 05:45:00,8.868200302124023
2019-08-24 06:00:00,11.08530044555664
2019-08-24 06:15:00,8.868200302124023
2019-08-24 06:30:00,13.302300453186035
2019-08-24 06:45:00,13.302300453186035
2019-08-24 07:00:00,15.519399642944336
2019-08-24 07:15:00,12.19379997253418
2019-08-24 07:30:00,39.90700149536133
2019-08-24 07:45:00,95.33350372314452
2019-08-24 08:00:00,147.4344024658203
2019-08-24 08:15:00,200.643798828125
2019-08-24 08:30:00,282.6748962402344
2019-08-24 08:45:00,298.1943054199219
2019-08-24 09:00:00,321.473388671875
2019-08-24 09:15:00,324.79901123046875
2019-08-24 09:30:00,345.8611145019531
2019-08-24 09:45:00,336.9927978515625
2019-08-24 10:00:00,353.62078857421875
2019-08-24 10:15:00,350.2951965332031
2019-08-24 10:30:00,323.69049072265625
2019-08-24 10:45:00,331.4501953125
2019-08-24 11:00:00,340.3183898925781
2019-08-24 11:15:00,340.3183898925781
2019-08-24 11:30:00,355.8377990722656
2019-08-24 11:45:00,340.3183898925781
2019-08-24 12:00:00,266.0469970703125
2019-08-24 12:15:00,172.9304962158203
2019-08-24 12:30:00,180.6902008056641
2019-08-24 12:45:00,259.39581298828125
2019-08-24 13:00:00,262.7214050292969
2019-08-24 13:15:00,325.9075012207031
2019-08-24 13:30:00,314.8222045898437
2019-08-24 13:45:00,315.9307861328125
2019-08-24 14:00:00,315.9307861328125
2019-08-24 14:15:00,324.79901123046875
2019-08-24 14:30:00,312.6051940917969
2019-08-24 14:45:00,309.27960205078125
2019-08-24 15:00:00,302.6283874511719
2019-08-24 15:15:00,304.8454895019531
2019-08-24 15:30:00,305.9540100097656
2019-08-24 15:45:00,312.6051940917969
2019-08-24 16:00:00,325.9075012207031
2019-08-24 16:15:00,320.3648986816406
2019-08-24 16:30:00,311.4967041015625
2019-08-24 16:45:00,286.00048828125
2019-08-24 17:00:00,281.56640625
2019-08-24 17:15:00,270.4811096191406
2019-08-24 17:30:00,241.6593017578125
2019-08-24 17:45:00,177.36459350585938
2019-08-24 18:00:00,131.9149932861328
2019-08-24 18:15:00,101.98470306396484
2019-08-24 18:30:00,95.33350372314452
2019-08-24 18:45:00,105.310302734375
2019-08-24 19:00:00,101.98470306396484
2019-08-24 19:15:00,109.74440002441406
2019-08-24 19:30:00,110.85289764404295
2019-08-24 19:45:00,116.39550018310548
2019-08-24 20:00:00,124.1552963256836
2019-08-24 20:15:00,119.72109985351562
2019-08-24 20:30:00,119.72109985351562
2019-08-24 20:45:00,110.85289764404295
2019-08-24 21:00:00,84.24819946289062
2019-08-24 21:15:00,69.8373031616211
2019-08-24 21:30:00,73.16290283203125
2019-08-24 21:45:00,70.9458999633789
2019-08-24 22:00:00,68.72879791259766
2019-08-24 22:15:00,63.18619918823242
2019-08-24 22:30:00,62.077598571777344
2019-08-24 22:45:00,64.2947006225586
2019-08-24 23:00:00,64.2947006225586
2019-08-24 23:15:00,65.4031982421875
2019-08-24 23:30:00,66.51170349121094
2019-08-24 23:45:00,64.2947006225586
2019-08-25 00:00:00,63.18619918823242
2019-08-25 00:15:00,63.18619918823242
2019-08-25 00:30:00,62.077598571777344
2019-08-25 00:45:00,52.10089874267578
2019-08-25 01:00:00,43.23260116577149
2019-08-25 01:15:00,26.604700088500977
2019-08-25 01:30:00,21.06209945678711
2019-08-25 01:45:00,15.519399642944336
2019-08-25 02:00:00,16.627899169921875
2019-08-25 02:15:00,14.410900115966797
2019-08-25 02:30:00,15.519399642944336
2019-08-25 02:45:00,13.302300453186035
2019-08-25 03:00:00,14.410900115966797
2019-08-25 03:15:00,13.302300453186035
2019-08-25 03:30:00,13.302300453186035
2019-08-25 03:45:00,14.410900115966797
2019-08-25 04:00:00,14.410900115966797
2019-08-25 04:15:00,12.19379997253418
2019-08-25 04:30:00,14.410900115966797
2019-08-25 04:45:00,12.19379997253418
2019-08-25 05:00:00,12.19379997253418
2019-08-25 05:15:00,12.19379997253418
2019-08-25 05:30:00,13.302300453186035
2019-08-25 05:45:00,12.19379997253418
2019-08-25 06:00:00,13.302300453186035
2019-08-25 06:15:00,15.519399642944336
2019-08-25 06:30:00,16.627899169921875
2019-08-25 06:45:00,16.627899169921875
2019-08-25 07:00:00,18.84499931335449
2019-08-25 07:15:00,19.953500747680664
2019-08-25 07:30:00,60.96910095214844
2019-08-25 07:45:00,117.50409698486328
2019-08-25 08:00:00,151.86849975585938
2019-08-25 08:15:00,190.66700744628903
2019-08-25 08:30:00,226.139892578125
2019-08-25 08:45:00,258.28729248046875
2019-08-25 09:00:00,282.6748962402344
2019-08-25 09:15:00,298.1943054199219
2019-08-25 09:30:00,294.86871337890625
2019-08-25 09:45:00,302.6283874511719
2019-08-25 10:00:00,305.9540100097656
2019-08-25 10:15:00,291.5430908203125
2019-08-25 10:30:00,307.0625
2019-08-25 10:45:00,319.25640869140625
2019-08-25 11:00:00,300.4114074707031
2019-08-25 11:15:00,305.9540100097656
2019-08-25 11:30:00,301.5198974609375
2019-08-25 11:45:00,283.78338623046875
2019-08-25 12:00:00,223.9228973388672
2019-08-25 12:15:00,154.0854949951172
2019-08-25 12:30:00,151.86849975585938
2019-08-25 12:45:00,220.5973052978516
2019-08-25 13:00:00,268.2640075683594
2019-08-25 13:15:00,277.1322937011719
2019-08-25 13:30:00,268.2640075683594
2019-08-25 13:45:00,277.1322937011719
2019-08-25 14:00:00,280.4577941894531
2019-08-25 14:15:00,287.1090087890625
2019-08-25 14:30:00,298.1943054199219
2019-08-25 14:45:00,289.3261108398437
2019-08-25 15:00:00,290.4346008300781
2019-08-25 15:15:00,274.9151916503906
2019-08-25 15:30:00,270.4811096191406
2019-08-25 15:45:00,273.80670166015625
2019-08-25 16:00:00,283.78338623046875
2019-08-25 16:15:00,297.0857849121094
2019-08-25 16:30:00,287.1090087890625
2019-08-25 16:45:00,286.00048828125
2019-08-25 17:00:00,280.4577941894531
2019-08-25 17:15:00,238.3336944580078
2019-08-25 17:30:00,219.4886932373047
2019-08-25 17:45:00,166.27940368652344
2019-08-25 18:00:00,129.69790649414062
2019-08-25 18:15:00,111.9614028930664
2019-08-25 18:30:00,104.20169830322266
2019-08-25 18:45:00,97.55059814453124
2019-08-25 19:00:00,97.55059814453124
2019-08-25 19:15:00,97.55059814453124
2019-08-25 19:30:00,94.2249984741211
2019-08-25 19:45:00,95.33350372314452
2019-08-25 20:00:00,93.11640167236328
2019-08-25 20:15:00,92.00789642333984
2019-08-25 20:30:00,73.16290283203125
2019-08-25 20:45:00,56.53499984741211
2019-08-25 21:00:00,58.75199890136719
2019-08-25 21:15:00,60.96910095214844
2019-08-25 21:30:00,58.75199890136719
2019-08-25 21:45:00,57.64350128173828
2019-08-25 22:00:00,55.42649841308594
2019-08-25 22:15:00,55.42649841308594
2019-08-25 22:30:00,58.75199890136719
2019-08-25 22:45:00,58.75199890136719
2019-08-25 23:00:00,54.317901611328125
2019-08-25 23:15:00,54.317901611328125
2019-08-25 23:30:00,53.20940017700195
2019-08-25 23:45:00,54.317901611328125
2019-08-26 00:00:00,57.64350128173828
2019-08-26 00:15:00,55.42649841308594
2019-08-26 00:30:00,58.75199890136719
2019-08-26 00:45:00,48.775299072265625
2019-08-26 01:00:00,44.34120178222656
2019-08-26 01:15:00,26.604700088500977
2019-08-26 01:30:00,23.27910041809082
2019-08-26 01:45:00,15.519399642944336
2019-08-26 02:00:00,9.976799964904783
2019-08-26 02:15:00,8.868200302124023
2019-08-26 02:30:00,11.08530044555664
2019-08-26 02:45:00,8.868200302124023
2019-08-26 03:00:00,9.976799964904783
2019-08-26 03:15:00,8.868200302124023
2019-08-26 03:30:00,9.976799964904783
2019-08-26 03:45:00,8.868200302124023
2019-08-26 04:00:00,8.868200302124023
2019-08-26 04:15:00,8.868200302124023
2019-08-26 04:30:00,9.976799964904783
2019-08-26 04:45:00,8.868200302124023
2019-08-26 05:00:00,7.759699821472168
2019-08-26 05:15:00,8.868200302124023
2019-08-26 05:30:00,7.759699821472168
2019-08-26 05:45:00,9.976799964904783
2019-08-26 06:00:00,8.868200302124023
2019-08-26 06:15:00,11.08530044555664
2019-08-26 06:30:00,12.19379997253418
2019-08-26 06:45:00,17.736499786376953
2019-08-26 07:00:00,21.06209945678711
2019-08-26 07:15:00,18.84499931335449
2019-08-26 07:30:00,64.2947006225586
2019-08-26 07:45:00,197.3182067871093
2019-08-26 08:00:00,208.40350341796875
2019-08-26 08:15:00,267.1554870605469
2019-08-26 08:30:00,292.6517028808594
2019-08-26 08:45:00,307.0625
2019-08-26 09:00:00,355.8377990722656
2019-08-26 09:15:00,417.9154052734375
2019-08-26 09:30:00,433.434814453125
2019-08-26 09:45:00,143.93556213378906
2019-08-26 10:00:00,414.58990478515625
2019-08-26 10:15:00,383.5509948730469
2019-08-26 10:30:00,405.7215881347656
2019-08-26 10:45:00,145.40025329589844
2019-08-26 11:00:00,421.2409973144531
2019-08-26 11:15:00,409.0472106933594
2019-08-26 11:30:00,395.7449035644531
2019-08-26 11:45:00,341.4269104003906
2019-08-26 12:00:00,312.6051940917969
2019-08-26 12:15:00,242.7678985595703
2019-08-26 12:30:00,237.22520446777344
2019-08-26 12:45:00,331.4501953125
2019-08-26 13:00:00,391.3106994628906
2019-08-26 13:15:00,381.3340148925781
2019-08-26 13:30:00,397.9619140625
2019-08-26 13:45:00,384.65960693359375
2019-08-26 14:00:00,402.39599609375
2019-08-26 14:15:00,167.6321561144133
2019-08-26 14:30:00,167.6321561144133
2019-08-26 14:45:00,167.6321561144133
2019-08-26 15:00:00,167.6321561144133
2019-08-26 15:15:00,167.6321561144133
2019-08-26 15:30:00,167.6321561144133
2019-08-26 15:45:00,167.6321561144133
2019-08-26 16:00:00,167.6321561144133
2019-08-26 16:15:00,167.6321561144133
2019-08-26 16:30:00,167.6321561144133
2019-08-26 16:45:00,167.6321561144133
2019-08-26 17:00:00,167.6321561144133
2019-08-26 17:15:00,167.6321561144133
2019-08-26 17:30:00,167.6321561144133
2019-08-26 17:45:00,167.6321561144133
2019-08-26 18:00:00,167.6321561144133
2019-08-26 18:15:00,167.6321561144133
2019-08-26 18:30:00,167.6321561144133
2019-08-26 18:45:00,167.6321561144133
2019-08-26 19:00:00,167.6321561144133
2019-08-26 19:15:00,167.6321561144133
2019-08-26 19:30:00,167.6321561144133
2019-08-26 19:45:00,167.6321561144133
2019-08-26 20:00:00,167.6321561144133
2019-08-26 20:15:00,167.6321561144133
2019-08-26 20:30:00,167.6321561144133
2019-08-26 20:45:00,167.6321561144133
2019-08-26 21:00:00,167.6321561144133
2019-08-26 21:15:00,167.6321561144133
2019-08-26 21:30:00,167.6321561144133
2019-08-26 21:45:00,167.6321561144133
2019-08-26 22:00:00,167.6321561144133
2019-08-26 22:15:00,167.6321561144133
2019-08-26 22:30:00,167.6321561144133
2019-08-26 22:45:00,167.6321561144133
2019-08-26 23:00:00,167.6321561144133
2019-08-26 23:15:00,167.6321561144133
2019-08-26 23:30:00,167.6321561144133
2019-08-26 23:45:00,167.6321561144133
2019-08-27 00:00:00,167.6321561144133
2019-08-27 00:15:00,167.6321561144133
2019-08-27 00:30:00,167.6321561144133
2019-08-27 00:45:00,167.6321561144133
2019-08-27 01:00:00,167.6321561144133
2019-08-27 01:15:00,167.6321561144133
2019-08-27 01:30:00,167.6321561144133
2019-08-27 01:45:00,167.6321561144133
2019-08-27 02:00:00,167.6321561144133
2019-08-27 02:15:00,167.6321561144133
2019-08-27 02:30:00,167.6321561144133
2019-08-27 02:45:00,9.976799964904783
2019-08-27 03:00:00,9.976799964904783
2019-08-27 03:15:00,14.410900115966797
2019-08-27 03:30:00,18.84499931335449
2019-08-27 03:45:00,17.736499786376953
2019-08-27 04:00:00,16.627899169921875
2019-08-27 04:15:00,15.519399642944336
2019-08-27 04:30:00,9.976799964904783
2019-08-27 04:45:00,8.868200302124023
2019-08-27 05:00:00,7.759699821472168
2019-08-27 05:15:00,9.976799964904783
2019-08-27 05:30:00,7.759699821472168
2019-08-27 05:45:00,9.976799964904783
2019-08-27 06:00:00,7.759699821472168
2019-08-27 06:15:00,9.976799964904783
2019-08-27 06:30:00,12.19379997253418
2019-08-27 06:45:00,11.08530044555664
2019-08-27 07:00:00,14.410900115966797
2019-08-27 07:15:00,19.953500747680664
2019-08-27 07:30:00,78.70559692382812
2019-08-27 07:45:00,115.28700256347656
2019-08-27 08:00:00,148.5428924560547
2019-08-27 08:15:00,212.8376007080078
2019-08-27 08:30:00,391.3106994628906
2019-08-27 08:45:00,375.7912902832031
2019-08-27 09:00:00,354.72930908203125
2019-08-27 09:15:00,372.4657897949219
2019-08-27 09:30:00,384.65960693359375
2019-08-27 09:45:00,353.62078857421875
2019-08-27 10:00:00,404.6130981445313
2019-08-27 10:15:00,400.1789855957031
2019-08-27 10:30:00,413.4812927246094
2019-08-27 10:45:00,424.5665893554688
2019-08-27 11:00:00,190.60926818847656
2019-08-27 11:15:00,188.20684814453125
2019-08-27 11:30:00,429.0007019042969
2019-08-27 11:45:00,402.39599609375
2019-08-27 12:00:00,342.5354919433594
2019-08-27 12:15:00,235.00819396972656
2019-08-27 12:30:00,223.9228973388672
2019-08-27 12:45:00,322.5819091796875
2019-08-27 13:00:00,402.39599609375
2019-08-27 13:15:00,424.5665893554688
2019-08-27 13:30:00,394.6362915039063
2019-08-27 13:45:00,421.2409973144531
2019-08-27 14:00:00,430.10931396484375
2019-08-27 14:15:00,404.6130981445313
2019-08-27 14:30:00,433.434814453125
2019-08-27 14:45:00,430.10931396484375
2019-08-27 15:00:00,402.39599609375
2019-08-27 15:15:00,400.1789855957031
2019-08-27 15:30:00,392.4193115234375
2019-08-27 15:45:00,403.5046081542969
2019-08-27 16:00:00,421.2409973144531
2019-08-27 16:15:00,414.58990478515625
2019-08-27 16:30:00,438.9775085449219
2019-08-27 16:45:00,417.9154052734375
2019-08-27 17:00:00,389.09368896484375
2019-08-27 17:15:00,389.09368896484375
2019-08-27 17:30:00,338.1014099121094
2019-08-27 17:45:00,252.74459838867188
2019-08-27 18:00:00,210.62049865722656
2019-08-27 18:15:00,188.4499053955078
2019-08-27 18:30:00,165.17080688476562
2019-08-27 18:45:00,145.21730041503906
2019-08-27 19:00:00,141.89169311523438
2019-08-27 19:15:00,150.75990295410156
2019-08-27 19:30:00,156.30259704589844
2019-08-27 19:45:00,145.21730041503906
2019-08-27 20:00:00,146.3258056640625
2019-08-27 20:15:00,144.10879516601562
2019-08-27 20:30:00,115.28700256347656
2019-08-27 20:45:00,167.6321561144133
2019-08-27 21:00:00,167.6321561144133
2019-08-27 21:15:00,167.6321561144133
2019-08-27 21:30:00,167.6321561144133
2019-08-27 21:45:00,167.6321561144133
2019-08-27 22:00:00,167.6321561144133
2019-08-27 22:15:00,167.6321561144133
2019-08-27 22:30:00,167.6321561144133
2019-08-27 22:45:00,167.6321561144133
2019-08-27 23:00:00,167.6321561144133
2019-08-27 23:15:00,167.6321561144133
2019-08-27 23:30:00,167.6321561144133
2019-08-27 23:45:00,167.6321561144133
2019-08-28 00:00:00,167.6321561144133
2019-08-28 00:15:00,167.6321561144133
2019-08-28 00:30:00,167.6321561144133
2019-08-28 00:45:00,167.6321561144133
2019-08-28 01:00:00,167.6321561144133
2019-08-28 01:15:00,167.6321561144133
2019-08-28 01:30:00,167.6321561144133
2019-08-28 01:45:00,167.6321561144133
2019-08-28 02:00:00,167.6321561144133
2019-08-28 02:15:00,167.6321561144133
2019-08-28 02:30:00,167.6321561144133
2019-08-28 02:45:00,167.6321561144133
2019-08-28 03:00:00,167.6321561144133
2019-08-28 03:15:00,167.6321561144133
2019-08-28 03:30:00,167.6321561144133
2019-08-28 03:45:00,167.6321561144133
2019-08-28 04:00:00,167.6321561144133
2019-08-28 04:15:00,167.6321561144133
2019-08-28 04:30:00,167.6321561144133
2019-08-28 04:45:00,167.6321561144133
2019-08-28 05:00:00,167.6321561144133
2019-08-28 05:15:00,167.6321561144133
2019-08-28 05:30:00,167.6321561144133
2019-08-28 05:45:00,167.6321561144133
2019-08-28 06:00:00,167.6321561144133
2019-08-28 06:15:00,167.6321561144133
2019-08-28 06:30:00,167.6321561144133
2019-08-28 06:45:00,167.6321561144133
2019-08-28 07:00:00,167.6321561144133
2019-08-28 07:15:00,167.6321561144133
2019-08-28 07:30:00,167.6321561144133
2019-08-28 07:45:00,167.6321561144133
2019-08-28 08:00:00,167.6321561144133
2019-08-28 08:15:00,167.6321561144133
2019-08-28 08:30:00,167.6321561144133
2019-08-28 08:45:00,167.6321561144133
2019-08-28 09:00:00,167.6321561144133
2019-08-28 09:15:00,369.1401977539063
2019-08-28 09:30:00,401.2875061035156
2019-08-28 09:45:00,412.372802734375
2019-08-28 10:00:00,391.3106994628906
2019-08-28 10:15:00,400.1789855957031
2019-08-28 10:30:00,397.9619140625
2019-08-28 10:45:00,407.9386901855469
2019-08-28 11:00:00,400.1789855957031
2019-08-28 11:15:00,401.2875061035156
2019-08-28 11:30:00,420.1325073242188
2019-08-28 11:45:00,360.2719116210937
2019-08-28 12:00:00,281.56640625
2019-08-28 12:15:00,197.3182067871093
2019-08-28 12:30:00,189.5585021972656
2019-08-28 12:45:00,266.0469970703125
2019-08-28 13:00:00,359.16339111328125
2019-08-28 13:15:00,392.4193115234375
2019-08-28 13:30:00,390.20220947265625
2019-08-28 13:45:00,392.4193115234375
2019-08-28 14:00:00,364.70599365234375
2019-08-28 14:15:00,381.3340148925781
2019-08-28 14:30:00,380.2254943847656
2019-08-28 14:45:00,396.8533935546875
2019-08-28 15:00:00,407.9386901855469
2019-08-28 15:15:00,383.5509948730469
2019-08-28 15:30:00,359.16339111328125
2019-08-28 15:45:00,329.23309326171875
2019-08-28 16:00:00,351.4036865234375
2019-08-28 16:15:00,381.3340148925781
2019-08-28 16:30:00,365.8146057128906
2019-08-28 16:45:00,366.923095703125
2019-08-28 17:00:00,167.6321561144133
2019-08-28 17:15:00,167.6321561144133
2019-08-28 17:30:00,167.6321561144133
2019-08-28 17:45:00,167.6321561144133
2019-08-28 18:00:00,167.6321561144133
2019-08-28 18:15:00,167.6321561144133
2019-08-28 18:30:00,167.6321561144133
2019-08-28 18:45:00,167.6321561144133
2019-08-28 19:00:00,167.6321561144133
2019-08-28 19:15:00,167.6321561144133
2019-08-28 19:30:00,167.6321561144133
2019-08-28 19:45:00,167.6321561144133
2019-08-28 20:00:00,167.6321561144133
2019-08-28 20:15:00,167.6321561144133
2019-08-28 20:30:00,167.6321561144133
2019-08-28 20:45:00,167.6321561144133
2019-08-28 21:00:00,167.6321561144133
2019-08-28 21:15:00,167.6321561144133
2019-08-28 21:30:00,167.6321561144133
2019-08-28 21:45:00,167.6321561144133
2019-08-28 22:00:00,167.6321561144133
2019-08-28 22:15:00,167.6321561144133
2019-08-28 22:30:00,167.6321561144133
2019-08-28 22:45:00,167.6321561144133
2019-08-28 23:00:00,167.6321561144133
2019-08-28 23:15:00,167.6321561144133
2019-08-28 23:30:00,167.6321561144133
2019-08-28 23:45:00,167.6321561144133
2019-08-29 00:00:00,167.6321561144133
2019-08-29 00:15:00,167.6321561144133
2019-08-29 00:30:00,167.6321561144133
2019-08-29 00:45:00,167.6321561144133
2019-08-29 01:00:00,167.6321561144133
2019-08-29 01:15:00,167.6321561144133
2019-08-29 01:30:00,167.6321561144133
2019-08-29 01:45:00,167.6321561144133
2019-08-29 02:00:00,167.6321561144133
2019-08-29 02:15:00,167.6321561144133
2019-08-29 02:30:00,167.6321561144133
2019-08-29 02:45:00,167.6321561144133
2019-08-29 03:00:00,167.6321561144133
2019-08-29 03:15:00,167.6321561144133
2019-08-29 03:30:00,167.6321561144133
2019-08-29 03:45:00,167.6321561144133
2019-08-29 04:00:00,167.6321561144133
2019-08-29 04:15:00,167.6321561144133
2019-08-29 04:30:00,167.6321561144133
2019-08-29 04:45:00,167.6321561144133
2019-08-29 05:00:00,167.6321561144133
2019-08-29 05:15:00,167.6321561144133
2019-08-29 05:30:00,19.953500747680664
2019-08-29 05:45:00,21.06209945678711
2019-08-29 06:00:00,19.953500747680664
2019-08-29 06:15:00,19.953500747680664
2019-08-29 06:30:00,17.736499786376953
2019-08-29 06:45:00,18.84499931335449
2019-08-29 07:00:00,16.627899169921875
2019-08-29 07:15:00,16.627899169921875
2019-08-29 07:30:00,14.410900115966797
2019-08-29 07:45:00,15.519399642944336
2019-08-29 08:00:00,57.64350128173828
2019-08-29 08:15:00,222.8143005371093
2019-08-29 08:30:00,283.78338623046875
2019-08-29 08:45:00,305.9540100097656
2019-08-29 09:00:00,319.25640869140625
2019-08-29 09:15:00,342.5354919433594
2019-08-29 09:30:00,349.1866149902344
2019-08-29 09:45:00,340.3183898925781
2019-08-29 10:00:00,349.1866149902344
2019-08-29 10:15:00,339.2098999023437
2019-08-29 10:30:00,376.89990234375
2019-08-29 10:45:00,349.1866149902344
2019-08-29 11:00:00,353.62078857421875
2019-08-29 11:15:00,336.9927978515625
2019-08-29 11:30:00,334.7757873535156
2019-08-29 11:45:00,308.1711120605469
2019-08-29 12:00:00,226.139892578125
2019-08-29 12:15:00,151.86849975585938
2019-08-29 12:30:00,193.9925994873047
2019-08-29 12:45:00,250.5276031494141
2019-08-29 13:00:00,274.9151916503906
2019-08-29 13:15:00,320.3648986816406
2019-08-29 13:30:00,321.473388671875
2019-08-29 13:45:00,313.7137145996094
2019-08-29 14:00:00,333.6672058105469
2019-08-29 14:15:00,333.6672058105469
2019-08-29 14:30:00,327.01611328125
2019-08-29 14:45:00,311.4967041015625
2019-08-29 15:00:00,342.5354919433594
2019-08-29 15:15:00,344.75250244140625
2019-08-29 15:30:00,345.8611145019531
2019-08-29 15:45:00,355.8377990722656
2019-08-29 16:00:00,353.62078857421875
2019-08-29 16:15:00,318.1477966308594
2019-08-29 16:30:00,317.039306640625
2019-08-29 16:45:00,300.4114074707031
2019-08-29 17:00:00,268.2640075683594
2019-08-29 17:15:00,240.55079650878903
2019-08-29 17:30:00,205.0778961181641
2019-08-29 17:45:00,178.47320556640625
2019-08-29 18:00:00,170.7135009765625
2019-08-29 18:15:00,123.04669952392578
2019-08-29 18:30:00,111.9614028930664
2019-08-29 18:45:00,156.30259704589844
2019-08-29 19:00:00,126.37229919433594
2019-08-29 19:15:00,115.28700256347656
2019-08-29 19:30:00,113.06999969482422
2019-08-29 19:45:00,107.5272979736328
2019-08-29 20:00:00,96.44200134277344
2019-08-29 20:15:00,93.11640167236328
2019-08-29 20:30:00,97.55059814453124
2019-08-29 20:45:00,58.75199890136719
2019-08-29 21:00:00,44.34120178222656
2019-08-29 21:15:00,35.472900390625
2019-08-29 21:30:00,47.66669845581055
2019-08-29 21:45:00,43.23260116577149
2019-08-29 22:00:00,44.34120178222656
2019-08-29 22:15:00,50.9922981262207
2019-08-29 22:30:00,56.53499984741211
2019-08-29 22:45:00,60.96910095214844
2019-08-29 23:00:00,48.775299072265625
2019-08-29 23:15:00,54.317901611328125
2019-08-29 23:30:00,57.64350128173828
2019-08-29 23:45:00,31.038799285888672
2019-08-30 00:00:00,19.953500747680664
2019-08-30 00:15:00,17.736499786376953
2019-08-30 00:30:00,18.84499931335449
2019-08-30 00:45:00,18.84499931335449
2019-08-30 01:00:00,17.736499786376953
2019-08-30 01:15:00,18.84499931335449
2019-08-30 01:30:00,17.736499786376953
2019-08-30 01:45:00,15.519399642944336
2019-08-30 02:00:00,14.410900115966797
2019-08-30 02:15:00,13.302300453186035
2019-08-30 02:30:00,13.302300453186035
2019-08-30 02:45:00,13.302300453186035
2019-08-30 03:00:00,13.302300453186035
2019-08-30 03:15:00,13.302300453186035
2019-08-30 03:30:00,13.302300453186035
2019-08-30 03:45:00,12.19379997253418
2019-08-30 04:00:00,11.08530044555664
2019-08-30 04:15:00,12.19379997253418
2019-08-30 04:30:00,12.19379997253418
2019-08-30 04:45:00,11.08530044555664
2019-08-30 05:00:00,12.19379997253418
2019-08-30 05:15:00,9.976799964904783
2019-08-30 05:30:00,12.19379997253418
2019-08-30 05:45:00,12.19379997253418
2019-08-30 06:00:00,12.19379997253418
2019-08-30 06:15:00,12.19379997253418
2019-08-30 06:30:00,167.6321561144133
2019-08-30 06:45:00,167.6321561144133
2019-08-30 07:00:00,167.6321561144133
2019-08-30 07:15:00,167.6321561144133
2019-08-30 07:30:00,167.6321561144133
2019-08-30 07:45:00,167.6321561144133
2019-08-30 08:00:00,167.6321561144133
2019-08-30 08:15:00,167.6321561144133
2019-08-30 08:30:00,167.6321561144133
2019-08-30 08:45:00,167.6321561144133
2019-08-30 09:00:00,167.6321561144133
2019-08-30 09:15:00,167.6321561144133
2019-08-30 09:30:00,167.6321561144133
2019-08-30 09:45:00,167.6321561144133
2019-08-30 10:00:00,167.6321561144133
2019-08-30 10:15:00,167.6321561144133
2019-08-30 10:30:00,167.6321561144133
2019-08-30 10:45:00,167.6321561144133
2019-08-30 11:00:00,167.6321561144133
2019-08-30 11:15:00,167.6321561144133
2019-08-30 11:30:00,167.6321561144133
2019-08-30 11:45:00,167.6321561144133
2019-08-30 12:00:00,167.6321561144133
2019-08-30 12:15:00,167.6321561144133
2019-08-30 12:30:00,167.6321561144133
2019-08-30 12:45:00,167.6321561144133
2019-08-30 13:00:00,167.6321561144133
2019-08-30 13:15:00,167.6321561144133
2019-08-30 13:30:00,167.6321561144133
2019-08-30 13:45:00,167.6321561144133
2019-08-30 14:00:00,167.6321561144133
2019-08-30 14:15:00,167.6321561144133
2019-08-30 14:30:00,167.6321561144133
2019-08-30 14:45:00,167.6321561144133
2019-08-30 15:00:00,167.6321561144133
2019-08-30 15:15:00,167.6321561144133
2019-08-30 15:30:00,167.6321561144133
2019-08-30 15:45:00,167.6321561144133
2019-08-30 16:00:00,167.6321561144133
2019-08-30 16:15:00,167.6321561144133
2019-08-30 16:30:00,167.6321561144133
2019-08-30 16:45:00,167.6321561144133
2019-08-30 17:00:00,167.6321561144133
2019-08-30 17:15:00,167.6321561144133
2019-08-30 17:30:00,167.6321561144133
2019-08-30 17:45:00,167.6321561144133
2019-08-30 18:00:00,167.6321561144133
2019-08-30 18:15:00,167.6321561144133
2019-08-30 18:30:00,167.6321561144133
2019-08-30 18:45:00,167.6321561144133
2019-08-30 19:00:00,226.139892578125
2019-08-30 19:15:00,216.16319274902344
2019-08-30 19:30:00,182.9073028564453
2019-08-30 19:45:00,177.36459350585938
2019-08-30 20:00:00,172.9304962158203
2019-08-30 20:15:00,164.0623016357422
2019-08-30 20:30:00,150.75990295410156
2019-08-30 20:45:00,124.1552963256836
2019-08-30 21:00:00,110.85289764404295
2019-08-30 21:15:00,103.09320068359376
2019-08-30 21:30:00,103.09320068359376
2019-08-30 21:45:00,105.310302734375
2019-08-30 22:00:00,107.5272979736328
2019-08-30 22:15:00,109.74440002441406
2019-08-30 22:30:00,105.310302734375
2019-08-30 22:45:00,75.37999725341797
2019-08-30 23:00:00,73.16290283203125
2019-08-30 23:15:00,72.05439758300781
2019-08-30 23:30:00,77.59700012207031
2019-08-30 23:45:00,74.27140045166016
2019-08-31 00:00:00,69.8373031616211
2019-08-31 00:15:00,67.62030029296875
2019-08-31 00:30:00,63.18619918823242
2019-08-31 00:45:00,59.860599517822266
2019-08-31 01:00:00,38.79850006103516
2019-08-31 01:15:00,24.38759994506836
2019-08-31 01:30:00,19.953500747680664
2019-08-31 01:45:00,12.19379997253418
2019-08-31 02:00:00,15.519399642944336
2019-08-31 02:15:00,11.08530044555664
2019-08-31 02:30:00,12.19379997253418
2019-08-31 02:45:00,12.19379997253418
2019-08-31 03:00:00,11.08530044555664
2019-08-31 03:15:00,12.19379997253418
2019-08-31 03:30:00,13.302300453186035
2019-08-31 03:45:00,13.302300453186035
2019-08-31 04:00:00,11.08530044555664
2019-08-31 04:15:00,11.08530044555664
2019-08-31 04:30:00,9.976799964904783
2019-08-31 04:45:00,12.19379997253418
2019-08-31 05:00:00,9.976799964904783
2019-08-31 05:15:00,9.976799964904783
2019-08-31 05:30:00,9.976799964904783
2019-08-31 05:45:00,12.19379997253418
2019-08-31 06:00:00,11.08530044555664
2019-08-31 06:15:00,13.302300453186035
2019-08-31 06:30:00,12.19379997253418
2019-08-31 06:45:00,13.302300453186035
2019-08-31 07:00:00,13.302300453186035
2019-08-31 07:15:00,14.410900115966797
2019-08-31 07:30:00,44.34120178222656
2019-08-31 07:45:00,100.8760986328125
2019-08-31 08:00:00,120.82969665527344
2019-08-31 08:15:00,134.1320037841797
2019-08-31 08:30:00,171.82200622558594
2019-08-31 08:45:00,241.6593017578125
2019-08-31 09:00:00,282.6748962402344
2019-08-31 09:15:00,298.1943054199219
2019-08-31 09:30:00,297.0857849121094
2019-08-31 09:45:00,302.6283874511719
2019-08-31 10:00:00,295.9772033691406
2019-08-31 10:15:00,283.78338623046875
2019-08-31 10:30:00,294.86871337890625
2019-08-31 10:45:00,298.1943054199219
2019-08-31 11:00:00,301.5198974609375
2019-08-31 11:15:00,304.8454895019531
2019-08-31 11:30:00,297.0857849121094
2019-08-31 11:45:00,274.9151916503906
2019-08-31 12:00:00,212.8376007080078
2019-08-31 12:15:00,137.4575958251953
2019-08-31 12:30:00,145.21730041503906
2019-08-31 12:45:00,193.9925994873047
2019-08-31 13:00:00,217.27169799804688
2019-08-31 13:15:00,282.6748962402344
2019-08-31 13:30:00,276.0237121582031
2019-08-31 13:45:00,289.3261108398437
2019-08-31 14:00:00,289.3261108398437
2019-08-31 14:15:00,263.82989501953125
2019-08-31 14:30:00,246.0933990478516
2019-08-31 14:45:00,231.6826019287109
2019-08-31 15:00:00,219.4886932373047
2019-08-31 15:15:00,202.8607940673828
2019-08-31 15:30:00,179.58169555664062
2019-08-31 15:45:00,156.30259704589844
2019-08-31 16:00:00,167.3878936767578
2019-08-31 16:15:00,157.41110229492188
2019-08-31 16:30:00,147.4344024658203
2019-08-31 16:45:00,152.9770050048828
2019-08-31 17:00:00,157.41110229492188
2019-08-31 17:15:00,140.783203125
2019-08-31 17:30:00,127.48079681396484
2019-08-31 17:45:00,167.6321561144133
2019-08-31 18:00:00,167.6321561144133
2019-08-31 18:15:00,167.6321561144133
2019-08-31 18:30:00,167.6321561144133
2019-08-31 18:45:00,167.6321561144133
2019-08-31 19:00:00,167.6321561144133
2019-08-31 19:15:00,167.6321561144133
2019-08-31 19:30:00,167.6321561144133
2019-08-31 19:45:00,167.6321561144133
2019-08-31 20:00:00,167.6321561144133
2019-08-31 20:15:00,167.6321561144133
2019-08-31 20:30:00,167.6321561144133
2019-08-31 20:45:00,167.6321561144133
2019-08-31 21:00:00,167.6321561144133
2019-08-31 21:15:00,167.6321561144133
2019-08-31 21:30:00,167.6321561144133
2019-08-31 21:45:00,167.6321561144133
2019-08-31 22:00:00,167.6321561144133
2019-08-31 22:15:00,167.6321561144133
2019-08-31 22:30:00,167.6321561144133
2019-08-31 22:45:00,167.6321561144133
2019-08-31 23:00:00,167.6321561144133
2019-08-31 23:15:00,167.6321561144133
2019-08-31 23:30:00,167.6321561144133
2019-08-31 23:45:00,167.6321561144133
2019-09-01 00:00:00,167.6321561144133
2019-09-01 00:15:00,167.6321561144133
2019-09-01 00:30:00,167.6321561144133
2019-09-01 00:45:00,167.6321561144133
2019-09-01 01:00:00,167.6321561144133
2019-09-01 01:15:00,167.6321561144133
2019-09-01 01:30:00,167.6321561144133
2019-09-01 01:45:00,167.6321561144133
2019-09-01 02:00:00,167.6321561144133
2019-09-01 02:15:00,167.6321561144133
2019-09-01 02:30:00,167.6321561144133
2019-09-01 02:45:00,167.6321561144133
2019-09-01 03:00:00,167.6321561144133
2019-09-01 03:15:00,167.6321561144133
2019-09-01 03:30:00,167.6321561144133
2019-09-01 03:45:00,167.6321561144133
2019-09-01 04:00:00,167.6321561144133
2019-09-01 04:15:00,167.6321561144133
2019-09-01 04:30:00,167.6321561144133
2019-09-01 04:45:00,167.6321561144133
2019-09-01 05:00:00,167.6321561144133
2019-09-01 05:15:00,167.6321561144133
2019-09-01 05:30:00,167.6321561144133
2019-09-01 05:45:00,167.6321561144133
2019-09-01 06:00:00,167.6321561144133
2019-09-01 06:15:00,8.868200302124023
2019-09-01 06:30:00,8.868200302124023
2019-09-01 06:45:00,8.868200302124023
2019-09-01 07:00:00,8.868200302124023
2019-09-01 07:15:00,6.651199817657471
2019-09-01 07:30:00,8.868200302124023
2019-09-01 07:45:00,12.19379997253418
2019-09-01 08:00:00,14.410900115966797
2019-09-01 08:15:00,33.25590133666992
2019-09-01 08:30:00,90.89939880371094
2019-09-01 08:45:00,113.06999969482422
2019-09-01 09:00:00,130.806396484375
2019-09-01 09:15:00,119.72109985351562
2019-09-01 09:30:00,140.783203125
2019-09-01 09:45:00,154.0854949951172
2019-09-01 10:00:00,150.75990295410156
2019-09-01 10:15:00,145.21730041503906
2019-09-01 10:30:00,147.4344024658203
2019-09-01 10:45:00,167.6321561144133
2019-09-01 11:00:00,167.6321561144133
2019-09-01 11:15:00,167.6321561144133
2019-09-01 11:30:00,167.6321561144133
2019-09-01 11:45:00,167.6321561144133
2019-09-01 12:00:00,167.6321561144133
2019-09-01 12:15:00,167.6321561144133
2019-09-01 12:30:00,167.6321561144133
2019-09-01 12:45:00,167.6321561144133
2019-09-01 13:00:00,167.6321561144133
2019-09-01 13:15:00,167.6321561144133
2019-09-01 13:30:00,167.6321561144133
2019-09-01 13:45:00,167.6321561144133
2019-09-01 14:00:00,167.6321561144133
2019-09-01 14:15:00,167.6321561144133
2019-09-01 14:30:00,167.6321561144133
2019-09-01 14:45:00,167.6321561144133
2019-09-01 15:00:00,167.6321561144133
2019-09-01 15:15:00,167.6321561144133
2019-09-01 15:30:00,167.6321561144133
2019-09-01 15:45:00,167.6321561144133
2019-09-01 16:00:00,167.6321561144133
2019-09-01 16:15:00,167.6321561144133
2019-09-01 16:30:00,167.6321561144133
2019-09-01 16:45:00,167.6321561144133
2019-09-01 17:00:00,167.6321561144133
2019-09-01 17:15:00,167.6321561144133
2019-09-01 17:30:00,167.6321561144133
2019-09-01 17:45:00,167.6321561144133
2019-09-01 18:00:00,167.6321561144133
2019-09-01 18:15:00,167.6321561144133
2019-09-01 18:30:00,167.6321561144133
2019-09-01 18:45:00,167.6321561144133
2019-09-01 19:00:00,167.6321561144133
2019-09-01 19:15:00,167.6321561144133
2019-09-01 19:30:00,167.6321561144133
2019-09-01 19:45:00,167.6321561144133
2019-09-01 20:00:00,167.6321561144133
2019-09-01 20:15:00,167.6321561144133
2019-09-01 20:30:00,167.6321561144133
2019-09-01 20:45:00,167.6321561144133
2019-09-01 21:00:00,167.6321561144133
2019-09-01 21:15:00,167.6321561144133
2019-09-01 21:30:00,167.6321561144133
2019-09-01 21:45:00,167.6321561144133
2019-09-01 22:00:00,167.6321561144133
2019-09-01 22:15:00,167.6321561144133
2019-09-01 22:30:00,167.6321561144133
2019-09-01 22:45:00,167.6321561144133
2019-09-01 23:00:00,167.6321561144133
2019-09-01 23:15:00,7.759699821472168
2019-09-01 23:30:00,8.868200302124023
2019-09-01 23:45:00,7.759699821472168
2019-09-02 00:00:00,7.759699821472168
2019-09-02 00:15:00,11.08530044555664
2019-09-02 00:30:00,9.976799964904783
2019-09-02 00:45:00,8.868200302124023
2019-09-02 01:00:00,7.759699821472168
2019-09-02 01:15:00,8.868200302124023
2019-09-02 01:30:00,6.651199817657471
2019-09-02 01:45:00,7.759699821472168
2019-09-02 02:00:00,7.759699821472168
2019-09-02 02:15:00,7.759699821472168
2019-09-02 02:30:00,7.759699821472168
2019-09-02 02:45:00,7.759699821472168
2019-09-02 03:00:00,6.651199817657471
2019-09-02 03:15:00,6.651199817657471
2019-09-02 03:30:00,6.651199817657471
2019-09-02 03:45:00,6.651199817657471
2019-09-02 04:00:00,7.759699821472168
2019-09-02 04:15:00,5.542600154876709
2019-09-02 04:30:00,6.651199817657471
2019-09-02 04:45:00,6.651199817657471
2019-09-02 05:00:00,6.651199817657471
2019-09-02 05:15:00,6.651199817657471
2019-09-02 05:30:00,6.651199817657471
2019-09-02 05:45:00,7.759699821472168
2019-09-02 06:00:00,9.976799964904783
2019-09-02 06:15:00,8.868200302124023
2019-09-02 06:30:00,11.08530044555664
2019-09-02 06:45:00,12.19379997253418
2019-09-02 07:00:00,6.651199817657471
2019-09-02 07:15:00,8.868200302124023
2019-09-02 07:30:00,24.38759994506836
2019-09-02 07:45:00,73.16290283203125
2019-09-02 08:00:00,138.56610107421875
2019-09-02 08:15:00,257.1787109375
2019-09-02 08:30:00,328.1246032714844
2019-09-02 08:45:00,356.9462890625
2019-09-02 09:00:00,404.6130981445313
2019-09-02 09:15:00,438.9775085449219
2019-09-02 09:30:00,420.1325073242188
2019-09-02 09:45:00,437.8689880371094
2019-09-02 10:00:00,82.85099792480469
2019-09-02 10:15:00,438.9775085449219
2019-09-02 10:30:00,437.8689880371094
2019-09-02 10:45:00,386.8765869140625
2019-09-02 11:00:00,392.4193115234375
2019-09-02 11:15:00,387.9851989746094
2019-09-02 11:30:00,385.7680969238281
2019-09-02 11:45:00,372.4657897949219
2019-09-02 12:00:00,299.30279541015625
2019-09-02 12:15:00,212.8376007080078
2019-09-02 12:30:00,226.139892578125
2019-09-02 12:45:00,305.9540100097656
2019-09-02 13:00:00,343.6440124511719
2019-09-02 13:15:00,384.65960693359375
2019-09-02 13:30:00,369.1401977539063
2019-09-02 13:45:00,391.3106994628906
2019-09-02 14:00:00,394.6362915039063
2019-09-02 14:15:00,405.7215881347656
2019-09-02 14:30:00,364.70599365234375
2019-09-02 14:45:00,384.65960693359375
2019-09-02 15:00:00,403.5046081542969
2019-09-02 15:15:00,372.4657897949219
2019-09-02 15:30:00,363.5975036621094
2019-09-02 15:45:00,386.8765869140625
2019-09-02 16:00:00,410.15570068359375
2019-09-02 16:15:00,378.0083923339844
2019-09-02 16:30:00,401.2875061035156
2019-09-02 16:45:00,432.3262939453125
2019-09-02 17:00:00,410.15570068359375
2019-09-02 17:15:00,392.4193115234375
2019-09-02 17:30:00,331.4501953125
2019-09-02 17:45:00,184.0157928466797
2019-09-02 18:00:00,184.0157928466797
2019-09-02 18:15:00,196.2095947265625
2019-09-02 18:30:00,166.27940368652344
2019-09-02 18:45:00,168.49639892578125
2019-09-02 19:00:00,157.41110229492188
2019-09-02 19:15:00,110.85289764404295
2019-09-02 19:30:00,106.4188003540039
2019-09-02 19:45:00,167.6321561144133
2019-09-02 20:00:00,167.6321561144133
2019-09-02 20:15:00,167.6321561144133
2019-09-02 20:30:00,167.6321561144133
2019-09-02 20:45:00,167.6321561144133
2019-09-02 21:00:00,167.6321561144133
2019-09-02 21:15:00,167.6321561144133
2019-09-02 21:30:00,167.6321561144133
2019-09-02 21:45:00,167.6321561144133
2019-09-02 22:00:00,167.6321561144133
2019-09-02 22:15:00,167.6321561144133
2019-09-02 22:30:00,167.6321561144133
2019-09-02 22:45:00,167.6321561144133
2019-09-02 23:00:00,167.6321561144133
2019-09-02 23:15:00,167.6321561144133
2019-09-02 23:30:00,167.6321561144133
2019-09-02 23:45:00,167.6321561144133
2019-09-03 00:00:00,167.6321561144133
2019-09-03 00:15:00,167.6321561144133
2019-09-03 00:30:00,167.6321561144133
2019-09-03 00:45:00,167.6321561144133
2019-09-03 01:00:00,167.6321561144133
2019-09-03 01:15:00,167.6321561144133
2019-09-03 01:30:00,167.6321561144133
2019-09-03 01:45:00,167.6321561144133
2019-09-03 02:00:00,167.6321561144133
2019-09-03 02:15:00,167.6321561144133
2019-09-03 02:30:00,167.6321561144133
2019-09-03 02:45:00,167.6321561144133
2019-09-03 03:00:00,167.6321561144133
2019-09-03 03:15:00,167.6321561144133
2019-09-03 03:30:00,167.6321561144133
2019-09-03 03:45:00,167.6321561144133
2019-09-03 04:00:00,167.6321561144133
2019-09-03 04:15:00,167.6321561144133
2019-09-03 04:30:00,167.6321561144133
2019-09-03 04:45:00,167.6321561144133
2019-09-03 05:00:00,167.6321561144133
2019-09-03 05:15:00,167.6321561144133
2019-09-03 05:30:00,167.6321561144133
2019-09-03 05:45:00,167.6321561144133
2019-09-03 06:00:00,167.6321561144133
2019-09-03 06:15:00,167.6321561144133
2019-09-03 06:30:00,167.6321561144133
2019-09-03 06:45:00,167.6321561144133
2019-09-03 07:00:00,167.6321561144133
2019-09-03 07:15:00,167.6321561144133
2019-09-03 07:30:00,167.6321561144133
2019-09-03 07:45:00,167.6321561144133
2019-09-03 08:00:00,167.6321561144133
2019-09-03 08:15:00,205.0778961181641
2019-09-03 08:30:00,269.3725891113281
2019-09-03 08:45:00,329.23309326171875
2019-09-03 09:00:00,421.2409973144531
2019-09-03 09:15:00,409.0472106933594
2019-09-03 09:30:00,411.2643127441406
2019-09-03 09:45:00,381.3340148925781
2019-09-03 10:00:00,359.16339111328125
2019-09-03 10:15:00,372.4657897949219
2019-09-03 10:30:00,366.923095703125
2019-09-03 10:45:00,381.3340148925781
2019-09-03 11:00:00,392.4193115234375
2019-09-03 11:15:00,348.0780944824219
2019-09-03 11:30:00,308.1711120605469
2019-09-03 11:45:00,318.1477966308594
2019-09-03 12:00:00,261.61279296875
2019-09-03 12:15:00,164.0623016357422
2019-09-03 12:30:00,176.256103515625
2019-09-03 12:45:00,263.82989501953125
2019-09-03 13:00:00,304.8454895019531
2019-09-03 13:15:00,356.9462890625
2019-09-03 13:30:00,366.923095703125
2019-09-03 13:45:00,355.8377990722656
2019-09-03 14:00:00,333.6672058105469
2019-09-03 14:15:00,320.3648986816406
2019-09-03 14:30:00,338.1014099121094
2019-09-03 14:45:00,374.6828002929688
2019-09-03 15:00:00,353.62078857421875
2019-09-03 15:15:00,335.8843078613281
2019-09-03 15:30:00,331.4501953125
2019-09-03 15:45:00,353.62078857421875
2019-09-03 16:00:00,349.1866149902344
2019-09-03 16:15:00,371.3572082519531
2019-09-03 16:30:00,358.0549011230469
2019-09-03 16:45:00,359.16339111328125
2019-09-03 17:00:00,353.62078857421875
2019-09-03 17:15:00,325.9075012207031
2019-09-03 17:30:00,274.9151916503906
2019-09-03 17:45:00,223.9228973388672
2019-09-03 18:00:00,159.62820434570312
2019-09-03 18:15:00,117.50409698486328
2019-09-03 18:30:00,96.44200134277344
2019-09-03 18:45:00,100.8760986328125
2019-09-03 19:00:00,87.57379913330078
2019-09-03 19:15:00,65.4031982421875
2019-09-03 19:30:00,65.4031982421875
2019-09-03 19:45:00,48.775299072265625
2019-09-03 20:00:00,53.20940017700195
2019-09-03 20:15:00,47.66669845581055
2019-09-03 20:30:00,41.01559829711914
2019-09-03 20:45:00,38.79850006103516
2019-09-03 21:00:00,50.9922981262207
2019-09-03 21:15:00,60.96910095214844
2019-09-03 21:30:00,63.18619918823242
2019-09-03 21:45:00,56.53499984741211
2019-09-03 22:00:00,55.42649841308594
2019-09-03 22:15:00,24.38759994506836
2019-09-03 22:30:00,18.84499931335449
2019-09-03 22:45:00,17.736499786376953
2019-09-03 23:00:00,13.302300453186035
2019-09-03 23:15:00,12.19379997253418
2019-09-03 23:30:00,13.302300453186035
2019-09-03 23:45:00,13.302300453186035
2019-09-04 00:00:00,13.302300453186035
2019-09-04 00:15:00,12.19379997253418
2019-09-04 00:30:00,9.976799964904783
2019-09-04 00:45:00,13.302300453186035
2019-09-04 01:00:00,9.976799964904783
2019-09-04 01:15:00,11.08530044555664
2019-09-04 01:30:00,8.868200302124023
2019-09-04 01:45:00,9.976799964904783
2019-09-04 02:00:00,9.976799964904783
2019-09-04 02:15:00,8.868200302124023
2019-09-04 02:30:00,9.976799964904783
2019-09-04 02:45:00,11.08530044555664
2019-09-04 03:00:00,8.868200302124023
2019-09-04 03:15:00,9.976799964904783
2019-09-04 03:30:00,8.868200302124023
2019-09-04 03:45:00,8.868200302124023
2019-09-04 04:00:00,8.868200302124023
2019-09-04 04:15:00,9.976799964904783
2019-09-04 04:30:00,9.976799964904783
2019-09-04 04:45:00,8.868200302124023
2019-09-04 05:00:00,9.976799964904783
2019-09-04 05:15:00,8.868200302124023
2019-09-04 05:30:00,8.868200302124023
2019-09-04 05:45:00,8.868200302124023
2019-09-04 06:00:00,11.08530044555664
2019-09-04 06:15:00,11.08530044555664
2019-09-04 06:30:00,13.302300453186035
2019-09-04 06:45:00,13.302300453186035
2019-09-04 07:00:00,9.976799964904783
2019-09-04 07:15:00,12.19379997253418
2019-09-04 07:30:00,39.90700149536133
2019-09-04 07:45:00,101.98470306396484
2019-09-04 08:00:00,152.9770050048828
2019-09-04 08:15:00,206.1864013671875
2019-09-04 08:30:00,298.1943054199219
2019-09-04 08:45:00,351.4036865234375
2019-09-04 09:00:00,427.8922119140625
2019-09-04 09:15:00,421.2409973144531
2019-09-04 09:30:00,402.39599609375
2019-09-04 09:45:00,392.4193115234375
2019-09-04 10:00:00,400.1789855957031
2019-09-04 10:15:00,425.6751098632813
2019-09-04 10:30:00,429.0007019042969
2019-09-04 10:45:00,156.6490020751953
2019-09-04 11:00:00,422.349609375
2019-09-04 11:15:00,386.8765869140625
2019-09-04 11:30:00,401.2875061035156
2019-09-04 11:45:00,356.9462890625
2019-09-04 12:00:00,278.2408142089844
2019-09-04 12:15:00,211.72900390625
2019-09-04 12:30:00,222.8143005371093
2019-09-04 12:45:00,319.25640869140625
2019-09-04 13:00:00,375.7912902832031
2019-09-04 13:15:00,404.6130981445313
2019-09-04 13:30:00,426.78369140625
2019-09-04 13:45:00,413.4812927246094
2019-09-04 14:00:00,396.8533935546875
2019-09-04 14:15:00,385.7680969238281
2019-09-04 14:30:00,404.6130981445313
2019-09-04 14:45:00,409.0472106933594
2019-09-04 15:00:00,412.372802734375
2019-09-04 15:15:00,409.0472106933594
2019-09-04 15:30:00,420.1325073242188
2019-09-04 15:45:00,385.7680969238281
2019-09-04 16:00:00,375.7912902832031
2019-09-04 16:15:00,396.8533935546875
2019-09-04 16:30:00,396.8533935546875
2019-09-04 16:45:00,404.6130981445313
2019-09-04 17:00:00,390.20220947265625
2019-09-04 17:15:00,374.6828002929688
2019-09-04 17:30:00,340.3183898925781
2019-09-04 17:45:00,271.589599609375
2019-09-04 18:00:00,248.3105010986328
2019-09-04 18:15:00,200.643798828125
2019-09-04 18:30:00,185.12429809570312
2019-09-04 18:45:00,206.1864013671875
2019-09-04 19:00:00,223.9228973388672
2019-09-04 19:15:00,216.16319274902344
2019-09-04 19:30:00,192.88409423828125
2019-09-04 19:45:00,181.79879760742188
2019-09-04 20:00:00,157.41110229492188
2019-09-04 20:15:00,133.02349853515625
2019-09-04 20:30:00,134.1320037841797
2019-09-04 20:45:00,110.85289764404295
2019-09-04 21:00:00,103.09320068359376
2019-09-04 21:15:00,98.65910339355467
2019-09-04 21:30:00,90.89939880371094
2019-09-04 21:45:00,97.55059814453124
2019-09-04 22:00:00,99.7676010131836
2019-09-04 22:15:00,90.89939880371094
2019-09-04 22:30:00,93.11640167236328
2019-09-04 22:45:00,93.11640167236328
2019-09-04 23:00:00,92.00789642333984
2019-09-04 23:15:00,65.4031982421875
2019-09-04 23:30:00,58.75199890136719
2019-09-04 23:45:00,57.64350128173828
2019-09-05 00:00:00,58.75199890136719
2019-09-05 00:15:00,58.75199890136719
2019-09-05 00:30:00,59.860599517822266
2019-09-05 00:45:00,52.10089874267578
2019-09-05 01:00:00,45.44969940185547
2019-09-05 01:15:00,25.49620056152344
2019-09-05 01:30:00,19.953500747680664
2019-09-05 01:45:00,16.627899169921875
2019-09-05 02:00:00,9.976799964904783
2019-09-05 02:15:00,8.868200302124023
2019-09-05 02:30:00,8.868200302124023
2019-09-05 02:45:00,8.868200302124023
2019-09-05 03:00:00,11.08530044555664
2019-09-05 03:15:00,7.759699821472168
2019-09-05 03:30:00,7.759699821472168
2019-09-05 03:45:00,8.868200302124023
2019-09-05 04:00:00,8.868200302124023
2019-09-05 04:15:00,8.868200302124023
2019-09-05 04:30:00,7.759699821472168
2019-09-05 04:45:00,8.868200302124023
2019-09-05 05:00:00,9.976799964904783
2019-09-05 05:15:00,8.868200302124023
2019-09-05 05:30:00,8.868200302124023
2019-09-05 05:45:00,9.976799964904783
2019-09-05 06:00:00,11.08530044555664
2019-09-05 06:15:00,11.08530044555664
2019-09-05 06:30:00,12.19379997253418
2019-09-05 06:45:00,12.19379997253418
2019-09-05 07:00:00,9.976799964904783
2019-09-05 07:15:00,12.19379997253418
2019-09-05 07:30:00,31.038799285888672
2019-09-05 07:45:00,116.39550018310548
2019-09-05 08:00:00,175.14759826660156
2019-09-05 08:15:00,242.7678985595703
2019-09-05 08:30:00,351.4036865234375
2019-09-05 08:45:00,424.5665893554688
2019-09-05 09:00:00,384.65960693359375
2019-09-05 09:15:00,390.20220947265625
2019-09-05 09:30:00,389.09368896484375
2019-09-05 09:45:00,400.1789855957031
2019-09-05 10:00:00,401.2875061035156
2019-09-05 10:15:00,410.15570068359375
2019-09-05 10:30:00,390.20220947265625
2019-09-05 10:45:00,427.8922119140625
2019-09-05 11:00:00,430.10931396484375
2019-09-05 11:15:00,436.7604064941406
2019-09-05 11:30:00,406.8302001953125
2019-09-05 11:45:00,393.5278015136719
2019-09-05 12:00:00,298.1943054199219
2019-09-05 12:15:00,192.88409423828125
2019-09-05 12:30:00,200.643798828125
2019-09-05 12:45:00,259.39581298828125
2019-09-05 13:00:00,336.9927978515625
2019-09-05 13:15:00,356.9462890625
2019-09-05 13:30:00,384.65960693359375
2019-09-05 13:45:00,381.3340148925781
2019-09-05 14:00:00,389.09368896484375
2019-09-05 14:15:00,400.1789855957031
2019-09-05 14:30:00,371.3572082519531
2019-09-05 14:45:00,389.09368896484375
2019-09-05 15:00:00,383.5509948730469
2019-09-05 15:15:00,397.9619140625
2019-09-05 15:30:00,376.89990234375
2019-09-05 15:45:00,362.489013671875
2019-09-05 16:00:00,385.7680969238281
2019-09-05 16:15:00,417.9154052734375
2019-09-05 16:30:00,425.6751098632813
2019-09-05 16:45:00,430.10931396484375
2019-09-05 17:00:00,400.1789855957031
2019-09-05 17:15:00,395.7449035644531
2019-09-05 17:30:00,353.62078857421875
2019-09-05 17:45:00,278.2408142089844
2019-09-05 18:00:00,274.9151916503906
2019-09-05 18:15:00,248.3105010986328
2019-09-05 18:30:00,238.3336944580078
2019-09-05 18:45:00,233.89959716796875
2019-09-05 19:00:00,237.22520446777344
2019-09-05 19:15:00,243.8764038085937
2019-09-05 19:30:00,195.10110473632807
2019-09-05 19:45:00,166.27940368652344
2019-09-05 20:00:00,137.4575958251953
2019-09-05 20:15:00,105.310302734375
2019-09-05 20:30:00,92.00789642333984
2019-09-05 20:45:00,87.57379913330078
2019-09-05 21:00:00,86.46530151367188
2019-09-05 21:15:00,92.00789642333984
2019-09-05 21:30:00,94.2249984741211
2019-09-05 21:45:00,89.79090118408203
2019-09-05 22:00:00,83.13970184326172
2019-09-05 22:15:00,90.89939880371094
2019-09-05 22:30:00,94.2249984741211
2019-09-05 22:45:00,76.4885025024414
2019-09-05 23:00:00,75.37999725341797
2019-09-05 23:15:00,74.27140045166016
2019-09-05 23:30:00,70.9458999633789
2019-09-05 23:45:00,69.8373031616211
2019-09-06 00:00:00,65.4031982421875
2019-09-06 00:15:00,60.96910095214844
2019-09-06 00:30:00,48.775299072265625
2019-09-06 00:45:00,45.44969940185547
2019-09-06 01:00:00,33.25590133666992
2019-09-06 01:15:00,22.17060089111328
2019-09-06 01:30:00,22.17060089111328
2019-09-06 01:45:00,9.976799964904783
2019-09-06 02:00:00,9.976799964904783
2019-09-06 02:15:00,9.976799964904783
2019-09-06 02:30:00,9.976799964904783
2019-09-06 02:45:00,8.868200302124023
2019-09-06 03:00:00,8.868200302124023
2019-09-06 03:15:00,9.976799964904783
2019-09-06 03:30:00,9.976799964904783
2019-09-06 03:45:00,9.976799964904783
2019-09-06 04:00:00,8.868200302124023
2019-09-06 04:15:00,8.868200302124023
2019-09-06 04:30:00,7.759699821472168
2019-09-06 04:45:00,8.868200302124023
2019-09-06 05:00:00,7.759699821472168
2019-09-06 05:15:00,9.976799964904783
2019-09-06 05:30:00,6.651199817657471
2019-09-06 05:45:00,11.08530044555664
2019-09-06 06:00:00,9.976799964904783
2019-09-06 06:15:00,9.976799964904783
2019-09-06 06:30:00,11.08530044555664
2019-09-06 06:45:00,9.976799964904783
2019-09-06 07:00:00,8.868200302124023
2019-09-06 07:15:00,8.868200302124023
2019-09-06 07:30:00,25.49620056152344
2019-09-06 07:45:00,90.89939880371094
2019-09-06 08:00:00,152.9770050048828
2019-09-06 08:15:00,209.51199340820312
2019-09-06 08:30:00,278.2408142089844
2019-09-06 08:45:00,343.6440124511719
2019-09-06 09:00:00,401.2875061035156
2019-09-06 09:15:00,385.7680969238281
2019-09-06 09:30:00,427.8922119140625
2019-09-06 09:45:00,191.18663024902344
2019-09-06 10:00:00,189.0096130371093
2019-09-06 10:15:00,186.7983856201172
2019-09-06 10:30:00,423.4580993652344
2019-09-06 10:45:00,417.9154052734375
2019-09-06 11:00:00,426.78369140625
2019-09-06 11:15:00,424.5665893554688
2019-09-06 11:30:00,397.9619140625
2019-09-06 11:45:00,360.2719116210937
2019-09-06 12:00:00,167.6321561144133
2019-09-06 12:15:00,167.6321561144133
2019-09-06 12:30:00,167.6321561144133
2019-09-06 12:45:00,167.6321561144133
2019-09-06 13:00:00,167.6321561144133
2019-09-06 13:15:00,167.6321561144133
2019-09-06 13:30:00,167.6321561144133
2019-09-06 13:45:00,167.6321561144133
2019-09-06 14:00:00,167.6321561144133
2019-09-06 14:15:00,167.6321561144133
2019-09-06 14:30:00,167.6321561144133
2019-09-06 14:45:00,167.6321561144133
2019-09-06 15:00:00,167.6321561144133
2019-09-06 15:15:00,167.6321561144133
2019-09-06 15:30:00,167.6321561144133
2019-09-06 15:45:00,167.6321561144133
2019-09-06 16:00:00,167.6321561144133
2019-09-06 16:15:00,167.6321561144133
2019-09-06 16:30:00,167.6321561144133
2019-09-06 16:45:00,167.6321561144133
2019-09-06 17:00:00,167.6321561144133
2019-09-06 17:15:00,167.6321561144133
2019-09-06 17:30:00,167.6321561144133
2019-09-06 17:45:00,167.6321561144133
2019-09-06 18:00:00,167.6321561144133
2019-09-06 18:15:00,167.6321561144133
2019-09-06 18:30:00,167.6321561144133
2019-09-06 18:45:00,167.6321561144133
2019-09-06 19:00:00,167.6321561144133
2019-09-06 19:15:00,167.6321561144133
2019-09-06 19:30:00,167.6321561144133
2019-09-06 19:45:00,167.6321561144133
2019-09-06 20:00:00,167.6321561144133
2019-09-06 20:15:00,167.6321561144133
2019-09-06 20:30:00,167.6321561144133
2019-09-06 20:45:00,167.6321561144133
2019-09-06 21:00:00,167.6321561144133
2019-09-06 21:15:00,167.6321561144133
2019-09-06 21:30:00,167.6321561144133
2019-09-06 21:45:00,167.6321561144133
2019-09-06 22:00:00,167.6321561144133
2019-09-06 22:15:00,167.6321561144133
2019-09-06 22:30:00,167.6321561144133
2019-09-06 22:45:00,167.6321561144133
2019-09-06 23:00:00,167.6321561144133
2019-09-06 23:15:00,167.6321561144133
2019-09-06 23:30:00,167.6321561144133
2019-09-06 23:45:00,167.6321561144133
2019-09-07 00:00:00,167.6321561144133
2019-09-07 00:15:00,167.6321561144133
2019-09-07 00:30:00,13.302300453186035
2019-09-07 00:45:00,12.19379997253418
2019-09-07 01:00:00,9.976799964904783
2019-09-07 01:15:00,12.19379997253418
2019-09-07 01:30:00,11.08530044555664
2019-09-07 01:45:00,12.19379997253418
2019-09-07 02:00:00,11.08530044555664
2019-09-07 02:15:00,11.08530044555664
2019-09-07 02:30:00,8.868200302124023
2019-09-07 02:45:00,11.08530044555664
2019-09-07 03:00:00,11.08530044555664
2019-09-07 03:15:00,8.868200302124023
2019-09-07 03:30:00,9.976799964904783
2019-09-07 03:45:00,9.976799964904783
2019-09-07 04:00:00,11.08530044555664
2019-09-07 04:15:00,8.868200302124023
2019-09-07 04:30:00,8.868200302124023
2019-09-07 04:45:00,8.868200302124023
2019-09-07 05:00:00,7.759699821472168
2019-09-07 05:15:00,7.759699821472168
2019-09-07 05:30:00,7.759699821472168
2019-09-07 05:45:00,9.976799964904783
2019-09-07 06:00:00,8.868200302124023
2019-09-07 06:15:00,12.19379997253418
2019-09-07 06:30:00,13.302300453186035
2019-09-07 06:45:00,11.08530044555664
2019-09-07 07:00:00,9.976799964904783
2019-09-07 07:15:00,18.84499931335449
2019-09-07 07:30:00,66.51170349121094
2019-09-07 07:45:00,118.61260223388672
2019-09-07 08:00:00,133.02349853515625
2019-09-07 08:15:00,164.0623016357422
2019-09-07 08:30:00,227.24850463867188
2019-09-07 08:45:00,233.89959716796875
2019-09-07 09:00:00,262.7214050292969
2019-09-07 09:15:00,263.82989501953125
2019-09-07 09:30:00,276.0237121582031
2019-09-07 09:45:00,304.8454895019531
2019-09-07 10:00:00,314.8222045898437
2019-09-07 10:15:00,283.78338623046875
2019-09-07 10:30:00,278.2408142089844
2019-09-07 10:45:00,268.2640075683594
2019-09-07 11:00:00,278.2408142089844
2019-09-07 11:15:00,284.8919982910156
2019-09-07 11:30:00,280.4577941894531
2019-09-07 11:45:00,284.8919982910156
2019-09-07 12:00:00,206.1864013671875
2019-09-07 12:15:00,121.93820190429688
2019-09-07 12:30:00,144.10879516601562
2019-09-07 12:45:00,218.3802032470703
2019-09-07 13:00:00,278.2408142089844
2019-09-07 13:15:00,300.4114074707031
2019-09-07 13:30:00,281.56640625
2019-09-07 13:45:00,310.3880920410156
2019-09-07 14:00:00,294.86871337890625
2019-09-07 14:15:00,301.5198974609375
2019-09-07 14:30:00,267.1554870605469
2019-09-07 14:45:00,283.78338623046875
2019-09-07 15:00:00,298.1943054199219
2019-09-07 15:15:00,287.1090087890625
2019-09-07 15:30:00,283.78338623046875
2019-09-07 15:45:00,305.9540100097656
2019-09-07 16:00:00,303.73699951171875
2019-09-07 16:15:00,277.1322937011719
2019-09-07 16:30:00,330.34161376953125
2019-09-07 16:45:00,287.1090087890625
2019-09-07 17:00:00,286.00048828125
2019-09-07 17:15:00,302.6283874511719
2019-09-07 17:30:00,262.7214050292969
2019-09-07 17:45:00,227.24850463867188
2019-09-07 18:00:00,190.66700744628903
2019-09-07 18:15:00,197.3182067871093
2019-09-07 18:30:00,209.51199340820312
2019-09-07 18:45:00,181.79879760742188
2019-09-07 19:00:00,177.36459350585938
2019-09-07 19:15:00,172.9304962158203
2019-09-07 19:30:00,138.56610107421875
2019-09-07 19:45:00,108.63580322265624
2019-09-07 20:00:00,44.34120178222656
2019-09-07 20:15:00,22.17060089111328
2019-09-07 20:30:00,21.06209945678711
2019-09-07 20:45:00,22.17060089111328
2019-09-07 21:00:00,21.06209945678711
2019-09-07 21:15:00,22.17060089111328
2019-09-07 21:30:00,21.06209945678711
2019-09-07 21:45:00,16.627899169921875
2019-09-07 22:00:00,14.410900115966797
2019-09-07 22:15:00,13.302300453186035
2019-09-07 22:30:00,12.19379997253418
2019-09-07 22:45:00,14.410900115966797
2019-09-07 23:00:00,12.19379997253418
2019-09-07 23:15:00,14.410900115966797
2019-09-07 23:30:00,12.19379997253418
2019-09-07 23:45:00,13.302300453186035
2019-09-08 00:00:00,14.410900115966797
2019-09-08 00:15:00,13.302300453186035
2019-09-08 00:30:00,14.410900115966797
2019-09-08 00:45:00,12.19379997253418
2019-09-08 01:00:00,13.302300453186035
2019-09-08 01:15:00,14.410900115966797
2019-09-08 01:30:00,12.19379997253418
2019-09-08 01:45:00,12.19379997253418
2019-09-08 02:00:00,13.302300453186035
2019-09-08 02:15:00,13.302300453186035
2019-09-08 02:30:00,11.08530044555664
2019-09-08 02:45:00,12.19379997253418
2019-09-08 03:00:00,12.19379997253418
2019-09-08 03:15:00,13.302300453186035
2019-09-08 03:30:00,11.08530044555664
2019-09-08 03:45:00,12.19379997253418
2019-09-08 04:00:00,12.19379997253418
2019-09-08 04:15:00,12.19379997253418
2019-09-08 04:30:00,12.19379997253418
2019-09-08 04:45:00,12.19379997253418
2019-09-08 05:00:00,11.08530044555664
2019-09-08 05:15:00,9.976799964904783
2019-09-08 05:30:00,12.19379997253418
2019-09-08 05:45:00,13.302300453186035
2019-09-08 06:00:00,13.302300453186035
2019-09-08 06:15:00,14.410900115966797
2019-09-08 06:30:00,13.302300453186035
2019-09-08 06:45:00,9.976799964904783
2019-09-08 07:00:00,12.19379997253418
2019-09-08 07:15:00,13.302300453186035
2019-09-08 07:30:00,48.775299072265625
2019-09-08 07:45:00,137.4575958251953
2019-09-08 08:00:00,159.62820434570312
2019-09-08 08:15:00,192.88409423828125
2019-09-08 08:30:00,241.6593017578125
2019-09-08 08:45:00,263.82989501953125
2019-09-08 09:00:00,342.5354919433594
2019-09-08 09:15:00,320.3648986816406
2019-09-08 09:30:00,330.34161376953125
2019-09-08 09:45:00,334.7757873535156
2019-09-08 10:00:00,310.3880920410156
2019-09-08 10:15:00,324.79901123046875
2019-09-08 10:30:00,320.3648986816406
2019-09-08 10:45:00,314.8222045898437
2019-09-08 11:00:00,309.27960205078125
2019-09-08 11:15:00,318.1477966308594
2019-09-08 11:30:00,310.3880920410156
2019-09-08 11:45:00,314.8222045898437
2019-09-08 12:00:00,167.6321561144133
2019-09-08 12:15:00,167.6321561144133
2019-09-08 12:30:00,167.6321561144133
2019-09-08 12:45:00,167.6321561144133
2019-09-08 13:00:00,167.6321561144133
2019-09-08 13:15:00,167.6321561144133
2019-09-08 13:30:00,167.6321561144133
2019-09-08 13:45:00,167.6321561144133
2019-09-08 14:00:00,167.6321561144133
2019-09-08 14:15:00,167.6321561144133
2019-09-08 14:30:00,167.6321561144133
2019-09-08 14:45:00,167.6321561144133
2019-09-08 15:00:00,167.6321561144133
2019-09-08 15:15:00,167.6321561144133
2019-09-08 15:30:00,167.6321561144133
2019-09-08 15:45:00,167.6321561144133
2019-09-08 16:00:00,167.6321561144133
2019-09-08 16:15:00,167.6321561144133
2019-09-08 16:30:00,167.6321561144133
2019-09-08 16:45:00,167.6321561144133
2019-09-08 17:00:00,167.6321561144133
2019-09-08 17:15:00,167.6321561144133
2019-09-08 17:30:00,167.6321561144133
2019-09-08 17:45:00,167.6321561144133
2019-09-08 18:00:00,167.6321561144133
2019-09-08 18:15:00,167.6321561144133
2019-09-08 18:30:00,167.6321561144133
2019-09-08 18:45:00,167.6321561144133
2019-09-08 19:00:00,167.6321561144133
2019-09-08 19:15:00,167.6321561144133
2019-09-08 19:30:00,167.6321561144133
2019-09-08 19:45:00,167.6321561144133
2019-09-08 20:00:00,167.6321561144133
2019-09-08 20:15:00,167.6321561144133
2019-09-08 20:30:00,167.6321561144133
2019-09-08 20:45:00,167.6321561144133
2019-09-08 21:00:00,167.6321561144133
2019-09-08 21:15:00,167.6321561144133
2019-09-08 21:30:00,167.6321561144133
2019-09-08 21:45:00,167.6321561144133
2019-09-08 22:00:00,167.6321561144133
2019-09-08 22:15:00,167.6321561144133
2019-09-08 22:30:00,167.6321561144133
2019-09-08 22:45:00,167.6321561144133
2019-09-08 23:00:00,167.6321561144133
2019-09-08 23:15:00,167.6321561144133
2019-09-08 23:30:00,167.6321561144133
2019-09-08 23:45:00,167.6321561144133
2019-09-09 00:00:00,167.6321561144133
2019-09-09 00:15:00,167.6321561144133
2019-09-09 00:30:00,57.64350128173828
2019-09-09 00:45:00,49.8838005065918
2019-09-09 01:00:00,39.90700149536133
2019-09-09 01:15:00,27.71319961547852
2019-09-09 01:30:00,24.38759994506836
2019-09-09 01:45:00,13.302300453186035
2019-09-09 02:00:00,15.519399642944336
2019-09-09 02:15:00,14.410900115966797
2019-09-09 02:30:00,13.302300453186035
2019-09-09 02:45:00,14.410900115966797
2019-09-09 03:00:00,13.302300453186035
2019-09-09 03:15:00,13.302300453186035
2019-09-09 03:30:00,13.302300453186035
2019-09-09 03:45:00,13.302300453186035
2019-09-09 04:00:00,12.19379997253418
2019-09-09 04:15:00,12.19379997253418
2019-09-09 04:30:00,12.19379997253418
2019-09-09 04:45:00,12.19379997253418
2019-09-09 05:00:00,13.302300453186035
2019-09-09 05:15:00,13.302300453186035
2019-09-09 05:30:00,12.19379997253418
2019-09-09 05:45:00,14.410900115966797
2019-09-09 06:00:00,16.627899169921875
2019-09-09 06:15:00,13.302300453186035
2019-09-09 06:30:00,14.410900115966797
2019-09-09 06:45:00,11.08530044555664
2019-09-09 07:00:00,11.08530044555664
2019-09-09 07:15:00,21.06209945678711
2019-09-09 07:30:00,87.57379913330078
2019-09-09 07:45:00,113.06999969482422
2019-09-09 08:00:00,151.86849975585938
2019-09-09 08:15:00,218.3802032470703
2019-09-09 08:30:00,278.2408142089844
2019-09-09 08:45:00,336.9927978515625
2019-09-09 09:00:00,435.6518859863281
2019-09-09 09:15:00,437.8689880371094
2019-09-09 09:30:00,156.40650939941406
2019-09-09 09:45:00,430.10931396484375
2019-09-09 10:00:00,155.58773803710938
2019-09-09 10:15:00,417.9154052734375
2019-09-09 10:30:00,154.94520568847656
2019-09-09 10:45:00,397.9619140625
2019-09-09 11:00:00,380.2254943847656
2019-09-09 11:15:00,383.5509948730469
2019-09-09 11:30:00,378.0083923339844
2019-09-09 11:45:00,331.4501953125
2019-09-09 12:00:00,297.0857849121094
2019-09-09 12:15:00,233.89959716796875
2019-09-09 12:30:00,216.16319274902344
2019-09-09 12:45:00,320.3648986816406
2019-09-09 13:00:00,387.9851989746094
2019-09-09 13:15:00,389.09368896484375
2019-09-09 13:30:00,380.2254943847656
2019-09-09 13:45:00,385.7680969238281
2019-09-09 14:00:00,376.89990234375
2019-09-09 14:15:00,385.7680969238281
2019-09-09 14:30:00,364.70599365234375
2019-09-09 14:45:00,342.5354919433594
2019-09-09 15:00:00,376.89990234375
2019-09-09 15:15:00,389.09368896484375
2019-09-09 15:30:00,362.489013671875
2019-09-09 15:45:00,368.0315856933594
2019-09-09 16:00:00,373.5743103027344
2019-09-09 16:15:00,369.1401977539063
2019-09-09 16:30:00,406.8302001953125
2019-09-09 16:45:00,415.6983947753906
2019-09-09 17:00:00,411.2643127441406
2019-09-09 17:15:00,404.6130981445313
2019-09-09 17:30:00,340.3183898925781
2019-09-09 17:45:00,273.80670166015625
2019-09-09 18:00:00,170.7135009765625
2019-09-09 18:15:00,175.14759826660156
2019-09-09 18:30:00,162.95379638671875
2019-09-09 18:45:00,135.24049377441406
2019-09-09 19:00:00,129.69790649414062
2019-09-09 19:15:00,124.1552963256836
2019-09-09 19:30:00,119.72109985351562
2019-09-09 19:45:00,114.17849731445312
2019-09-09 20:00:00,109.74440002441406
2019-09-09 20:15:00,105.310302734375
2019-09-09 20:30:00,95.33350372314452
2019-09-09 20:45:00,103.09320068359376
2019-09-09 21:00:00,103.09320068359376
2019-09-09 21:15:00,92.00789642333984
2019-09-09 21:30:00,75.37999725341797
2019-09-09 21:45:00,84.24819946289062
2019-09-09 22:00:00,93.11640167236328
2019-09-09 22:15:00,101.98470306396484
2019-09-09 22:30:00,110.85289764404295
2019-09-09 22:45:00,105.310302734375
2019-09-09 23:00:00,100.8760986328125
2019-09-09 23:15:00,106.4188003540039
2019-09-09 23:30:00,100.8760986328125
2019-09-09 23:45:00,79.81410217285156
2019-09-10 00:00:00,60.96910095214844
2019-09-10 00:15:00,52.10089874267578
2019-09-10 00:30:00,46.55820083618164
2019-09-10 00:45:00,33.25590133666992
2019-09-10 01:00:00,28.8218002319336
2019-09-10 01:15:00,19.953500747680664
2019-09-10 01:30:00,17.736499786376953
2019-09-10 01:45:00,16.627899169921875
2019-09-10 02:00:00,16.627899169921875
2019-09-10 02:15:00,16.627899169921875
2019-09-10 02:30:00,13.302300453186035
2019-09-10 02:45:00,13.302300453186035
2019-09-10 03:00:00,14.410900115966797
2019-09-10 03:15:00,13.302300453186035
2019-09-10 03:30:00,14.410900115966797
2019-09-10 03:45:00,13.302300453186035
2019-09-10 04:00:00,14.410900115966797
2019-09-10 04:15:00,13.302300453186035
2019-09-10 04:30:00,12.19379997253418
2019-09-10 04:45:00,12.19379997253418
2019-09-10 05:00:00,12.19379997253418
2019-09-10 05:15:00,12.19379997253418
2019-09-10 05:30:00,12.19379997253418
2019-09-10 05:45:00,13.302300453186035
2019-09-10 06:00:00,14.410900115966797
2019-09-10 06:15:00,15.519399642944336
2019-09-10 06:30:00,14.410900115966797
2019-09-10 06:45:00,11.08530044555664
2019-09-10 07:00:00,11.08530044555664
2019-09-10 07:15:00,13.302300453186035
2019-09-10 07:30:00,84.24819946289062
2019-09-10 07:45:00,197.3182067871093
2019-09-10 08:00:00,243.8764038085937
2019-09-10 08:15:00,263.82989501953125
2019-09-10 08:30:00,309.27960205078125
2019-09-10 08:45:00,393.5278015136719
2019-09-10 09:00:00,393.5278015136719
2019-09-10 09:15:00,406.8302001953125
2019-09-10 09:30:00,401.2875061035156
2019-09-10 09:45:00,404.6130981445313
2019-09-10 10:00:00,434.54339599609375
2019-09-10 10:15:00,424.5665893554688
2019-09-10 10:30:00,401.2875061035156
2019-09-10 10:45:00,414.58990478515625
2019-09-10 11:00:00,417.9154052734375
2019-09-10 11:15:00,422.349609375
2019-09-10 11:30:00,426.78369140625
2019-09-10 11:45:00,399.0704040527344
2019-09-10 12:00:00,335.8843078613281
2019-09-10 12:15:00,230.57400512695312
2019-09-10 12:30:00,226.139892578125
2019-09-10 12:45:00,302.6283874511719
2019-09-10 13:00:00,380.2254943847656
2019-09-10 13:15:00,410.15570068359375
2019-09-10 13:30:00,395.7449035644531
2019-09-10 13:45:00,382.4425048828125
2019-09-10 14:00:00,407.9386901855469
2019-09-10 14:15:00,405.7215881347656
2019-09-10 14:30:00,393.5278015136719
2019-09-10 14:45:00,396.8533935546875
2019-09-10 15:00:00,379.1169128417969
2019-09-10 15:15:00,371.3572082519531
2019-09-10 15:30:00,345.8611145019531
2019-09-10 15:45:00,363.5975036621094
2019-09-10 16:00:00,379.1169128417969
2019-09-10 16:15:00,383.5509948730469
2019-09-10 16:30:00,389.09368896484375
2019-09-10 16:45:00,414.58990478515625
2019-09-10 17:00:00,405.7215881347656
2019-09-10 17:15:00,394.6362915039063
2019-09-10 17:30:00,341.4269104003906
2019-09-10 17:45:00,274.9151916503906
2019-09-10 18:00:00,229.4654998779297
2019-09-10 18:15:00,158.5196990966797
2019-09-10 18:30:00,155.19410705566406
2019-09-10 18:45:00,188.4499053955078
2019-09-10 19:00:00,188.4499053955078
2019-09-10 19:15:00,166.27940368652344
2019-09-10 19:30:00,162.95379638671875
2019-09-10 19:45:00,167.3878936767578
2019-09-10 20:00:00,156.30259704589844
2019-09-10 20:15:00,133.02349853515625
2019-09-10 20:30:00,133.02349853515625
2019-09-10 20:45:00,92.00789642333984
2019-09-10 21:00:00,63.18619918823242
2019-09-10 21:15:00,60.96910095214844
2019-09-10 21:30:00,44.34120178222656
2019-09-10 21:45:00,45.44969940185547
2019-09-10 22:00:00,43.23260116577149
2019-09-10 22:15:00,54.317901611328125
2019-09-10 22:30:00,53.20940017700195
2019-09-10 22:45:00,56.53499984741211
2019-09-10 23:00:00,43.23260116577149
2019-09-10 23:15:00,46.55820083618164
2019-09-10 23:30:00,29.930299758911133
2019-09-10 23:45:00,25.49620056152344
2019-09-11 00:00:00,24.38759994506836
2019-09-11 00:15:00,22.17060089111328
2019-09-11 00:30:00,21.06209945678711
2019-09-11 00:45:00,22.17060089111328
2019-09-11 01:00:00,18.84499931335449
2019-09-11 01:15:00,21.06209945678711
2019-09-11 01:30:00,21.06209945678711
2019-09-11 01:45:00,21.06209945678711
2019-09-11 02:00:00,21.06209945678711
2019-09-11 02:15:00,21.06209945678711
2019-09-11 02:30:00,13.302300453186035
2019-09-11 02:45:00,14.410900115966797
2019-09-11 03:00:00,13.302300453186035
2019-09-11 03:15:00,13.302300453186035
2019-09-11 03:30:00,14.410900115966797
2019-09-11 03:45:00,13.302300453186035
2019-09-11 04:00:00,12.19379997253418
2019-09-11 04:15:00,13.302300453186035
2019-09-11 04:30:00,13.302300453186035
2019-09-11 04:45:00,12.19379997253418
2019-09-11 05:00:00,12.19379997253418
2019-09-11 05:15:00,11.08530044555664
2019-09-11 05:30:00,13.302300453186035
2019-09-11 05:45:00,12.19379997253418
2019-09-11 06:00:00,13.302300453186035
2019-09-11 06:15:00,13.302300453186035
2019-09-11 06:30:00,14.410900115966797
2019-09-11 06:45:00,13.302300453186035
2019-09-11 07:00:00,9.976799964904783
2019-09-11 07:15:00,15.519399642944336
2019-09-11 07:30:00,80.92259979248047
2019-09-11 07:45:00,202.8607940673828
2019-09-11 08:00:00,207.2949066162109
2019-09-11 08:15:00,222.8143005371093
2019-09-11 08:30:00,283.78338623046875
2019-09-11 08:45:00,327.01611328125
2019-09-11 09:00:00,379.1169128417969
2019-09-11 09:15:00,385.7680969238281
2019-09-11 09:30:00,397.9619140625
2019-09-11 09:45:00,413.4812927246094
2019-09-11 10:00:00,414.58990478515625
2019-09-11 10:15:00,379.1169128417969
2019-09-11 10:30:00,402.39599609375
2019-09-11 10:45:00,394.6362915039063
2019-09-11 11:00:00,393.5278015136719
2019-09-11 11:15:00,368.0315856933594
2019-09-11 11:30:00,404.6130981445313
2019-09-11 11:45:00,373.5743103027344
2019-09-11 12:00:00,317.039306640625
2019-09-11 12:15:00,206.1864013671875
2019-09-11 12:30:00,221.705795288086
2019-09-11 12:45:00,267.1554870605469
2019-09-11 13:00:00,355.8377990722656
2019-09-11 13:15:00,370.2486877441406
2019-09-11 13:30:00,359.16339111328125
2019-09-11 13:45:00,340.3183898925781
2019-09-11 14:00:00,345.8611145019531
2019-09-11 14:15:00,368.0315856933594
2019-09-11 14:30:00,369.1401977539063
2019-09-11 14:45:00,379.1169128417969
2019-09-11 15:00:00,370.2486877441406
2019-09-11 15:15:00,379.1169128417969
2019-09-11 15:30:00,369.1401977539063
2019-09-11 15:45:00,394.6362915039063
2019-09-11 16:00:00,386.8765869140625
2019-09-11 16:15:00,392.4193115234375
2019-09-11 16:30:00,391.3106994628906
2019-09-11 16:45:00,378.0083923339844
2019-09-11 17:00:00,432.3262939453125
2019-09-11 17:15:00,410.15570068359375
2019-09-11 17:30:00,328.1246032714844
2019-09-11 17:45:00,264.9383850097656
2019-09-11 18:00:00,196.2095947265625
2019-09-11 18:15:00,170.7135009765625
2019-09-11 18:30:00,130.806396484375
2019-09-11 18:45:00,144.10879516601562
2019-09-11 19:00:00,144.10879516601562
2019-09-11 19:15:00,129.69790649414062
2019-09-11 19:30:00,104.20169830322266
2019-09-11 19:45:00,103.09320068359376
2019-09-11 20:00:00,110.85289764404295
2019-09-11 20:15:00,110.85289764404295
2019-09-11 20:30:00,88.68229675292969
2019-09-11 20:45:00,82.03109741210938
2019-09-11 21:00:00,65.4031982421875
2019-09-11 21:15:00,62.077598571777344
2019-09-11 21:30:00,57.64350128173828
2019-09-11 21:45:00,60.96910095214844
2019-09-11 22:00:00,32.147300720214844
2019-09-11 22:15:00,25.49620056152344
2019-09-11 22:30:00,25.49620056152344
2019-09-11 22:45:00,21.06209945678711
2019-09-11 23:00:00,19.953500747680664
2019-09-11 23:15:00,18.84499931335449
2019-09-11 23:30:00,16.627899169921875
2019-09-11 23:45:00,17.736499786376953
2019-09-12 00:00:00,16.627899169921875
2019-09-12 00:15:00,18.84499931335449
2019-09-12 00:30:00,17.736499786376953
2019-09-12 00:45:00,18.84499931335449
2019-09-12 01:00:00,16.627899169921875
2019-09-12 01:15:00,16.627899169921875
2019-09-12 01:30:00,12.19379997253418
2019-09-12 01:45:00,13.302300453186035
2019-09-12 02:00:00,12.19379997253418
2019-09-12 02:15:00,13.302300453186035
2019-09-12 02:30:00,14.410900115966797
2019-09-12 02:45:00,167.6321561144133
2019-09-12 03:00:00,167.6321561144133
2019-09-12 03:15:00,167.6321561144133
2019-09-12 03:30:00,167.6321561144133
2019-09-12 03:45:00,167.6321561144133
2019-09-12 04:00:00,167.6321561144133
2019-09-12 04:15:00,167.6321561144133
2019-09-12 04:30:00,167.6321561144133
2019-09-12 04:45:00,167.6321561144133
2019-09-12 05:00:00,167.6321561144133
2019-09-12 05:15:00,167.6321561144133
2019-09-12 05:30:00,167.6321561144133
2019-09-12 05:45:00,167.6321561144133
2019-09-12 06:00:00,167.6321561144133
2019-09-12 06:15:00,167.6321561144133
2019-09-12 06:30:00,167.6321561144133
2019-09-12 06:45:00,167.6321561144133
2019-09-12 07:00:00,167.6321561144133
2019-09-12 07:15:00,167.6321561144133
2019-09-12 07:30:00,167.6321561144133
2019-09-12 07:45:00,167.6321561144133
2019-09-12 08:00:00,167.6321561144133
2019-09-12 08:15:00,167.6321561144133
2019-09-12 08:30:00,167.6321561144133
2019-09-12 08:45:00,167.6321561144133
2019-09-12 09:00:00,167.6321561144133
2019-09-12 09:15:00,167.6321561144133
2019-09-12 09:30:00,167.6321561144133
2019-09-12 09:45:00,167.6321561144133
2019-09-12 10:00:00,167.6321561144133
2019-09-12 10:15:00,167.6321561144133
2019-09-12 10:30:00,167.6321561144133
2019-09-12 10:45:00,167.6321561144133
2019-09-12 11:00:00,167.6321561144133
2019-09-12 11:15:00,167.6321561144133
2019-09-12 11:30:00,167.6321561144133
2019-09-12 11:45:00,167.6321561144133
2019-09-12 12:00:00,167.6321561144133
2019-09-12 12:15:00,167.6321561144133
2019-09-12 12:30:00,167.6321561144133
2019-09-12 12:45:00,167.6321561144133
2019-09-12 13:00:00,167.6321561144133
2019-09-12 13:15:00,167.6321561144133
2019-09-12 13:30:00,167.6321561144133
2019-09-12 13:45:00,167.6321561144133
2019-09-12 14:00:00,167.6321561144133
2019-09-12 14:15:00,167.6321561144133
2019-09-12 14:30:00,167.6321561144133
2019-09-12 14:45:00,167.6321561144133
2019-09-12 15:00:00,167.6321561144133
2019-09-12 15:15:00,143.0001983642578
2019-09-12 15:30:00,145.21730041503906
2019-09-12 15:45:00,145.21730041503906
2019-09-12 16:00:00,152.9770050048828
2019-09-12 16:15:00,146.3258056640625
2019-09-12 16:30:00,151.86849975585938
2019-09-12 16:45:00,161.84519958496094
2019-09-12 17:00:00,159.62820434570312
2019-09-12 17:15:00,147.4344024658203
2019-09-12 17:30:00,121.93820190429688
2019-09-12 17:45:00,87.57379913330078
2019-09-12 18:00:00,64.2947006225586
2019-09-12 18:15:00,55.42649841308594
2019-09-12 18:30:00,52.10089874267578
2019-09-12 18:45:00,52.10089874267578
2019-09-12 19:00:00,45.44969940185547
2019-09-12 19:15:00,45.44969940185547
2019-09-12 19:30:00,25.49620056152344
2019-09-12 19:45:00,21.06209945678711
2019-09-12 20:00:00,14.410900115966797
2019-09-12 20:15:00,14.410900115966797
2019-09-12 20:30:00,13.302300453186035
2019-09-12 20:45:00,11.08530044555664
2019-09-12 21:00:00,12.19379997253418
2019-09-12 21:15:00,12.19379997253418
2019-09-12 21:30:00,15.519399642944336
2019-09-12 21:45:00,17.736499786376953
2019-09-12 22:00:00,15.519399642944336
2019-09-12 22:15:00,14.410900115966797
2019-09-12 22:30:00,14.410900115966797
2019-09-12 22:45:00,13.302300453186035
2019-09-12 23:00:00,14.410900115966797
2019-09-12 23:15:00,14.410900115966797
2019-09-12 23:30:00,13.302300453186035
2019-09-12 23:45:00,13.302300453186035
2019-09-13 00:00:00,13.302300453186035
2019-09-13 00:15:00,14.410900115966797
2019-09-13 00:30:00,15.519399642944336
2019-09-13 00:45:00,13.302300453186035
2019-09-13 01:00:00,13.302300453186035
2019-09-13 01:15:00,12.19379997253418
2019-09-13 01:30:00,13.302300453186035
2019-09-13 01:45:00,13.302300453186035
2019-09-13 02:00:00,13.302300453186035
2019-09-13 02:15:00,12.19379997253418
2019-09-13 02:30:00,13.302300453186035
2019-09-13 02:45:00,12.19379997253418
2019-09-13 03:00:00,11.08530044555664
2019-09-13 03:15:00,13.302300453186035
2019-09-13 03:30:00,11.08530044555664
2019-09-13 03:45:00,11.08530044555664
2019-09-13 04:00:00,12.19379997253418
2019-09-13 04:15:00,9.976799964904783
2019-09-13 04:30:00,12.19379997253418
2019-09-13 04:45:00,9.976799964904783
2019-09-13 05:00:00,12.19379997253418
2019-09-13 05:15:00,9.976799964904783
2019-09-13 05:30:00,8.868200302124023
2019-09-13 05:45:00,9.976799964904783
2019-09-13 06:00:00,9.976799964904783
2019-09-13 06:15:00,11.08530044555664
2019-09-13 06:30:00,8.868200302124023
2019-09-13 06:45:00,8.868200302124023
2019-09-13 07:00:00,11.08530044555664
2019-09-13 07:15:00,9.976799964904783
2019-09-13 07:30:00,8.868200302124023
2019-09-13 07:45:00,9.976799964904783
2019-09-13 08:00:00,8.868200302124023
2019-09-13 08:15:00,8.868200302124023
2019-09-13 08:30:00,8.868200302124023
2019-09-13 08:45:00,8.868200302124023
2019-09-13 09:00:00,7.759699821472168
2019-09-13 09:15:00,8.868200302124023
2019-09-13 09:30:00,9.976799964904783
2019-09-13 09:45:00,8.868200302124023
2019-09-13 10:00:00,7.759699821472168
2019-09-13 10:15:00,7.759699821472168
2019-09-13 10:30:00,6.651199817657471
2019-09-13 10:45:00,8.868200302124023
2019-09-13 11:00:00,9.976799964904783
2019-09-13 11:15:00,8.868200302124023
2019-09-13 11:30:00,7.759699821472168
2019-09-13 11:45:00,7.759699821472168
2019-09-13 12:00:00,6.651199817657471
2019-09-13 12:15:00,7.759699821472168
2019-09-13 12:30:00,7.759699821472168
2019-09-13 12:45:00,6.651199817657471
2019-09-13 13:00:00,6.651199817657471
2019-09-13 13:15:00,6.651199817657471
2019-09-13 13:30:00,7.759699821472168
2019-09-13 13:45:00,8.868200302124023
2019-09-13 14:00:00,6.651199817657471
2019-09-13 14:15:00,8.868200302124023
2019-09-13 14:30:00,8.868200302124023
2019-09-13 14:45:00,8.868200302124023
2019-09-13 15:00:00,9.976799964904783
2019-09-13 15:15:00,8.868200302124023
2019-09-13 15:30:00,8.868200302124023
2019-09-13 15:45:00,9.976799964904783
2019-09-13 16:00:00,12.19379997253418
2019-09-13 16:15:00,9.976799964904783
2019-09-13 16:30:00,11.08530044555664
2019-09-13 16:45:00,12.19379997253418
2019-09-13 17:00:00,12.19379997253418
2019-09-13 17:15:00,12.19379997253418
2019-09-13 17:30:00,11.08530044555664
2019-09-13 17:45:00,12.19379997253418
2019-09-13 18:00:00,11.08530044555664
2019-09-13 18:15:00,11.08530044555664
2019-09-13 18:30:00,13.302300453186035
2019-09-13 18:45:00,9.976799964904783
2019-09-13 19:00:00,12.19379997253418
2019-09-13 19:15:00,9.976799964904783
2019-09-13 19:30:00,11.08530044555664
2019-09-13 19:45:00,12.19379997253418
2019-09-13 20:00:00,11.08530044555664
2019-09-13 20:15:00,11.08530044555664
2019-09-13 20:30:00,11.08530044555664
2019-09-13 20:45:00,12.19379997253418
2019-09-13 21:00:00,11.08530044555664
2019-09-13 21:15:00,12.19379997253418
2019-09-13 21:30:00,13.302300453186035
2019-09-13 21:45:00,13.302300453186035
2019-09-13 22:00:00,13.302300453186035
2019-09-13 22:15:00,13.302300453186035
2019-09-13 22:30:00,13.302300453186035
2019-09-13 22:45:00,14.410900115966797
2019-09-13 23:00:00,13.302300453186035
2019-09-13 23:15:00,13.302300453186035
2019-09-13 23:30:00,14.410900115966797
2019-09-13 23:45:00,11.08530044555664
2019-09-14 00:00:00,12.19379997253418
2019-09-14 00:15:00,12.19379997253418
2019-09-14 00:30:00,11.08530044555664
2019-09-14 00:45:00,13.302300453186035
2019-09-14 01:00:00,11.08530044555664
2019-09-14 01:15:00,12.19379997253418
2019-09-14 01:30:00,12.19379997253418
2019-09-14 01:45:00,11.08530044555664
2019-09-14 02:00:00,12.19379997253418
2019-09-14 02:15:00,12.19379997253418
2019-09-14 02:30:00,12.19379997253418
2019-09-14 02:45:00,12.19379997253418
2019-09-14 03:00:00,11.08530044555664
2019-09-14 03:15:00,12.19379997253418
2019-09-14 03:30:00,11.08530044555664
2019-09-14 03:45:00,12.19379997253418
2019-09-14 04:00:00,12.19379997253418
2019-09-14 04:15:00,11.08530044555664
2019-09-14 04:30:00,12.19379997253418
2019-09-14 04:45:00,12.19379997253418
2019-09-14 05:00:00,13.302300453186035
2019-09-14 05:15:00,13.302300453186035
2019-09-14 05:30:00,12.19379997253418
2019-09-14 05:45:00,12.19379997253418
2019-09-14 06:00:00,9.976799964904783
2019-09-14 06:15:00,11.08530044555664
2019-09-14 06:30:00,9.976799964904783
2019-09-14 06:45:00,9.976799964904783
2019-09-14 07:00:00,11.08530044555664
2019-09-14 07:15:00,16.627899169921875
2019-09-14 07:30:00,58.75199890136719
2019-09-14 07:45:00,99.7676010131836
2019-09-14 08:00:00,128.5894012451172
2019-09-14 08:15:00,158.5196990966797
2019-09-14 08:30:00,162.95379638671875
2019-09-14 08:45:00,169.6049041748047
2019-09-14 09:00:00,165.17080688476562
2019-09-14 09:15:00,161.84519958496094
2019-09-14 09:30:00,160.7366943359375
2019-09-14 09:45:00,169.6049041748047
2019-09-14 10:00:00,158.5196990966797
2019-09-14 10:15:00,150.75990295410156
2019-09-14 10:30:00,169.6049041748047
2019-09-14 10:45:00,177.36459350585938
2019-09-14 11:00:00,172.9304962158203
2019-09-14 11:15:00,169.6049041748047
2019-09-14 11:30:00,175.14759826660156
2019-09-14 11:45:00,149.65139770507812
2019-09-14 12:00:00,148.5428924560547
2019-09-14 12:15:00,82.03109741210938
2019-09-14 12:30:00,78.70559692382812
2019-09-14 12:45:00,78.70559692382812
2019-09-14 13:00:00,147.4344024658203
2019-09-14 13:15:00,160.7366943359375
2019-09-14 13:30:00,134.1320037841797
2019-09-14 13:45:00,152.9770050048828
2019-09-14 14:00:00,157.41110229492188
2019-09-14 14:15:00,151.86849975585938
2019-09-14 14:30:00,144.10879516601562
2019-09-14 14:45:00,155.19410705566406
2019-09-14 15:00:00,152.9770050048828
2019-09-14 15:15:00,150.75990295410156
2019-09-14 15:30:00,139.67469787597656
2019-09-14 15:45:00,138.56610107421875
2019-09-14 16:00:00,166.27940368652344
2019-09-14 16:15:00,169.6049041748047
2019-09-14 16:30:00,167.3878936767578
2019-09-14 16:45:00,161.84519958496094
2019-09-14 17:00:00,162.95379638671875
2019-09-14 17:15:00,151.86849975585938
2019-09-14 17:30:00,154.0854949951172
2019-09-14 17:45:00,139.67469787597656
2019-09-14 18:00:00,117.50409698486328
2019-09-14 18:15:00,101.98470306396484
2019-09-14 18:30:00,70.9458999633789
2019-09-14 18:45:00,66.51170349121094
2019-09-14 19:00:00,66.51170349121094
2019-09-14 19:15:00,75.37999725341797
2019-09-14 19:30:00,70.9458999633789
2019-09-14 19:45:00,68.72879791259766
2019-09-14 20:00:00,64.2947006225586
2019-09-14 20:15:00,63.18619918823242
2019-09-14 20:30:00,58.75199890136719
2019-09-14 20:45:00,58.75199890136719
2019-09-14 21:00:00,54.317901611328125
2019-09-14 21:15:00,48.775299072265625
2019-09-14 21:30:00,53.20940017700195
2019-09-14 21:45:00,42.12409973144531
2019-09-14 22:00:00,22.17060089111328
2019-09-14 22:15:00,19.953500747680664
2019-09-14 22:30:00,17.736499786376953
2019-09-14 22:45:00,17.736499786376953
2019-09-14 23:00:00,18.84499931335449
2019-09-14 23:15:00,15.519399642944336
2019-09-14 23:30:00,12.19379997253418
2019-09-14 23:45:00,12.19379997253418
2019-09-15 00:00:00,12.19379997253418
2019-09-15 00:15:00,13.302300453186035
2019-09-15 00:30:00,13.302300453186035
2019-09-15 00:45:00,12.19379997253418
2019-09-15 01:00:00,9.976799964904783
2019-09-15 01:15:00,12.19379997253418
2019-09-15 01:30:00,9.976799964904783
2019-09-15 01:45:00,13.302300453186035
2019-09-15 02:00:00,8.868200302124023
2019-09-15 02:15:00,13.302300453186035
2019-09-15 02:30:00,9.976799964904783
2019-09-15 02:45:00,11.08530044555664
2019-09-15 03:00:00,9.976799964904783
2019-09-15 03:15:00,9.976799964904783
2019-09-15 03:30:00,11.08530044555664
2019-09-15 03:45:00,9.976799964904783
2019-09-15 04:00:00,11.08530044555664
2019-09-15 04:15:00,9.976799964904783
2019-09-15 04:30:00,167.6321561144133
2019-09-15 04:45:00,167.6321561144133
2019-09-15 05:00:00,167.6321561144133
2019-09-15 05:15:00,167.6321561144133
2019-09-15 05:30:00,167.6321561144133
2019-09-15 05:45:00,167.6321561144133
2019-09-15 06:00:00,167.6321561144133
2019-09-15 06:15:00,167.6321561144133
2019-09-15 06:30:00,167.6321561144133
2019-09-15 06:45:00,167.6321561144133
2019-09-15 07:00:00,167.6321561144133
2019-09-15 07:15:00,167.6321561144133
2019-09-15 07:30:00,167.6321561144133
2019-09-15 07:45:00,167.6321561144133
2019-09-15 08:00:00,167.6321561144133
2019-09-15 08:15:00,167.6321561144133
2019-09-15 08:30:00,167.6321561144133
2019-09-15 08:45:00,167.6321561144133
2019-09-15 09:00:00,167.6321561144133
2019-09-15 09:15:00,167.6321561144133
2019-09-15 09:30:00,167.6321561144133
2019-09-15 09:45:00,167.6321561144133
2019-09-15 10:00:00,167.6321561144133
2019-09-15 10:15:00,167.6321561144133
2019-09-15 10:30:00,167.6321561144133
2019-09-15 10:45:00,167.6321561144133
2019-09-15 11:00:00,167.6321561144133
2019-09-15 11:15:00,167.6321561144133
2019-09-15 11:30:00,167.6321561144133
2019-09-15 11:45:00,167.6321561144133
2019-09-15 12:00:00,167.6321561144133
2019-09-15 12:15:00,167.6321561144133
2019-09-15 12:30:00,167.6321561144133
2019-09-15 12:45:00,167.6321561144133
2019-09-15 13:00:00,167.6321561144133
2019-09-15 13:15:00,167.6321561144133
2019-09-15 13:30:00,167.6321561144133
2019-09-15 13:45:00,167.6321561144133
2019-09-15 14:00:00,167.6321561144133
2019-09-15 14:15:00,167.6321561144133
2019-09-15 14:30:00,167.6321561144133
2019-09-15 14:45:00,167.6321561144133
2019-09-15 15:00:00,167.6321561144133
2019-09-15 15:15:00,167.6321561144133
2019-09-15 15:30:00,167.6321561144133
2019-09-15 15:45:00,167.6321561144133
2019-09-15 16:00:00,167.6321561144133
2019-09-15 16:15:00,167.6321561144133
2019-09-15 16:30:00,167.6321561144133
2019-09-15 16:45:00,167.6321561144133
2019-09-15 17:00:00,277.1322937011719
2019-09-15 17:15:00,227.24850463867188
2019-09-15 17:30:00,205.0778961181641
2019-09-15 17:45:00,191.77549743652344
2019-09-15 18:00:00,152.9770050048828
2019-09-15 18:15:00,101.98470306396484
2019-09-15 18:30:00,69.8373031616211
2019-09-15 18:45:00,105.310302734375
2019-09-15 19:00:00,109.74440002441406
2019-09-15 19:15:00,116.39550018310548
2019-09-15 19:30:00,123.04669952392578
2019-09-15 19:45:00,123.04669952392578
2019-09-15 20:00:00,116.39550018310548
2019-09-15 20:15:00,103.09320068359376
2019-09-15 20:30:00,99.7676010131836
2019-09-15 20:45:00,66.51170349121094
2019-09-15 21:00:00,55.42649841308594
2019-09-15 21:15:00,47.66669845581055
2019-09-15 21:30:00,27.71319961547852
2019-09-15 21:45:00,18.84499931335449
2019-09-15 22:00:00,16.627899169921875
2019-09-15 22:15:00,14.410900115966797
2019-09-15 22:30:00,12.19379997253418
2019-09-15 22:45:00,13.302300453186035
2019-09-15 23:00:00,13.302300453186035
2019-09-15 23:15:00,15.519399642944336
2019-09-15 23:30:00,13.302300453186035
2019-09-15 23:45:00,13.302300453186035
2019-09-16 00:00:00,13.302300453186035
2019-09-16 00:15:00,14.410900115966797
2019-09-16 00:30:00,12.19379997253418
2019-09-16 00:45:00,12.19379997253418
2019-09-16 01:00:00,12.19379997253418
2019-09-16 01:15:00,12.19379997253418
2019-09-16 01:30:00,11.08530044555664
2019-09-16 01:45:00,12.19379997253418
2019-09-16 02:00:00,13.302300453186035
2019-09-16 02:15:00,11.08530044555664
2019-09-16 02:30:00,12.19379997253418
2019-09-16 02:45:00,13.302300453186035
2019-09-16 03:00:00,12.19379997253418
2019-09-16 03:15:00,11.08530044555664
2019-09-16 03:30:00,11.08530044555664
2019-09-16 03:45:00,12.19379997253418
2019-09-16 04:00:00,11.08530044555664
2019-09-16 04:15:00,11.08530044555664
2019-09-16 04:30:00,11.08530044555664
2019-09-16 04:45:00,12.19379997253418
2019-09-16 05:00:00,9.976799964904783
2019-09-16 05:15:00,11.08530044555664
2019-09-16 05:30:00,11.08530044555664
2019-09-16 05:45:00,12.19379997253418
2019-09-16 06:00:00,14.410900115966797
2019-09-16 06:15:00,12.19379997253418
2019-09-16 06:30:00,13.302300453186035
2019-09-16 06:45:00,8.868200302124023
2019-09-16 07:00:00,12.19379997253418
2019-09-16 07:15:00,9.976799964904783
2019-09-16 07:30:00,41.01559829711914
2019-09-16 07:45:00,195.10110473632807
2019-09-16 08:00:00,228.35699462890625
2019-09-16 08:15:00,253.8531036376953
2019-09-16 08:30:00,276.0237121582031
2019-09-16 08:45:00,293.7601928710937
2019-09-16 09:00:00,324.79901123046875
2019-09-16 09:15:00,372.4657897949219
2019-09-16 09:30:00,363.5975036621094
2019-09-16 09:45:00,373.5743103027344
2019-09-16 10:00:00,358.0549011230469
2019-09-16 10:15:00,360.2719116210937
2019-09-16 10:30:00,362.489013671875
2019-09-16 10:45:00,374.6828002929688
2019-09-16 11:00:00,372.4657897949219
2019-09-16 11:15:00,372.4657897949219
2019-09-16 11:30:00,389.09368896484375
2019-09-16 11:45:00,345.8611145019531
2019-09-16 12:00:00,280.4577941894531
2019-09-16 12:15:00,209.51199340820312
2019-09-16 12:30:00,223.9228973388672
2019-09-16 12:45:00,291.5430908203125
2019-09-16 13:00:00,330.34161376953125
2019-09-16 13:15:00,346.9696044921875
2019-09-16 13:30:00,356.9462890625
2019-09-16 13:45:00,343.6440124511719
2019-09-16 14:00:00,350.2951965332031
2019-09-16 14:15:00,330.34161376953125
2019-09-16 14:30:00,346.9696044921875
2019-09-16 14:45:00,344.75250244140625
2019-09-16 15:00:00,354.72930908203125
2019-09-16 15:15:00,358.0549011230469
2019-09-16 15:30:00,362.489013671875
2019-09-16 15:45:00,361.3804931640625
2019-09-16 16:00:00,354.72930908203125
2019-09-16 16:15:00,381.3340148925781
2019-09-16 16:30:00,368.0315856933594
2019-09-16 16:45:00,359.16339111328125
2019-09-16 17:00:00,365.8146057128906
2019-09-16 17:15:00,352.51220703125
2019-09-16 17:30:00,322.5819091796875
2019-09-16 17:45:00,278.2408142089844
2019-09-16 18:00:00,231.6826019287109
2019-09-16 18:15:00,205.0778961181641
2019-09-16 18:30:00,190.66700744628903
2019-09-16 18:45:00,175.14759826660156
2019-09-16 19:00:00,175.14759826660156
2019-09-16 19:15:00,177.36459350585938
2019-09-16 19:30:00,161.84519958496094
2019-09-16 19:45:00,134.1320037841797
2019-09-16 20:00:00,88.68229675292969
2019-09-16 20:15:00,87.57379913330078
2019-09-16 20:30:00,85.35669708251953
2019-09-16 20:45:00,95.33350372314452
2019-09-16 21:00:00,96.44200134277344
2019-09-16 21:15:00,89.79090118408203
2019-09-16 21:30:00,78.70559692382812
2019-09-16 21:45:00,56.53499984741211
2019-09-16 22:00:00,58.75199890136719
2019-09-16 22:15:00,53.20940017700195
2019-09-16 22:30:00,53.20940017700195
2019-09-16 22:45:00,48.775299072265625
2019-09-16 23:00:00,44.34120178222656
2019-09-16 23:15:00,39.90700149536133
2019-09-16 23:30:00,21.06209945678711
2019-09-16 23:45:00,18.84499931335449
2019-09-17 00:00:00,16.627899169921875
2019-09-17 00:15:00,15.519399642944336
2019-09-17 00:30:00,15.519399642944336
2019-09-17 00:45:00,15.519399642944336
2019-09-17 01:00:00,16.627899169921875
2019-09-17 01:15:00,16.627899169921875
2019-09-17 01:30:00,14.410900115966797
2019-09-17 01:45:00,17.736499786376953
2019-09-17 02:00:00,15.519399642944336
2019-09-17 02:15:00,15.519399642944336
2019-09-17 02:30:00,13.302300453186035
2019-09-17 02:45:00,11.08530044555664
2019-09-17 03:00:00,9.976799964904783
2019-09-17 03:15:00,9.976799964904783
2019-09-17 03:30:00,9.976799964904783
2019-09-17 03:45:00,9.976799964904783
2019-09-17 04:00:00,11.08530044555664
2019-09-17 04:15:00,9.976799964904783
2019-09-17 04:30:00,12.19379997253418
2019-09-17 04:45:00,9.976799964904783
2019-09-17 05:00:00,9.976799964904783
2019-09-17 05:15:00,9.976799964904783
2019-09-17 05:30:00,9.976799964904783
2019-09-17 05:45:00,9.976799964904783
2019-09-17 06:00:00,11.08530044555664
2019-09-17 06:15:00,13.302300453186035
2019-09-17 06:30:00,12.19379997253418
2019-09-17 06:45:00,11.08530044555664
2019-09-17 07:00:00,9.976799964904783
2019-09-17 07:15:00,12.19379997253418
2019-09-17 07:30:00,49.8838005065918
2019-09-17 07:45:00,133.02349853515625
2019-09-17 08:00:00,216.16319274902344
2019-09-17 08:15:00,281.56640625
2019-09-17 08:30:00,291.5430908203125
2019-09-17 08:45:00,350.2951965332031
2019-09-17 09:00:00,371.3572082519531
2019-09-17 09:15:00,380.2254943847656
2019-09-17 09:30:00,417.9154052734375
2019-09-17 09:45:00,381.3340148925781
2019-09-17 10:00:00,410.15570068359375
2019-09-17 10:15:00,436.7604064941406
2019-09-17 10:30:00,434.54339599609375
2019-09-17 10:45:00,421.2409973144531
2019-09-17 11:00:00,421.2409973144531
2019-09-17 11:15:00,392.4193115234375
2019-09-17 11:30:00,371.3572082519531
2019-09-17 11:45:00,370.2486877441406
2019-09-17 12:00:00,305.9540100097656
2019-09-17 12:15:00,243.8764038085937
2019-09-17 12:30:00,237.22520446777344
2019-09-17 12:45:00,344.75250244140625
2019-09-17 13:00:00,376.89990234375
2019-09-17 13:15:00,401.2875061035156
2019-09-17 13:30:00,391.3106994628906
2019-09-17 13:45:00,400.1789855957031
2019-09-17 14:00:00,407.9386901855469
2019-09-17 14:15:00,403.5046081542969
2019-09-17 14:30:00,406.8302001953125
2019-09-17 14:45:00,410.15570068359375
2019-09-17 15:00:00,424.5665893554688
2019-09-17 15:15:00,410.15570068359375
2019-09-17 15:30:00,401.2875061035156
2019-09-17 15:45:00,390.20220947265625
2019-09-17 16:00:00,382.4425048828125
2019-09-17 16:15:00,393.5278015136719
2019-09-17 16:30:00,405.7215881347656
2019-09-17 16:45:00,419.0239868164063
2019-09-17 17:00:00,411.2643127441406
2019-09-17 17:15:00,403.5046081542969
2019-09-17 17:30:00,342.5354919433594
2019-09-17 17:45:00,298.1943054199219
2019-09-17 18:00:00,231.6826019287109
2019-09-17 18:15:00,188.4499053955078
2019-09-17 18:30:00,155.19410705566406
2019-09-17 18:45:00,146.3258056640625
2019-09-17 19:00:00,149.65139770507812
2019-09-17 19:15:00,140.783203125
2019-09-17 19:30:00,127.48079681396484
2019-09-17 19:45:00,114.17849731445312
2019-09-17 20:00:00,93.11640167236328
2019-09-17 20:15:00,104.20169830322266
2019-09-17 20:30:00,95.33350372314452
2019-09-17 20:45:00,99.7676010131836
2019-09-17 21:00:00,98.65910339355467
2019-09-17 21:15:00,70.9458999633789
2019-09-17 21:30:00,67.62030029296875
2019-09-17 21:45:00,26.604700088500977
2019-09-17 22:00:00,18.84499931335449
2019-09-17 22:15:00,18.84499931335449
2019-09-17 22:30:00,18.84499931335449
2019-09-17 22:45:00,18.84499931335449
2019-09-17 23:00:00,18.84499931335449
2019-09-17 23:15:00,18.84499931335449
2019-09-17 23:30:00,19.953500747680664
2019-09-17 23:45:00,17.736499786376953
2019-09-18 00:00:00,17.736499786376953
2019-09-18 00:15:00,16.627899169921875
2019-09-18 00:30:00,16.627899169921875
2019-09-18 00:45:00,16.627899169921875
2019-09-18 01:00:00,17.736499786376953
2019-09-18 01:15:00,16.627899169921875
2019-09-18 01:30:00,13.302300453186035
2019-09-18 01:45:00,13.302300453186035
2019-09-18 02:00:00,14.410900115966797
2019-09-18 02:15:00,13.302300453186035
2019-09-18 02:30:00,13.302300453186035
2019-09-18 02:45:00,13.302300453186035
2019-09-18 03:00:00,14.410900115966797
2019-09-18 03:15:00,14.410900115966797
2019-09-18 03:30:00,12.19379997253418
2019-09-18 03:45:00,13.302300453186035
2019-09-18 04:00:00,12.19379997253418
2019-09-18 04:15:00,12.19379997253418
2019-09-18 04:30:00,13.302300453186035
2019-09-18 04:45:00,13.302300453186035
2019-09-18 05:00:00,12.19379997253418
2019-09-18 05:15:00,12.19379997253418
2019-09-18 05:30:00,14.410900115966797
2019-09-18 05:45:00,14.410900115966797
2019-09-18 06:00:00,15.519399642944336
2019-09-18 06:15:00,14.410900115966797
2019-09-18 06:30:00,15.519399642944336
2019-09-18 06:45:00,14.410900115966797
2019-09-18 07:00:00,12.19379997253418
2019-09-18 07:15:00,13.302300453186035
2019-09-18 07:30:00,52.10089874267578
2019-09-18 07:45:00,93.11640167236328
2019-09-18 08:00:00,127.48079681396484
2019-09-18 08:15:00,215.0545959472656
2019-09-18 08:30:00,298.1943054199219
2019-09-18 08:45:00,411.2643127441406
2019-09-18 09:00:00,433.434814453125
2019-09-18 09:15:00,407.9386901855469
2019-09-18 09:30:00,429.0007019042969
2019-09-18 09:45:00,420.1325073242188
2019-09-18 10:00:00,433.434814453125
2019-09-18 10:15:00,415.6983947753906
2019-09-18 10:30:00,405.7215881347656
2019-09-18 10:45:00,392.4193115234375
2019-09-18 11:00:00,434.54339599609375
2019-09-18 11:15:00,425.6751098632813
2019-09-18 11:30:00,410.15570068359375
2019-09-18 11:45:00,376.89990234375
2019-09-18 12:00:00,288.2174987792969
2019-09-18 12:15:00,219.4886932373047
2019-09-18 12:30:00,222.8143005371093
2019-09-18 12:45:00,293.7601928710937
2019-09-18 13:00:00,391.3106994628906
2019-09-18 13:15:00,397.9619140625
2019-09-18 13:30:00,409.0472106933594
2019-09-18 13:45:00,413.4812927246094
2019-09-18 14:00:00,404.6130981445313
2019-09-18 14:15:00,376.89990234375
2019-09-18 14:30:00,389.09368896484375
2019-09-18 14:45:00,400.1789855957031
2019-09-18 15:00:00,421.2409973144531
2019-09-18 15:15:00,411.2643127441406
2019-09-18 15:30:00,417.9154052734375
2019-09-18 15:45:00,424.5665893554688
2019-09-18 16:00:00,396.8533935546875
2019-09-18 16:15:00,412.372802734375
2019-09-18 16:30:00,419.0239868164063
2019-09-18 16:45:00,413.4812927246094
2019-09-18 17:00:00,381.3340148925781
2019-09-18 17:15:00,365.8146057128906
2019-09-18 17:30:00,315.9307861328125
2019-09-18 17:45:00,260.5043029785156
2019-09-18 18:00:00,231.6826019287109
2019-09-18 18:15:00,198.4266967773437
2019-09-18 18:30:00,155.19410705566406
2019-09-18 18:45:00,170.7135009765625
2019-09-18 19:00:00,175.14759826660156
2019-09-18 19:15:00,171.82200622558594
2019-09-18 19:30:00,182.9073028564453
2019-09-18 19:45:00,156.30259704589844
2019-09-18 20:00:00,138.56610107421875
2019-09-18 20:15:00,116.39550018310548
2019-09-18 20:30:00,99.7676010131836
2019-09-18 20:45:00,106.4188003540039
2019-09-18 21:00:00,108.63580322265624
2019-09-18 21:15:00,107.5272979736328
2019-09-18 21:30:00,104.20169830322266
2019-09-18 21:45:00,96.44200134277344
2019-09-18 22:00:00,93.11640167236328
2019-09-18 22:15:00,104.20169830322266
2019-09-18 22:30:00,107.5272979736328
2019-09-18 22:45:00,98.65910339355467
2019-09-18 23:00:00,105.310302734375
2019-09-18 23:15:00,100.8760986328125
2019-09-18 23:30:00,108.63580322265624
2019-09-18 23:45:00,85.35669708251953
2019-09-19 00:00:00,65.4031982421875
2019-09-19 00:15:00,62.077598571777344
2019-09-19 00:30:00,57.64350128173828
2019-09-19 00:45:00,52.10089874267578
2019-09-19 01:00:00,43.23260116577149
2019-09-19 01:15:00,28.8218002319336
2019-09-19 01:30:00,26.604700088500977
2019-09-19 01:45:00,16.627899169921875
2019-09-19 02:00:00,15.519399642944336
2019-09-19 02:15:00,15.519399642944336
2019-09-19 02:30:00,14.410900115966797
2019-09-19 02:45:00,15.519399642944336
2019-09-19 03:00:00,14.410900115966797
2019-09-19 03:15:00,11.08530044555664
2019-09-19 03:30:00,12.19379997253418
2019-09-19 03:45:00,12.19379997253418
2019-09-19 04:00:00,9.976799964904783
2019-09-19 04:15:00,12.19379997253418
2019-09-19 04:30:00,9.976799964904783
2019-09-19 04:45:00,11.08530044555664
2019-09-19 05:00:00,11.08530044555664
2019-09-19 05:15:00,11.08530044555664
2019-09-19 05:30:00,9.976799964904783
2019-09-19 05:45:00,12.19379997253418
2019-09-19 06:00:00,13.302300453186035
2019-09-19 06:15:00,15.519399642944336
2019-09-19 06:30:00,12.19379997253418
2019-09-19 06:45:00,9.976799964904783
2019-09-19 07:00:00,9.976799964904783
2019-09-19 07:15:00,12.19379997253418
2019-09-19 07:30:00,85.35669708251953
2019-09-19 07:45:00,197.3182067871093
2019-09-19 08:00:00,220.5973052978516
2019-09-19 08:15:00,258.28729248046875
2019-09-19 08:30:00,301.5198974609375
2019-09-19 08:45:00,332.5586853027344
2019-09-19 09:00:00,358.0549011230469
2019-09-19 09:15:00,374.6828002929688
2019-09-19 09:30:00,396.8533935546875
2019-09-19 09:45:00,410.15570068359375
2019-09-19 10:00:00,409.0472106933594
2019-09-19 10:15:00,406.8302001953125
2019-09-19 10:30:00,413.4812927246094
2019-09-19 10:45:00,360.2719116210937
2019-09-19 11:00:00,383.5509948730469
2019-09-19 11:15:00,381.3340148925781
2019-09-19 11:30:00,380.2254943847656
2019-09-19 11:45:00,349.1866149902344
2019-09-19 12:00:00,290.4346008300781
2019-09-19 12:15:00,216.16319274902344
2019-09-19 12:30:00,201.75230407714844
2019-09-19 12:45:00,272.6980895996094
2019-09-19 13:00:00,320.3648986816406
2019-09-19 13:15:00,342.5354919433594
2019-09-19 13:30:00,371.3572082519531
2019-09-19 13:45:00,376.89990234375
2019-09-19 14:00:00,387.9851989746094
2019-09-19 14:15:00,356.9462890625
2019-09-19 14:30:00,394.6362915039063
2019-09-19 14:45:00,403.5046081542969
2019-09-19 15:00:00,407.9386901855469
2019-09-19 15:15:00,397.9619140625
2019-09-19 15:30:00,399.0704040527344
2019-09-19 15:45:00,402.39599609375
2019-09-19 16:00:00,381.3340148925781
2019-09-19 16:15:00,370.2486877441406
2019-09-19 16:30:00,387.9851989746094
2019-09-19 16:45:00,383.5509948730469
2019-09-19 17:00:00,399.0704040527344
2019-09-19 17:15:00,390.20220947265625
2019-09-19 17:30:00,360.2719116210937
2019-09-19 17:45:00,274.9151916503906
2019-09-19 18:00:00,222.8143005371093
2019-09-19 18:15:00,192.88409423828125
2019-09-19 18:30:00,185.12429809570312
2019-09-19 18:45:00,200.643798828125
2019-09-19 19:00:00,228.35699462890625
2019-09-19 19:15:00,228.35699462890625
2019-09-19 19:30:00,184.0157928466797
2019-09-19 19:45:00,156.30259704589844
2019-09-19 20:00:00,143.0001983642578
2019-09-19 20:15:00,133.02349853515625
2019-09-19 20:30:00,137.4575958251953
2019-09-19 20:45:00,130.806396484375
2019-09-19 21:00:00,137.4575958251953
2019-09-19 21:15:00,118.61260223388672
2019-09-19 21:30:00,94.2249984741211
2019-09-19 21:45:00,92.00789642333984
2019-09-19 22:00:00,83.13970184326172
2019-09-19 22:15:00,83.13970184326172
2019-09-19 22:30:00,93.11640167236328
2019-09-19 22:45:00,85.35669708251953
2019-09-19 23:00:00,96.44200134277344
2019-09-19 23:15:00,104.20169830322266
2019-09-19 23:30:00,83.13970184326172
2019-09-19 23:45:00,70.9458999633789
2019-09-20 00:00:00,70.9458999633789
2019-09-20 00:15:00,67.62030029296875
2019-09-20 00:30:00,59.860599517822266
2019-09-20 00:45:00,52.10089874267578
2019-09-20 01:00:00,37.68999862670898
2019-09-20 01:15:00,27.71319961547852
2019-09-20 01:30:00,16.627899169921875
2019-09-20 01:45:00,15.519399642944336
2019-09-20 02:00:00,14.410900115966797
2019-09-20 02:15:00,14.410900115966797
2019-09-20 02:30:00,13.302300453186035
2019-09-20 02:45:00,8.868200302124023
2019-09-20 03:00:00,11.08530044555664
2019-09-20 03:15:00,9.976799964904783
2019-09-20 03:30:00,9.976799964904783
2019-09-20 03:45:00,9.976799964904783
2019-09-20 04:00:00,9.976799964904783
2019-09-20 04:15:00,9.976799964904783
2019-09-20 04:30:00,9.976799964904783
2019-09-20 04:45:00,8.868200302124023
2019-09-20 05:00:00,9.976799964904783
2019-09-20 05:15:00,9.976799964904783
2019-09-20 05:30:00,8.868200302124023
2019-09-20 05:45:00,11.08530044555664
2019-09-20 06:00:00,8.868200302124023
2019-09-20 06:15:00,12.19379997253418
2019-09-20 06:30:00,9.976799964904783
2019-09-20 06:45:00,12.19379997253418
2019-09-20 07:00:00,11.08530044555664
2019-09-20 07:15:00,11.08530044555664
2019-09-20 07:30:00,32.147300720214844
2019-09-20 07:45:00,108.63580322265624
2019-09-20 08:00:00,154.0854949951172
2019-09-20 08:15:00,206.1864013671875
2019-09-20 08:30:00,274.9151916503906
2019-09-20 08:45:00,320.3648986816406
2019-09-20 09:00:00,329.23309326171875
2019-09-20 09:15:00,324.79901123046875
2019-09-20 09:30:00,336.9927978515625
2019-09-20 09:45:00,307.0625
2019-09-20 10:00:00,289.3261108398437
2019-09-20 10:15:00,293.7601928710937
2019-09-20 10:30:00,345.8611145019531
2019-09-20 10:45:00,318.1477966308594
2019-09-20 11:00:00,319.25640869140625
2019-09-20 11:15:00,310.3880920410156
2019-09-20 11:30:00,320.3648986816406
2019-09-20 11:45:00,315.9307861328125
2019-09-20 12:00:00,218.3802032470703
2019-09-20 12:15:00,168.49639892578125
2019-09-20 12:30:00,209.51199340820312
2019-09-20 12:45:00,267.1554870605469
2019-09-20 13:00:00,300.4114074707031
2019-09-20 13:15:00,288.2174987792969
2019-09-20 13:30:00,294.86871337890625
2019-09-20 13:45:00,298.1943054199219
2019-09-20 14:00:00,310.3880920410156
2019-09-20 14:15:00,284.8919982910156
2019-09-20 14:30:00,312.6051940917969
2019-09-20 14:45:00,307.0625
2019-09-20 15:00:00,315.9307861328125
2019-09-20 15:15:00,311.4967041015625
2019-09-20 15:30:00,315.9307861328125
2019-09-20 15:45:00,328.1246032714844
2019-09-20 16:00:00,328.1246032714844
2019-09-20 16:15:00,328.1246032714844
2019-09-20 16:30:00,325.9075012207031
2019-09-20 16:45:00,344.75250244140625
2019-09-20 17:00:00,301.5198974609375
2019-09-20 17:15:00,280.4577941894531
2019-09-20 17:30:00,231.6826019287109
2019-09-20 17:45:00,193.9925994873047
2019-09-20 18:00:00,148.5428924560547
2019-09-20 18:15:00,85.35669708251953
2019-09-20 18:30:00,70.9458999633789
2019-09-20 18:45:00,121.93820190429688
2019-09-20 19:00:00,141.89169311523438
2019-09-20 19:15:00,136.34910583496094
2019-09-20 19:30:00,135.24049377441406
2019-09-20 19:45:00,135.24049377441406
2019-09-20 20:00:00,128.5894012451172
2019-09-20 20:15:00,124.1552963256836
2019-09-20 20:30:00,124.1552963256836
2019-09-20 20:45:00,111.9614028930664
2019-09-20 21:00:00,103.09320068359376
2019-09-20 21:15:00,68.72879791259766
2019-09-20 21:30:00,64.2947006225586
2019-09-20 21:45:00,62.077598571777344
2019-09-20 22:00:00,59.860599517822266
2019-09-20 22:15:00,62.077598571777344
2019-09-20 22:30:00,62.077598571777344
2019-09-20 22:45:00,62.077598571777344
2019-09-20 23:00:00,57.64350128173828
2019-09-20 23:15:00,54.317901611328125
2019-09-20 23:30:00,58.75199890136719
2019-09-20 23:45:00,56.53499984741211
2019-09-21 00:00:00,53.20940017700195
2019-09-21 00:15:00,52.10089874267578
2019-09-21 00:30:00,42.12409973144531
2019-09-21 00:45:00,42.12409973144531
2019-09-21 01:00:00,23.27910041809082
2019-09-21 01:15:00,19.953500747680664
2019-09-21 01:30:00,9.976799964904783
2019-09-21 01:45:00,8.868200302124023
2019-09-21 02:00:00,7.759699821472168
2019-09-21 02:15:00,8.868200302124023
2019-09-21 02:30:00,8.868200302124023
2019-09-21 02:45:00,8.868200302124023
2019-09-21 03:00:00,8.868200302124023
2019-09-21 03:15:00,6.651199817657471
2019-09-21 03:30:00,7.759699821472168
2019-09-21 03:45:00,8.868200302124023
2019-09-21 04:00:00,6.651199817657471
2019-09-21 04:15:00,8.868200302124023
2019-09-21 04:30:00,6.651199817657471
2019-09-21 04:45:00,7.759699821472168
2019-09-21 05:00:00,6.651199817657471
2019-09-21 05:15:00,7.759699821472168
2019-09-21 05:30:00,6.651199817657471
2019-09-21 05:45:00,8.868200302124023
2019-09-21 06:00:00,6.651199817657471
2019-09-21 06:15:00,11.08530044555664
2019-09-21 06:30:00,11.08530044555664
2019-09-21 06:45:00,8.868200302124023
2019-09-21 07:00:00,6.651199817657471
2019-09-21 07:15:00,11.08530044555664
2019-09-21 07:30:00,45.44969940185547
2019-09-21 07:45:00,96.44200134277344
2019-09-21 08:00:00,143.0001983642578
2019-09-21 08:15:00,167.3878936767578
2019-09-21 08:30:00,254.96170043945312
2019-09-21 08:45:00,280.4577941894531
2019-09-21 09:00:00,287.1090087890625
2019-09-21 09:15:00,298.1943054199219
2019-09-21 09:30:00,313.7137145996094
2019-09-21 09:45:00,308.1711120605469
2019-09-21 10:00:00,279.34930419921875
2019-09-21 10:15:00,325.9075012207031
2019-09-21 10:30:00,324.79901123046875
2019-09-21 10:45:00,333.6672058105469
2019-09-21 11:00:00,323.69049072265625
2019-09-21 11:15:00,328.1246032714844
2019-09-21 11:30:00,323.69049072265625
2019-09-21 11:45:00,314.8222045898437
2019-09-21 12:00:00,247.2019958496093
2019-09-21 12:15:00,151.86849975585938
2019-09-21 12:30:00,161.84519958496094
2019-09-21 12:45:00,236.11669921875
2019-09-21 13:00:00,292.6517028808594
2019-09-21 13:15:00,302.6283874511719
2019-09-21 13:30:00,288.2174987792969
2019-09-21 13:45:00,299.30279541015625
2019-09-21 14:00:00,268.2640075683594
2019-09-21 14:15:00,243.8764038085937
2019-09-21 14:30:00,279.34930419921875
2019-09-21 14:45:00,263.82989501953125
2019-09-21 15:00:00,262.7214050292969
2019-09-21 15:15:00,262.7214050292969
2019-09-21 15:30:00,281.56640625
2019-09-21 15:45:00,295.9772033691406
2019-09-21 16:00:00,294.86871337890625
2019-09-21 16:15:00,290.4346008300781
2019-09-21 16:30:00,271.589599609375
2019-09-21 16:45:00,286.00048828125
2019-09-21 17:00:00,266.0469970703125
2019-09-21 17:15:00,210.62049865722656
2019-09-21 17:30:00,184.0157928466797
2019-09-21 17:45:00,144.10879516601562
2019-09-21 18:00:00,88.68229675292969
2019-09-21 18:15:00,44.34120178222656
2019-09-21 18:30:00,15.519399642944336
2019-09-21 18:45:00,16.627899169921875
2019-09-21 19:00:00,15.519399642944336
2019-09-21 19:15:00,8.868200302124023
2019-09-21 19:30:00,8.868200302124023
2019-09-21 19:45:00,12.19379997253418
2019-09-21 20:00:00,11.08530044555664
2019-09-21 20:15:00,12.19379997253418
2019-09-21 20:30:00,17.736499786376953
2019-09-21 20:45:00,167.6321561144133
2019-09-21 21:00:00,167.6321561144133
2019-09-21 21:15:00,167.6321561144133
2019-09-21 21:30:00,167.6321561144133
2019-09-21 21:45:00,167.6321561144133
2019-09-21 22:00:00,167.6321561144133
2019-09-21 22:15:00,167.6321561144133
2019-09-21 22:30:00,167.6321561144133
2019-09-21 22:45:00,167.6321561144133
2019-09-21 23:00:00,167.6321561144133
2019-09-21 23:15:00,167.6321561144133
2019-09-21 23:30:00,167.6321561144133
2019-09-21 23:45:00,167.6321561144133
2019-09-22 00:00:00,167.6321561144133
2019-09-22 00:15:00,167.6321561144133
2019-09-22 00:30:00,167.6321561144133
2019-09-22 00:45:00,167.6321561144133
2019-09-22 01:00:00,167.6321561144133
2019-09-22 01:15:00,167.6321561144133
2019-09-22 01:30:00,167.6321561144133
2019-09-22 01:45:00,167.6321561144133
2019-09-22 02:00:00,167.6321561144133
2019-09-22 02:15:00,167.6321561144133
2019-09-22 02:30:00,167.6321561144133
2019-09-22 02:45:00,167.6321561144133
2019-09-22 03:00:00,167.6321561144133
2019-09-22 03:15:00,167.6321561144133
2019-09-22 03:30:00,167.6321561144133
2019-09-22 03:45:00,167.6321561144133
2019-09-22 04:00:00,167.6321561144133
2019-09-22 04:15:00,167.6321561144133
2019-09-22 04:30:00,167.6321561144133
2019-09-22 04:45:00,167.6321561144133
2019-09-22 05:00:00,167.6321561144133
2019-09-22 05:15:00,167.6321561144133
2019-09-22 05:30:00,167.6321561144133
2019-09-22 05:45:00,167.6321561144133
2019-09-22 06:00:00,167.6321561144133
2019-09-22 06:15:00,167.6321561144133
2019-09-22 06:30:00,167.6321561144133
2019-09-22 06:45:00,167.6321561144133
2019-09-22 07:00:00,167.6321561144133
2019-09-22 07:15:00,167.6321561144133
2019-09-22 07:30:00,167.6321561144133
2019-09-22 07:45:00,167.6321561144133
2019-09-22 08:00:00,167.6321561144133
2019-09-22 08:15:00,167.6321561144133
2019-09-22 08:30:00,167.6321561144133
2019-09-22 08:45:00,167.6321561144133
2019-09-22 09:00:00,167.6321561144133
2019-09-22 09:15:00,266.0469970703125
2019-09-22 09:30:00,253.8531036376953
2019-09-22 09:45:00,277.1322937011719
2019-09-22 10:00:00,278.2408142089844
2019-09-22 10:15:00,272.6980895996094
2019-09-22 10:30:00,289.3261108398437
2019-09-22 10:45:00,278.2408142089844
2019-09-22 11:00:00,277.1322937011719
2019-09-22 11:15:00,274.9151916503906
2019-09-22 11:30:00,274.9151916503906
2019-09-22 11:45:00,249.41900634765625
2019-09-22 12:00:00,211.72900390625
2019-09-22 12:15:00,121.93820190429688
2019-09-22 12:30:00,133.02349853515625
2019-09-22 12:45:00,182.9073028564453
2019-09-22 13:00:00,225.03140258789065
2019-09-22 13:15:00,257.1787109375
2019-09-22 13:30:00,250.5276031494141
2019-09-22 13:45:00,262.7214050292969
2019-09-22 14:00:00,248.3105010986328
2019-09-22 14:15:00,257.1787109375
2019-09-22 14:30:00,272.6980895996094
2019-09-22 14:45:00,251.63609313964844
2019-09-22 15:00:00,280.4577941894531
2019-09-22 15:15:00,257.1787109375
2019-09-22 15:30:00,248.3105010986328
2019-09-22 15:45:00,248.3105010986328
2019-09-22 16:00:00,271.589599609375
2019-09-22 16:15:00,287.1090087890625
2019-09-22 16:30:00,290.4346008300781
2019-09-22 16:45:00,280.4577941894531
2019-09-22 17:00:00,269.3725891113281
2019-09-22 17:15:00,253.8531036376953
2019-09-22 17:30:00,220.5973052978516
2019-09-22 17:45:00,164.0623016357422
2019-09-22 18:00:00,96.44200134277344
2019-09-22 18:15:00,27.71319961547852
2019-09-22 18:30:00,17.736499786376953
2019-09-22 18:45:00,75.37999725341797
2019-09-22 19:00:00,88.68229675292969
2019-09-22 19:15:00,75.37999725341797
2019-09-22 19:30:00,73.16290283203125
2019-09-22 19:45:00,79.81410217285156
2019-09-22 20:00:00,77.59700012207031
2019-09-22 20:15:00,82.03109741210938
2019-09-22 20:30:00,64.2947006225586
2019-09-22 20:45:00,45.44969940185547
2019-09-22 21:00:00,23.27910041809082
2019-09-22 21:15:00,14.410900115966797
2019-09-22 21:30:00,12.19379997253418
2019-09-22 21:45:00,12.19379997253418
2019-09-22 22:00:00,12.19379997253418
2019-09-22 22:15:00,14.410900115966797
2019-09-22 22:30:00,14.410900115966797
2019-09-22 22:45:00,11.08530044555664
2019-09-22 23:00:00,8.868200302124023
2019-09-22 23:15:00,6.651199817657471
2019-09-22 23:30:00,8.868200302124023
2019-09-22 23:45:00,6.651199817657471
2019-09-23 00:00:00,7.759699821472168
2019-09-23 00:15:00,6.651199817657471
2019-09-23 00:30:00,7.759699821472168
2019-09-23 00:45:00,8.868200302124023
2019-09-23 01:00:00,6.651199817657471
2019-09-23 01:15:00,5.542600154876709
2019-09-23 01:30:00,8.868200302124023
2019-09-23 01:45:00,5.542600154876709
2019-09-23 02:00:00,6.651199817657471
2019-09-23 02:15:00,5.542600154876709
2019-09-23 02:30:00,6.651199817657471
2019-09-23 02:45:00,5.542600154876709
2019-09-23 03:00:00,6.651199817657471
2019-09-23 03:15:00,5.542600154876709
2019-09-23 03:30:00,5.542600154876709
2019-09-23 03:45:00,5.542600154876709
2019-09-23 04:00:00,5.542600154876709
2019-09-23 04:15:00,4.434100151062012
2019-09-23 04:30:00,7.759699821472168
2019-09-23 04:45:00,5.542600154876709
2019-09-23 05:00:00,4.434100151062012
2019-09-23 05:15:00,5.542600154876709
2019-09-23 05:30:00,5.542600154876709
2019-09-23 05:45:00,5.542600154876709
2019-09-23 06:00:00,5.542600154876709
2019-09-23 06:15:00,9.976799964904783
2019-09-23 06:30:00,8.868200302124023
2019-09-23 06:45:00,7.759699821472168
2019-09-23 07:00:00,6.651199817657471
2019-09-23 07:15:00,12.19379997253418
2019-09-23 07:30:00,52.10089874267578
2019-09-23 07:45:00,195.10110473632807
2019-09-23 08:00:00,237.22520446777344
2019-09-23 08:15:00,289.3261108398437
2019-09-23 08:30:00,310.3880920410156
2019-09-23 08:45:00,324.79901123046875
2019-09-23 09:00:00,345.8611145019531
2019-09-23 09:15:00,393.5278015136719
2019-09-23 09:30:00,387.9851989746094
2019-09-23 09:45:00,395.7449035644531
2019-09-23 10:00:00,413.4812927246094
2019-09-23 10:15:00,429.0007019042969
2019-09-23 10:30:00,423.4580993652344
2019-09-23 10:45:00,407.9386901855469
2019-09-23 11:00:00,427.8922119140625
2019-09-23 11:15:00,404.6130981445313
2019-09-23 11:30:00,384.65960693359375
2019-09-23 11:45:00,363.5975036621094
2019-09-23 12:00:00,303.73699951171875
2019-09-23 12:15:00,222.8143005371093
2019-09-23 12:30:00,250.5276031494141
2019-09-23 12:45:00,315.9307861328125
2019-09-23 13:00:00,385.7680969238281
2019-09-23 13:15:00,412.372802734375
2019-09-23 13:30:00,400.1789855957031
2019-09-23 13:45:00,383.5509948730469
2019-09-23 14:00:00,393.5278015136719
2019-09-23 14:15:00,393.5278015136719
2019-09-23 14:30:00,395.7449035644531
2019-09-23 14:45:00,410.15570068359375
2019-09-23 15:00:00,405.7215881347656
2019-09-23 15:15:00,413.4812927246094
2019-09-23 15:30:00,413.4812927246094
2019-09-23 15:45:00,396.8533935546875
2019-09-23 16:00:00,366.923095703125
2019-09-23 16:15:00,383.5509948730469
2019-09-23 16:30:00,391.3106994628906
2019-09-23 16:45:00,399.0704040527344
2019-09-23 17:00:00,395.7449035644531
2019-09-23 17:15:00,420.1325073242188
2019-09-23 17:30:00,399.0704040527344
2019-09-23 17:45:00,324.79901123046875
2019-09-23 18:00:00,291.5430908203125
2019-09-23 18:15:00,295.9772033691406
2019-09-23 18:30:00,313.7137145996094
2019-09-23 18:45:00,317.039306640625
2019-09-23 19:00:00,309.27960205078125
2019-09-23 19:15:00,295.9772033691406
2019-09-23 19:30:00,242.7678985595703
2019-09-23 19:45:00,232.7911071777344
2019-09-23 20:00:00,156.30259704589844
2019-09-23 20:15:00,97.55059814453124
2019-09-23 20:30:00,92.00789642333984
2019-09-23 20:45:00,95.33350372314452
2019-09-23 21:00:00,109.74440002441406
2019-09-23 21:15:00,110.85289764404295
2019-09-23 21:30:00,107.5272979736328
2019-09-23 21:45:00,96.44200134277344
2019-09-23 22:00:00,95.33350372314452
2019-09-23 22:15:00,99.7676010131836
2019-09-23 22:30:00,98.65910339355467
2019-09-23 22:45:00,92.00789642333984
2019-09-23 23:00:00,90.89939880371094
2019-09-23 23:15:00,97.55059814453124
2019-09-23 23:30:00,76.4885025024414
2019-09-23 23:45:00,59.860599517822266
2019-09-24 00:00:00,56.53499984741211
2019-09-24 00:15:00,57.64350128173828
2019-09-24 00:30:00,50.9922981262207
2019-09-24 00:45:00,49.8838005065918
2019-09-24 01:00:00,27.71319961547852
2019-09-24 01:15:00,23.27910041809082
2019-09-24 01:30:00,14.410900115966797
2019-09-24 01:45:00,11.08530044555664
2019-09-24 02:00:00,12.19379997253418
2019-09-24 02:15:00,9.976799964904783
2019-09-24 02:30:00,8.868200302124023
2019-09-24 02:45:00,7.759699821472168
2019-09-24 03:00:00,6.651199817657471
2019-09-24 03:15:00,5.542600154876709
2019-09-24 03:30:00,6.651199817657471
2019-09-24 03:45:00,5.542600154876709
2019-09-24 04:00:00,7.759699821472168
2019-09-24 04:15:00,4.434100151062012
2019-09-24 04:30:00,7.759699821472168
2019-09-24 04:45:00,6.651199817657471
2019-09-24 05:00:00,5.542600154876709
2019-09-24 05:15:00,5.542600154876709
2019-09-24 05:30:00,6.651199817657471
2019-09-24 05:45:00,5.542600154876709
2019-09-24 06:00:00,167.6321561144133
2019-09-24 06:15:00,167.6321561144133
2019-09-24 06:30:00,167.6321561144133
2019-09-24 06:45:00,167.6321561144133
2019-09-24 07:00:00,167.6321561144133
2019-09-24 07:15:00,167.6321561144133
2019-09-24 07:30:00,167.6321561144133
2019-09-24 07:45:00,167.6321561144133
2019-09-24 08:00:00,167.6321561144133
2019-09-24 08:15:00,167.6321561144133
2019-09-24 08:30:00,167.6321561144133
2019-09-24 08:45:00,167.6321561144133
2019-09-24 09:00:00,167.6321561144133
2019-09-24 09:15:00,167.6321561144133
2019-09-24 09:30:00,167.6321561144133
2019-09-24 09:45:00,167.6321561144133
2019-09-24 10:00:00,167.6321561144133
2019-09-24 10:15:00,167.6321561144133
2019-09-24 10:30:00,167.6321561144133
2019-09-24 10:45:00,167.6321561144133
2019-09-24 11:00:00,167.6321561144133
2019-09-24 11:15:00,167.6321561144133
2019-09-24 11:30:00,167.6321561144133
2019-09-24 11:45:00,167.6321561144133
2019-09-24 12:00:00,167.6321561144133
2019-09-24 12:15:00,167.6321561144133
2019-09-24 12:30:00,167.6321561144133
2019-09-24 12:45:00,167.6321561144133
2019-09-24 13:00:00,167.6321561144133
2019-09-24 13:15:00,167.6321561144133
2019-09-24 13:30:00,167.6321561144133
2019-09-24 13:45:00,167.6321561144133
2019-09-24 14:00:00,167.6321561144133
2019-09-24 14:15:00,167.6321561144133
2019-09-24 14:30:00,167.6321561144133
2019-09-24 14:45:00,167.6321561144133
2019-09-24 15:00:00,167.6321561144133
2019-09-24 15:15:00,167.6321561144133
2019-09-24 15:30:00,167.6321561144133
2019-09-24 15:45:00,167.6321561144133
2019-09-24 16:00:00,167.6321561144133
2019-09-24 16:15:00,167.6321561144133
2019-09-24 16:30:00,167.6321561144133
2019-09-24 16:45:00,167.6321561144133
2019-09-24 17:00:00,167.6321561144133
2019-09-24 17:15:00,167.6321561144133
2019-09-24 17:30:00,167.6321561144133
2019-09-24 17:45:00,167.6321561144133
2019-09-24 18:00:00,167.6321561144133
2019-09-24 18:15:00,167.6321561144133
2019-09-24 18:30:00,303.73699951171875
2019-09-24 18:45:00,359.16339111328125
2019-09-24 19:00:00,376.89990234375
2019-09-24 19:15:00,346.9696044921875
2019-09-24 19:30:00,295.9772033691406
2019-09-24 19:45:00,261.61279296875
2019-09-24 20:00:00,180.6902008056641
2019-09-24 20:15:00,157.41110229492188
2019-09-24 20:30:00,161.84519958496094
2019-09-24 20:45:00,113.06999969482422
2019-09-24 21:00:00,103.09320068359376
2019-09-24 21:15:00,109.74440002441406
2019-09-24 21:30:00,117.50409698486328
2019-09-24 21:45:00,86.46530151367188
2019-09-24 22:00:00,97.55059814453124
2019-09-24 22:15:00,96.44200134277344
2019-09-24 22:30:00,97.55059814453124
2019-09-24 22:45:00,86.46530151367188
2019-09-24 23:00:00,67.62030029296875
2019-09-24 23:15:00,63.18619918823242
2019-09-24 23:30:00,57.64350128173828
2019-09-24 23:45:00,57.64350128173828
2019-09-25 00:00:00,58.75199890136719
2019-09-25 00:15:00,56.53499984741211
2019-09-25 00:30:00,48.775299072265625
2019-09-25 00:45:00,44.34120178222656
2019-09-25 01:00:00,33.25590133666992
2019-09-25 01:15:00,23.27910041809082
2019-09-25 01:30:00,18.84499931335449
2019-09-25 01:45:00,8.868200302124023
2019-09-25 02:00:00,8.868200302124023
2019-09-25 02:15:00,5.542600154876709
2019-09-25 02:30:00,5.542600154876709
2019-09-25 02:45:00,5.542600154876709
2019-09-25 03:00:00,5.542600154876709
2019-09-25 03:15:00,6.651199817657471
2019-09-25 03:30:00,5.542600154876709
2019-09-25 03:45:00,5.542600154876709
2019-09-25 04:00:00,4.434100151062012
2019-09-25 04:15:00,7.759699821472168
2019-09-25 04:30:00,5.542600154876709
2019-09-25 04:45:00,4.434100151062012
2019-09-25 05:00:00,5.542600154876709
2019-09-25 05:15:00,5.542600154876709
2019-09-25 05:30:00,6.651199817657471
2019-09-25 05:45:00,5.542600154876709
2019-09-25 06:00:00,5.542600154876709
2019-09-25 06:15:00,6.651199817657471
2019-09-25 06:30:00,11.08530044555664
2019-09-25 06:45:00,8.868200302124023
2019-09-25 07:00:00,8.868200302124023
2019-09-25 07:15:00,8.868200302124023
2019-09-25 07:30:00,49.8838005065918
2019-09-25 07:45:00,174.03909301757812
2019-09-25 08:00:00,187.3414001464844
2019-09-25 08:15:00,207.2949066162109
2019-09-25 08:30:00,247.2019958496093
2019-09-25 08:45:00,289.3261108398437
2019-09-25 09:00:00,317.039306640625
2019-09-25 09:15:00,330.34161376953125
2019-09-25 09:30:00,329.23309326171875
2019-09-25 09:45:00,324.79901123046875
2019-09-25 10:00:00,298.1943054199219
2019-09-25 10:15:00,333.6672058105469
2019-09-25 10:30:00,332.5586853027344
2019-09-25 10:45:00,332.5586853027344
2019-09-25 11:00:00,323.69049072265625
2019-09-25 11:15:00,283.78338623046875
2019-09-25 11:30:00,315.9307861328125
2019-09-25 11:45:00,304.8454895019531
2019-09-25 12:00:00,241.6593017578125
2019-09-25 12:15:00,147.4344024658203
2019-09-25 12:30:00,136.34910583496094
2019-09-25 12:45:00,207.2949066162109
2019-09-25 13:00:00,298.1943054199219
2019-09-25 13:15:00,295.9772033691406
2019-09-25 13:30:00,331.4501953125
2019-09-25 13:45:00,335.8843078613281
2019-09-25 14:00:00,324.79901123046875
2019-09-25 14:15:00,317.039306640625
2019-09-25 14:30:00,330.34161376953125
2019-09-25 14:45:00,325.9075012207031
2019-09-25 15:00:00,331.4501953125
2019-09-25 15:15:00,345.8611145019531
2019-09-25 15:30:00,360.2719116210937
2019-09-25 15:45:00,342.5354919433594
2019-09-25 16:00:00,343.6440124511719
2019-09-25 16:15:00,351.4036865234375
2019-09-25 16:30:00,348.0780944824219
2019-09-25 16:45:00,338.1014099121094
2019-09-25 17:00:00,360.2719116210937
2019-09-25 17:15:00,351.4036865234375
2019-09-25 17:30:00,334.7757873535156
2019-09-25 17:45:00,286.00048828125
2019-09-25 18:00:00,290.4346008300781
2019-09-25 18:15:00,301.5198974609375
2019-09-25 18:30:00,294.86871337890625
2019-09-25 18:45:00,280.4577941894531
2019-09-25 19:00:00,272.6980895996094
2019-09-25 19:15:00,239.4423065185547
2019-09-25 19:30:00,206.1864013671875
2019-09-25 19:45:00,181.79879760742188
2019-09-25 20:00:00,123.04669952392578
2019-09-25 20:15:00,47.66669845581055
2019-09-25 20:30:00,50.9922981262207
2019-09-25 20:45:00,55.42649841308594
2019-09-25 21:00:00,41.01559829711914
2019-09-25 21:15:00,35.472900390625
2019-09-25 21:30:00,33.25590133666992
2019-09-25 21:45:00,46.55820083618164
2019-09-25 22:00:00,45.44969940185547
2019-09-25 22:15:00,41.01559829711914
2019-09-25 22:30:00,44.34120178222656
2019-09-25 22:45:00,41.01559829711914
2019-09-25 23:00:00,47.66669845581055
2019-09-25 23:15:00,28.8218002319336
2019-09-25 23:30:00,14.410900115966797
2019-09-25 23:45:00,13.302300453186035
2019-09-26 00:00:00,13.302300453186035
2019-09-26 00:15:00,9.976799964904783
2019-09-26 00:30:00,11.08530044555664
2019-09-26 00:45:00,12.19379997253418
2019-09-26 01:00:00,8.868200302124023
2019-09-26 01:15:00,8.868200302124023
2019-09-26 01:30:00,11.08530044555664
2019-09-26 01:45:00,8.868200302124023
2019-09-26 02:00:00,4.434100151062012
2019-09-26 02:15:00,5.542600154876709
2019-09-26 02:30:00,7.759699821472168
2019-09-26 02:45:00,6.651199817657471
2019-09-26 03:00:00,5.542600154876709
2019-09-26 03:15:00,5.542600154876709
2019-09-26 03:30:00,4.434100151062012
2019-09-26 03:45:00,7.759699821472168
2019-09-26 04:00:00,5.542600154876709
2019-09-26 04:15:00,6.651199817657471
2019-09-26 04:30:00,5.542600154876709
2019-09-26 04:45:00,5.542600154876709
2019-09-26 05:00:00,6.651199817657471
2019-09-26 05:15:00,5.542600154876709
2019-09-26 05:30:00,5.542600154876709
2019-09-26 05:45:00,8.868200302124023
2019-09-26 06:00:00,6.651199817657471
2019-09-26 06:15:00,8.868200302124023
2019-09-26 06:30:00,11.08530044555664
2019-09-26 06:45:00,12.19379997253418
2019-09-26 07:00:00,8.868200302124023
2019-09-26 07:15:00,8.868200302124023
2019-09-26 07:30:00,44.34120178222656
2019-09-26 07:45:00,189.5585021972656
2019-09-26 08:00:00,237.22520446777344
2019-09-26 08:15:00,271.589599609375
2019-09-26 08:30:00,319.25640869140625
2019-09-26 08:45:00,358.0549011230469
2019-09-26 09:00:00,386.8765869140625
2019-09-26 09:15:00,372.4657897949219
2019-09-26 09:30:00,389.09368896484375
2019-09-26 09:45:00,394.6362915039063
2019-09-26 10:00:00,430.10931396484375
2019-09-26 10:15:00,396.8533935546875
2019-09-26 10:30:00,405.7215881347656
2019-09-26 10:45:00,389.09368896484375
2019-09-26 11:00:00,379.1169128417969
2019-09-26 11:15:00,413.4812927246094
2019-09-26 11:30:00,393.5278015136719
2019-09-26 11:45:00,360.2719116210937
2019-09-26 12:00:00,299.30279541015625
2019-09-26 12:15:00,221.705795288086
2019-09-26 12:30:00,208.40350341796875
2019-09-26 12:45:00,301.5198974609375
2019-09-26 13:00:00,382.4425048828125
2019-09-26 13:15:00,393.5278015136719
2019-09-26 13:30:00,394.6362915039063
2019-09-26 13:45:00,370.2486877441406
2019-09-26 14:00:00,381.3340148925781
2019-09-26 14:15:00,374.6828002929688
2019-09-26 14:30:00,364.70599365234375
2019-09-26 14:45:00,386.8765869140625
2019-09-26 15:00:00,365.8146057128906
2019-09-26 15:15:00,385.7680969238281
2019-09-26 15:30:00,392.4193115234375
2019-09-26 15:45:00,384.65960693359375
2019-09-26 16:00:00,410.15570068359375
2019-09-26 16:15:00,381.3340148925781
2019-09-26 16:30:00,379.1169128417969
2019-09-26 16:45:00,384.65960693359375
2019-09-26 17:00:00,425.6751098632813
2019-09-26 17:15:00,406.8302001953125
2019-09-26 17:30:00,379.1169128417969
2019-09-26 17:45:00,349.1866149902344
2019-09-26 18:00:00,351.4036865234375
2019-09-26 18:15:00,327.01611328125
2019-09-26 18:30:00,302.6283874511719
2019-09-26 18:45:00,324.79901123046875
2019-09-26 19:00:00,281.56640625
2019-09-26 19:15:00,291.5430908203125
2019-09-26 19:30:00,266.0469970703125
2019-09-26 19:45:00,248.3105010986328
2019-09-26 20:00:00,228.35699462890625
2019-09-26 20:15:00,161.84519958496094
2019-09-26 20:30:00,127.48079681396484
2019-09-26 20:45:00,104.20169830322266
2019-09-26 21:00:00,88.68229675292969
2019-09-26 21:15:00,106.4188003540039
2019-09-26 21:30:00,103.09320068359376
2019-09-26 21:45:00,105.310302734375
2019-09-26 22:00:00,100.8760986328125
2019-09-26 22:15:00,103.09320068359376
2019-09-26 22:30:00,106.4188003540039
2019-09-26 22:45:00,100.8760986328125
2019-09-26 23:00:00,94.2249984741211
2019-09-26 23:15:00,100.8760986328125
2019-09-26 23:30:00,98.65910339355467
2019-09-26 23:45:00,66.51170349121094
2019-09-27 00:00:00,54.317901611328125
2019-09-27 00:15:00,49.8838005065918
2019-09-27 00:30:00,46.55820083618164
2019-09-27 00:45:00,39.90700149536133
2019-09-27 01:00:00,23.27910041809082
2019-09-27 01:15:00,16.627899169921875
2019-09-27 01:30:00,8.868200302124023
2019-09-27 01:45:00,8.868200302124023
2019-09-27 02:00:00,4.434100151062012
2019-09-27 02:15:00,7.759699821472168
2019-09-27 02:30:00,6.651199817657471
2019-09-27 02:45:00,5.542600154876709
2019-09-27 03:00:00,5.542600154876709
2019-09-27 03:15:00,6.651199817657471
2019-09-27 03:30:00,5.542600154876709
2019-09-27 03:45:00,5.542600154876709
2019-09-27 04:00:00,6.651199817657471
2019-09-27 04:15:00,7.759699821472168
2019-09-27 04:30:00,6.651199817657471
2019-09-27 04:45:00,5.542600154876709
2019-09-27 05:00:00,6.651199817657471
2019-09-27 05:15:00,5.542600154876709
2019-09-27 05:30:00,5.542600154876709
2019-09-27 05:45:00,6.651199817657471
2019-09-27 06:00:00,7.759699821472168
2019-09-27 06:15:00,6.651199817657471
2019-09-27 06:30:00,12.19379997253418
2019-09-27 06:45:00,8.868200302124023
2019-09-27 07:00:00,7.759699821472168
2019-09-27 07:15:00,9.976799964904783
2019-09-27 07:30:00,43.23260116577149
2019-09-27 07:45:00,181.79879760742188
2019-09-27 08:00:00,250.5276031494141
2019-09-27 08:15:00,271.589599609375
2019-09-27 08:30:00,322.5819091796875
2019-09-27 08:45:00,375.7912902832031
2019-09-27 09:00:00,383.5509948730469
2019-09-27 09:15:00,402.39599609375
2019-09-27 09:30:00,399.0704040527344
2019-09-27 09:45:00,401.2875061035156
2019-09-27 10:00:00,438.9775085449219
2019-09-27 10:15:00,424.5665893554688
2019-09-27 10:30:00,422.349609375
2019-09-27 10:45:00,417.9154052734375
2019-09-27 11:00:00,383.5509948730469
2019-09-27 11:15:00,386.8765869140625
2019-09-27 11:30:00,376.89990234375
2019-09-27 11:45:00,359.16339111328125
2019-09-27 12:00:00,292.6517028808594
2019-09-27 12:15:00,190.66700744628903
2019-09-27 12:30:00,195.10110473632807
2019-09-27 12:45:00,274.9151916503906
2019-09-27 13:00:00,341.4269104003906
2019-09-27 13:15:00,368.0315856933594
2019-09-27 13:30:00,378.0083923339844
2019-09-27 13:45:00,360.2719116210937
2019-09-27 14:00:00,390.20220947265625
2019-09-27 14:15:00,395.7449035644531
2019-09-27 14:30:00,395.7449035644531
2019-09-27 14:45:00,385.7680969238281
2019-09-27 15:00:00,401.2875061035156
2019-09-27 15:15:00,392.4193115234375
2019-09-27 15:30:00,385.7680969238281
2019-09-27 15:45:00,376.89990234375
2019-09-27 16:00:00,402.39599609375
2019-09-27 16:15:00,402.39599609375
2019-09-27 16:30:00,410.15570068359375
2019-09-27 16:45:00,370.2486877441406
2019-09-27 17:00:00,405.7215881347656
2019-09-27 17:15:00,403.5046081542969
2019-09-27 17:30:00,402.39599609375
2019-09-27 17:45:00,361.3804931640625
2019-09-27 18:00:00,336.9927978515625
2019-09-27 18:15:00,345.8611145019531
2019-09-27 18:30:00,348.0780944824219
2019-09-27 18:45:00,373.5743103027344
2019-09-27 19:00:00,356.9462890625
2019-09-27 19:15:00,308.1711120605469
2019-09-27 19:30:00,289.3261108398437
2019-09-27 19:45:00,239.4423065185547
2019-09-27 20:00:00,197.3182067871093
2019-09-27 20:15:00,141.89169311523438
2019-09-27 20:30:00,145.21730041503906
2019-09-27 20:45:00,109.74440002441406
2019-09-27 21:00:00,97.55059814453124
2019-09-27 21:15:00,106.4188003540039
2019-09-27 21:30:00,108.63580322265624
2019-09-27 21:45:00,104.20169830322266
2019-09-27 22:00:00,97.55059814453124
2019-09-27 22:15:00,108.63580322265624
2019-09-27 22:30:00,104.20169830322266
2019-09-27 22:45:00,96.44200134277344
2019-09-27 23:00:00,97.55059814453124
2019-09-27 23:15:00,84.24819946289062
2019-09-27 23:30:00,60.96910095214844
2019-09-27 23:45:00,59.860599517822266
2019-09-28 00:00:00,60.96910095214844
2019-09-28 00:15:00,54.317901611328125
2019-09-28 00:30:00,52.10089874267578
2019-09-28 00:45:00,44.34120178222656
2019-09-28 01:00:00,31.038799285888672
2019-09-28 01:15:00,23.27910041809082
2019-09-28 01:30:00,17.736499786376953
2019-09-28 01:45:00,11.08530044555664
2019-09-28 02:00:00,8.868200302124023
2019-09-28 02:15:00,8.868200302124023
2019-09-28 02:30:00,6.651199817657471
2019-09-28 02:45:00,7.759699821472168
2019-09-28 03:00:00,6.651199817657471
2019-09-28 03:15:00,5.542600154876709
2019-09-28 03:30:00,6.651199817657471
2019-09-28 03:45:00,5.542600154876709
2019-09-28 04:00:00,6.651199817657471
2019-09-28 04:15:00,7.759699821472168
2019-09-28 04:30:00,5.542600154876709
2019-09-28 04:45:00,6.651199817657471
2019-09-28 05:00:00,5.542600154876709
2019-09-28 05:15:00,6.651199817657471
2019-09-28 05:30:00,7.759699821472168
2019-09-28 05:45:00,6.651199817657471
2019-09-28 06:00:00,6.651199817657471
2019-09-28 06:15:00,8.868200302124023
2019-09-28 06:30:00,13.302300453186035
2019-09-28 06:45:00,8.868200302124023
2019-09-28 07:00:00,6.651199817657471
2019-09-28 07:15:00,11.08530044555664
2019-09-28 07:30:00,36.58150100708008
2019-09-28 07:45:00,150.75990295410156
2019-09-28 08:00:00,195.10110473632807
2019-09-28 08:15:00,244.98489379882807
2019-09-28 08:30:00,281.56640625
2019-09-28 08:45:00,353.62078857421875
2019-09-28 09:00:00,405.7215881347656
2019-09-28 09:15:00,433.434814453125
2019-09-28 09:30:00,412.372802734375
2019-09-28 09:45:00,431.2178039550781
2019-09-28 10:00:00,425.6751098632813
2019-09-28 10:15:00,406.8302001953125
2019-09-28 10:30:00,204.02706909179688
2019-09-28 10:45:00,429.0007019042969
2019-09-28 11:00:00,402.39599609375
2019-09-28 11:15:00,381.3340148925781
2019-09-28 11:30:00,395.7449035644531
2019-09-28 11:45:00,378.0083923339844
2019-09-28 12:00:00,293.7601928710937
2019-09-28 12:15:00,220.5973052978516
2019-09-28 12:30:00,262.7214050292969
2019-09-28 12:45:00,340.3183898925781
2019-09-28 13:00:00,414.58990478515625
2019-09-28 13:15:00,406.8302001953125
2019-09-28 13:30:00,423.4580993652344
2019-09-28 13:45:00,414.58990478515625
2019-09-28 14:00:00,385.7680969238281
2019-09-28 14:15:00,405.7215881347656
2019-09-28 14:30:00,393.5278015136719
2019-09-28 14:45:00,369.1401977539063
2019-09-28 15:00:00,345.8611145019531
2019-09-28 15:15:00,372.4657897949219
2019-09-28 15:30:00,379.1169128417969
2019-09-28 15:45:00,371.3572082519531
2019-09-28 16:00:00,395.7449035644531
2019-09-28 16:15:00,396.8533935546875
2019-09-28 16:30:00,423.4580993652344
2019-09-28 16:45:00,425.6751098632813
2019-09-28 17:00:00,205.8521423339844
2019-09-28 17:15:00,425.6751098632813
2019-09-28 17:30:00,387.9851989746094
2019-09-28 17:45:00,260.5043029785156
2019-09-28 18:00:00,211.72900390625
2019-09-28 18:15:00,205.0778961181641
2019-09-28 18:30:00,200.643798828125
2019-09-28 18:45:00,189.5585021972656
2019-09-28 19:00:00,176.256103515625
2019-09-28 19:15:00,174.03909301757812
2019-09-28 19:30:00,160.7366943359375
2019-09-28 19:45:00,149.65139770507812
2019-09-28 20:00:00,145.21730041503906
2019-09-28 20:15:00,141.89169311523438
2019-09-28 20:30:00,130.806396484375
2019-09-28 20:45:00,140.783203125
2019-09-28 21:00:00,148.5428924560547
2019-09-28 21:15:00,121.93820190429688
2019-09-28 21:30:00,88.68229675292969
2019-09-28 21:45:00,75.37999725341797
2019-09-28 22:00:00,74.27140045166016
2019-09-28 22:15:00,68.72879791259766
2019-09-28 22:30:00,65.4031982421875
2019-09-28 22:45:00,66.51170349121094
2019-09-28 23:00:00,66.51170349121094
2019-09-28 23:15:00,62.077598571777344
2019-09-28 23:30:00,60.96910095214844
2019-09-28 23:45:00,59.860599517822266
2019-09-29 00:00:00,60.96910095214844
2019-09-29 00:15:00,56.53499984741211
2019-09-29 00:30:00,53.20940017700195
2019-09-29 00:45:00,44.34120178222656
2019-09-29 01:00:00,33.25590133666992
2019-09-29 01:15:00,19.953500747680664
2019-09-29 01:30:00,17.736499786376953
2019-09-29 01:45:00,8.868200302124023
2019-09-29 02:00:00,8.868200302124023
2019-09-29 02:15:00,6.651199817657471
2019-09-29 02:30:00,8.868200302124023
2019-09-29 02:45:00,8.868200302124023
2019-09-29 03:00:00,7.759699821472168
2019-09-29 03:15:00,6.651199817657471
2019-09-29 03:30:00,8.868200302124023
2019-09-29 03:45:00,6.651199817657471
2019-09-29 04:00:00,8.868200302124023
2019-09-29 04:15:00,8.868200302124023
2019-09-29 04:30:00,5.542600154876709
2019-09-29 04:45:00,7.759699821472168
2019-09-29 05:00:00,6.651199817657471
2019-09-29 05:15:00,6.651199817657471
2019-09-29 05:30:00,7.759699821472168
2019-09-29 05:45:00,6.651199817657471
2019-09-29 06:00:00,7.759699821472168
2019-09-29 06:15:00,8.868200302124023
2019-09-29 06:30:00,9.976799964904783
2019-09-29 06:45:00,12.19379997253418
2019-09-29 07:00:00,11.08530044555664
2019-09-29 07:15:00,11.08530044555664
2019-09-29 07:30:00,44.34120178222656
2019-09-29 07:45:00,93.11640167236328
2019-09-29 08:00:00,120.82969665527344
2019-09-29 08:15:00,225.03140258789065
2019-09-29 08:30:00,277.1322937011719
2019-09-29 08:45:00,303.73699951171875
2019-09-29 09:00:00,329.23309326171875
2019-09-29 09:15:00,431.2178039550781
2019-09-29 09:30:00,429.0007019042969
2019-09-29 09:45:00,422.349609375
2019-09-29 10:00:00,437.8689880371094
2019-09-29 10:15:00,422.349609375
2019-09-29 10:30:00,405.7215881347656
2019-09-29 10:45:00,412.372802734375
2019-09-29 11:00:00,429.0007019042969
2019-09-29 11:15:00,407.9386901855469
2019-09-29 11:30:00,416.806884765625
2019-09-29 11:45:00,346.9696044921875
2019-09-29 12:00:00,328.1246032714844
2019-09-29 12:15:00,212.8376007080078
2019-09-29 12:30:00,209.51199340820312
2019-09-29 12:45:00,271.589599609375
2019-09-29 13:00:00,381.3340148925781
2019-09-29 13:15:00,407.9386901855469
2019-09-29 13:30:00,407.9386901855469
2019-09-29 13:45:00,396.8533935546875
2019-09-29 14:00:00,386.8765869140625
2019-09-29 14:15:00,378.0083923339844
2019-09-29 14:30:00,369.1401977539063
2019-09-29 14:45:00,381.3340148925781
2019-09-29 15:00:00,396.8533935546875
2019-09-29 15:15:00,402.39599609375
2019-09-29 15:30:00,397.9619140625
2019-09-29 15:45:00,387.9851989746094
2019-09-29 16:00:00,402.39599609375
2019-09-29 16:15:00,374.6828002929688
2019-09-29 16:30:00,390.20220947265625
2019-09-29 16:45:00,395.7449035644531
2019-09-29 17:00:00,405.7215881347656
2019-09-29 17:15:00,413.4812927246094
2019-09-29 17:30:00,340.3183898925781
2019-09-29 17:45:00,283.78338623046875
2019-09-29 18:00:00,242.7678985595703
2019-09-29 18:15:00,165.17080688476562
2019-09-29 18:30:00,156.30259704589844
2019-09-29 18:45:00,203.96929931640625
2019-09-29 19:00:00,203.96929931640625
2019-09-29 19:15:00,198.4266967773437
2019-09-29 19:30:00,185.12429809570312
2019-09-29 19:45:00,168.49639892578125
2019-09-29 20:00:00,154.0854949951172
2019-09-29 20:15:00,150.75990295410156
2019-09-29 20:30:00,143.0001983642578
2019-09-29 20:45:00,129.69790649414062
2019-09-29 21:00:00,108.63580322265624
2019-09-29 21:15:00,111.9614028930664
2019-09-29 21:30:00,95.33350372314452
2019-09-29 21:45:00,85.35669708251953
2019-09-29 22:00:00,95.33350372314452
2019-09-29 22:15:00,103.09320068359376
2019-09-29 22:30:00,103.09320068359376
2019-09-29 22:45:00,94.2249984741211
2019-09-29 23:00:00,97.55059814453124
2019-09-29 23:15:00,95.33350372314452
2019-09-29 23:30:00,90.89939880371094
2019-09-29 23:45:00,89.79090118408203
2019-09-30 00:00:00,94.2249984741211
2019-09-30 00:15:00,86.46530151367188
2019-09-30 00:30:00,78.70559692382812
2019-09-30 00:45:00,76.4885025024414
2019-09-30 01:00:00,68.72879791259766
2019-09-30 01:15:00,41.01559829711914
2019-09-30 01:30:00,17.736499786376953
2019-09-30 01:45:00,9.976799964904783
2019-09-30 02:00:00,14.410900115966797
2019-09-30 02:15:00,11.08530044555664
2019-09-30 02:30:00,9.976799964904783
2019-09-30 02:45:00,11.08530044555664
2019-09-30 03:00:00,11.08530044555664
2019-09-30 03:15:00,9.976799964904783
2019-09-30 03:30:00,7.759699821472168
2019-09-30 03:45:00,8.868200302124023
2019-09-30 04:00:00,4.434100151062012
2019-09-30 04:15:00,8.868200302124023
2019-09-30 04:30:00,7.759699821472168
2019-09-30 04:45:00,6.651199817657471
2019-09-30 05:00:00,7.759699821472168
2019-09-30 05:15:00,6.651199817657471
2019-09-30 05:30:00,6.651199817657471
2019-09-30 05:45:00,7.759699821472168
2019-09-30 06:00:00,8.868200302124023
2019-09-30 06:15:00,12.19379997253418
2019-09-30 06:30:00,11.08530044555664
2019-09-30 06:45:00,8.868200302124023
2019-09-30 07:00:00,8.868200302124023
2019-09-30 07:15:00,6.651199817657471
2019-09-30 07:30:00,41.01559829711914
2019-09-30 07:45:00,98.65910339355467
2019-09-30 08:00:00,140.783203125
2019-09-30 08:15:00,198.4266967773437
2019-09-30 08:30:00,260.5043029785156
2019-09-30 08:45:00,282.6748962402344
2019-09-30 09:00:00,308.1711120605469
2019-09-30 09:15:00,289.3261108398437
2019-09-30 09:30:00,331.4501953125
2019-09-30 09:45:00,313.7137145996094
2019-09-30 10:00:00,333.6672058105469
2019-09-30 10:15:00,324.79901123046875
2019-09-30 10:30:00,324.79901123046875
2019-09-30 10:45:00,319.25640869140625
2019-09-30 11:00:00,323.69049072265625
2019-09-30 11:15:00,294.86871337890625
2019-09-30 11:30:00,313.7137145996094
2019-09-30 11:45:00,318.1477966308594
2019-09-30 12:00:00,249.41900634765625
2019-09-30 12:15:00,145.21730041503906
2019-09-30 12:30:00,159.62820434570312
2019-09-30 12:45:00,229.4654998779297
2019-09-30 13:00:00,254.96170043945312
2019-09-30 13:15:00,310.3880920410156
2019-09-30 13:30:00,312.6051940917969
2019-09-30 13:45:00,322.5819091796875
2019-09-30 14:00:00,303.73699951171875
2019-09-30 14:15:00,228.35699462890625
2019-09-30 14:30:00,207.2949066162109
2019-09-30 14:45:00,202.8607940673828
2019-09-30 15:00:00,180.6902008056641
2019-09-30 15:15:00,160.7366943359375
2019-09-30 15:30:00,158.5196990966797
2019-09-30 15:45:00,148.5428924560547
2019-09-30 16:00:00,144.10879516601562
2019-09-30 16:15:00,143.0001983642578
2019-09-30 16:30:00,141.89169311523438
2019-09-30 16:45:00,147.4344024658203
2019-09-30 17:00:00,145.21730041503906
2019-09-30 17:15:00,137.4575958251953
2019-09-30 17:30:00,107.5272979736328
2019-09-30 17:45:00,76.4885025024414
2019-09-30 18:00:00,62.077598571777344
2019-09-30 18:15:00,53.20940017700195
2019-09-30 18:30:00,55.42649841308594
2019-09-30 18:45:00,44.34120178222656
2019-09-30 19:00:00,31.038799285888672
2019-09-30 19:15:00,17.736499786376953
2019-09-30 19:30:00,16.627899169921875
2019-09-30 19:45:00,12.19379997253418
2019-09-30 20:00:00,11.08530044555664
2019-09-30 20:15:00,6.651199817657471
2019-09-30 20:30:00,6.651199817657471
2019-09-30 20:45:00,7.759699821472168
2019-09-30 21:00:00,8.868200302124023
2019-09-30 21:15:00,5.542600154876709
2019-09-30 21:30:00,6.651199817657471
2019-09-30 21:45:00,6.651199817657471
2019-09-30 22:00:00,7.759699821472168
2019-09-30 22:15:00,8.868200302124023
2019-09-30 22:30:00,8.868200302124023
2019-09-30 22:45:00,6.651199817657471
2019-09-30 23:00:00,8.868200302124023
2019-09-30 23:15:00,11.08530044555664
2019-09-30 23:30:00,8.868200302124023
2019-09-30 23:45:00,6.651199817657471
2019-10-01 00:00:00,7.759699821472168
2019-10-01 00:15:00,8.868200302124023
2019-10-01 00:30:00,9.976799964904783
2019-10-01 00:45:00,8.868200302124023
2019-10-01 01:00:00,167.6321561144133
2019-10-01 01:15:00,167.6321561144133
2019-10-01 01:30:00,167.6321561144133
2019-10-01 01:45:00,167.6321561144133
2019-10-01 02:00:00,167.6321561144133
2019-10-01 02:15:00,167.6321561144133
2019-10-01 02:30:00,167.6321561144133
2019-10-01 02:45:00,167.6321561144133
2019-10-01 03:00:00,167.6321561144133
2019-10-01 03:15:00,167.6321561144133
2019-10-01 03:30:00,167.6321561144133
2019-10-01 03:45:00,167.6321561144133
2019-10-01 04:00:00,167.6321561144133
2019-10-01 04:15:00,167.6321561144133
2019-10-01 04:30:00,167.6321561144133
2019-10-01 04:45:00,167.6321561144133
2019-10-01 05:00:00,167.6321561144133
2019-10-01 05:15:00,167.6321561144133
2019-10-01 05:30:00,167.6321561144133
2019-10-01 05:45:00,167.6321561144133
2019-10-01 06:00:00,167.6321561144133
2019-10-01 06:15:00,167.6321561144133
2019-10-01 06:30:00,167.6321561144133
2019-10-01 06:45:00,167.6321561144133
2019-10-01 07:00:00,167.6321561144133
2019-10-01 07:15:00,167.6321561144133
2019-10-01 07:30:00,167.6321561144133
2019-10-01 07:45:00,167.6321561144133
2019-10-01 08:00:00,167.6321561144133
2019-10-01 08:15:00,167.6321561144133
2019-10-01 08:30:00,167.6321561144133
2019-10-01 08:45:00,167.6321561144133
2019-10-01 09:00:00,167.6321561144133
2019-10-01 09:15:00,167.6321561144133
2019-10-01 09:30:00,167.6321561144133
2019-10-01 09:45:00,167.6321561144133
2019-10-01 10:00:00,167.6321561144133
2019-10-01 10:15:00,167.6321561144133
2019-10-01 10:30:00,167.6321561144133
2019-10-01 10:45:00,167.6321561144133
2019-10-01 11:00:00,167.6321561144133
2019-10-01 11:15:00,167.6321561144133
2019-10-01 11:30:00,167.6321561144133
2019-10-01 11:45:00,167.6321561144133
2019-10-01 12:00:00,167.6321561144133
2019-10-01 12:15:00,167.6321561144133
2019-10-01 12:30:00,167.6321561144133
2019-10-01 12:45:00,167.6321561144133
2019-10-01 13:00:00,167.6321561144133
2019-10-01 13:15:00,167.6321561144133
2019-10-01 13:30:00,8.868200302124023
2019-10-01 13:45:00,6.651199817657471
2019-10-01 14:00:00,8.868200302124023
2019-10-01 14:15:00,7.759699821472168
2019-10-01 14:30:00,8.868200302124023
2019-10-01 14:45:00,8.868200302124023
2019-10-01 15:00:00,6.651199817657471
2019-10-01 15:15:00,8.868200302124023
2019-10-01 15:30:00,12.19379997253418
2019-10-01 15:45:00,11.08530044555664
2019-10-01 16:00:00,17.736499786376953
2019-10-01 16:15:00,12.19379997253418
2019-10-01 16:30:00,11.08530044555664
2019-10-01 16:45:00,8.868200302124023
2019-10-01 17:00:00,8.868200302124023
2019-10-01 17:15:00,6.651199817657471
2019-10-01 17:30:00,8.868200302124023
2019-10-01 17:45:00,6.651199817657471
2019-10-01 18:00:00,8.868200302124023
2019-10-01 18:15:00,7.759699821472168
2019-10-01 18:30:00,6.651199817657471
2019-10-01 18:45:00,7.759699821472168
2019-10-01 19:00:00,8.868200302124023
2019-10-01 19:15:00,6.651199817657471
2019-10-01 19:30:00,6.651199817657471
2019-10-01 19:45:00,7.759699821472168
2019-10-01 20:00:00,5.542600154876709
2019-10-01 20:15:00,6.651199817657471
2019-10-01 20:30:00,6.651199817657471
2019-10-01 20:45:00,7.759699821472168
2019-10-01 21:00:00,6.651199817657471
2019-10-01 21:15:00,8.868200302124023
2019-10-01 21:30:00,7.759699821472168
2019-10-01 21:45:00,6.651199817657471
2019-10-01 22:00:00,8.868200302124023
2019-10-01 22:15:00,6.651199817657471
2019-10-01 22:30:00,7.759699821472168
2019-10-01 22:45:00,6.651199817657471
2019-10-01 23:00:00,7.759699821472168
2019-10-01 23:15:00,6.651199817657471
2019-10-01 23:30:00,6.651199817657471
2019-10-01 23:45:00,7.759699821472168
2019-10-02 00:00:00,6.651199817657471
2019-10-02 00:15:00,8.868200302124023
2019-10-02 00:30:00,7.759699821472168
2019-10-02 00:45:00,8.868200302124023
2019-10-02 01:00:00,6.651199817657471
2019-10-02 01:15:00,8.868200302124023
2019-10-02 01:30:00,5.542600154876709
2019-10-02 01:45:00,8.868200302124023
2019-10-02 02:00:00,6.651199817657471
2019-10-02 02:15:00,11.08530044555664
2019-10-02 02:30:00,8.868200302124023
2019-10-02 02:45:00,6.651199817657471
2019-10-02 03:00:00,5.542600154876709
2019-10-02 03:15:00,6.651199817657471
2019-10-02 03:30:00,7.759699821472168
2019-10-02 03:45:00,6.651199817657471
2019-10-02 04:00:00,7.759699821472168
2019-10-02 04:15:00,4.434100151062012
2019-10-02 04:30:00,7.759699821472168
2019-10-02 04:45:00,5.542600154876709
2019-10-02 05:00:00,6.651199817657471
2019-10-02 05:15:00,5.542600154876709
2019-10-02 05:30:00,5.542600154876709
2019-10-02 05:45:00,6.651199817657471
2019-10-02 06:00:00,5.542600154876709
2019-10-02 06:15:00,6.651199817657471
2019-10-02 06:30:00,8.868200302124023
2019-10-02 06:45:00,5.542600154876709
2019-10-02 07:00:00,6.651199817657471
2019-10-02 07:15:00,7.759699821472168
2019-10-02 07:30:00,41.01559829711914
2019-10-02 07:45:00,56.53499984741211
2019-10-02 08:00:00,62.077598571777344
2019-10-02 08:15:00,63.18619918823242
2019-10-02 08:30:00,60.96910095214844
2019-10-02 08:45:00,59.860599517822266
2019-10-02 09:00:00,62.077598571777344
2019-10-02 09:15:00,64.2947006225586
2019-10-02 09:30:00,59.860599517822266
2019-10-02 09:45:00,56.53499984741211
2019-10-02 10:00:00,62.077598571777344
2019-10-02 10:15:00,58.75199890136719
2019-10-02 10:30:00,64.2947006225586
2019-10-02 10:45:00,54.317901611328125
2019-10-02 11:00:00,67.62030029296875
2019-10-02 11:15:00,58.75199890136719
2019-10-02 11:30:00,62.077598571777344
2019-10-02 11:45:00,64.2947006225586
2019-10-02 12:00:00,50.9922981262207
2019-10-02 12:15:00,12.19379997253418
2019-10-02 12:30:00,12.19379997253418
2019-10-02 12:45:00,8.868200302124023
2019-10-02 13:00:00,53.20940017700195
2019-10-02 13:15:00,57.64350128173828
2019-10-02 13:30:00,47.66669845581055
2019-10-02 13:45:00,38.79850006103516
2019-10-02 14:00:00,46.55820083618164
2019-10-02 14:15:00,48.775299072265625
2019-10-02 14:30:00,48.775299072265625
2019-10-02 14:45:00,53.20940017700195
2019-10-02 15:00:00,53.20940017700195
2019-10-02 15:15:00,50.9922981262207
2019-10-02 15:30:00,46.55820083618164
2019-10-02 15:45:00,44.34120178222656
2019-10-02 16:00:00,50.9922981262207
2019-10-02 16:15:00,50.9922981262207
2019-10-02 16:30:00,57.64350128173828
2019-10-02 16:45:00,56.53499984741211
2019-10-02 17:00:00,56.53499984741211
2019-10-02 17:15:00,55.42649841308594
2019-10-02 17:30:00,57.64350128173828
2019-10-02 17:45:00,55.42649841308594
2019-10-02 18:00:00,42.12409973144531
2019-10-02 18:15:00,13.302300453186035
2019-10-02 18:30:00,12.19379997253418
2019-10-02 18:45:00,15.519399642944336
2019-10-02 19:00:00,14.410900115966797
2019-10-02 19:15:00,15.519399642944336
2019-10-02 19:30:00,13.302300453186035
2019-10-02 19:45:00,8.868200302124023
2019-10-02 20:00:00,8.868200302124023
2019-10-02 20:15:00,8.868200302124023
2019-10-02 20:30:00,8.868200302124023
2019-10-02 20:45:00,9.976799964904783
2019-10-02 21:00:00,11.08530044555664
2019-10-02 21:15:00,8.868200302124023
2019-10-02 21:30:00,8.868200302124023
2019-10-02 21:45:00,9.976799964904783
2019-10-02 22:00:00,8.868200302124023
2019-10-02 22:15:00,11.08530044555664
2019-10-02 22:30:00,8.868200302124023
2019-10-02 22:45:00,8.868200302124023
2019-10-02 23:00:00,12.19379997253418
2019-10-02 23:15:00,12.19379997253418
2019-10-02 23:30:00,11.08530044555664
2019-10-02 23:45:00,11.08530044555664
2019-10-03 00:00:00,9.976799964904783
2019-10-03 00:15:00,11.08530044555664
2019-10-03 00:30:00,9.976799964904783
2019-10-03 00:45:00,13.302300453186035
2019-10-03 01:00:00,8.868200302124023
2019-10-03 01:15:00,9.976799964904783
2019-10-03 01:30:00,8.868200302124023
2019-10-03 01:45:00,11.08530044555664
2019-10-03 02:00:00,8.868200302124023
2019-10-03 02:15:00,9.976799964904783
2019-10-03 02:30:00,8.868200302124023
2019-10-03 02:45:00,11.08530044555664
2019-10-03 03:00:00,8.868200302124023
2019-10-03 03:15:00,12.19379997253418
2019-10-03 03:30:00,8.868200302124023
2019-10-03 03:45:00,11.08530044555664
2019-10-03 04:00:00,6.651199817657471
2019-10-03 04:15:00,8.868200302124023
2019-10-03 04:30:00,8.868200302124023
2019-10-03 04:45:00,8.868200302124023
2019-10-03 05:00:00,7.759699821472168
2019-10-03 05:15:00,8.868200302124023
2019-10-03 05:30:00,6.651199817657471
2019-10-03 05:45:00,8.868200302124023
2019-10-03 06:00:00,6.651199817657471
2019-10-03 06:15:00,8.868200302124023
2019-10-03 06:30:00,13.302300453186035
2019-10-03 06:45:00,9.976799964904783
2019-10-03 07:00:00,11.08530044555664
2019-10-03 07:15:00,8.868200302124023
2019-10-03 07:30:00,6.651199817657471
2019-10-03 07:45:00,49.8838005065918
2019-10-03 08:00:00,90.89939880371094
2019-10-03 08:15:00,133.02349853515625
2019-10-03 08:30:00,189.5585021972656
2019-10-03 08:45:00,225.03140258789065
2019-10-03 09:00:00,244.98489379882807
2019-10-03 09:15:00,244.98489379882807
2019-10-03 09:30:00,258.28729248046875
2019-10-03 09:45:00,278.2408142089844
2019-10-03 10:00:00,277.1322937011719
2019-10-03 10:15:00,307.0625
2019-10-03 10:30:00,313.7137145996094
2019-10-03 10:45:00,290.4346008300781
2019-10-03 11:00:00,303.73699951171875
2019-10-03 11:15:00,319.25640869140625
2019-10-03 11:30:00,304.8454895019531
2019-10-03 11:45:00,295.9772033691406
2019-10-03 12:00:00,223.9228973388672
2019-10-03 12:15:00,139.67469787597656
2019-10-03 12:30:00,141.89169311523438
2019-10-03 12:45:00,191.77549743652344
2019-10-03 13:00:00,274.9151916503906
2019-10-03 13:15:00,278.2408142089844
2019-10-03 13:30:00,268.2640075683594
2019-10-03 13:45:00,260.5043029785156
2019-10-03 14:00:00,264.9383850097656
2019-10-03 14:15:00,243.8764038085937
2019-10-03 14:30:00,271.589599609375
2019-10-03 14:45:00,250.5276031494141
2019-10-03 15:00:00,263.82989501953125
2019-10-03 15:15:00,256.0701904296875
2019-10-03 15:30:00,257.1787109375
2019-10-03 15:45:00,235.00819396972656
2019-10-03 16:00:00,238.3336944580078
2019-10-03 16:15:00,269.3725891113281
2019-10-03 16:30:00,286.00048828125
2019-10-03 16:45:00,276.0237121582031
2019-10-03 17:00:00,289.3261108398437
2019-10-03 17:15:00,277.1322937011719
2019-10-03 17:30:00,225.03140258789065
2019-10-03 17:45:00,201.75230407714844
2019-10-03 18:00:00,150.75990295410156
2019-10-03 18:15:00,105.310302734375
2019-10-03 18:30:00,92.00789642333984
2019-10-03 18:45:00,89.79090118408203
2019-10-03 19:00:00,73.16290283203125
2019-10-03 19:15:00,74.27140045166016
2019-10-03 19:30:00,69.8373031616211
2019-10-03 19:45:00,72.05439758300781
2019-10-03 20:00:00,67.62030029296875
2019-10-03 20:15:00,59.860599517822266
2019-10-03 20:30:00,53.20940017700195
2019-10-03 20:45:00,52.10089874267578
2019-10-03 21:00:00,36.58150100708008
2019-10-03 21:15:00,28.8218002319336
2019-10-03 21:30:00,21.06209945678711
2019-10-03 21:45:00,11.08530044555664
2019-10-03 22:00:00,12.19379997253418
2019-10-03 22:15:00,12.19379997253418
2019-10-03 22:30:00,11.08530044555664
2019-10-03 22:45:00,12.19379997253418
2019-10-03 23:00:00,11.08530044555664
2019-10-03 23:15:00,13.302300453186035
2019-10-03 23:30:00,13.302300453186035
2019-10-03 23:45:00,9.976799964904783
2019-10-04 00:00:00,12.19379997253418
2019-10-04 00:15:00,13.302300453186035
2019-10-04 00:30:00,12.19379997253418
2019-10-04 00:45:00,12.19379997253418
2019-10-04 01:00:00,11.08530044555664
2019-10-04 01:15:00,9.976799964904783
2019-10-04 01:30:00,8.868200302124023
2019-10-04 01:45:00,12.19379997253418
2019-10-04 02:00:00,8.868200302124023
2019-10-04 02:15:00,8.868200302124023
2019-10-04 02:30:00,11.08530044555664
2019-10-04 02:45:00,8.868200302124023
2019-10-04 03:00:00,11.08530044555664
2019-10-04 03:15:00,8.868200302124023
2019-10-04 03:30:00,9.976799964904783
2019-10-04 03:45:00,8.868200302124023
2019-10-04 04:00:00,8.868200302124023
2019-10-04 04:15:00,8.868200302124023
2019-10-04 04:30:00,8.868200302124023
2019-10-04 04:45:00,8.868200302124023
2019-10-04 05:00:00,8.868200302124023
2019-10-04 05:15:00,8.868200302124023
2019-10-04 05:30:00,11.08530044555664
2019-10-04 05:45:00,8.868200302124023
2019-10-04 06:00:00,8.868200302124023
2019-10-04 06:15:00,9.976799964904783
2019-10-04 06:30:00,13.302300453186035
2019-10-04 06:45:00,12.19379997253418
2019-10-04 07:00:00,9.976799964904783
2019-10-04 07:15:00,11.08530044555664
2019-10-04 07:30:00,50.9922981262207
2019-10-04 07:45:00,94.2249984741211
2019-10-04 08:00:00,126.37229919433594
2019-10-04 08:15:00,184.0157928466797
2019-10-04 08:30:00,248.3105010986328
2019-10-04 08:45:00,266.0469970703125
2019-10-04 09:00:00,280.4577941894531
2019-10-04 09:15:00,292.6517028808594
2019-10-04 09:30:00,301.5198974609375
2019-10-04 09:45:00,290.4346008300781
2019-10-04 10:00:00,288.2174987792969
2019-10-04 10:15:00,281.56640625
2019-10-04 10:30:00,290.4346008300781
2019-10-04 10:45:00,315.9307861328125
2019-10-04 11:00:00,295.9772033691406
2019-10-04 11:15:00,289.3261108398437
2019-10-04 11:30:00,289.3261108398437
2019-10-04 11:45:00,260.5043029785156
2019-10-04 12:00:00,197.3182067871093
2019-10-04 12:15:00,138.56610107421875
2019-10-04 12:30:00,148.5428924560547
2019-10-04 12:45:00,218.3802032470703
2019-10-04 13:00:00,253.8531036376953
2019-10-04 13:15:00,263.82989501953125
2019-10-04 13:30:00,278.2408142089844
2019-10-04 13:45:00,283.78338623046875
2019-10-04 14:00:00,283.78338623046875
2019-10-04 14:15:00,280.4577941894531
2019-10-04 14:30:00,287.1090087890625
2019-10-04 14:45:00,274.9151916503906
2019-10-04 15:00:00,300.4114074707031
2019-10-04 15:15:00,276.0237121582031
2019-10-04 15:30:00,300.4114074707031
2019-10-04 15:45:00,308.1711120605469
2019-10-04 16:00:00,301.5198974609375
2019-10-04 16:15:00,292.6517028808594
2019-10-04 16:30:00,294.86871337890625
2019-10-04 16:45:00,310.3880920410156
2019-10-04 17:00:00,290.4346008300781
2019-10-04 17:15:00,317.039306640625
2019-10-04 17:30:00,262.7214050292969
2019-10-04 17:45:00,195.10110473632807
2019-10-04 18:00:00,127.48079681396484
2019-10-04 18:15:00,88.68229675292969
2019-10-04 18:30:00,75.37999725341797
2019-10-04 18:45:00,97.55059814453124
2019-10-04 19:00:00,116.39550018310548
2019-10-04 19:15:00,111.9614028930664
2019-10-04 19:30:00,113.06999969482422
2019-10-04 19:45:00,117.50409698486328
2019-10-04 20:00:00,111.9614028930664
2019-10-04 20:15:00,103.09320068359376
2019-10-04 20:30:00,95.33350372314452
2019-10-04 20:45:00,53.20940017700195
2019-10-04 21:00:00,46.55820083618164
2019-10-04 21:15:00,33.25590133666992
2019-10-04 21:30:00,32.147300720214844
2019-10-04 21:45:00,15.519399642944336
2019-10-04 22:00:00,12.19379997253418
2019-10-04 22:15:00,11.08530044555664
2019-10-04 22:30:00,11.08530044555664
2019-10-04 22:45:00,9.976799964904783
2019-10-04 23:00:00,12.19379997253418
2019-10-04 23:15:00,11.08530044555664
2019-10-04 23:30:00,11.08530044555664
2019-10-04 23:45:00,18.84499931335449
2019-10-05 00:00:00,19.953500747680664
2019-10-05 00:15:00,18.84499931335449
2019-10-05 00:30:00,19.953500747680664
2019-10-05 00:45:00,19.953500747680664
2019-10-05 01:00:00,17.736499786376953
2019-10-05 01:15:00,17.736499786376953
2019-10-05 01:30:00,13.302300453186035
2019-10-05 01:45:00,16.627899169921875
2019-10-05 02:00:00,12.19379997253418
2019-10-05 02:15:00,11.08530044555664
2019-10-05 02:30:00,8.868200302124023
2019-10-05 02:45:00,9.976799964904783
2019-10-05 03:00:00,8.868200302124023
2019-10-05 03:15:00,11.08530044555664
2019-10-05 03:30:00,8.868200302124023
2019-10-05 03:45:00,8.868200302124023
2019-10-05 04:00:00,9.976799964904783
2019-10-05 04:15:00,8.868200302124023
2019-10-05 04:30:00,8.868200302124023
2019-10-05 04:45:00,11.08530044555664
2019-10-05 05:00:00,15.519399642944336
2019-10-05 05:15:00,19.953500747680664
2019-10-05 05:30:00,8.868200302124023
2019-10-05 05:45:00,9.976799964904783
2019-10-05 06:00:00,14.965149879455566
2019-10-05 06:15:00,19.953500747680664
2019-10-05 06:30:00,12.19379997253418
2019-10-05 06:45:00,12.19379997253418
2019-10-05 07:00:00,20.50779914855957
2019-10-05 07:15:00,28.8218002319336
2019-10-05 07:30:00,74.27140045166016
2019-10-05 07:45:00,111.9614028930664
2019-10-05 08:00:00,136.34910583496094
2019-10-05 08:15:00,161.84519958496094
2019-10-05 08:30:00,216.16319274902344
2019-10-05 08:45:00,253.8531036376953
2019-10-05 09:00:00,258.28729248046875
2019-10-05 09:15:00,289.3261108398437
2019-10-05 09:30:00,304.8454895019531
2019-10-05 09:45:00,333.6672058105469
2019-10-05 10:00:00,334.7757873535156
2019-10-05 10:15:00,339.2098999023437
2019-10-05 10:30:00,348.0780944824219
2019-10-05 10:45:00,334.7757873535156
2019-10-05 11:00:00,331.4501953125
2019-10-05 11:15:00,344.75250244140625
2019-10-05 11:30:00,336.9927978515625
2019-10-05 11:45:00,310.3880920410156
2019-10-05 12:00:00,258.28729248046875
2019-10-05 12:15:00,168.49639892578125
2019-10-05 12:30:00,161.84519958496094
2019-10-05 12:45:00,240.55079650878903
2019-10-05 13:00:00,294.86871337890625
2019-10-05 13:15:00,292.6517028808594
2019-10-05 13:30:00,278.2408142089844
2019-10-05 13:45:00,289.3261108398437
2019-10-05 14:00:00,283.78338623046875
2019-10-05 14:15:00,298.1943054199219
2019-10-05 14:30:00,313.7137145996094
2019-10-05 14:45:00,310.3880920410156
2019-10-05 15:00:00,321.473388671875
2019-10-05 15:15:00,314.8222045898437
2019-10-05 15:30:00,321.473388671875
2019-10-05 15:45:00,315.9307861328125
2019-10-05 16:00:00,333.6672058105469
2019-10-05 16:15:00,314.8222045898437
2019-10-05 16:30:00,332.5586853027344
2019-10-05 16:45:00,340.3183898925781
2019-10-05 17:00:00,343.6440124511719
2019-10-05 17:15:00,294.86871337890625
2019-10-05 17:30:00,237.22520446777344
2019-10-05 17:45:00,200.643798828125
2019-10-05 18:00:00,124.1552963256836
2019-10-05 18:15:00,86.46530151367188
2019-10-05 18:30:00,69.8373031616211
2019-10-05 18:45:00,107.5272979736328
2019-10-05 19:00:00,120.82969665527344
2019-10-05 19:15:00,115.28700256347656
2019-10-05 19:30:00,120.82969665527344
2019-10-05 19:45:00,115.28700256347656
2019-10-05 20:00:00,111.9614028930664
2019-10-05 20:15:00,106.4188003540039
2019-10-05 20:30:00,92.00789642333984
2019-10-05 20:45:00,53.20940017700195
2019-10-05 21:00:00,50.9922981262207
2019-10-05 21:15:00,37.68999862670898
2019-10-05 21:30:00,21.06209945678711
2019-10-05 21:45:00,12.19379997253418
2019-10-05 22:00:00,11.08530044555664
2019-10-05 22:15:00,14.410900115966797
2019-10-05 22:30:00,9.976799964904783
2019-10-05 22:45:00,13.302300453186035
2019-10-05 23:00:00,9.976799964904783
2019-10-05 23:15:00,11.08530044555664
2019-10-05 23:30:00,9.976799964904783
2019-10-05 23:45:00,11.08530044555664
2019-10-06 00:00:00,11.08530044555664
2019-10-06 00:15:00,12.19379997253418
2019-10-06 00:30:00,12.19379997253418
2019-10-06 00:45:00,14.410900115966797
2019-10-06 01:00:00,9.976799964904783
2019-10-06 01:15:00,8.868200302124023
2019-10-06 01:30:00,11.08530044555664
2019-10-06 01:45:00,8.868200302124023
2019-10-06 02:00:00,11.08530044555664
2019-10-06 02:15:00,8.868200302124023
2019-10-06 02:30:00,9.976799964904783
2019-10-06 02:45:00,8.868200302124023
2019-10-06 03:00:00,11.08530044555664
2019-10-06 03:15:00,9.976799964904783
2019-10-06 03:30:00,8.868200302124023
2019-10-06 03:45:00,13.302300453186035
2019-10-06 04:00:00,8.868200302124023
2019-10-06 04:15:00,9.976799964904783
2019-10-06 04:30:00,8.868200302124023
2019-10-06 04:45:00,11.08530044555664
2019-10-06 05:00:00,8.868200302124023
2019-10-06 05:15:00,9.976799964904783
2019-10-06 05:30:00,8.868200302124023
2019-10-06 05:45:00,8.868200302124023
2019-10-06 06:00:00,8.868200302124023
2019-10-06 06:15:00,13.302300453186035
2019-10-06 06:30:00,12.19379997253418
2019-10-06 06:45:00,12.19379997253418
2019-10-06 07:00:00,8.868200302124023
2019-10-06 07:15:00,11.08530044555664
2019-10-06 07:30:00,15.519399642944336
2019-10-06 07:45:00,33.25590133666992
2019-10-06 08:00:00,108.63580322265624
2019-10-06 08:15:00,177.36459350585938
2019-10-06 08:30:00,263.82989501953125
2019-10-06 08:45:00,307.0625
2019-10-06 09:00:00,328.1246032714844
2019-10-06 09:15:00,335.8843078613281
2019-10-06 09:30:00,304.8454895019531
2019-10-06 09:45:00,334.7757873535156
2019-10-06 10:00:00,328.1246032714844
2019-10-06 10:15:00,328.1246032714844
2019-10-06 10:30:00,360.2719116210937
2019-10-06 10:45:00,351.4036865234375
2019-10-06 11:00:00,355.8377990722656
2019-10-06 11:15:00,351.4036865234375
2019-10-06 11:30:00,351.4036865234375
2019-10-06 11:45:00,330.34161376953125
2019-10-06 12:00:00,251.63609313964844
2019-10-06 12:15:00,168.49639892578125
2019-10-06 12:30:00,171.82200622558594
2019-10-06 12:45:00,283.78338623046875
2019-10-06 13:00:00,325.9075012207031
2019-10-06 13:15:00,342.5354919433594
2019-10-06 13:30:00,331.4501953125
2019-10-06 13:45:00,330.34161376953125
2019-10-06 14:00:00,319.25640869140625
2019-10-06 14:15:00,330.34161376953125
2019-10-06 14:30:00,331.4501953125
2019-10-06 14:45:00,329.23309326171875
2019-10-06 15:00:00,318.1477966308594
2019-10-06 15:15:00,329.23309326171875
2019-10-06 15:30:00,330.34161376953125
2019-10-06 15:45:00,315.9307861328125
2019-10-06 16:00:00,320.3648986816406
2019-10-06 16:15:00,335.8843078613281
2019-10-06 16:30:00,369.1401977539063
2019-10-06 16:45:00,345.8611145019531
2019-10-06 17:00:00,368.0315856933594
2019-10-06 17:15:00,328.1246032714844
2019-10-06 17:30:00,271.589599609375
2019-10-06 17:45:00,211.72900390625
2019-10-06 18:00:00,148.5428924560547
2019-10-06 18:15:00,83.13970184326172
2019-10-06 18:30:00,83.13970184326172
2019-10-06 18:45:00,138.56610107421875
2019-10-06 19:00:00,136.34910583496094
2019-10-06 19:15:00,138.56610107421875
2019-10-06 19:30:00,141.89169311523438
2019-10-06 19:45:00,133.02349853515625
2019-10-06 20:00:00,120.82969665527344
2019-10-06 20:15:00,111.9614028930664
2019-10-06 20:30:00,115.28700256347656
2019-10-06 20:45:00,68.72879791259766
2019-10-06 21:00:00,26.604700088500977
2019-10-06 21:15:00,16.627899169921875
2019-10-06 21:30:00,15.519399642944336
2019-10-06 21:45:00,17.736499786376953
2019-10-06 22:00:00,11.08530044555664
2019-10-06 22:15:00,9.976799964904783
2019-10-06 22:30:00,8.868200302124023
2019-10-06 22:45:00,12.19379997253418
2019-10-06 23:00:00,11.08530044555664
2019-10-06 23:15:00,11.08530044555664
2019-10-06 23:30:00,9.976799964904783
2019-10-06 23:45:00,11.08530044555664
2019-10-07 00:00:00,9.976799964904783
2019-10-07 00:15:00,11.08530044555664
2019-10-07 00:30:00,11.08530044555664
2019-10-07 00:45:00,9.976799964904783
2019-10-07 01:00:00,8.868200302124023
2019-10-07 01:15:00,8.868200302124023
2019-10-07 01:30:00,8.868200302124023
2019-10-07 01:45:00,8.868200302124023
2019-10-07 02:00:00,11.08530044555664
2019-10-07 02:15:00,8.868200302124023
2019-10-07 02:30:00,8.868200302124023
2019-10-07 02:45:00,12.19379997253418
2019-10-07 03:00:00,17.736499786376953
2019-10-07 03:15:00,15.519399642944336
2019-10-07 03:30:00,14.410900115966797
2019-10-07 03:45:00,16.627899169921875
2019-10-07 04:00:00,15.519399642944336
2019-10-07 04:15:00,14.410900115966797
2019-10-07 04:30:00,14.410900115966797
2019-10-07 04:45:00,8.868200302124023
2019-10-07 05:00:00,6.651199817657471
2019-10-07 05:15:00,8.868200302124023
2019-10-07 05:30:00,6.651199817657471
2019-10-07 05:45:00,8.868200302124023
2019-10-07 06:00:00,7.759699821472168
2019-10-07 06:15:00,9.976799964904783
2019-10-07 06:30:00,13.302300453186035
2019-10-07 06:45:00,12.19379997253418
2019-10-07 07:00:00,9.976799964904783
2019-10-07 07:15:00,11.08530044555664
2019-10-07 07:30:00,28.8218002319336
2019-10-07 07:45:00,101.98470306396484
2019-10-07 08:00:00,138.56610107421875
2019-10-07 08:15:00,176.256103515625
2019-10-07 08:30:00,246.0933990478516
2019-10-07 08:45:00,290.4346008300781
2019-10-07 09:00:00,321.473388671875
2019-10-07 09:15:00,310.3880920410156
2019-10-07 09:30:00,334.7757873535156
2019-10-07 09:45:00,333.6672058105469
2019-10-07 10:00:00,328.1246032714844
2019-10-07 10:15:00,331.4501953125
2019-10-07 10:30:00,353.62078857421875
2019-10-07 10:45:00,352.51220703125
2019-10-07 11:00:00,356.9462890625
2019-10-07 11:15:00,333.6672058105469
2019-10-07 11:30:00,328.1246032714844
2019-10-07 11:45:00,323.69049072265625
2019-10-07 12:00:00,256.0701904296875
2019-10-07 12:15:00,143.0001983642578
2019-10-07 12:30:00,152.9770050048828
2019-10-07 12:45:00,251.63609313964844
2019-10-07 13:00:00,318.1477966308594
2019-10-07 13:15:00,331.4501953125
2019-10-07 13:30:00,315.9307861328125
2019-10-07 13:45:00,323.69049072265625
2019-10-07 14:00:00,309.27960205078125
2019-10-07 14:15:00,311.4967041015625
2019-10-07 14:30:00,297.0857849121094
2019-10-07 14:45:00,304.8454895019531
2019-10-07 15:00:00,315.9307861328125
2019-10-07 15:15:00,301.5198974609375
2019-10-07 15:30:00,322.5819091796875
2019-10-07 15:45:00,315.9307861328125
2019-10-07 16:00:00,336.9927978515625
2019-10-07 16:15:00,349.1866149902344
2019-10-07 16:30:00,349.1866149902344
2019-10-07 16:45:00,319.25640869140625
2019-10-07 17:00:00,348.0780944824219
2019-10-07 17:15:00,299.30279541015625
2019-10-07 17:30:00,271.589599609375
2019-10-07 17:45:00,212.8376007080078
2019-10-07 18:00:00,138.56610107421875
2019-10-07 18:15:00,116.39550018310548
2019-10-07 18:30:00,103.09320068359376
2019-10-07 18:45:00,79.81410217285156
2019-10-07 19:00:00,74.27140045166016
2019-10-07 19:15:00,73.16290283203125
2019-10-07 19:30:00,70.9458999633789
2019-10-07 19:45:00,59.860599517822266
2019-10-07 20:00:00,53.20940017700195
2019-10-07 20:15:00,49.8838005065918
2019-10-07 20:30:00,37.68999862670898
2019-10-07 20:45:00,26.604700088500977
2019-10-07 21:00:00,21.06209945678711
2019-10-07 21:15:00,8.868200302124023
2019-10-07 21:30:00,8.868200302124023
2019-10-07 21:45:00,9.976799964904783
2019-10-07 22:00:00,8.868200302124023
2019-10-07 22:15:00,167.6321561144133
2019-10-07 22:30:00,167.6321561144133
2019-10-07 22:45:00,167.6321561144133
2019-10-07 23:00:00,167.6321561144133
2019-10-07 23:15:00,167.6321561144133
2019-10-07 23:30:00,167.6321561144133
2019-10-07 23:45:00,167.6321561144133
2019-10-08 00:00:00,167.6321561144133
2019-10-08 00:15:00,167.6321561144133
2019-10-08 00:30:00,167.6321561144133
2019-10-08 00:45:00,167.6321561144133
2019-10-08 01:00:00,167.6321561144133
2019-10-08 01:15:00,167.6321561144133
2019-10-08 01:30:00,167.6321561144133
2019-10-08 01:45:00,167.6321561144133
2019-10-08 02:00:00,167.6321561144133
2019-10-08 02:15:00,167.6321561144133
2019-10-08 02:30:00,167.6321561144133
2019-10-08 02:45:00,167.6321561144133
2019-10-08 03:00:00,167.6321561144133
2019-10-08 03:15:00,167.6321561144133
2019-10-08 03:30:00,167.6321561144133
2019-10-08 03:45:00,167.6321561144133
2019-10-08 04:00:00,167.6321561144133
2019-10-08 04:15:00,167.6321561144133
2019-10-08 04:30:00,167.6321561144133
2019-10-08 04:45:00,167.6321561144133
2019-10-08 05:00:00,167.6321561144133
2019-10-08 05:15:00,167.6321561144133
2019-10-08 05:30:00,167.6321561144133
2019-10-08 05:45:00,167.6321561144133
2019-10-08 06:00:00,167.6321561144133
2019-10-08 06:15:00,167.6321561144133
2019-10-08 06:30:00,167.6321561144133
2019-10-08 06:45:00,167.6321561144133
2019-10-08 07:00:00,167.6321561144133
2019-10-08 07:15:00,167.6321561144133
2019-10-08 07:30:00,167.6321561144133
2019-10-08 07:45:00,167.6321561144133
2019-10-08 08:00:00,167.6321561144133
2019-10-08 08:15:00,167.6321561144133
2019-10-08 08:30:00,167.6321561144133
2019-10-08 08:45:00,167.6321561144133
2019-10-08 09:00:00,167.6321561144133
2019-10-08 09:15:00,167.6321561144133
2019-10-08 09:30:00,167.6321561144133
2019-10-08 09:45:00,167.6321561144133
2019-10-08 10:00:00,167.6321561144133
2019-10-08 10:15:00,167.6321561144133
2019-10-08 10:30:00,167.6321561144133
2019-10-08 10:45:00,144.511962890625
2019-10-08 11:00:00,425.6751098632813
2019-10-08 11:15:00,387.9851989746094
2019-10-08 11:30:00,354.72930908203125
2019-10-08 11:45:00,348.0780944824219
2019-10-08 12:00:00,269.3725891113281
2019-10-08 12:15:00,203.96929931640625
2019-10-08 12:30:00,200.643798828125
2019-10-08 12:45:00,260.5043029785156
2019-10-08 13:00:00,336.9927978515625
2019-10-08 13:15:00,379.1169128417969
2019-10-08 13:30:00,381.3340148925781
2019-10-08 13:45:00,381.3340148925781
2019-10-08 14:00:00,380.2254943847656
2019-10-08 14:15:00,354.72930908203125
2019-10-08 14:30:00,351.4036865234375
2019-10-08 14:45:00,359.16339111328125
2019-10-08 15:00:00,330.34161376953125
2019-10-08 15:15:00,378.0083923339844
2019-10-08 15:30:00,361.3804931640625
2019-10-08 15:45:00,383.5509948730469
2019-10-08 16:00:00,396.8533935546875
2019-10-08 16:15:00,383.5509948730469
2019-10-08 16:30:00,378.0083923339844
2019-10-08 16:45:00,385.7680969238281
2019-10-08 17:00:00,401.2875061035156
2019-10-08 17:15:00,378.0083923339844
2019-10-08 17:30:00,319.25640869140625
2019-10-08 17:45:00,236.11669921875
2019-10-08 18:00:00,186.2328948974609
2019-10-08 18:15:00,151.86849975585938
2019-10-08 18:30:00,159.62820434570312
2019-10-08 18:45:00,221.705795288086
2019-10-08 19:00:00,211.72900390625
2019-10-08 19:15:00,195.10110473632807
2019-10-08 19:30:00,186.2328948974609
2019-10-08 19:45:00,181.79879760742188
2019-10-08 20:00:00,179.58169555664062
2019-10-08 20:15:00,147.4344024658203
2019-10-08 20:30:00,129.69790649414062
2019-10-08 20:45:00,119.72109985351562
2019-10-08 21:00:00,123.04669952392578
2019-10-08 21:15:00,95.33350372314452
2019-10-08 21:30:00,58.75199890136719
2019-10-08 21:45:00,56.53499984741211
2019-10-08 22:00:00,62.077598571777344
2019-10-08 22:15:00,62.077598571777344
2019-10-08 22:30:00,56.53499984741211
2019-10-08 22:45:00,53.20940017700195
2019-10-08 23:00:00,58.75199890136719
2019-10-08 23:15:00,60.96910095214844
2019-10-08 23:30:00,53.20940017700195
2019-10-08 23:45:00,48.775299072265625
2019-10-09 00:00:00,34.36439895629883
2019-10-09 00:15:00,12.19379997253418
2019-10-09 00:30:00,14.410900115966797
2019-10-09 00:45:00,14.410900115966797
2019-10-09 01:00:00,12.19379997253418
2019-10-09 01:15:00,12.19379997253418
2019-10-09 01:30:00,12.19379997253418
2019-10-09 01:45:00,12.19379997253418
2019-10-09 02:00:00,13.302300453186035
2019-10-09 02:15:00,12.19379997253418
2019-10-09 02:30:00,12.19379997253418
2019-10-09 02:45:00,11.08530044555664
2019-10-09 03:00:00,8.868200302124023
2019-10-09 03:15:00,167.6321561144133
2019-10-09 03:30:00,167.6321561144133
2019-10-09 03:45:00,167.6321561144133
2019-10-09 04:00:00,167.6321561144133
2019-10-09 04:15:00,167.6321561144133
2019-10-09 04:30:00,167.6321561144133
2019-10-09 04:45:00,167.6321561144133
2019-10-09 05:00:00,167.6321561144133
2019-10-09 05:15:00,167.6321561144133
2019-10-09 05:30:00,167.6321561144133
2019-10-09 05:45:00,167.6321561144133
2019-10-09 06:00:00,167.6321561144133
2019-10-09 06:15:00,167.6321561144133
2019-10-09 06:30:00,167.6321561144133
2019-10-09 06:45:00,167.6321561144133
2019-10-09 07:00:00,167.6321561144133
2019-10-09 07:15:00,167.6321561144133
2019-10-09 07:30:00,167.6321561144133
2019-10-09 07:45:00,167.6321561144133
2019-10-09 08:00:00,167.6321561144133
2019-10-09 08:15:00,167.6321561144133
2019-10-09 08:30:00,167.6321561144133
2019-10-09 08:45:00,167.6321561144133
2019-10-09 09:00:00,167.6321561144133
2019-10-09 09:15:00,167.6321561144133
2019-10-09 09:30:00,167.6321561144133
2019-10-09 09:45:00,167.6321561144133
2019-10-09 10:00:00,167.6321561144133
2019-10-09 10:15:00,167.6321561144133
2019-10-09 10:30:00,167.6321561144133
2019-10-09 10:45:00,167.6321561144133
2019-10-09 11:00:00,167.6321561144133
2019-10-09 11:15:00,167.6321561144133
2019-10-09 11:30:00,167.6321561144133
2019-10-09 11:45:00,167.6321561144133
2019-10-09 12:00:00,167.6321561144133
2019-10-09 12:15:00,167.6321561144133
2019-10-09 12:30:00,167.6321561144133
2019-10-09 12:45:00,167.6321561144133
2019-10-09 13:00:00,167.6321561144133
2019-10-09 13:15:00,167.6321561144133
2019-10-09 13:30:00,167.6321561144133
2019-10-09 13:45:00,167.6321561144133
2019-10-09 14:00:00,167.6321561144133
2019-10-09 14:15:00,167.6321561144133
2019-10-09 14:30:00,167.6321561144133
2019-10-09 14:45:00,167.6321561144133
2019-10-09 15:00:00,167.6321561144133
2019-10-09 15:15:00,167.6321561144133
2019-10-09 15:30:00,167.6321561144133
2019-10-09 15:45:00,413.4812927246094
2019-10-09 16:00:00,396.8533935546875
2019-10-09 16:15:00,399.0704040527344
2019-10-09 16:30:00,411.2643127441406
2019-10-09 16:45:00,406.8302001953125
2019-10-09 17:00:00,396.8533935546875
2019-10-09 17:15:00,369.1401977539063
2019-10-09 17:30:00,301.5198974609375
2019-10-09 17:45:00,277.1322937011719
2019-10-09 18:00:00,213.94610595703125
2019-10-09 18:15:00,158.5196990966797
2019-10-09 18:30:00,143.0001983642578
2019-10-09 18:45:00,212.8376007080078
2019-10-09 19:00:00,206.1864013671875
2019-10-09 19:15:00,189.5585021972656
2019-10-09 19:30:00,188.4499053955078
2019-10-09 19:45:00,172.9304962158203
2019-10-09 20:00:00,141.89169311523438
2019-10-09 20:15:00,128.5894012451172
2019-10-09 20:30:00,121.93820190429688
2019-10-09 20:45:00,97.55059814453124
2019-10-09 21:00:00,94.2249984741211
2019-10-09 21:15:00,76.4885025024414
2019-10-09 21:30:00,57.64350128173828
2019-10-09 21:45:00,57.64350128173828
2019-10-09 22:00:00,50.9922981262207
2019-10-09 22:15:00,46.55820083618164
2019-10-09 22:30:00,39.90700149536133
2019-10-09 22:45:00,46.55820083618164
2019-10-09 23:00:00,49.8838005065918
2019-10-09 23:15:00,49.8838005065918
2019-10-09 23:30:00,39.90700149536133
2019-10-09 23:45:00,41.01559829711914
2019-10-10 00:00:00,16.627899169921875
2019-10-10 00:15:00,15.519399642944336
2019-10-10 00:30:00,12.19379997253418
2019-10-10 00:45:00,14.410900115966797
2019-10-10 01:00:00,11.08530044555664
2019-10-10 01:15:00,12.19379997253418
2019-10-10 01:30:00,9.976799964904783
2019-10-10 01:45:00,11.08530044555664
2019-10-10 02:00:00,11.08530044555664
2019-10-10 02:15:00,12.19379997253418
2019-10-10 02:30:00,12.19379997253418
2019-10-10 02:45:00,8.868200302124023
2019-10-10 03:00:00,6.651199817657471
2019-10-10 03:15:00,7.759699821472168
2019-10-10 03:30:00,6.651199817657471
2019-10-10 03:45:00,7.759699821472168
2019-10-10 04:00:00,6.651199817657471
2019-10-10 04:15:00,6.651199817657471
2019-10-10 04:30:00,5.542600154876709
2019-10-10 04:45:00,8.868200302124023
2019-10-10 05:00:00,7.759699821472168
2019-10-10 05:15:00,6.651199817657471
2019-10-10 05:30:00,6.651199817657471
2019-10-10 05:45:00,7.759699821472168
2019-10-10 06:00:00,6.651199817657471
2019-10-10 06:15:00,8.868200302124023
2019-10-10 06:30:00,12.19379997253418
2019-10-10 06:45:00,13.302300453186035
2019-10-10 07:00:00,8.868200302124023
2019-10-10 07:15:00,13.302300453186035
2019-10-10 07:30:00,49.8838005065918
2019-10-10 07:45:00,92.00789642333984
2019-10-10 08:00:00,164.0623016357422
2019-10-10 08:15:00,276.0237121582031
2019-10-10 08:30:00,381.3340148925781
2019-10-10 08:45:00,429.0007019042969
2019-10-10 09:00:00,383.5509948730469
2019-10-10 09:15:00,410.15570068359375
2019-10-10 09:30:00,400.1789855957031
2019-10-10 09:45:00,407.9386901855469
2019-10-10 10:00:00,393.5278015136719
2019-10-10 10:15:00,413.4812927246094
2019-10-10 10:30:00,407.9386901855469
2019-10-10 10:45:00,177.06654357910156
2019-10-10 11:00:00,407.9386901855469
2019-10-10 11:15:00,386.8765869140625
2019-10-10 11:30:00,384.65960693359375
2019-10-10 11:45:00,361.3804931640625
2019-10-10 12:00:00,330.34161376953125
2019-10-10 12:15:00,221.705795288086
2019-10-10 12:30:00,223.9228973388672
2019-10-10 12:45:00,311.4967041015625
2019-10-10 13:00:00,422.349609375
2019-10-10 13:15:00,182.1146697998047
2019-10-10 13:30:00,180.01637268066406
2019-10-10 13:45:00,430.10931396484375
2019-10-10 14:00:00,414.58990478515625
2019-10-10 14:15:00,420.1325073242188
2019-10-10 14:30:00,420.1325073242188
2019-10-10 14:45:00,410.15570068359375
2019-10-10 15:00:00,411.2643127441406
2019-10-10 15:15:00,393.5278015136719
2019-10-10 15:30:00,422.349609375
2019-10-10 15:45:00,419.0239868164063
2019-10-10 16:00:00,425.6751098632813
2019-10-10 16:15:00,423.4580993652344
2019-10-10 16:30:00,402.39599609375
2019-10-10 16:45:00,404.6130981445313
2019-10-10 17:00:00,433.434814453125
2019-10-10 17:15:00,412.372802734375
2019-10-10 17:30:00,374.6828002929688
2019-10-10 17:45:00,278.2408142089844
2019-10-10 18:00:00,218.3802032470703
2019-10-10 18:15:00,186.2328948974609
2019-10-10 18:30:00,192.88409423828125
2019-10-10 18:45:00,174.03909301757812
2019-10-10 19:00:00,167.3878936767578
2019-10-10 19:15:00,141.89169311523438
2019-10-10 19:30:00,121.93820190429688
2019-10-10 19:45:00,104.20169830322266
2019-10-10 20:00:00,94.2249984741211
2019-10-10 20:15:00,70.9458999633789
2019-10-10 20:30:00,64.2947006225586
2019-10-10 20:45:00,53.20940017700195
2019-10-10 21:00:00,56.53499984741211
2019-10-10 21:15:00,35.472900390625
2019-10-10 21:30:00,24.38759994506836
2019-10-10 21:45:00,14.410900115966797
2019-10-10 22:00:00,14.410900115966797
2019-10-10 22:15:00,12.19379997253418
2019-10-10 22:30:00,14.410900115966797
2019-10-10 22:45:00,14.410900115966797
2019-10-10 23:00:00,12.19379997253418
2019-10-10 23:15:00,14.410900115966797
2019-10-10 23:30:00,12.19379997253418
2019-10-10 23:45:00,6.651199817657471
2019-10-11 00:00:00,8.868200302124023
2019-10-11 00:15:00,7.759699821472168
2019-10-11 00:30:00,6.651199817657471
2019-10-11 00:45:00,7.759699821472168
2019-10-11 01:00:00,8.868200302124023
2019-10-11 01:15:00,6.651199817657471
2019-10-11 01:30:00,6.651199817657471
2019-10-11 01:45:00,7.759699821472168
2019-10-11 02:00:00,5.542600154876709
2019-10-11 02:15:00,6.651199817657471
2019-10-11 02:30:00,6.651199817657471
2019-10-11 02:45:00,7.759699821472168
2019-10-11 03:00:00,8.868200302124023
2019-10-11 03:15:00,6.651199817657471
2019-10-11 03:30:00,5.542600154876709
2019-10-11 03:45:00,6.651199817657471
2019-10-11 04:00:00,7.759699821472168
2019-10-11 04:15:00,5.542600154876709
2019-10-11 04:30:00,6.651199817657471
2019-10-11 04:45:00,6.651199817657471
2019-10-11 05:00:00,7.759699821472168
2019-10-11 05:15:00,6.651199817657471
2019-10-11 05:30:00,5.542600154876709
2019-10-11 05:45:00,6.651199817657471
2019-10-11 06:00:00,8.868200302124023
2019-10-11 06:15:00,11.08530044555664
2019-10-11 06:30:00,11.08530044555664
2019-10-11 06:45:00,9.976799964904783
2019-10-11 07:00:00,11.08530044555664
2019-10-11 07:15:00,8.868200302124023
2019-10-11 07:30:00,58.75199890136719
2019-10-11 07:45:00,100.8760986328125
2019-10-11 08:00:00,147.4344024658203
2019-10-11 08:15:00,243.8764038085937
2019-10-11 08:30:00,363.5975036621094
2019-10-11 08:45:00,395.7449035644531
2019-10-11 09:00:00,413.4812927246094
2019-10-11 09:15:00,432.3262939453125
2019-10-11 09:30:00,430.10931396484375
2019-10-11 09:45:00,430.10931396484375
2019-10-11 10:00:00,422.349609375
2019-10-11 10:15:00,404.6130981445313
2019-10-11 10:30:00,390.20220947265625
2019-10-11 10:45:00,361.3804931640625
2019-10-11 11:00:00,176.6103515625
2019-10-11 11:15:00,410.15570068359375
2019-10-11 11:30:00,420.1325073242188
2019-10-11 11:45:00,431.2178039550781
2019-10-11 12:00:00,313.7137145996094
2019-10-11 12:15:00,202.8607940673828
2019-10-11 12:30:00,190.66700744628903
2019-10-11 12:45:00,273.80670166015625
2019-10-11 13:00:00,346.9696044921875
2019-10-11 13:15:00,354.72930908203125
2019-10-11 13:30:00,395.7449035644531
2019-10-11 13:45:00,401.2875061035156
2019-10-11 14:00:00,402.39599609375
2019-10-11 14:15:00,396.8533935546875
2019-10-11 14:30:00,397.9619140625
2019-10-11 14:45:00,378.0083923339844
2019-10-11 15:00:00,403.5046081542969
2019-10-11 15:15:00,386.8765869140625
2019-10-11 15:30:00,389.09368896484375
2019-10-11 15:45:00,403.5046081542969
2019-10-11 16:00:00,389.09368896484375
2019-10-11 16:15:00,372.4657897949219
2019-10-11 16:30:00,378.0083923339844
2019-10-11 16:45:00,396.8533935546875
2019-10-11 17:00:00,392.4193115234375
2019-10-11 17:15:00,387.9851989746094
2019-10-11 17:30:00,351.4036865234375
2019-10-11 17:45:00,263.82989501953125
2019-10-11 18:00:00,207.2949066162109
2019-10-11 18:15:00,176.256103515625
2019-10-11 18:30:00,148.5428924560547
2019-10-11 18:45:00,209.51199340820312
2019-10-11 19:00:00,203.96929931640625
2019-10-11 19:15:00,206.1864013671875
2019-10-11 19:30:00,180.6902008056641
2019-10-11 19:45:00,162.95379638671875
2019-10-11 20:00:00,168.49639892578125
2019-10-11 20:15:00,165.17080688476562
2019-10-11 20:30:00,145.21730041503906
2019-10-11 20:45:00,127.48079681396484
2019-10-11 21:00:00,111.9614028930664
2019-10-11 21:15:00,104.20169830322266
2019-10-11 21:30:00,94.2249984741211
2019-10-11 21:45:00,88.68229675292969
2019-10-11 22:00:00,90.89939880371094
2019-10-11 22:15:00,70.9458999633789
2019-10-11 22:30:00,62.077598571777344
2019-10-11 22:45:00,50.9922981262207
2019-10-11 23:00:00,56.53499984741211
2019-10-11 23:15:00,49.8838005065918
2019-10-11 23:30:00,25.49620056152344
2019-10-11 23:45:00,15.519399642944336
2019-10-12 00:00:00,15.519399642944336
2019-10-12 00:15:00,13.302300453186035
2019-10-12 00:30:00,12.19379997253418
2019-10-12 00:45:00,12.19379997253418
2019-10-12 01:00:00,12.19379997253418
2019-10-12 01:15:00,11.08530044555664
2019-10-12 01:30:00,12.19379997253418
2019-10-12 01:45:00,11.08530044555664
2019-10-12 02:00:00,12.19379997253418
2019-10-12 02:15:00,12.19379997253418
2019-10-12 02:30:00,11.08530044555664
2019-10-12 02:45:00,8.868200302124023
2019-10-12 03:00:00,6.651199817657471
2019-10-12 03:15:00,8.868200302124023
2019-10-12 03:30:00,6.651199817657471
2019-10-12 03:45:00,7.759699821472168
2019-10-12 04:00:00,6.651199817657471
2019-10-12 04:15:00,7.759699821472168
2019-10-12 04:30:00,8.868200302124023
2019-10-12 04:45:00,6.651199817657471
2019-10-12 05:00:00,5.542600154876709
2019-10-12 05:15:00,6.651199817657471
2019-10-12 05:30:00,7.759699821472168
2019-10-12 05:45:00,6.651199817657471
2019-10-12 06:00:00,6.651199817657471
2019-10-12 06:15:00,11.08530044555664
2019-10-12 06:30:00,12.19379997253418
2019-10-12 06:45:00,11.08530044555664
2019-10-12 07:00:00,9.976799964904783
2019-10-12 07:15:00,11.08530044555664
2019-10-12 07:30:00,11.08530044555664
2019-10-12 07:45:00,47.66669845581055
2019-10-12 08:00:00,109.74440002441406
2019-10-12 08:15:00,171.82200622558594
2019-10-12 08:30:00,253.8531036376953
2019-10-12 08:45:00,298.1943054199219
2019-10-12 09:00:00,311.4967041015625
2019-10-12 09:15:00,319.25640869140625
2019-10-12 09:30:00,335.8843078613281
2019-10-12 09:45:00,320.3648986816406
2019-10-12 10:00:00,350.2951965332031
2019-10-12 10:15:00,354.72930908203125
2019-10-12 10:30:00,345.8611145019531
2019-10-12 10:45:00,341.4269104003906
2019-10-12 11:00:00,344.75250244140625
2019-10-12 11:15:00,346.9696044921875
2019-10-12 11:30:00,344.75250244140625
2019-10-12 11:45:00,308.1711120605469
2019-10-12 12:00:00,266.0469970703125
2019-10-12 12:15:00,150.75990295410156
2019-10-12 12:30:00,161.84519958496094
2019-10-12 12:45:00,233.89959716796875
2019-10-12 13:00:00,307.0625
2019-10-12 13:15:00,292.6517028808594
2019-10-12 13:30:00,302.6283874511719
2019-10-12 13:45:00,300.4114074707031
2019-10-12 14:00:00,311.4967041015625
2019-10-12 14:15:00,318.1477966308594
2019-10-12 14:30:00,302.6283874511719
2019-10-12 14:45:00,312.6051940917969
2019-10-12 15:00:00,307.0625
2019-10-12 15:15:00,320.3648986816406
2019-10-12 15:30:00,321.473388671875
2019-10-12 15:45:00,313.7137145996094
2019-10-12 16:00:00,336.9927978515625
2019-10-12 16:15:00,351.4036865234375
2019-10-12 16:30:00,345.8611145019531
2019-10-12 16:45:00,331.4501953125
2019-10-12 17:00:00,340.3183898925781
2019-10-12 17:15:00,323.69049072265625
2019-10-12 17:30:00,284.8919982910156
2019-10-12 17:45:00,238.3336944580078
2019-10-12 18:00:00,160.7366943359375
2019-10-12 18:15:00,78.70559692382812
2019-10-12 18:30:00,84.24819946289062
2019-10-12 18:45:00,117.50409698486328
2019-10-12 19:00:00,95.33350372314452
2019-10-12 19:15:00,93.11640167236328
2019-10-12 19:30:00,89.79090118408203
2019-10-12 19:45:00,64.2947006225586
2019-10-12 20:00:00,49.8838005065918
2019-10-12 20:15:00,45.44969940185547
2019-10-12 20:30:00,47.66669845581055
2019-10-12 20:45:00,32.147300720214844
2019-10-12 21:00:00,19.953500747680664
2019-10-12 21:15:00,18.84499931335449
2019-10-12 21:30:00,17.736499786376953
2019-10-12 21:45:00,19.953500747680664
2019-10-12 22:00:00,19.953500747680664
2019-10-12 22:15:00,22.17060089111328
2019-10-12 22:30:00,17.736499786376953
2019-10-12 22:45:00,14.410900115966797
2019-10-12 23:00:00,11.08530044555664
2019-10-12 23:15:00,12.19379997253418
2019-10-12 23:30:00,11.08530044555664
2019-10-12 23:45:00,12.19379997253418
2019-10-13 00:00:00,12.19379997253418
2019-10-13 00:15:00,8.868200302124023
2019-10-13 00:30:00,11.08530044555664
2019-10-13 00:45:00,12.19379997253418
2019-10-13 01:00:00,12.19379997253418
2019-10-13 01:15:00,11.08530044555664
2019-10-13 01:30:00,8.868200302124023
2019-10-13 01:45:00,9.976799964904783
2019-10-13 02:00:00,8.868200302124023
2019-10-13 02:15:00,11.08530044555664
2019-10-13 02:30:00,8.868200302124023
2019-10-13 02:45:00,9.976799964904783
2019-10-13 03:00:00,8.868200302124023
2019-10-13 03:15:00,11.08530044555664
2019-10-13 03:30:00,8.868200302124023
2019-10-13 03:45:00,11.08530044555664
2019-10-13 04:00:00,8.868200302124023
2019-10-13 04:15:00,8.868200302124023
2019-10-13 04:30:00,8.868200302124023
2019-10-13 04:45:00,8.868200302124023
2019-10-13 05:00:00,8.868200302124023
2019-10-13 05:15:00,8.868200302124023
2019-10-13 05:30:00,8.868200302124023
2019-10-13 05:45:00,9.976799964904783
2019-10-13 06:00:00,11.08530044555664
2019-10-13 06:15:00,12.19379997253418
2019-10-13 06:30:00,14.410900115966797
2019-10-13 06:45:00,9.976799964904783
2019-10-13 07:00:00,11.08530044555664
2019-10-13 07:15:00,11.08530044555664
2019-10-13 07:30:00,33.25590133666992
2019-10-13 07:45:00,111.9614028930664
2019-10-13 08:00:00,133.02349853515625
2019-10-13 08:15:00,184.0157928466797
2019-10-13 08:30:00,247.2019958496093
2019-10-13 08:45:00,281.56640625
2019-10-13 09:00:00,322.5819091796875
2019-10-13 09:15:00,335.8843078613281
2019-10-13 09:30:00,341.4269104003906
2019-10-13 09:45:00,321.473388671875
2019-10-13 10:00:00,356.9462890625
2019-10-13 10:15:00,354.72930908203125
2019-10-13 10:30:00,372.4657897949219
2019-10-13 10:45:00,364.70599365234375
2019-10-13 11:00:00,354.72930908203125
2019-10-13 11:15:00,369.1401977539063
2019-10-13 11:30:00,366.923095703125
2019-10-13 11:45:00,339.2098999023437
2019-10-13 12:00:00,283.78338623046875
2019-10-13 12:15:00,174.03909301757812
2019-10-13 12:30:00,181.79879760742188
2019-10-13 12:45:00,270.4811096191406
2019-10-13 13:00:00,332.5586853027344
2019-10-13 13:15:00,323.69049072265625
2019-10-13 13:30:00,322.5819091796875
2019-10-13 13:45:00,333.6672058105469
2019-10-13 14:00:00,338.1014099121094
2019-10-13 14:15:00,342.5354919433594
2019-10-13 14:30:00,343.6440124511719
2019-10-13 14:45:00,324.79901123046875
2019-10-13 15:00:00,339.2098999023437
2019-10-13 15:15:00,331.4501953125
2019-10-13 15:30:00,325.9075012207031
2019-10-13 15:45:00,330.34161376953125
2019-10-13 16:00:00,324.79901123046875
2019-10-13 16:15:00,363.5975036621094
2019-10-13 16:30:00,363.5975036621094
2019-10-13 16:45:00,349.1866149902344
2019-10-13 17:00:00,349.1866149902344
2019-10-13 17:15:00,327.01611328125
2019-10-13 17:30:00,281.56640625
2019-10-13 17:45:00,218.3802032470703
2019-10-13 18:00:00,138.56610107421875
2019-10-13 18:15:00,98.65910339355467
2019-10-13 18:30:00,78.70559692382812
2019-10-13 18:45:00,74.27140045166016
2019-10-13 19:00:00,74.27140045166016
2019-10-13 19:15:00,70.9458999633789
2019-10-13 19:30:00,68.72879791259766
2019-10-13 19:45:00,66.51170349121094
2019-10-13 20:00:00,62.077598571777344
2019-10-13 20:15:00,62.077598571777344
2019-10-13 20:30:00,57.64350128173828
2019-10-13 20:45:00,48.775299072265625
2019-10-13 21:00:00,42.12409973144531
2019-10-13 21:15:00,23.27910041809082
2019-10-13 21:30:00,17.736499786376953
2019-10-13 21:45:00,9.976799964904783
2019-10-13 22:00:00,11.08530044555664
2019-10-13 22:15:00,12.19379997253418
2019-10-13 22:30:00,12.19379997253418
2019-10-13 22:45:00,11.08530044555664
2019-10-13 23:00:00,12.19379997253418
2019-10-13 23:15:00,11.08530044555664
2019-10-13 23:30:00,9.976799964904783
2019-10-13 23:45:00,8.868200302124023
2019-10-14 00:00:00,8.868200302124023
2019-10-14 00:15:00,11.08530044555664
2019-10-14 00:30:00,11.08530044555664
2019-10-14 00:45:00,8.868200302124023
2019-10-14 01:00:00,8.868200302124023
2019-10-14 01:15:00,9.976799964904783
2019-10-14 01:30:00,8.868200302124023
2019-10-14 01:45:00,7.759699821472168
2019-10-14 02:00:00,8.868200302124023
2019-10-14 02:15:00,8.868200302124023
2019-10-14 02:30:00,6.651199817657471
2019-10-14 02:45:00,8.868200302124023
2019-10-14 03:00:00,6.651199817657471
2019-10-14 03:15:00,167.6321561144133
2019-10-14 03:30:00,167.6321561144133
2019-10-14 03:45:00,167.6321561144133
2019-10-14 04:00:00,167.6321561144133
2019-10-14 04:15:00,167.6321561144133
2019-10-14 04:30:00,167.6321561144133
2019-10-14 04:45:00,167.6321561144133
2019-10-14 05:00:00,167.6321561144133
2019-10-14 05:15:00,167.6321561144133
2019-10-14 05:30:00,167.6321561144133
2019-10-14 05:45:00,167.6321561144133
2019-10-14 06:00:00,167.6321561144133
2019-10-14 06:15:00,167.6321561144133
2019-10-14 06:30:00,167.6321561144133
2019-10-14 06:45:00,167.6321561144133
2019-10-14 07:00:00,167.6321561144133
2019-10-14 07:15:00,167.6321561144133
2019-10-14 07:30:00,167.6321561144133
2019-10-14 07:45:00,167.6321561144133
2019-10-14 08:00:00,167.6321561144133
2019-10-14 08:15:00,167.6321561144133
2019-10-14 08:30:00,167.6321561144133
2019-10-14 08:45:00,167.6321561144133
2019-10-14 09:00:00,167.6321561144133
2019-10-14 09:15:00,167.6321561144133
2019-10-14 09:30:00,167.6321561144133
2019-10-14 09:45:00,167.6321561144133
2019-10-14 10:00:00,167.6321561144133
2019-10-14 10:15:00,167.6321561144133
2019-10-14 10:30:00,167.6321561144133
2019-10-14 10:45:00,167.6321561144133
2019-10-14 11:00:00,167.6321561144133
2019-10-14 11:15:00,167.6321561144133
2019-10-14 11:30:00,167.6321561144133
2019-10-14 11:45:00,167.6321561144133
2019-10-14 12:00:00,167.6321561144133
2019-10-14 12:15:00,167.6321561144133
2019-10-14 12:30:00,167.6321561144133
2019-10-14 12:45:00,167.6321561144133
2019-10-14 13:00:00,167.6321561144133
2019-10-14 13:15:00,167.6321561144133
2019-10-14 13:30:00,167.6321561144133
2019-10-14 13:45:00,167.6321561144133
2019-10-14 14:00:00,167.6321561144133
2019-10-14 14:15:00,167.6321561144133
2019-10-14 14:30:00,167.6321561144133
2019-10-14 14:45:00,167.6321561144133
2019-10-14 15:00:00,167.6321561144133
2019-10-14 15:15:00,167.6321561144133
2019-10-14 15:30:00,167.6321561144133
2019-10-14 15:45:00,394.6362915039063
2019-10-14 16:00:00,364.70599365234375
2019-10-14 16:15:00,362.489013671875
2019-10-14 16:30:00,368.0315856933594
2019-10-14 16:45:00,383.5509948730469
2019-10-14 17:00:00,383.5509948730469
2019-10-14 17:15:00,385.7680969238281
2019-10-14 17:30:00,333.6672058105469
2019-10-14 17:45:00,225.03140258789065
2019-10-14 18:00:00,181.79879760742188
2019-10-14 18:15:00,164.0623016357422
2019-10-14 18:30:00,168.49639892578125
2019-10-14 18:45:00,190.66700744628903
2019-10-14 19:00:00,192.88409423828125
2019-10-14 19:15:00,191.77549743652344
2019-10-14 19:30:00,182.9073028564453
2019-10-14 19:45:00,155.19410705566406
2019-10-14 20:00:00,140.783203125
2019-10-14 20:15:00,129.69790649414062
2019-10-14 20:30:00,136.34910583496094
2019-10-14 20:45:00,127.48079681396484
2019-10-14 21:00:00,95.33350372314452
2019-10-14 21:15:00,87.57379913330078
2019-10-14 21:30:00,85.35669708251953
2019-10-14 21:45:00,100.8760986328125
2019-10-14 22:00:00,97.55059814453124
2019-10-14 22:15:00,68.72879791259766
2019-10-14 22:30:00,62.077598571777344
2019-10-14 22:45:00,58.75199890136719
2019-10-14 23:00:00,167.6321561144133
2019-10-14 23:15:00,167.6321561144133
2019-10-14 23:30:00,167.6321561144133
2019-10-14 23:45:00,167.6321561144133
2019-10-15 00:00:00,167.6321561144133
2019-10-15 00:15:00,167.6321561144133
2019-10-15 00:30:00,167.6321561144133
2019-10-15 00:45:00,167.6321561144133
2019-10-15 01:00:00,167.6321561144133
2019-10-15 01:15:00,167.6321561144133
2019-10-15 01:30:00,167.6321561144133
2019-10-15 01:45:00,167.6321561144133
2019-10-15 02:00:00,167.6321561144133
2019-10-15 02:15:00,167.6321561144133
2019-10-15 02:30:00,167.6321561144133
2019-10-15 02:45:00,167.6321561144133
2019-10-15 03:00:00,167.6321561144133
2019-10-15 03:15:00,167.6321561144133
2019-10-15 03:30:00,167.6321561144133
2019-10-15 03:45:00,167.6321561144133
2019-10-15 04:00:00,167.6321561144133
2019-10-15 04:15:00,167.6321561144133
2019-10-15 04:30:00,167.6321561144133
2019-10-15 04:45:00,167.6321561144133
2019-10-15 05:00:00,167.6321561144133
2019-10-15 05:15:00,167.6321561144133
2019-10-15 05:30:00,167.6321561144133
2019-10-15 05:45:00,167.6321561144133
2019-10-15 06:00:00,167.6321561144133
2019-10-15 06:15:00,167.6321561144133
2019-10-15 06:30:00,167.6321561144133
2019-10-15 06:45:00,167.6321561144133
2019-10-15 07:00:00,167.6321561144133
2019-10-15 07:15:00,167.6321561144133
2019-10-15 07:30:00,167.6321561144133
2019-10-15 07:45:00,167.6321561144133
2019-10-15 08:00:00,167.6321561144133
2019-10-15 08:15:00,167.6321561144133
2019-10-15 08:30:00,167.6321561144133
2019-10-15 08:45:00,167.6321561144133
2019-10-15 09:00:00,167.6321561144133
2019-10-15 09:15:00,167.6321561144133
2019-10-15 09:30:00,167.6321561144133
2019-10-15 09:45:00,167.6321561144133
2019-10-15 10:00:00,167.6321561144133
2019-10-15 10:15:00,167.6321561144133
2019-10-15 10:30:00,167.6321561144133
2019-10-15 10:45:00,167.6321561144133
2019-10-15 11:00:00,167.6321561144133
2019-10-15 11:15:00,167.6321561144133
2019-10-15 11:30:00,387.9851989746094
2019-10-15 11:45:00,356.9462890625
2019-10-15 12:00:00,293.7601928710937
2019-10-15 12:15:00,209.51199340820312
2019-10-15 12:30:00,212.8376007080078
2019-10-15 12:45:00,339.2098999023437
2019-10-15 13:00:00,370.2486877441406
2019-10-15 13:15:00,379.1169128417969
2019-10-15 13:30:00,399.0704040527344
2019-10-15 13:45:00,410.15570068359375
2019-10-15 14:00:00,167.6321561144133
2019-10-15 14:15:00,167.6321561144133
2019-10-15 14:30:00,167.6321561144133
2019-10-15 14:45:00,167.6321561144133
2019-10-15 15:00:00,167.6321561144133
2019-10-15 15:15:00,167.6321561144133
2019-10-15 15:30:00,167.6321561144133
2019-10-15 15:45:00,167.6321561144133
2019-10-15 16:00:00,167.6321561144133
2019-10-15 16:15:00,167.6321561144133
2019-10-15 16:30:00,167.6321561144133
2019-10-15 16:45:00,167.6321561144133
2019-10-15 17:00:00,167.6321561144133
2019-10-15 17:15:00,167.6321561144133
2019-10-15 17:30:00,167.6321561144133
2019-10-15 17:45:00,167.6321561144133
2019-10-15 18:00:00,167.6321561144133
2019-10-15 18:15:00,167.6321561144133
2019-10-15 18:30:00,167.6321561144133
2019-10-15 18:45:00,167.6321561144133
2019-10-15 19:00:00,167.6321561144133
2019-10-15 19:15:00,167.6321561144133
2019-10-15 19:30:00,167.6321561144133
2019-10-15 19:45:00,167.6321561144133
2019-10-15 20:00:00,167.6321561144133
2019-10-15 20:15:00,167.6321561144133
2019-10-15 20:30:00,167.6321561144133
2019-10-15 20:45:00,167.6321561144133
2019-10-15 21:00:00,167.6321561144133
2019-10-15 21:15:00,167.6321561144133
2019-10-15 21:30:00,167.6321561144133
2019-10-15 21:45:00,167.6321561144133
2019-10-15 22:00:00,167.6321561144133
2019-10-15 22:15:00,167.6321561144133
2019-10-15 22:30:00,167.6321561144133
2019-10-15 22:45:00,167.6321561144133
2019-10-15 23:00:00,167.6321561144133
2019-10-15 23:15:00,167.6321561144133
2019-10-15 23:30:00,167.6321561144133
2019-10-15 23:45:00,167.6321561144133
2019-10-16 00:00:00,167.6321561144133
2019-10-16 00:15:00,167.6321561144133
2019-10-16 00:30:00,167.6321561144133
2019-10-16 00:45:00,167.6321561144133
2019-10-16 01:00:00,167.6321561144133
2019-10-16 01:15:00,167.6321561144133
2019-10-16 01:30:00,167.6321561144133
2019-10-16 01:45:00,167.6321561144133
2019-10-16 02:00:00,167.6321561144133
2019-10-16 02:15:00,167.6321561144133
2019-10-16 02:30:00,8.868200302124023
2019-10-16 02:45:00,7.759699821472168
2019-10-16 03:00:00,5.542600154876709
2019-10-16 03:15:00,6.651199817657471
2019-10-16 03:30:00,5.542600154876709
2019-10-16 03:45:00,5.542600154876709
2019-10-16 04:00:00,4.434100151062012
2019-10-16 04:15:00,5.542600154876709
2019-10-16 04:30:00,5.542600154876709
2019-10-16 04:45:00,5.542600154876709
2019-10-16 05:00:00,3.325599908828736
2019-10-16 05:15:00,5.542600154876709
2019-10-16 05:30:00,5.542600154876709
2019-10-16 05:45:00,4.434100151062012
2019-10-16 06:00:00,7.759699821472168
2019-10-16 06:15:00,6.651199817657471
2019-10-16 06:30:00,11.08530044555664
2019-10-16 06:45:00,9.976799964904783
2019-10-16 07:00:00,8.868200302124023
2019-10-16 07:15:00,7.759699821472168
2019-10-16 07:30:00,42.12409973144531
2019-10-16 07:45:00,103.09320068359376
2019-10-16 08:00:00,147.4344024658203
2019-10-16 08:15:00,231.6826019287109
2019-10-16 08:30:00,288.2174987792969
2019-10-16 08:45:00,345.8611145019531
2019-10-16 09:00:00,382.4425048828125
2019-10-16 09:15:00,436.7604064941406
2019-10-16 09:30:00,183.20120239257807
2019-10-16 09:45:00,404.6130981445313
2019-10-16 10:00:00,378.0083923339844
2019-10-16 10:15:00,407.9386901855469
2019-10-16 10:30:00,407.9386901855469
2019-10-16 10:45:00,423.4580993652344
2019-10-16 11:00:00,182.5627899169922
2019-10-16 11:15:00,407.9386901855469
2019-10-16 11:30:00,399.0704040527344
2019-10-16 11:45:00,349.1866149902344
2019-10-16 12:00:00,315.9307861328125
2019-10-16 12:15:00,211.72900390625
2019-10-16 12:30:00,210.62049865722656
2019-10-16 12:45:00,294.86871337890625
2019-10-16 13:00:00,167.6321561144133
2019-10-16 13:15:00,167.6321561144133
2019-10-16 13:30:00,167.6321561144133
2019-10-16 13:45:00,167.6321561144133
2019-10-16 14:00:00,167.6321561144133
2019-10-16 14:15:00,167.6321561144133
2019-10-16 14:30:00,167.6321561144133
2019-10-16 14:45:00,167.6321561144133
2019-10-16 15:00:00,167.6321561144133
2019-10-16 15:15:00,167.6321561144133
2019-10-16 15:30:00,167.6321561144133
2019-10-16 15:45:00,167.6321561144133
2019-10-16 16:00:00,167.6321561144133
2019-10-16 16:15:00,167.6321561144133
2019-10-16 16:30:00,167.6321561144133
2019-10-16 16:45:00,167.6321561144133
2019-10-16 17:00:00,167.6321561144133
2019-10-16 17:15:00,167.6321561144133
2019-10-16 17:30:00,167.6321561144133
2019-10-16 17:45:00,167.6321561144133
2019-10-16 18:00:00,167.6321561144133
2019-10-16 18:15:00,167.6321561144133
2019-10-16 18:30:00,167.6321561144133
2019-10-16 18:45:00,167.6321561144133
2019-10-16 19:00:00,167.6321561144133
2019-10-16 19:15:00,167.6321561144133
2019-10-16 19:30:00,167.6321561144133
2019-10-16 19:45:00,167.6321561144133
2019-10-16 20:00:00,167.6321561144133
2019-10-16 20:15:00,167.6321561144133
2019-10-16 20:30:00,167.6321561144133
2019-10-16 20:45:00,167.6321561144133
2019-10-16 21:00:00,167.6321561144133
2019-10-16 21:15:00,167.6321561144133
2019-10-16 21:30:00,167.6321561144133
2019-10-16 21:45:00,167.6321561144133
2019-10-16 22:00:00,167.6321561144133
2019-10-16 22:15:00,167.6321561144133
2019-10-16 22:30:00,167.6321561144133
2019-10-16 22:45:00,167.6321561144133
2019-10-16 23:00:00,167.6321561144133
2019-10-16 23:15:00,167.6321561144133
2019-10-16 23:30:00,167.6321561144133
2019-10-16 23:45:00,167.6321561144133
2019-10-17 00:00:00,167.6321561144133
2019-10-17 00:15:00,167.6321561144133
2019-10-17 00:30:00,167.6321561144133
2019-10-17 00:45:00,167.6321561144133
2019-10-17 01:00:00,167.6321561144133
2019-10-17 01:15:00,167.6321561144133
2019-10-17 01:30:00,8.868200302124023
2019-10-17 01:45:00,8.868200302124023
2019-10-17 02:00:00,8.868200302124023
2019-10-17 02:15:00,6.651199817657471
2019-10-17 02:30:00,5.542600154876709
2019-10-17 02:45:00,5.542600154876709
2019-10-17 03:00:00,5.542600154876709
2019-10-17 03:15:00,5.542600154876709
2019-10-17 03:30:00,4.434100151062012
2019-10-17 03:45:00,4.434100151062012
2019-10-17 04:00:00,4.434100151062012
2019-10-17 04:15:00,5.542600154876709
2019-10-17 04:30:00,5.542600154876709
2019-10-17 04:45:00,3.325599908828736
2019-10-17 05:00:00,3.325599908828736
2019-10-17 05:15:00,5.542600154876709
2019-10-17 05:30:00,5.542600154876709
2019-10-17 05:45:00,6.651199817657471
2019-10-17 06:00:00,5.542600154876709
2019-10-17 06:15:00,11.08530044555664
2019-10-17 06:30:00,8.868200302124023
2019-10-17 06:45:00,8.868200302124023
2019-10-17 07:00:00,6.651199817657471
2019-10-17 07:15:00,8.868200302124023
2019-10-17 07:30:00,52.10089874267578
2019-10-17 07:45:00,168.49639892578125
2019-10-17 08:00:00,195.10110473632807
2019-10-17 08:15:00,233.89959716796875
2019-10-17 08:30:00,299.30279541015625
2019-10-17 08:45:00,363.5975036621094
2019-10-17 09:00:00,339.2098999023437
2019-10-17 09:15:00,338.1014099121094
2019-10-17 09:30:00,354.72930908203125
2019-10-17 09:45:00,345.8611145019531
2019-10-17 10:00:00,359.16339111328125
2019-10-17 10:15:00,416.806884765625
2019-10-17 10:30:00,175.90609741210938
2019-10-17 10:45:00,413.4812927246094
2019-10-17 11:00:00,431.2178039550781
2019-10-17 11:15:00,420.1325073242188
2019-10-17 11:30:00,409.0472106933594
2019-10-17 11:45:00,371.3572082519531
2019-10-17 12:00:00,346.9696044921875
2019-10-17 12:15:00,220.5973052978516
2019-10-17 12:30:00,219.4886932373047
2019-10-17 12:45:00,349.1866149902344
2019-10-17 13:00:00,381.3340148925781
2019-10-17 13:15:00,404.6130981445313
2019-10-17 13:30:00,406.8302001953125
2019-10-17 13:45:00,391.3106994628906
2019-10-17 14:00:00,372.4657897949219
2019-10-17 14:15:00,381.3340148925781
2019-10-17 14:30:00,375.7912902832031
2019-10-17 14:45:00,381.3340148925781
2019-10-17 15:00:00,380.2254943847656
2019-10-17 15:15:00,395.7449035644531
2019-10-17 15:30:00,384.65960693359375
2019-10-17 15:45:00,381.3340148925781
2019-10-17 16:00:00,372.4657897949219
2019-10-17 16:15:00,395.7449035644531
2019-10-17 16:30:00,402.39599609375
2019-10-17 16:45:00,405.7215881347656
2019-10-17 17:00:00,402.39599609375
2019-10-17 17:15:00,413.4812927246094
2019-10-17 17:30:00,335.8843078613281
2019-10-17 17:45:00,288.2174987792969
2019-10-17 18:00:00,167.6321561144133
2019-10-17 18:15:00,167.6321561144133
2019-10-17 18:30:00,167.6321561144133
2019-10-17 18:45:00,167.6321561144133
2019-10-17 19:00:00,167.6321561144133
2019-10-17 19:15:00,167.6321561144133
2019-10-17 19:30:00,167.6321561144133
2019-10-17 19:45:00,167.6321561144133
2019-10-17 20:00:00,167.6321561144133
2019-10-17 20:15:00,167.6321561144133
2019-10-17 20:30:00,167.6321561144133
2019-10-17 20:45:00,167.6321561144133
2019-10-17 21:00:00,167.6321561144133
2019-10-17 21:15:00,167.6321561144133
2019-10-17 21:30:00,167.6321561144133
2019-10-17 21:45:00,167.6321561144133
2019-10-17 22:00:00,167.6321561144133
2019-10-17 22:15:00,167.6321561144133
2019-10-17 22:30:00,167.6321561144133
2019-10-17 22:45:00,167.6321561144133
2019-10-17 23:00:00,167.6321561144133
2019-10-17 23:15:00,167.6321561144133
2019-10-17 23:30:00,167.6321561144133
2019-10-17 23:45:00,167.6321561144133
2019-10-18 00:00:00,167.6321561144133
2019-10-18 00:15:00,167.6321561144133
2019-10-18 00:30:00,167.6321561144133
2019-10-18 00:45:00,167.6321561144133
2019-10-18 01:00:00,167.6321561144133
2019-10-18 01:15:00,167.6321561144133
2019-10-18 01:30:00,167.6321561144133
2019-10-18 01:45:00,167.6321561144133
2019-10-18 02:00:00,167.6321561144133
2019-10-18 02:15:00,167.6321561144133
2019-10-18 02:30:00,167.6321561144133
2019-10-18 02:45:00,167.6321561144133
2019-10-18 03:00:00,167.6321561144133
2019-10-18 03:15:00,167.6321561144133
2019-10-18 03:30:00,167.6321561144133
2019-10-18 03:45:00,167.6321561144133
2019-10-18 04:00:00,167.6321561144133
2019-10-18 04:15:00,167.6321561144133
2019-10-18 04:30:00,167.6321561144133
2019-10-18 04:45:00,167.6321561144133
2019-10-18 05:00:00,167.6321561144133
2019-10-18 05:15:00,167.6321561144133
2019-10-18 05:30:00,167.6321561144133
2019-10-18 05:45:00,167.6321561144133
2019-10-18 06:00:00,167.6321561144133
2019-10-18 06:15:00,167.6321561144133
2019-10-18 06:30:00,6.651199817657471
2019-10-18 06:45:00,8.868200302124023
2019-10-18 07:00:00,7.759699821472168
2019-10-18 07:15:00,9.976799964904783
2019-10-18 07:30:00,26.604700088500977
2019-10-18 07:45:00,172.9304962158203
2019-10-18 08:00:00,192.88409423828125
2019-10-18 08:15:00,268.2640075683594
2019-10-18 08:30:00,334.7757873535156
2019-10-18 08:45:00,352.51220703125
2019-10-18 09:00:00,397.9619140625
2019-10-18 09:15:00,396.8533935546875
2019-10-18 09:30:00,429.0007019042969
2019-10-18 09:45:00,412.372802734375
2019-10-18 10:00:00,382.4425048828125
2019-10-18 10:15:00,402.39599609375
2019-10-18 10:30:00,413.4812927246094
2019-10-18 10:45:00,397.9619140625
2019-10-18 11:00:00,402.39599609375
2019-10-18 11:15:00,411.2643127441406
2019-10-18 11:30:00,395.7449035644531
2019-10-18 11:45:00,375.7912902832031
2019-10-18 12:00:00,299.30279541015625
2019-10-18 12:15:00,193.9925994873047
2019-10-18 12:30:00,187.3414001464844
2019-10-18 12:45:00,279.34930419921875
2019-10-18 13:00:00,364.70599365234375
2019-10-18 13:15:00,386.8765869140625
2019-10-18 13:30:00,405.7215881347656
2019-10-18 13:45:00,413.4812927246094
2019-10-18 14:00:00,392.4193115234375
2019-10-18 14:15:00,369.1401977539063
2019-10-18 14:30:00,375.7912902832031
2019-10-18 14:45:00,384.65960693359375
2019-10-18 15:00:00,402.39599609375
2019-10-18 15:15:00,407.9386901855469
2019-10-18 15:30:00,380.2254943847656
2019-10-18 15:45:00,400.1789855957031
2019-10-18 16:00:00,402.39599609375
2019-10-18 16:15:00,385.7680969238281
2019-10-18 16:30:00,405.7215881347656
2019-10-18 16:45:00,427.8922119140625
2019-10-18 17:00:00,183.26524353027344
2019-10-18 17:15:00,423.4580993652344
2019-10-18 17:30:00,401.2875061035156
2019-10-18 17:45:00,286.00048828125
2019-10-18 18:00:00,205.0778961181641
2019-10-18 18:15:00,191.77549743652344
2019-10-18 18:30:00,177.36459350585938
2019-10-18 18:45:00,165.17080688476562
2019-10-18 19:00:00,148.5428924560547
2019-10-18 19:15:00,138.56610107421875
2019-10-18 19:30:00,111.9614028930664
2019-10-18 19:45:00,109.74440002441406
2019-10-18 20:00:00,104.20169830322266
2019-10-18 20:15:00,94.2249984741211
2019-10-18 20:30:00,83.13970184326172
2019-10-18 20:45:00,84.24819946289062
2019-10-18 21:00:00,167.6321561144133
2019-10-18 21:15:00,167.6321561144133
2019-10-18 21:30:00,167.6321561144133
2019-10-18 21:45:00,167.6321561144133
2019-10-18 22:00:00,167.6321561144133
2019-10-18 22:15:00,167.6321561144133
2019-10-18 22:30:00,167.6321561144133
2019-10-18 22:45:00,167.6321561144133
2019-10-18 23:00:00,167.6321561144133
2019-10-18 23:15:00,167.6321561144133
2019-10-18 23:30:00,167.6321561144133
2019-10-18 23:45:00,167.6321561144133
2019-10-19 00:00:00,167.6321561144133
2019-10-19 00:15:00,167.6321561144133
2019-10-19 00:30:00,167.6321561144133
2019-10-19 00:45:00,167.6321561144133
2019-10-19 01:00:00,167.6321561144133
2019-10-19 01:15:00,167.6321561144133
2019-10-19 01:30:00,167.6321561144133
2019-10-19 01:45:00,167.6321561144133
2019-10-19 02:00:00,167.6321561144133
2019-10-19 02:15:00,167.6321561144133
2019-10-19 02:30:00,167.6321561144133
2019-10-19 02:45:00,167.6321561144133
2019-10-19 03:00:00,167.6321561144133
2019-10-19 03:15:00,167.6321561144133
2019-10-19 03:30:00,167.6321561144133
2019-10-19 03:45:00,167.6321561144133
2019-10-19 04:00:00,167.6321561144133
2019-10-19 04:15:00,167.6321561144133
2019-10-19 04:30:00,167.6321561144133
2019-10-19 04:45:00,167.6321561144133
2019-10-19 05:00:00,167.6321561144133
2019-10-19 05:15:00,167.6321561144133
2019-10-19 05:30:00,167.6321561144133
2019-10-19 05:45:00,167.6321561144133
2019-10-19 06:00:00,167.6321561144133
2019-10-19 06:15:00,167.6321561144133
2019-10-19 06:30:00,167.6321561144133
2019-10-19 06:45:00,167.6321561144133
2019-10-19 07:00:00,167.6321561144133
2019-10-19 07:15:00,167.6321561144133
2019-10-19 07:30:00,167.6321561144133
2019-10-19 07:45:00,167.6321561144133
2019-10-19 08:00:00,167.6321561144133
2019-10-19 08:15:00,167.6321561144133
2019-10-19 08:30:00,167.6321561144133
2019-10-19 08:45:00,167.6321561144133
2019-10-19 09:00:00,167.6321561144133
2019-10-19 09:15:00,167.6321561144133
2019-10-19 09:30:00,317.039306640625
2019-10-19 09:45:00,331.4501953125
2019-10-19 10:00:00,324.79901123046875
2019-10-19 10:15:00,342.5354919433594
2019-10-19 10:30:00,345.8611145019531
2019-10-19 10:45:00,324.79901123046875
2019-10-19 11:00:00,338.1014099121094
2019-10-19 11:15:00,348.0780944824219
2019-10-19 11:30:00,330.34161376953125
2019-10-19 11:45:00,313.7137145996094
2019-10-19 12:00:00,262.7214050292969
2019-10-19 12:15:00,154.0854949951172
2019-10-19 12:30:00,160.7366943359375
2019-10-19 12:45:00,244.98489379882807
2019-10-19 13:00:00,291.5430908203125
2019-10-19 13:15:00,314.8222045898437
2019-10-19 13:30:00,307.0625
2019-10-19 13:45:00,321.473388671875
2019-10-19 14:00:00,301.5198974609375
2019-10-19 14:15:00,302.6283874511719
2019-10-19 14:30:00,314.8222045898437
2019-10-19 14:45:00,283.78338623046875
2019-10-19 15:00:00,290.4346008300781
2019-10-19 15:15:00,298.1943054199219
2019-10-19 15:30:00,328.1246032714844
2019-10-19 15:45:00,311.4967041015625
2019-10-19 16:00:00,300.4114074707031
2019-10-19 16:15:00,310.3880920410156
2019-10-19 16:30:00,304.8454895019531
2019-10-19 16:45:00,307.0625
2019-10-19 17:00:00,304.8454895019531
2019-10-19 17:15:00,290.4346008300781
2019-10-19 17:30:00,257.1787109375
2019-10-19 17:45:00,195.10110473632807
2019-10-19 18:00:00,147.4344024658203
2019-10-19 18:15:00,117.50409698486328
2019-10-19 18:30:00,85.35669708251953
2019-10-19 18:45:00,107.5272979736328
2019-10-19 19:00:00,109.74440002441406
2019-10-19 19:15:00,111.9614028930664
2019-10-19 19:30:00,111.9614028930664
2019-10-19 19:45:00,109.74440002441406
2019-10-19 20:00:00,109.74440002441406
2019-10-19 20:15:00,101.98470306396484
2019-10-19 20:30:00,86.46530151367188
2019-10-19 20:45:00,56.53499984741211
2019-10-19 21:00:00,47.66669845581055
2019-10-19 21:15:00,46.55820083618164
2019-10-19 21:30:00,37.68999862670898
2019-10-19 21:45:00,24.38759994506836
2019-10-19 22:00:00,8.868200302124023
2019-10-19 22:15:00,8.868200302124023
2019-10-19 22:30:00,17.736499786376953
2019-10-19 22:45:00,15.519399642944336
2019-10-19 23:00:00,14.410900115966797
2019-10-19 23:15:00,14.410900115966797
2019-10-19 23:30:00,12.19379997253418
2019-10-19 23:45:00,14.410900115966797
2019-10-20 00:00:00,12.19379997253418
2019-10-20 00:15:00,7.759699821472168
2019-10-20 00:30:00,4.434100151062012
2019-10-20 00:45:00,5.542600154876709
2019-10-20 01:00:00,5.542600154876709
2019-10-20 01:15:00,5.542600154876709
2019-10-20 01:30:00,3.325599908828736
2019-10-20 01:45:00,5.542600154876709
2019-10-20 02:00:00,5.542600154876709
2019-10-20 02:15:00,4.434100151062012
2019-10-20 02:30:00,4.434100151062012
2019-10-20 02:45:00,3.325599908828736
2019-10-20 03:00:00,5.542600154876709
2019-10-20 03:15:00,4.434100151062012
2019-10-20 03:30:00,4.434100151062012
2019-10-20 03:45:00,4.434100151062012
2019-10-20 04:00:00,5.542600154876709
2019-10-20 04:15:00,5.542600154876709
2019-10-20 04:30:00,3.325599908828736
2019-10-20 04:45:00,5.542600154876709
2019-10-20 05:00:00,3.325599908828736
2019-10-20 05:15:00,5.542600154876709
2019-10-20 05:30:00,3.325599908828736
2019-10-20 05:45:00,3.325599908828736
2019-10-20 06:00:00,5.542600154876709
2019-10-20 06:15:00,7.759699821472168
2019-10-20 06:30:00,9.976799964904783
2019-10-20 06:45:00,11.08530044555664
2019-10-20 07:00:00,6.651199817657471
2019-10-20 07:15:00,8.868200302124023
2019-10-20 07:30:00,26.604700088500977
2019-10-20 07:45:00,99.7676010131836
2019-10-20 08:00:00,121.93820190429688
2019-10-20 08:15:00,124.1552963256836
2019-10-20 08:30:00,229.4654998779297
2019-10-20 08:45:00,263.82989501953125
2019-10-20 09:00:00,301.5198974609375
2019-10-20 09:15:00,294.86871337890625
2019-10-20 09:30:00,167.6321561144133
2019-10-20 09:45:00,167.6321561144133
2019-10-20 10:00:00,167.6321561144133
2019-10-20 10:15:00,167.6321561144133
2019-10-20 10:30:00,167.6321561144133
2019-10-20 10:45:00,167.6321561144133
2019-10-20 11:00:00,167.6321561144133
2019-10-20 11:15:00,167.6321561144133
2019-10-20 11:30:00,167.6321561144133
2019-10-20 11:45:00,167.6321561144133
2019-10-20 12:00:00,167.6321561144133
2019-10-20 12:15:00,167.6321561144133
2019-10-20 12:30:00,167.6321561144133
2019-10-20 12:45:00,167.6321561144133
2019-10-20 13:00:00,167.6321561144133
2019-10-20 13:15:00,167.6321561144133
2019-10-20 13:30:00,167.6321561144133
2019-10-20 13:45:00,167.6321561144133
2019-10-20 14:00:00,167.6321561144133
2019-10-20 14:15:00,167.6321561144133
2019-10-20 14:30:00,167.6321561144133
2019-10-20 14:45:00,167.6321561144133
2019-10-20 15:00:00,167.6321561144133
2019-10-20 15:15:00,167.6321561144133
2019-10-20 15:30:00,167.6321561144133
2019-10-20 15:45:00,167.6321561144133
2019-10-20 16:00:00,167.6321561144133
2019-10-20 16:15:00,167.6321561144133
2019-10-20 16:30:00,167.6321561144133
2019-10-20 16:45:00,167.6321561144133
2019-10-20 17:00:00,167.6321561144133
2019-10-20 17:15:00,167.6321561144133
2019-10-20 17:30:00,167.6321561144133
2019-10-20 17:45:00,167.6321561144133
2019-10-20 18:00:00,167.6321561144133
2019-10-20 18:15:00,167.6321561144133
2019-10-20 18:30:00,167.6321561144133
2019-10-20 18:45:00,167.6321561144133
2019-10-20 19:00:00,167.6321561144133
2019-10-20 19:15:00,167.6321561144133
2019-10-20 19:30:00,167.6321561144133
2019-10-20 19:45:00,167.6321561144133
2019-10-20 20:00:00,167.6321561144133
2019-10-20 20:15:00,167.6321561144133
2019-10-20 20:30:00,167.6321561144133
2019-10-20 20:45:00,167.6321561144133
2019-10-20 21:00:00,167.6321561144133
2019-10-20 21:15:00,167.6321561144133
2019-10-20 21:30:00,167.6321561144133
2019-10-20 21:45:00,167.6321561144133
2019-10-20 22:00:00,44.34120178222656
2019-10-20 22:15:00,43.23260116577149
2019-10-20 22:30:00,18.84499931335449
2019-10-20 22:45:00,13.302300453186035
2019-10-20 23:00:00,6.651199817657471
2019-10-20 23:15:00,5.542600154876709
2019-10-20 23:30:00,6.651199817657471
2019-10-20 23:45:00,8.868200302124023
2019-10-21 00:00:00,7.759699821472168
2019-10-21 00:15:00,6.651199817657471
2019-10-21 00:30:00,6.651199817657471
2019-10-21 00:45:00,7.759699821472168
2019-10-21 01:00:00,5.542600154876709
2019-10-21 01:15:00,4.434100151062012
2019-10-21 01:30:00,5.542600154876709
2019-10-21 01:45:00,7.759699821472168
2019-10-21 02:00:00,4.434100151062012
2019-10-21 02:15:00,5.542600154876709
2019-10-21 02:30:00,5.542600154876709
2019-10-21 02:45:00,5.542600154876709
2019-10-21 03:00:00,3.325599908828736
2019-10-21 03:15:00,5.542600154876709
2019-10-21 03:30:00,5.542600154876709
2019-10-21 03:45:00,3.325599908828736
2019-10-21 04:00:00,5.542600154876709
2019-10-21 04:15:00,4.434100151062012
2019-10-21 04:30:00,4.434100151062012
2019-10-21 04:45:00,3.325599908828736
2019-10-21 05:00:00,5.542600154876709
2019-10-21 05:15:00,3.325599908828736
2019-10-21 05:30:00,6.651199817657471
2019-10-21 05:45:00,3.325599908828736
2019-10-21 06:00:00,5.542600154876709
2019-10-21 06:15:00,7.759699821472168
2019-10-21 06:30:00,9.976799964904783
2019-10-21 06:45:00,7.759699821472168
2019-10-21 07:00:00,6.651199817657471
2019-10-21 07:15:00,6.651199817657471
2019-10-21 07:30:00,28.8218002319336
2019-10-21 07:45:00,165.17080688476562
2019-10-21 08:00:00,182.9073028564453
2019-10-21 08:15:00,251.63609313964844
2019-10-21 08:30:00,298.1943054199219
2019-10-21 08:45:00,350.2951965332031
2019-10-21 09:00:00,380.2254943847656
2019-10-21 09:15:00,413.4812927246094
2019-10-21 09:30:00,423.4580993652344
2019-10-21 09:45:00,420.1325073242188
2019-10-21 10:00:00,395.7449035644531
2019-10-21 10:15:00,387.9851989746094
2019-10-21 10:30:00,410.15570068359375
2019-10-21 10:45:00,402.39599609375
2019-10-21 11:00:00,401.2875061035156
2019-10-21 11:15:00,407.9386901855469
2019-10-21 11:30:00,146.0371551513672
2019-10-21 11:45:00,390.20220947265625
2019-10-21 12:00:00,321.473388671875
2019-10-21 12:15:00,225.03140258789065
2019-10-21 12:30:00,216.16319274902344
2019-10-21 12:45:00,315.9307861328125
2019-10-21 13:00:00,379.1169128417969
2019-10-21 13:15:00,386.8765869140625
2019-10-21 13:30:00,401.2875061035156
2019-10-21 13:45:00,386.8765869140625
2019-10-21 14:00:00,387.9851989746094
2019-10-21 14:15:00,395.7449035644531
2019-10-21 14:30:00,407.9386901855469
2019-10-21 14:45:00,167.6321561144133
2019-10-21 15:00:00,167.6321561144133
2019-10-21 15:15:00,167.6321561144133
2019-10-21 15:30:00,167.6321561144133
2019-10-21 15:45:00,167.6321561144133
2019-10-21 16:00:00,167.6321561144133
2019-10-21 16:15:00,167.6321561144133
2019-10-21 16:30:00,167.6321561144133
2019-10-21 16:45:00,167.6321561144133
2019-10-21 17:00:00,167.6321561144133
2019-10-21 17:15:00,167.6321561144133
2019-10-21 17:30:00,167.6321561144133
2019-10-21 17:45:00,167.6321561144133
2019-10-21 18:00:00,167.6321561144133
2019-10-21 18:15:00,167.6321561144133
2019-10-21 18:30:00,167.6321561144133
2019-10-21 18:45:00,167.6321561144133
2019-10-21 19:00:00,167.6321561144133
2019-10-21 19:15:00,167.6321561144133
2019-10-21 19:30:00,167.6321561144133
2019-10-21 19:45:00,167.6321561144133
2019-10-21 20:00:00,167.6321561144133
2019-10-21 20:15:00,167.6321561144133
2019-10-21 20:30:00,167.6321561144133
2019-10-21 20:45:00,167.6321561144133
2019-10-21 21:00:00,167.6321561144133
2019-10-21 21:15:00,167.6321561144133
2019-10-21 21:30:00,167.6321561144133
2019-10-21 21:45:00,167.6321561144133
2019-10-21 22:00:00,167.6321561144133
2019-10-21 22:15:00,167.6321561144133
2019-10-21 22:30:00,167.6321561144133
2019-10-21 22:45:00,167.6321561144133
2019-10-21 23:00:00,167.6321561144133
2019-10-21 23:15:00,167.6321561144133
2019-10-21 23:30:00,167.6321561144133
2019-10-21 23:45:00,167.6321561144133
2019-10-22 00:00:00,167.6321561144133
2019-10-22 00:15:00,167.6321561144133
2019-10-22 00:30:00,167.6321561144133
2019-10-22 00:45:00,167.6321561144133
2019-10-22 01:00:00,167.6321561144133
2019-10-22 01:15:00,167.6321561144133
2019-10-22 01:30:00,167.6321561144133
2019-10-22 01:45:00,167.6321561144133
2019-10-22 02:00:00,167.6321561144133
2019-10-22 02:15:00,167.6321561144133
2019-10-22 02:30:00,167.6321561144133
2019-10-22 02:45:00,167.6321561144133
2019-10-22 03:00:00,167.6321561144133
2019-10-22 03:15:00,5.542600154876709
2019-10-22 03:30:00,4.434100151062012
2019-10-22 03:45:00,4.434100151062012
2019-10-22 04:00:00,4.434100151062012
2019-10-22 04:15:00,5.542600154876709
2019-10-22 04:30:00,3.325599908828736
2019-10-22 04:45:00,5.542600154876709
2019-10-22 05:00:00,5.542600154876709
2019-10-22 05:15:00,3.325599908828736
2019-10-22 05:30:00,5.542600154876709
2019-10-22 05:45:00,5.542600154876709
2019-10-22 06:00:00,6.651199817657471
2019-10-22 06:15:00,7.759699821472168
2019-10-22 06:30:00,9.976799964904783
2019-10-22 06:45:00,11.08530044555664
2019-10-22 07:00:00,8.868200302124023
2019-10-22 07:15:00,8.868200302124023
2019-10-22 07:30:00,32.147300720214844
2019-10-22 07:45:00,172.9304962158203
2019-10-22 08:00:00,209.51199340820312
2019-10-22 08:15:00,251.63609313964844
2019-10-22 08:30:00,312.6051940917969
2019-10-22 08:45:00,360.2719116210937
2019-10-22 09:00:00,354.72930908203125
2019-10-22 09:15:00,405.7215881347656
2019-10-22 09:30:00,407.9386901855469
2019-10-22 09:45:00,179.1283416748047
2019-10-22 10:00:00,431.2178039550781
2019-10-22 10:15:00,176.98739624023438
2019-10-22 10:30:00,174.7895050048828
2019-10-22 10:45:00,427.8922119140625
2019-10-22 11:00:00,423.4580993652344
2019-10-22 11:15:00,369.1401977539063
2019-10-22 11:30:00,381.3340148925781
2019-10-22 11:45:00,333.6672058105469
2019-10-22 12:00:00,283.78338623046875
2019-10-22 12:15:00,232.7911071777344
2019-10-22 12:30:00,221.705795288086
2019-10-22 12:45:00,305.9540100097656
2019-10-22 13:00:00,378.0083923339844
2019-10-22 13:15:00,406.8302001953125
2019-10-22 13:30:00,412.372802734375
2019-10-22 13:45:00,404.6130981445313
2019-10-22 14:00:00,395.7449035644531
2019-10-22 14:15:00,419.0239868164063
2019-10-22 14:30:00,394.6362915039063
2019-10-22 14:45:00,407.9386901855469
2019-10-22 15:00:00,174.76568603515625
2019-10-22 15:15:00,397.9619140625
2019-10-22 15:30:00,385.7680969238281
2019-10-22 15:45:00,397.9619140625
2019-10-22 16:00:00,393.5278015136719
2019-10-22 16:15:00,393.5278015136719
2019-10-22 16:30:00,416.806884765625
2019-10-22 16:45:00,433.434814453125
2019-10-22 17:00:00,437.8689880371094
2019-10-22 17:15:00,431.2178039550781
2019-10-22 17:30:00,399.0704040527344
2019-10-22 17:45:00,299.30279541015625
2019-10-22 18:00:00,228.35699462890625
2019-10-22 18:15:00,159.62820434570312
2019-10-22 18:30:00,146.3258056640625
2019-10-22 18:45:00,128.5894012451172
2019-10-22 19:00:00,135.24049377441406
2019-10-22 19:15:00,126.37229919433594
2019-10-22 19:30:00,118.61260223388672
2019-10-22 19:45:00,116.39550018310548
2019-10-22 20:00:00,106.4188003540039
2019-10-22 20:15:00,103.09320068359376
2019-10-22 20:30:00,115.28700256347656
2019-10-22 20:45:00,109.74440002441406
2019-10-22 21:00:00,97.55059814453124
2019-10-22 21:15:00,88.68229675292969
2019-10-22 21:30:00,84.24819946289062
2019-10-22 21:45:00,83.13970184326172
2019-10-22 22:00:00,74.27140045166016
2019-10-22 22:15:00,64.2947006225586
2019-10-22 22:30:00,35.472900390625
2019-10-22 22:45:00,15.519399642944336
2019-10-22 23:00:00,15.519399642944336
2019-10-22 23:15:00,13.302300453186035
2019-10-22 23:30:00,12.19379997253418
2019-10-22 23:45:00,9.976799964904783
2019-10-23 00:00:00,11.08530044555664
2019-10-23 00:15:00,11.08530044555664
2019-10-23 00:30:00,12.19379997253418
2019-10-23 00:45:00,9.976799964904783
2019-10-23 01:00:00,13.302300453186035
2019-10-23 01:15:00,8.868200302124023
2019-10-23 01:30:00,4.434100151062012
2019-10-23 01:45:00,5.542600154876709
2019-10-23 02:00:00,3.325599908828736
2019-10-23 02:15:00,5.542600154876709
2019-10-23 02:30:00,5.542600154876709
2019-10-23 02:45:00,3.325599908828736
2019-10-23 03:00:00,5.542600154876709
2019-10-23 03:15:00,5.542600154876709
2019-10-23 03:30:00,5.542600154876709
2019-10-23 03:45:00,4.434100151062012
2019-10-23 04:00:00,5.542600154876709
2019-10-23 04:15:00,3.325599908828736
2019-10-23 04:30:00,5.542600154876709
2019-10-23 04:45:00,3.325599908828736
2019-10-23 05:00:00,5.542600154876709
2019-10-23 05:15:00,5.542600154876709
2019-10-23 05:30:00,3.325599908828736
2019-10-23 05:45:00,7.759699821472168
2019-10-23 06:00:00,3.325599908828736
2019-10-23 06:15:00,6.651199817657471
2019-10-23 06:30:00,12.19379997253418
2019-10-23 06:45:00,8.868200302124023
2019-10-23 07:00:00,7.759699821472168
2019-10-23 07:15:00,6.651199817657471
2019-10-23 07:30:00,16.627899169921875
2019-10-23 07:45:00,154.0854949951172
2019-10-23 08:00:00,182.9073028564453
2019-10-23 08:15:00,260.5043029785156
2019-10-23 08:30:00,302.6283874511719
2019-10-23 08:45:00,389.09368896484375
2019-10-23 09:00:00,372.4657897949219
2019-10-23 09:15:00,413.4812927246094
2019-10-23 09:30:00,167.6321561144133
2019-10-23 09:45:00,167.6321561144133
2019-10-23 10:00:00,167.6321561144133
2019-10-23 10:15:00,167.6321561144133
2019-10-23 10:30:00,167.6321561144133
2019-10-23 10:45:00,167.6321561144133
2019-10-23 11:00:00,167.6321561144133
2019-10-23 11:15:00,167.6321561144133
2019-10-23 11:30:00,167.6321561144133
2019-10-23 11:45:00,167.6321561144133
2019-10-23 12:00:00,167.6321561144133
2019-10-23 12:15:00,167.6321561144133
2019-10-23 12:30:00,167.6321561144133
2019-10-23 12:45:00,167.6321561144133
2019-10-23 13:00:00,167.6321561144133
2019-10-23 13:15:00,167.6321561144133
2019-10-23 13:30:00,167.6321561144133
2019-10-23 13:45:00,167.6321561144133
2019-10-23 14:00:00,167.6321561144133
2019-10-23 14:15:00,167.6321561144133
2019-10-23 14:30:00,167.6321561144133
2019-10-23 14:45:00,167.6321561144133
2019-10-23 15:00:00,167.6321561144133
2019-10-23 15:15:00,167.6321561144133
2019-10-23 15:30:00,167.6321561144133
2019-10-23 15:45:00,167.6321561144133
2019-10-23 16:00:00,167.6321561144133
2019-10-23 16:15:00,167.6321561144133
2019-10-23 16:30:00,167.6321561144133
2019-10-23 16:45:00,167.6321561144133
2019-10-23 17:00:00,167.6321561144133
2019-10-23 17:15:00,167.6321561144133
2019-10-23 17:30:00,167.6321561144133
2019-10-23 17:45:00,167.6321561144133
2019-10-23 18:00:00,167.6321561144133
2019-10-23 18:15:00,167.6321561144133
2019-10-23 18:30:00,167.6321561144133
2019-10-23 18:45:00,167.6321561144133
2019-10-23 19:00:00,167.6321561144133
2019-10-23 19:15:00,167.6321561144133
2019-10-23 19:30:00,167.6321561144133
2019-10-23 19:45:00,167.6321561144133
2019-10-23 20:00:00,167.6321561144133
2019-10-23 20:15:00,167.6321561144133
2019-10-23 20:30:00,167.6321561144133
2019-10-23 20:45:00,167.6321561144133
2019-10-23 21:00:00,167.6321561144133
2019-10-23 21:15:00,167.6321561144133
2019-10-23 21:30:00,167.6321561144133
2019-10-23 21:45:00,167.6321561144133
2019-10-23 22:00:00,68.72879791259766
2019-10-23 22:15:00,58.75199890136719
2019-10-23 22:30:00,55.42649841308594
2019-10-23 22:45:00,56.53499984741211
2019-10-23 23:00:00,49.8838005065918
2019-10-23 23:15:00,26.604700088500977
2019-10-23 23:30:00,15.519399642944336
2019-10-23 23:45:00,14.410900115966797
2019-10-24 00:00:00,12.19379997253418
2019-10-24 00:15:00,11.08530044555664
2019-10-24 00:30:00,8.868200302124023
2019-10-24 00:45:00,9.976799964904783
2019-10-24 01:00:00,7.759699821472168
2019-10-24 01:15:00,8.868200302124023
2019-10-24 01:30:00,8.868200302124023
2019-10-24 01:45:00,8.868200302124023
2019-10-24 02:00:00,8.868200302124023
2019-10-24 02:15:00,8.868200302124023
2019-10-24 02:30:00,6.651199817657471
2019-10-24 02:45:00,5.542600154876709
2019-10-24 03:00:00,3.325599908828736
2019-10-24 03:15:00,5.542600154876709
2019-10-24 03:30:00,5.542600154876709
2019-10-24 03:45:00,6.651199817657471
2019-10-24 04:00:00,5.542600154876709
2019-10-24 04:15:00,5.542600154876709
2019-10-24 04:30:00,3.325599908828736
2019-10-24 04:45:00,5.542600154876709
2019-10-24 05:00:00,3.325599908828736
2019-10-24 05:15:00,5.542600154876709
2019-10-24 05:30:00,3.325599908828736
2019-10-24 05:45:00,5.542600154876709
2019-10-24 06:00:00,4.434100151062012
2019-10-24 06:15:00,7.759699821472168
2019-10-24 06:30:00,8.868200302124023
2019-10-24 06:45:00,8.868200302124023
2019-10-24 07:00:00,5.542600154876709
2019-10-24 07:15:00,6.651199817657471
2019-10-24 07:30:00,53.20940017700195
2019-10-24 07:45:00,88.68229675292969
2019-10-24 08:00:00,120.82969665527344
2019-10-24 08:15:00,266.0469970703125
2019-10-24 08:30:00,333.6672058105469
2019-10-24 08:45:00,352.51220703125
2019-10-24 09:00:00,370.2486877441406
2019-10-24 09:15:00,430.10931396484375
2019-10-24 09:30:00,434.54339599609375
2019-10-24 09:45:00,423.4580993652344
2019-10-24 10:00:00,420.1325073242188
2019-10-24 10:15:00,433.434814453125
2019-10-24 10:30:00,184.0751953125
2019-10-24 10:45:00,413.4812927246094
2019-10-24 11:00:00,416.806884765625
2019-10-24 11:15:00,396.8533935546875
2019-10-24 11:30:00,376.89990234375
2019-10-24 11:45:00,352.51220703125
2019-10-24 12:00:00,294.86871337890625
2019-10-24 12:15:00,192.88409423828125
2019-10-24 12:30:00,189.5585021972656
2019-10-24 12:45:00,283.78338623046875
2019-10-24 13:00:00,383.5509948730469
2019-10-24 13:15:00,399.0704040527344
2019-10-24 13:30:00,384.65960693359375
2019-10-24 13:45:00,393.5278015136719
2019-10-24 14:00:00,383.5509948730469
2019-10-24 14:15:00,379.1169128417969
2019-10-24 14:30:00,381.3340148925781
2019-10-24 14:45:00,386.8765869140625
2019-10-24 15:00:00,379.1169128417969
2019-10-24 15:15:00,374.6828002929688
2019-10-24 15:30:00,379.1169128417969
2019-10-24 15:45:00,389.09368896484375
2019-10-24 16:00:00,386.8765869140625
2019-10-24 16:15:00,421.2409973144531
2019-10-24 16:30:00,422.349609375
2019-10-24 16:45:00,419.0239868164063
2019-10-24 17:00:00,422.349609375
2019-10-24 17:15:00,421.2409973144531
2019-10-24 17:30:00,412.372802734375
2019-10-24 17:45:00,334.7757873535156
2019-10-24 18:00:00,281.56640625
2019-10-24 18:15:00,339.2098999023437
2019-10-24 18:30:00,339.2098999023437
2019-10-24 18:45:00,402.39599609375
2019-10-24 19:00:00,378.0083923339844
2019-10-24 19:15:00,317.039306640625
2019-10-24 19:30:00,289.3261108398437
2019-10-24 19:45:00,251.63609313964844
2019-10-24 20:00:00,203.96929931640625
2019-10-24 20:15:00,148.5428924560547
2019-10-24 20:30:00,140.783203125
2019-10-24 20:45:00,134.1320037841797
2019-10-24 21:00:00,114.17849731445312
2019-10-24 21:15:00,104.20169830322266
2019-10-24 21:30:00,106.4188003540039
2019-10-24 21:45:00,111.9614028930664
2019-10-24 22:00:00,106.4188003540039
2019-10-24 22:15:00,104.20169830322266
2019-10-24 22:30:00,103.09320068359376
2019-10-24 22:45:00,97.55059814453124
2019-10-24 23:00:00,100.8760986328125
2019-10-24 23:15:00,99.7676010131836
2019-10-24 23:30:00,59.860599517822266
2019-10-24 23:45:00,60.96910095214844
2019-10-25 00:00:00,58.75199890136719
2019-10-25 00:15:00,54.317901611328125
2019-10-25 00:30:00,46.55820083618164
2019-10-25 00:45:00,38.79850006103516
2019-10-25 01:00:00,19.953500747680664
2019-10-25 01:15:00,18.84499931335449
2019-10-25 01:30:00,11.08530044555664
2019-10-25 01:45:00,8.868200302124023
2019-10-25 02:00:00,8.868200302124023
2019-10-25 02:15:00,6.651199817657471
2019-10-25 02:30:00,7.759699821472168
2019-10-25 02:45:00,6.651199817657471
2019-10-25 03:00:00,5.542600154876709
2019-10-25 03:15:00,3.325599908828736
2019-10-25 03:30:00,5.542600154876709
2019-10-25 03:45:00,3.325599908828736
2019-10-25 04:00:00,3.325599908828736
2019-10-25 04:15:00,2.217099905014038
2019-10-25 04:30:00,5.542600154876709
2019-10-25 04:45:00,3.325599908828736
2019-10-25 05:00:00,3.325599908828736
2019-10-25 05:15:00,3.325599908828736
2019-10-25 05:30:00,3.325599908828736
2019-10-25 05:45:00,5.542600154876709
2019-10-25 06:00:00,3.325599908828736
2019-10-25 06:15:00,5.542600154876709
2019-10-25 06:30:00,8.868200302124023
2019-10-25 06:45:00,7.759699821472168
2019-10-25 07:00:00,4.434100151062012
2019-10-25 07:15:00,82.03109741210938
2019-10-25 07:30:00,77.59700012207031
2019-10-25 07:45:00,57.64350128173828
2019-10-25 08:00:00,110.85289764404295
2019-10-25 08:15:00,218.3802032470703
2019-10-25 08:30:00,291.5430908203125
2019-10-25 08:45:00,336.9927978515625
2019-10-25 09:00:00,375.7912902832031
2019-10-25 09:15:00,411.2643127441406
2019-10-25 09:30:00,384.65960693359375
2019-10-25 09:45:00,383.5509948730469
2019-10-25 10:00:00,378.0083923339844
2019-10-25 10:15:00,414.58990478515625
2019-10-25 10:30:00,411.2643127441406
2019-10-25 10:45:00,425.6751098632813
2019-10-25 11:00:00,397.9619140625
2019-10-25 11:15:00,368.0315856933594
2019-10-25 11:30:00,351.4036865234375
2019-10-25 11:45:00,353.62078857421875
2019-10-25 12:00:00,301.5198974609375
2019-10-25 12:15:00,221.705795288086
2019-10-25 12:30:00,225.03140258789065
2019-10-25 12:45:00,315.9307861328125
2019-10-25 13:00:00,358.0549011230469
2019-10-25 13:15:00,372.4657897949219
2019-10-25 13:30:00,390.20220947265625
2019-10-25 13:45:00,396.8533935546875
2019-10-25 14:00:00,389.09368896484375
2019-10-25 14:15:00,375.7912902832031
2019-10-25 14:30:00,390.20220947265625
2019-10-25 14:45:00,409.0472106933594
2019-10-25 15:00:00,410.15570068359375
2019-10-25 15:15:00,405.7215881347656
2019-10-25 15:30:00,394.6362915039063
2019-10-25 15:45:00,399.0704040527344
2019-10-25 16:00:00,393.5278015136719
2019-10-25 16:15:00,405.7215881347656
2019-10-25 16:30:00,406.8302001953125
2019-10-25 16:45:00,426.78369140625
2019-10-25 17:00:00,402.39599609375
2019-10-25 17:15:00,415.6983947753906
2019-10-25 17:30:00,390.20220947265625
2019-10-25 17:45:00,366.923095703125
2019-10-25 18:00:00,299.30279541015625
2019-10-25 18:15:00,307.0625
2019-10-25 18:30:00,328.1246032714844
2019-10-25 18:45:00,307.0625
2019-10-25 19:00:00,299.30279541015625
2019-10-25 19:15:00,274.9151916503906
2019-10-25 19:30:00,241.6593017578125
2019-10-25 19:45:00,186.2328948974609
2019-10-25 20:00:00,124.1552963256836
2019-10-25 20:15:00,104.20169830322266
2019-10-25 20:30:00,108.63580322265624
2019-10-25 20:45:00,108.63580322265624
2019-10-25 21:00:00,104.20169830322266
2019-10-25 21:15:00,104.20169830322266
2019-10-25 21:30:00,106.4188003540039
2019-10-25 21:45:00,97.55059814453124
2019-10-25 22:00:00,97.55059814453124
2019-10-25 22:15:00,103.09320068359376
2019-10-25 22:30:00,94.2249984741211
2019-10-25 22:45:00,95.33350372314452
2019-10-25 23:00:00,97.55059814453124
2019-10-25 23:15:00,66.51170349121094
2019-10-25 23:30:00,62.077598571777344
2019-10-25 23:45:00,62.077598571777344
2019-10-26 00:00:00,59.860599517822266
2019-10-26 00:15:00,56.53499984741211
2019-10-26 00:30:00,53.20940017700195
2019-10-26 00:45:00,46.55820083618164
2019-10-26 01:00:00,38.79850006103516
2019-10-26 01:15:00,24.38759994506836
2019-10-26 01:30:00,22.17060089111328
2019-10-26 01:45:00,13.302300453186035
2019-10-26 02:00:00,11.08530044555664
2019-10-26 02:15:00,8.868200302124023
2019-10-26 02:30:00,8.868200302124023
2019-10-26 02:45:00,6.651199817657471
2019-10-26 03:00:00,5.542600154876709
2019-10-26 03:15:00,5.542600154876709
2019-10-26 03:30:00,5.542600154876709
2019-10-26 03:45:00,5.542600154876709
2019-10-26 04:00:00,4.434100151062012
2019-10-26 04:15:00,5.542600154876709
2019-10-26 04:30:00,5.542600154876709
2019-10-26 04:45:00,5.542600154876709
2019-10-26 05:00:00,3.325599908828736
2019-10-26 05:15:00,5.542600154876709
2019-10-26 05:30:00,5.542600154876709
2019-10-26 05:45:00,4.434100151062012
2019-10-26 06:00:00,5.542600154876709
2019-10-26 06:15:00,7.759699821472168
2019-10-26 06:30:00,9.976799964904783
2019-10-26 06:45:00,11.08530044555664
2019-10-26 07:00:00,8.868200302124023
2019-10-26 07:15:00,6.651199817657471
2019-10-26 07:30:00,52.10089874267578
2019-10-26 07:45:00,104.20169830322266
2019-10-26 08:00:00,147.4344024658203
2019-10-26 08:15:00,187.3414001464844
2019-10-26 08:30:00,256.0701904296875
2019-10-26 08:45:00,262.7214050292969
2019-10-26 09:00:00,287.1090087890625
2019-10-26 09:15:00,311.4967041015625
2019-10-26 09:30:00,294.86871337890625
2019-10-26 09:45:00,298.1943054199219
2019-10-26 10:00:00,290.4346008300781
2019-10-26 10:15:00,278.2408142089844
2019-10-26 10:30:00,301.5198974609375
2019-10-26 10:45:00,307.0625
2019-10-26 11:00:00,313.7137145996094
2019-10-26 11:15:00,294.86871337890625
2019-10-26 11:30:00,286.00048828125
2019-10-26 11:45:00,287.1090087890625
2019-10-26 12:00:00,231.6826019287109
2019-10-26 12:15:00,146.3258056640625
2019-10-26 12:30:00,136.34910583496094
2019-10-26 12:45:00,230.57400512695312
2019-10-26 13:00:00,295.9772033691406
2019-10-26 13:15:00,280.4577941894531
2019-10-26 13:30:00,281.56640625
2019-10-26 13:45:00,278.2408142089844
2019-10-26 14:00:00,292.6517028808594
2019-10-26 14:15:00,294.86871337890625
2019-10-26 14:30:00,290.4346008300781
2019-10-26 14:45:00,288.2174987792969
2019-10-26 15:00:00,283.78338623046875
2019-10-26 15:15:00,283.78338623046875
2019-10-26 15:30:00,299.30279541015625
2019-10-26 15:45:00,292.6517028808594
2019-10-26 16:00:00,274.9151916503906
2019-10-26 16:15:00,290.4346008300781
2019-10-26 16:30:00,307.0625
2019-10-26 16:45:00,303.73699951171875
2019-10-26 17:00:00,267.1554870605469
2019-10-26 17:15:00,252.74459838867188
2019-10-26 17:30:00,237.22520446777344
2019-10-26 17:45:00,175.14759826660156
2019-10-26 18:00:00,161.84519958496094
2019-10-26 18:15:00,198.4266967773437
2019-10-26 18:30:00,232.7911071777344
2019-10-26 18:45:00,231.6826019287109
2019-10-26 19:00:00,215.0545959472656
2019-10-26 19:15:00,216.16319274902344
2019-10-26 19:30:00,197.3182067871093
2019-10-26 19:45:00,154.0854949951172
2019-10-26 20:00:00,83.13970184326172
2019-10-26 20:15:00,60.96910095214844
2019-10-26 20:30:00,57.64350128173828
2019-10-26 20:45:00,58.75199890136719
2019-10-26 21:00:00,56.53499984741211
2019-10-26 21:15:00,55.42649841308594
2019-10-26 21:30:00,56.53499984741211
2019-10-26 21:45:00,55.42649841308594
2019-10-26 22:00:00,59.860599517822266
2019-10-26 22:15:00,64.2947006225586
2019-10-26 22:30:00,62.077598571777344
2019-10-26 22:45:00,62.077598571777344
2019-10-26 23:00:00,59.860599517822266
2019-10-26 23:15:00,60.96910095214844
2019-10-26 23:30:00,62.077598571777344
2019-10-26 23:45:00,57.64350128173828
2019-10-27 00:00:00,55.42649841308594
2019-10-27 00:15:00,50.9922981262207
2019-10-27 00:30:00,49.8838005065918
2019-10-27 00:45:00,41.01559829711914
2019-10-27 01:00:00,38.79850006103516
2019-10-27 01:15:00,23.27910041809082
2019-10-27 01:30:00,15.519399642944336
2019-10-27 01:45:00,11.08530044555664
2019-10-27 02:00:00,3.325599908828736
2019-10-27 02:15:00,5.542600154876709
2019-10-27 02:30:00,3.325599908828736
2019-10-27 02:45:00,3.325599908828736
2019-10-27 03:00:00,4.434100151062012
2019-10-27 03:15:00,3.325599908828736
2019-10-27 03:30:00,5.542600154876709
2019-10-27 03:45:00,3.325599908828736
2019-10-27 04:00:00,3.325599908828736
2019-10-27 04:15:00,3.325599908828736
2019-10-27 04:30:00,2.217099905014038
2019-10-27 04:45:00,3.325599908828736
2019-10-27 05:00:00,5.542600154876709
2019-10-27 05:15:00,3.325599908828736
2019-10-27 05:30:00,3.325599908828736
2019-10-27 05:45:00,2.217099905014038
2019-10-27 06:00:00,3.325599908828736
2019-10-27 06:15:00,3.325599908828736
2019-10-27 06:30:00,7.759699821472168
2019-10-27 06:45:00,8.868200302124023
2019-10-27 07:00:00,4.434100151062012
2019-10-27 07:15:00,5.542600154876709
2019-10-27 07:30:00,26.604700088500977
2019-10-27 07:45:00,83.13970184326172
2019-10-27 08:00:00,106.4188003540039
2019-10-27 08:15:00,149.65139770507812
2019-10-27 08:30:00,240.55079650878903
2019-10-27 08:45:00,268.2640075683594
2019-10-27 09:00:00,281.56640625
2019-10-27 09:15:00,294.86871337890625
2019-10-27 09:30:00,313.7137145996094
2019-10-27 09:45:00,301.5198974609375
2019-10-27 10:00:00,307.0625
2019-10-27 10:15:00,324.79901123046875
2019-10-27 10:30:00,315.9307861328125
2019-10-27 10:45:00,320.3648986816406
2019-10-27 11:00:00,315.9307861328125
2019-10-27 11:15:00,334.7757873535156
2019-10-27 11:30:00,336.9927978515625
2019-10-27 11:45:00,342.5354919433594
2019-10-27 12:00:00,256.0701904296875
2019-10-27 12:15:00,150.75990295410156
2019-10-27 12:30:00,169.6049041748047
2019-10-27 12:45:00,233.89959716796875
2019-10-27 13:00:00,297.0857849121094
2019-10-27 13:15:00,311.4967041015625
2019-10-27 13:30:00,319.25640869140625
2019-10-27 13:45:00,319.25640869140625
2019-10-27 14:00:00,312.6051940917969
2019-10-27 14:15:00,331.4501953125
2019-10-27 14:30:00,328.1246032714844
2019-10-27 14:45:00,324.79901123046875
2019-10-27 15:00:00,333.6672058105469
2019-10-27 15:15:00,319.25640869140625
2019-10-27 15:30:00,317.039306640625
2019-10-27 15:45:00,351.4036865234375
2019-10-27 16:00:00,343.6440124511719
2019-10-27 16:15:00,342.5354919433594
2019-10-27 16:30:00,361.3804931640625
2019-10-27 16:45:00,354.72930908203125
2019-10-27 17:00:00,332.5586853027344
2019-10-27 17:15:00,319.25640869140625
2019-10-27 17:30:00,272.6980895996094
2019-10-27 17:45:00,215.0545959472656
2019-10-27 18:00:00,146.3258056640625
2019-10-27 18:15:00,79.81410217285156
2019-10-27 18:30:00,82.03109741210938
2019-10-27 18:45:00,121.93820190429688
2019-10-27 19:00:00,126.37229919433594
2019-10-27 19:15:00,120.82969665527344
2019-10-27 19:30:00,125.26380157470705
2019-10-27 19:45:00,115.28700256347656
2019-10-27 20:00:00,114.17849731445312
2019-10-27 20:15:00,109.74440002441406
2019-10-27 20:30:00,111.9614028930664
2019-10-27 20:45:00,80.92259979248047
2019-10-27 21:00:00,66.51170349121094
2019-10-27 21:15:00,56.53499984741211
2019-10-27 21:30:00,59.860599517822266
2019-10-27 21:45:00,62.077598571777344
2019-10-27 22:00:00,62.077598571777344
2019-10-27 22:15:00,56.53499984741211
2019-10-27 22:30:00,57.64350128173828
2019-10-27 22:45:00,56.53499984741211
2019-10-27 23:00:00,53.20940017700195
2019-10-27 23:15:00,50.9922981262207
2019-10-27 23:30:00,52.10089874267578
2019-10-27 23:45:00,54.317901611328125
2019-10-28 00:00:00,49.8838005065918
2019-10-28 00:15:00,49.8838005065918
2019-10-28 00:30:00,45.44969940185547
2019-10-28 00:45:00,41.01559829711914
2019-10-28 01:00:00,25.49620056152344
2019-10-28 01:15:00,17.736499786376953
2019-10-28 01:30:00,9.976799964904783
2019-10-28 01:45:00,3.325599908828736
2019-10-28 02:00:00,5.542600154876709
2019-10-28 02:15:00,3.325599908828736
2019-10-28 02:30:00,4.434100151062012
2019-10-28 02:45:00,3.325599908828736
2019-10-28 03:00:00,3.325599908828736
2019-10-28 03:15:00,3.325599908828736
2019-10-28 03:30:00,3.325599908828736
2019-10-28 03:45:00,4.434100151062012
2019-10-28 04:00:00,3.325599908828736
2019-10-28 04:15:00,1.1085000038146973
2019-10-28 04:30:00,4.434100151062012
2019-10-28 04:45:00,3.325599908828736
2019-10-28 05:00:00,3.325599908828736
2019-10-28 05:15:00,3.325599908828736
2019-10-28 05:30:00,3.325599908828736
2019-10-28 05:45:00,4.434100151062012
2019-10-28 06:00:00,4.434100151062012
2019-10-28 06:15:00,7.759699821472168
2019-10-28 06:30:00,9.976799964904783
2019-10-28 06:45:00,7.759699821472168
2019-10-28 07:00:00,6.651199817657471
2019-10-28 07:15:00,7.759699821472168
2019-10-28 07:30:00,31.038799285888672
2019-10-28 07:45:00,176.256103515625
2019-10-28 08:00:00,192.88409423828125
2019-10-28 08:15:00,225.03140258789065
2019-10-28 08:30:00,309.27960205078125
2019-10-28 08:45:00,345.8611145019531
2019-10-28 09:00:00,391.3106994628906
2019-10-28 09:15:00,395.7449035644531
2019-10-28 09:30:00,384.65960693359375
2019-10-28 09:45:00,412.372802734375
2019-10-28 10:00:00,434.54339599609375
2019-10-28 10:15:00,391.3106994628906
2019-10-28 10:30:00,395.7449035644531
2019-10-28 10:45:00,416.806884765625
2019-10-28 11:00:00,411.2643127441406
2019-10-28 11:15:00,404.6130981445313
2019-10-28 11:30:00,407.9386901855469
2019-10-28 11:45:00,361.3804931640625
2019-10-28 12:00:00,300.4114074707031
2019-10-28 12:15:00,203.96929931640625
2019-10-28 12:30:00,207.2949066162109
2019-10-28 12:45:00,351.4036865234375
2019-10-28 13:00:00,405.7215881347656
2019-10-28 13:15:00,386.8765869140625
2019-10-28 13:30:00,416.806884765625
2019-10-28 13:45:00,411.2643127441406
2019-10-28 14:00:00,422.349609375
2019-10-28 14:15:00,404.6130981445313
2019-10-28 14:30:00,399.0704040527344
2019-10-28 14:45:00,395.7449035644531
2019-10-28 15:00:00,396.8533935546875
2019-10-28 15:15:00,419.0239868164063
2019-10-28 15:30:00,393.5278015136719
2019-10-28 15:45:00,366.923095703125
2019-10-28 16:00:00,366.923095703125
2019-10-28 16:15:00,406.8302001953125
2019-10-28 16:30:00,430.10931396484375
2019-10-28 16:45:00,431.2178039550781
2019-10-28 17:00:00,422.349609375
2019-10-28 17:15:00,405.7215881347656
2019-10-28 17:30:00,389.09368896484375
2019-10-28 17:45:00,324.79901123046875
2019-10-28 18:00:00,217.27169799804688
2019-10-28 18:15:00,181.79879760742188
2019-10-28 18:30:00,198.4266967773437
2019-10-28 18:45:00,239.4423065185547
2019-10-28 19:00:00,230.57400512695312
2019-10-28 19:15:00,221.705795288086
2019-10-28 19:30:00,209.51199340820312
2019-10-28 19:45:00,178.47320556640625
2019-10-28 20:00:00,156.30259704589844
2019-10-28 20:15:00,135.24049377441406
2019-10-28 20:30:00,136.34910583496094
2019-10-28 20:45:00,124.1552963256836
2019-10-28 21:00:00,113.06999969482422
2019-10-28 21:15:00,108.63580322265624
2019-10-28 21:30:00,104.20169830322266
2019-10-28 21:45:00,109.74440002441406
2019-10-28 22:00:00,94.2249984741211
2019-10-28 22:15:00,87.57379913330078
2019-10-28 22:30:00,93.11640167236328
2019-10-28 22:45:00,96.44200134277344
2019-10-28 23:00:00,95.33350372314452
2019-10-28 23:15:00,94.2249984741211
2019-10-28 23:30:00,86.46530151367188
2019-10-28 23:45:00,88.68229675292969
2019-10-29 00:00:00,60.96910095214844
2019-10-29 00:15:00,58.75199890136719
2019-10-29 00:30:00,57.64350128173828
2019-10-29 00:45:00,52.10089874267578
2019-10-29 01:00:00,45.44969940185547
2019-10-29 01:15:00,34.36439895629883
2019-10-29 01:30:00,29.930299758911133
2019-10-29 01:45:00,14.410900115966797
2019-10-29 02:00:00,8.868200302124023
2019-10-29 02:15:00,8.868200302124023
2019-10-29 02:30:00,6.651199817657471
2019-10-29 02:45:00,3.325599908828736
2019-10-29 03:00:00,4.434100151062012
2019-10-29 03:15:00,3.325599908828736
2019-10-29 03:30:00,1.1085000038146973
2019-10-29 03:45:00,4.434100151062012
2019-10-29 04:00:00,167.6321561144133
2019-10-29 04:15:00,167.6321561144133
2019-10-29 04:30:00,167.6321561144133
2019-10-29 04:45:00,167.6321561144133
2019-10-29 05:00:00,167.6321561144133
2019-10-29 05:15:00,167.6321561144133
2019-10-29 05:30:00,167.6321561144133
2019-10-29 05:45:00,167.6321561144133
2019-10-29 06:00:00,167.6321561144133
2019-10-29 06:15:00,167.6321561144133
2019-10-29 06:30:00,167.6321561144133
2019-10-29 06:45:00,167.6321561144133
2019-10-29 07:00:00,167.6321561144133
2019-10-29 07:15:00,167.6321561144133
2019-10-29 07:30:00,167.6321561144133
2019-10-29 07:45:00,167.6321561144133
2019-10-29 08:00:00,167.6321561144133
2019-10-29 08:15:00,167.6321561144133
2019-10-29 08:30:00,167.6321561144133
2019-10-29 08:45:00,167.6321561144133
2019-10-29 09:00:00,167.6321561144133
2019-10-29 09:15:00,167.6321561144133
2019-10-29 09:30:00,167.6321561144133
2019-10-29 09:45:00,167.6321561144133
2019-10-29 10:00:00,167.6321561144133
2019-10-29 10:15:00,167.6321561144133
2019-10-29 10:30:00,167.6321561144133
2019-10-29 10:45:00,167.6321561144133
2019-10-29 11:00:00,167.6321561144133
2019-10-29 11:15:00,167.6321561144133
2019-10-29 11:30:00,167.6321561144133
2019-10-29 11:45:00,167.6321561144133
2019-10-29 12:00:00,167.6321561144133
2019-10-29 12:15:00,167.6321561144133
2019-10-29 12:30:00,167.6321561144133
2019-10-29 12:45:00,167.6321561144133
2019-10-29 13:00:00,167.6321561144133
2019-10-29 13:15:00,167.6321561144133
2019-10-29 13:30:00,167.6321561144133
2019-10-29 13:45:00,167.6321561144133
2019-10-29 14:00:00,167.6321561144133
2019-10-29 14:15:00,167.6321561144133
2019-10-29 14:30:00,167.6321561144133
2019-10-29 14:45:00,167.6321561144133
2019-10-29 15:00:00,167.6321561144133
2019-10-29 15:15:00,167.6321561144133
2019-10-29 15:30:00,167.6321561144133
2019-10-29 15:45:00,167.6321561144133
2019-10-29 16:00:00,167.6321561144133
2019-10-29 16:15:00,167.6321561144133
2019-10-29 16:30:00,191.59100341796875
2019-10-29 16:45:00,436.7604064941406
2019-10-29 17:00:00,396.8533935546875
2019-10-29 17:15:00,399.0704040527344
2019-10-29 17:30:00,340.3183898925781
2019-10-29 17:45:00,262.7214050292969
2019-10-29 18:00:00,197.3182067871093
2019-10-29 18:15:00,177.36459350585938
2019-10-29 18:30:00,199.5352020263672
2019-10-29 18:45:00,202.8607940673828
2019-10-29 19:00:00,186.2328948974609
2019-10-29 19:15:00,184.0157928466797
2019-10-29 19:30:00,165.17080688476562
2019-10-29 19:45:00,165.17080688476562
2019-10-29 20:00:00,162.95379638671875
2019-10-29 20:15:00,127.48079681396484
2019-10-29 20:30:00,108.63580322265624
2019-10-29 20:45:00,109.74440002441406
2019-10-29 21:00:00,99.7676010131836
2019-10-29 21:15:00,95.33350372314452
2019-10-29 21:30:00,100.8760986328125
2019-10-29 21:45:00,103.09320068359376
2019-10-29 22:00:00,100.8760986328125
2019-10-29 22:15:00,103.09320068359376
2019-10-29 22:30:00,99.7676010131836
2019-10-29 22:45:00,101.98470306396484
2019-10-29 23:00:00,96.44200134277344
2019-10-29 23:15:00,80.92259979248047
2019-10-29 23:30:00,58.75199890136719
2019-10-29 23:45:00,58.75199890136719
2019-10-30 00:00:00,56.53499984741211
2019-10-30 00:15:00,58.75199890136719
2019-10-30 00:30:00,53.20940017700195
2019-10-30 00:45:00,47.66669845581055
2019-10-30 01:00:00,35.472900390625
2019-10-30 01:15:00,32.147300720214844
2019-10-30 01:30:00,17.736499786376953
2019-10-30 01:45:00,167.6321561144133
2019-10-30 02:00:00,167.6321561144133
2019-10-30 02:15:00,167.6321561144133
2019-10-30 02:30:00,167.6321561144133
2019-10-30 02:45:00,167.6321561144133
2019-10-30 03:00:00,167.6321561144133
2019-10-30 03:15:00,167.6321561144133
2019-10-30 03:30:00,167.6321561144133
2019-10-30 03:45:00,167.6321561144133
2019-10-30 04:00:00,167.6321561144133
2019-10-30 04:15:00,167.6321561144133
2019-10-30 04:30:00,167.6321561144133
2019-10-30 04:45:00,167.6321561144133
2019-10-30 05:00:00,167.6321561144133
2019-10-30 05:15:00,167.6321561144133
2019-10-30 05:30:00,167.6321561144133
2019-10-30 05:45:00,167.6321561144133
2019-10-30 06:00:00,167.6321561144133
2019-10-30 06:15:00,167.6321561144133
2019-10-30 06:30:00,167.6321561144133
2019-10-30 06:45:00,167.6321561144133
2019-10-30 07:00:00,167.6321561144133
2019-10-30 07:15:00,167.6321561144133
2019-10-30 07:30:00,167.6321561144133
2019-10-30 07:45:00,167.6321561144133
2019-10-30 08:00:00,167.6321561144133
2019-10-30 08:15:00,167.6321561144133
2019-10-30 08:30:00,167.6321561144133
2019-10-30 08:45:00,167.6321561144133
2019-10-30 09:00:00,167.6321561144133
2019-10-30 09:15:00,167.6321561144133
2019-10-30 09:30:00,167.6321561144133
2019-10-30 09:45:00,167.6321561144133
2019-10-30 10:00:00,167.6321561144133
2019-10-30 10:15:00,167.6321561144133
2019-10-30 10:30:00,167.6321561144133
2019-10-30 10:45:00,167.6321561144133
2019-10-30 11:00:00,167.6321561144133
2019-10-30 11:15:00,167.6321561144133
2019-10-30 11:30:00,167.6321561144133
2019-10-30 11:45:00,167.6321561144133
2019-10-30 12:00:00,167.6321561144133
2019-10-30 12:15:00,167.6321561144133
2019-10-30 12:30:00,167.6321561144133
2019-10-30 12:45:00,167.6321561144133
2019-10-30 13:00:00,167.6321561144133
2019-10-30 13:15:00,167.6321561144133
2019-10-30 13:30:00,167.6321561144133
2019-10-30 13:45:00,167.6321561144133
2019-10-30 14:00:00,167.6321561144133
2019-10-30 14:15:00,434.54339599609375
2019-10-30 14:30:00,427.8922119140625
2019-10-30 14:45:00,405.7215881347656
2019-10-30 15:00:00,393.5278015136719
2019-10-30 15:15:00,410.15570068359375
2019-10-30 15:30:00,414.58990478515625
2019-10-30 15:45:00,415.6983947753906
2019-10-30 16:00:00,432.3262939453125
2019-10-30 16:15:00,427.8922119140625
2019-10-30 16:30:00,190.7458953857422
2019-10-30 16:45:00,432.3262939453125
2019-10-30 17:00:00,415.6983947753906
2019-10-30 17:15:00,429.0007019042969
2019-10-30 17:30:00,354.72930908203125
2019-10-30 17:45:00,287.1090087890625
2019-10-30 18:00:00,232.7911071777344
2019-10-30 18:15:00,192.88409423828125
2019-10-30 18:30:00,161.84519958496094
2019-10-30 18:45:00,228.35699462890625
2019-10-30 19:00:00,195.10110473632807
2019-10-30 19:15:00,182.9073028564453
2019-10-30 19:30:00,180.6902008056641
2019-10-30 19:45:00,162.95379638671875
2019-10-30 20:00:00,138.56610107421875
2019-10-30 20:15:00,140.783203125
2019-10-30 20:30:00,133.02349853515625
2019-10-30 20:45:00,104.20169830322266
2019-10-30 21:00:00,99.7676010131836
2019-10-30 21:15:00,97.55059814453124
2019-10-30 21:30:00,101.98470306396484
2019-10-30 21:45:00,97.55059814453124
2019-10-30 22:00:00,90.89939880371094
2019-10-30 22:15:00,95.33350372314452
2019-10-30 22:30:00,64.2947006225586
2019-10-30 22:45:00,62.077598571777344
2019-10-30 23:00:00,62.077598571777344
2019-10-30 23:15:00,55.42649841308594
2019-10-30 23:30:00,57.64350128173828
2019-10-30 23:45:00,55.42649841308594
2019-10-31 00:00:00,58.75199890136719
2019-10-31 00:15:00,58.75199890136719
2019-10-31 00:30:00,54.317901611328125
2019-10-31 00:45:00,47.66669845581055
2019-10-31 01:00:00,28.8218002319336
2019-10-31 01:15:00,23.27910041809082
2019-10-31 01:30:00,12.19379997253418
2019-10-31 01:45:00,6.651199817657471
2019-10-31 02:00:00,8.868200302124023
2019-10-31 02:15:00,8.868200302124023
2019-10-31 02:30:00,4.434100151062012
2019-10-31 02:45:00,3.325599908828736
2019-10-31 03:00:00,3.325599908828736
2019-10-31 03:15:00,3.325599908828736
2019-10-31 03:30:00,2.217099905014038
2019-10-31 03:45:00,3.325599908828736
2019-10-31 04:00:00,3.325599908828736
2019-10-31 04:15:00,2.217099905014038
2019-10-31 04:30:00,5.542600154876709
2019-10-31 04:45:00,1.1085000038146973
2019-10-31 05:00:00,3.325599908828736
2019-10-31 05:15:00,4.434100151062012
2019-10-31 05:30:00,1.1085000038146973
2019-10-31 05:45:00,5.542600154876709
2019-10-31 06:00:00,3.325599908828736
2019-10-31 06:15:00,3.325599908828736
2019-10-31 06:30:00,8.868200302124023
2019-10-31 06:45:00,8.868200302124023
2019-10-31 07:00:00,5.542600154876709
2019-10-31 07:15:00,3.325599908828736
2019-10-31 07:30:00,43.23260116577149
2019-10-31 07:45:00,95.33350372314452
2019-10-31 08:00:00,136.34910583496094
2019-10-31 08:15:00,268.2640075683594
2019-10-31 08:30:00,365.8146057128906
2019-10-31 08:45:00,403.5046081542969
2019-10-31 09:00:00,404.6130981445313
2019-10-31 09:15:00,404.6130981445313
2019-10-31 09:30:00,429.0007019042969
2019-10-31 09:45:00,401.2875061035156
2019-10-31 10:00:00,384.65960693359375
2019-10-31 10:15:00,420.1325073242188
2019-10-31 10:30:00,380.2254943847656
2019-10-31 10:45:00,387.9851989746094
2019-10-31 11:00:00,395.7449035644531
2019-10-31 11:15:00,192.01882934570312
2019-10-31 11:30:00,407.9386901855469
2019-10-31 11:45:00,383.5509948730469
2019-10-31 12:00:00,332.5586853027344
2019-10-31 12:15:00,212.8376007080078
2019-10-31 12:30:00,203.96929931640625
2019-10-31 12:45:00,369.1401977539063
2019-10-31 13:00:00,410.15570068359375
2019-10-31 13:15:00,429.0007019042969
2019-10-31 13:30:00,407.9386901855469
2019-10-31 13:45:00,413.4812927246094
2019-10-31 14:00:00,384.65960693359375
2019-10-31 14:15:00,419.0239868164063
2019-10-31 14:30:00,409.0472106933594
2019-10-31 14:45:00,375.7912902832031
2019-10-31 15:00:00,363.5975036621094
2019-10-31 15:15:00,395.7449035644531
2019-10-31 15:30:00,383.5509948730469
2019-10-31 15:45:00,396.8533935546875
2019-10-31 16:00:00,339.2098999023437
2019-10-31 16:15:00,290.4346008300781
2019-10-31 16:30:00,271.589599609375
2019-10-31 16:45:00,241.6593017578125
2019-10-31 17:00:00,239.4423065185547
2019-10-31 17:15:00,233.89959716796875
2019-10-31 17:30:00,218.3802032470703
2019-10-31 17:45:00,208.40350341796875
2019-10-31 18:00:00,182.9073028564453
2019-10-31 18:15:00,123.04669952392578
2019-10-31 18:30:00,155.19410705566406
2019-10-31 18:45:00,181.79879760742188
2019-10-31 19:00:00,162.95379638671875
2019-10-31 19:15:00,157.41110229492188
2019-10-31 19:30:00,158.5196990966797
2019-10-31 19:45:00,146.3258056640625
2019-10-31 20:00:00,138.56610107421875
2019-10-31 20:15:00,115.28700256347656
2019-10-31 20:30:00,94.2249984741211
2019-10-31 20:45:00,99.7676010131836
2019-10-31 21:00:00,65.4031982421875
2019-10-31 21:15:00,59.860599517822266
2019-10-31 21:30:00,60.96910095214844
2019-10-31 21:45:00,50.9922981262207
2019-10-31 22:00:00,49.8838005065918
2019-10-31 22:15:00,45.44969940185547
2019-10-31 22:30:00,52.10089874267578
2019-10-31 22:45:00,49.8838005065918
2019-10-31 23:00:00,44.34120178222656
2019-10-31 23:15:00,27.71319961547852
2019-10-31 23:30:00,8.868200302124023
2019-10-31 23:45:00,7.759699821472168
2019-11-01 00:00:00,8.868200302124023
2019-11-01 00:15:00,9.976799964904783
2019-11-01 00:30:00,8.868200302124023
2019-11-01 00:45:00,8.868200302124023
2019-11-01 01:00:00,8.868200302124023
2019-11-01 01:15:00,8.868200302124023
2019-11-01 01:30:00,7.759699821472168
2019-11-01 01:45:00,6.651199817657471
2019-11-01 02:00:00,6.651199817657471
2019-11-01 02:15:00,7.759699821472168
2019-11-01 02:30:00,6.651199817657471
2019-11-01 02:45:00,7.759699821472168
2019-11-01 03:00:00,3.325599908828736
2019-11-01 03:15:00,1.1085000038146973
2019-11-01 03:30:00,4.434100151062012
2019-11-01 03:45:00,1.1085000038146973
2019-11-01 04:00:00,3.325599908828736
2019-11-01 04:15:00,4.434100151062012
2019-11-01 04:30:00,3.325599908828736
2019-11-01 04:45:00,1.1085000038146973
2019-11-01 05:00:00,4.434100151062012
2019-11-01 05:15:00,3.325599908828736
2019-11-01 05:30:00,3.325599908828736
2019-11-01 05:45:00,3.325599908828736
2019-11-01 06:00:00,3.325599908828736
2019-11-01 06:15:00,4.434100151062012
2019-11-01 06:30:00,8.868200302124023
2019-11-01 06:45:00,6.651199817657471
2019-11-01 07:00:00,6.651199817657471
2019-11-01 07:15:00,5.542600154876709
2019-11-01 07:30:00,92.00789642333984
2019-11-01 07:45:00,138.56610107421875
2019-11-01 08:00:00,126.37229919433594
2019-11-01 08:15:00,207.2949066162109
2019-11-01 08:30:00,281.56640625
2019-11-01 08:45:00,305.9540100097656
2019-11-01 09:00:00,320.3648986816406
2019-11-01 09:15:00,342.5354919433594
2019-11-01 09:30:00,356.9462890625
2019-11-01 09:45:00,345.8611145019531
2019-11-01 10:00:00,352.51220703125
2019-11-01 10:15:00,345.8611145019531
2019-11-01 10:30:00,348.0780944824219
2019-11-01 10:45:00,322.5819091796875
2019-11-01 11:00:00,301.5198974609375
2019-11-01 11:15:00,317.039306640625
2019-11-01 11:30:00,335.8843078613281
2019-11-01 11:45:00,336.9927978515625
2019-11-01 12:00:00,272.6980895996094
2019-11-01 12:15:00,174.03909301757812
2019-11-01 12:30:00,160.7366943359375
2019-11-01 12:45:00,221.705795288086
2019-11-01 13:00:00,330.34161376953125
2019-11-01 13:15:00,358.0549011230469
2019-11-01 13:30:00,340.3183898925781
2019-11-01 13:45:00,350.2951965332031
2019-11-01 14:00:00,329.23309326171875
2019-11-01 14:15:00,358.0549011230469
2019-11-01 14:30:00,344.75250244140625
2019-11-01 14:45:00,325.9075012207031
2019-11-01 15:00:00,310.3880920410156
2019-11-01 15:15:00,333.6672058105469
2019-11-01 15:30:00,324.79901123046875
2019-11-01 15:45:00,334.7757873535156
2019-11-01 16:00:00,339.2098999023437
2019-11-01 16:15:00,340.3183898925781
2019-11-01 16:30:00,358.0549011230469
2019-11-01 16:45:00,345.8611145019531
2019-11-01 17:00:00,342.5354919433594
2019-11-01 17:15:00,315.9307861328125
2019-11-01 17:30:00,299.30279541015625
2019-11-01 17:45:00,216.16319274902344
2019-11-01 18:00:00,199.5352020263672
2019-11-01 18:15:00,205.0778961181641
2019-11-01 18:30:00,230.57400512695312
2019-11-01 18:45:00,223.9228973388672
2019-11-01 19:00:00,210.62049865722656
2019-11-01 19:15:00,216.16319274902344
2019-11-01 19:30:00,182.9073028564453
2019-11-01 19:45:00,145.21730041503906
2019-11-01 20:00:00,105.310302734375
2019-11-01 20:15:00,47.66669845581055
2019-11-01 20:30:00,42.12409973144531
2019-11-01 20:45:00,46.55820083618164
2019-11-01 21:00:00,56.53499984741211
2019-11-01 21:15:00,52.10089874267578
2019-11-01 21:30:00,45.44969940185547
2019-11-01 21:45:00,41.01559829711914
2019-11-01 22:00:00,41.01559829711914
2019-11-01 22:15:00,45.44969940185547
2019-11-01 22:30:00,46.55820083618164
2019-11-01 22:45:00,15.519399642944336
2019-11-01 23:00:00,14.410900115966797
2019-11-01 23:15:00,11.08530044555664
2019-11-01 23:30:00,12.19379997253418
2019-11-01 23:45:00,8.868200302124023
2019-11-02 00:00:00,11.08530044555664
2019-11-02 00:15:00,9.976799964904783
2019-11-02 00:30:00,8.868200302124023
2019-11-02 00:45:00,11.08530044555664
2019-11-02 01:00:00,6.651199817657471
2019-11-02 01:15:00,7.759699821472168
2019-11-02 01:30:00,3.325599908828736
2019-11-02 01:45:00,5.542600154876709
2019-11-02 02:00:00,3.325599908828736
2019-11-02 02:15:00,3.325599908828736
2019-11-02 02:30:00,5.542600154876709
2019-11-02 02:45:00,3.325599908828736
2019-11-02 03:00:00,5.542600154876709
2019-11-02 03:15:00,3.325599908828736
2019-11-02 03:30:00,3.325599908828736
2019-11-02 03:45:00,3.325599908828736
2019-11-02 04:00:00,4.434100151062012
2019-11-02 04:15:00,3.325599908828736
2019-11-02 04:30:00,5.542600154876709
2019-11-02 04:45:00,3.325599908828736
2019-11-02 05:00:00,5.542600154876709
2019-11-02 05:15:00,3.325599908828736
2019-11-02 05:30:00,3.325599908828736
2019-11-02 05:45:00,3.325599908828736
2019-11-02 06:00:00,5.542600154876709
2019-11-02 06:15:00,3.325599908828736
2019-11-02 06:30:00,8.868200302124023
2019-11-02 06:45:00,5.542600154876709
2019-11-02 07:00:00,6.651199817657471
2019-11-02 07:15:00,4.434100151062012
2019-11-02 07:30:00,4.434100151062012
2019-11-02 07:45:00,7.759699821472168
2019-11-02 08:00:00,17.736499786376953
2019-11-02 08:15:00,76.4885025024414
2019-11-02 08:30:00,171.82200622558594
2019-11-02 08:45:00,201.75230407714844
2019-11-02 09:00:00,202.8607940673828
2019-11-02 09:15:00,208.40350341796875
2019-11-02 09:30:00,238.3336944580078
2019-11-02 09:45:00,218.3802032470703
2019-11-02 10:00:00,237.22520446777344
2019-11-02 10:15:00,246.0933990478516
2019-11-02 10:30:00,262.7214050292969
2019-11-02 10:45:00,277.1322937011719
2019-11-02 11:00:00,254.96170043945312
2019-11-02 11:15:00,238.3336944580078
2019-11-02 11:30:00,235.00819396972656
2019-11-02 11:45:00,227.24850463867188
2019-11-02 12:00:00,185.12429809570312
2019-11-02 12:15:00,157.41110229492188
2019-11-02 12:30:00,161.84519958496094
2019-11-02 12:45:00,225.03140258789065
2019-11-02 13:00:00,221.705795288086
2019-11-02 13:15:00,216.16319274902344
2019-11-02 13:30:00,237.22520446777344
2019-11-02 13:45:00,250.5276031494141
2019-11-02 14:00:00,239.4423065185547
2019-11-02 14:15:00,227.24850463867188
2019-11-02 14:30:00,230.57400512695312
2019-11-02 14:45:00,246.0933990478516
2019-11-02 15:00:00,229.4654998779297
2019-11-02 15:15:00,233.89959716796875
2019-11-02 15:30:00,225.03140258789065
2019-11-02 15:45:00,233.89959716796875
2019-11-02 16:00:00,218.3802032470703
2019-11-02 16:15:00,216.16319274902344
2019-11-02 16:30:00,229.4654998779297
2019-11-02 16:45:00,240.55079650878903
2019-11-02 17:00:00,253.8531036376953
2019-11-02 17:15:00,244.98489379882807
2019-11-02 17:30:00,242.7678985595703
2019-11-02 17:45:00,184.0157928466797
2019-11-02 18:00:00,161.84519958496094
2019-11-02 18:15:00,206.1864013671875
2019-11-02 18:30:00,225.03140258789065
2019-11-02 18:45:00,210.62049865722656
2019-11-02 19:00:00,200.643798828125
2019-11-02 19:15:00,188.4499053955078
2019-11-02 19:30:00,175.14759826660156
2019-11-02 19:45:00,154.0854949951172
2019-11-02 20:00:00,115.28700256347656
2019-11-02 20:15:00,55.42649841308594
2019-11-02 20:30:00,45.44969940185547
2019-11-02 20:45:00,43.23260116577149
2019-11-02 21:00:00,29.930299758911133
2019-11-02 21:15:00,23.27910041809082
2019-11-02 21:30:00,12.19379997253418
2019-11-02 21:45:00,5.542600154876709
2019-11-02 22:00:00,6.651199817657471
2019-11-02 22:15:00,8.868200302124023
2019-11-02 22:30:00,8.868200302124023
2019-11-02 22:45:00,7.759699821472168
2019-11-02 23:00:00,6.651199817657471
2019-11-02 23:15:00,5.542600154876709
2019-11-02 23:30:00,5.542600154876709
2019-11-02 23:45:00,4.434100151062012
2019-11-03 00:00:00,5.542600154876709
2019-11-03 00:15:00,5.542600154876709
2019-11-03 00:30:00,5.542600154876709
2019-11-03 00:45:00,6.651199817657471
2019-11-03 01:00:00,5.542600154876709
2019-11-03 01:15:00,5.542600154876709
2019-11-03 01:30:00,3.325599908828736
2019-11-03 01:45:00,5.542600154876709
2019-11-03 02:00:00,3.325599908828736
2019-11-03 02:15:00,3.325599908828736
2019-11-03 02:30:00,3.325599908828736
2019-11-03 02:45:00,4.434100151062012
2019-11-03 03:00:00,3.325599908828736
2019-11-03 03:15:00,3.325599908828736
2019-11-03 03:30:00,5.542600154876709
2019-11-03 03:45:00,3.325599908828736
2019-11-03 04:00:00,3.325599908828736
2019-11-03 04:15:00,3.325599908828736
2019-11-03 04:30:00,4.434100151062012
2019-11-03 04:45:00,4.434100151062012
2019-11-03 05:00:00,4.434100151062012
2019-11-03 05:15:00,3.325599908828736
2019-11-03 05:30:00,3.325599908828736
2019-11-03 05:45:00,5.542600154876709
2019-11-03 06:00:00,3.325599908828736
2019-11-03 06:15:00,5.542600154876709
2019-11-03 06:30:00,8.868200302124023
2019-11-03 06:45:00,6.651199817657471
2019-11-03 07:00:00,7.759699821472168
2019-11-03 07:15:00,6.651199817657471
2019-11-03 07:30:00,42.12409973144531
2019-11-03 07:45:00,93.11640167236328
2019-11-03 08:00:00,119.72109985351562
2019-11-03 08:15:00,170.7135009765625
2019-11-03 08:30:00,260.5043029785156
2019-11-03 08:45:00,167.6321561144133
2019-11-03 09:00:00,167.6321561144133
2019-11-03 09:15:00,167.6321561144133
2019-11-03 09:30:00,167.6321561144133
2019-11-03 09:45:00,167.6321561144133
2019-11-03 10:00:00,167.6321561144133
2019-11-03 10:15:00,167.6321561144133
2019-11-03 10:30:00,167.6321561144133
2019-11-03 10:45:00,167.6321561144133
2019-11-03 11:00:00,167.6321561144133
2019-11-03 11:15:00,167.6321561144133
2019-11-03 11:30:00,167.6321561144133
2019-11-03 11:45:00,167.6321561144133
2019-11-03 12:00:00,167.6321561144133
2019-11-03 12:15:00,167.6321561144133
2019-11-03 12:30:00,167.6321561144133
2019-11-03 12:45:00,167.6321561144133
2019-11-03 13:00:00,167.6321561144133
2019-11-03 13:15:00,167.6321561144133
2019-11-03 13:30:00,167.6321561144133
2019-11-03 13:45:00,167.6321561144133
2019-11-03 14:00:00,167.6321561144133
2019-11-03 14:15:00,167.6321561144133
2019-11-03 14:30:00,167.6321561144133
2019-11-03 14:45:00,167.6321561144133
2019-11-03 15:00:00,167.6321561144133
2019-11-03 15:15:00,167.6321561144133
2019-11-03 15:30:00,167.6321561144133
2019-11-03 15:45:00,167.6321561144133
2019-11-03 16:00:00,167.6321561144133
2019-11-03 16:15:00,167.6321561144133
2019-11-03 16:30:00,167.6321561144133
2019-11-03 16:45:00,167.6321561144133
2019-11-03 17:00:00,167.6321561144133
2019-11-03 17:15:00,167.6321561144133
2019-11-03 17:30:00,167.6321561144133
2019-11-03 17:45:00,167.6321561144133
2019-11-03 18:00:00,167.6321561144133
2019-11-03 18:15:00,167.6321561144133
2019-11-03 18:30:00,167.6321561144133
2019-11-03 18:45:00,167.6321561144133
2019-11-03 19:00:00,167.6321561144133
2019-11-03 19:15:00,167.6321561144133
2019-11-03 19:30:00,167.6321561144133
2019-11-03 19:45:00,167.6321561144133
2019-11-03 20:00:00,167.6321561144133
2019-11-03 20:15:00,167.6321561144133
2019-11-03 20:30:00,167.6321561144133
2019-11-03 20:45:00,167.6321561144133
2019-11-03 21:00:00,167.6321561144133
2019-11-03 21:15:00,41.01559829711914
2019-11-03 21:30:00,26.604700088500977
2019-11-03 21:45:00,17.736499786376953
2019-11-03 22:00:00,17.736499786376953
2019-11-03 22:15:00,15.519399642944336
2019-11-03 22:30:00,13.302300453186035
2019-11-03 22:45:00,12.19379997253418
2019-11-03 23:00:00,9.976799964904783
2019-11-03 23:15:00,7.759699821472168
2019-11-03 23:30:00,5.542600154876709
2019-11-03 23:45:00,3.325599908828736
2019-11-04 00:00:00,5.542600154876709
2019-11-04 00:15:00,4.434100151062012
2019-11-04 00:30:00,5.542600154876709
2019-11-04 00:45:00,7.759699821472168
2019-11-04 01:00:00,6.651199817657471
2019-11-04 01:15:00,3.325599908828736
2019-11-04 01:30:00,5.542600154876709
2019-11-04 01:45:00,3.325599908828736
2019-11-04 02:00:00,5.542600154876709
2019-11-04 02:15:00,3.325599908828736
2019-11-04 02:30:00,3.325599908828736
2019-11-04 02:45:00,4.434100151062012
2019-11-04 03:00:00,3.325599908828736
2019-11-04 03:15:00,5.542600154876709
2019-11-04 03:30:00,4.434100151062012
2019-11-04 03:45:00,4.434100151062012
2019-11-04 04:00:00,3.325599908828736
2019-11-04 04:15:00,3.325599908828736
2019-11-04 04:30:00,3.325599908828736
2019-11-04 04:45:00,3.325599908828736
2019-11-04 05:00:00,5.542600154876709
2019-11-04 05:15:00,3.325599908828736
2019-11-04 05:30:00,4.434100151062012
2019-11-04 05:45:00,4.434100151062012
2019-11-04 06:00:00,4.434100151062012
2019-11-04 06:15:00,4.434100151062012
2019-11-04 06:30:00,8.868200302124023
2019-11-04 06:45:00,8.868200302124023
2019-11-04 07:00:00,5.542600154876709
2019-11-04 07:15:00,7.759699821472168
2019-11-04 07:30:00,80.92259979248047
2019-11-04 07:45:00,171.82200622558594
2019-11-04 08:00:00,217.27169799804688
2019-11-04 08:15:00,267.1554870605469
2019-11-04 08:30:00,289.3261108398437
2019-11-04 08:45:00,345.8611145019531
2019-11-04 09:00:00,399.0704040527344
2019-11-04 09:15:00,429.0007019042969
2019-11-04 09:30:00,393.5278015136719
2019-11-04 09:45:00,389.09368896484375
2019-11-04 10:00:00,395.7449035644531
2019-11-04 10:15:00,423.4580993652344
2019-11-04 10:30:00,419.0239868164063
2019-11-04 10:45:00,407.9386901855469
2019-11-04 11:00:00,420.1325073242188
2019-11-04 11:15:00,407.9386901855469
2019-11-04 11:30:00,434.54339599609375
2019-11-04 11:45:00,390.20220947265625
2019-11-04 12:00:00,302.6283874511719
2019-11-04 12:15:00,211.72900390625
2019-11-04 12:30:00,237.22520446777344
2019-11-04 12:45:00,289.3261108398437
2019-11-04 13:00:00,386.8765869140625
2019-11-04 13:15:00,396.8533935546875
2019-11-04 13:30:00,389.09368896484375
2019-11-04 13:45:00,409.0472106933594
2019-11-04 14:00:00,425.6751098632813
2019-11-04 14:15:00,413.4812927246094
2019-11-04 14:30:00,411.2643127441406
2019-11-04 14:45:00,411.2643127441406
2019-11-04 15:00:00,399.0704040527344
2019-11-04 15:15:00,390.20220947265625
2019-11-04 15:30:00,378.0083923339844
2019-11-04 15:45:00,363.5975036621094
2019-11-04 16:00:00,372.4657897949219
2019-11-04 16:15:00,425.6751098632813
2019-11-04 16:30:00,422.349609375
2019-11-04 16:45:00,429.0007019042969
2019-11-04 17:00:00,402.39599609375
2019-11-04 17:15:00,406.8302001953125
2019-11-04 17:30:00,345.8611145019531
2019-11-04 17:45:00,308.1711120605469
2019-11-04 18:00:00,260.5043029785156
2019-11-04 18:15:00,298.1943054199219
2019-11-04 18:30:00,300.4114074707031
2019-11-04 18:45:00,260.5043029785156
2019-11-04 19:00:00,251.63609313964844
2019-11-04 19:15:00,186.2328948974609
2019-11-04 19:30:00,144.10879516601562
2019-11-04 19:45:00,100.8760986328125
2019-11-04 20:00:00,85.35669708251953
2019-11-04 20:15:00,77.59700012207031
2019-11-04 20:30:00,68.72879791259766
2019-11-04 20:45:00,69.8373031616211
2019-11-04 21:00:00,62.077598571777344
2019-11-04 21:15:00,62.077598571777344
2019-11-04 21:30:00,62.077598571777344
2019-11-04 21:45:00,53.20940017700195
2019-11-04 22:00:00,50.9922981262207
2019-11-04 22:15:00,37.68999862670898
2019-11-04 22:30:00,24.38759994506836
2019-11-04 22:45:00,16.627899169921875
2019-11-04 23:00:00,6.651199817657471
2019-11-04 23:15:00,5.542600154876709
2019-11-04 23:30:00,5.542600154876709
2019-11-04 23:45:00,4.434100151062012
2019-11-05 00:00:00,4.434100151062012
2019-11-05 00:15:00,6.651199817657471
2019-11-05 00:30:00,6.651199817657471
2019-11-05 00:45:00,5.542600154876709
2019-11-05 01:00:00,7.759699821472168
2019-11-05 01:15:00,4.434100151062012
2019-11-05 01:30:00,4.434100151062012
2019-11-05 01:45:00,4.434100151062012
2019-11-05 02:00:00,4.434100151062012
2019-11-05 02:15:00,3.325599908828736
2019-11-05 02:30:00,3.325599908828736
2019-11-05 02:45:00,3.325599908828736
2019-11-05 03:00:00,3.325599908828736
2019-11-05 03:15:00,4.434100151062012
2019-11-05 03:30:00,3.325599908828736
2019-11-05 03:45:00,3.325599908828736
2019-11-05 04:00:00,3.325599908828736
2019-11-05 04:15:00,3.325599908828736
2019-11-05 04:30:00,4.434100151062012
2019-11-05 04:45:00,3.325599908828736
2019-11-05 05:00:00,1.1085000038146973
2019-11-05 05:15:00,4.434100151062012
2019-11-05 05:30:00,3.325599908828736
2019-11-05 05:45:00,5.542600154876709
2019-11-05 06:00:00,3.325599908828736
2019-11-05 06:15:00,5.542600154876709
2019-11-05 06:30:00,9.976799964904783
2019-11-05 06:45:00,7.759699821472168
2019-11-05 07:00:00,8.868200302124023
2019-11-05 07:15:00,9.976799964904783
2019-11-05 07:30:00,79.81410217285156
2019-11-05 07:45:00,186.2328948974609
2019-11-05 08:00:00,188.4499053955078
2019-11-05 08:15:00,233.89959716796875
2019-11-05 08:30:00,298.1943054199219
2019-11-05 08:45:00,342.5354919433594
2019-11-05 09:00:00,376.89990234375
2019-11-05 09:15:00,410.15570068359375
2019-11-05 09:30:00,399.0704040527344
2019-11-05 09:45:00,399.0704040527344
2019-11-05 10:00:00,386.8765869140625
2019-11-05 10:15:00,399.0704040527344
2019-11-05 10:30:00,402.39599609375
2019-11-05 10:45:00,184.7317352294922
2019-11-05 11:00:00,251.63609313964844
2019-11-05 11:15:00,310.3880920410156
2019-11-05 11:30:00,312.6051940917969
2019-11-05 11:45:00,301.5198974609375
2019-11-05 12:00:00,271.589599609375
2019-11-05 12:15:00,143.0001983642578
2019-11-05 12:30:00,193.9925994873047
2019-11-05 12:45:00,293.7601928710937
2019-11-05 13:00:00,383.5509948730469
2019-11-05 13:15:00,393.5278015136719
2019-11-05 13:30:00,175.92869567871094
2019-11-05 13:45:00,173.70822143554688
2019-11-05 14:00:00,431.2178039550781
2019-11-05 14:15:00,419.0239868164063
2019-11-05 14:30:00,403.5046081542969
2019-11-05 14:45:00,403.5046081542969
2019-11-05 15:00:00,394.6362915039063
2019-11-05 15:15:00,424.5665893554688
2019-11-05 15:30:00,404.6130981445313
2019-11-05 15:45:00,417.9154052734375
2019-11-05 16:00:00,413.4812927246094
2019-11-05 16:15:00,396.8533935546875
2019-11-05 16:30:00,412.372802734375
2019-11-05 16:45:00,423.4580993652344
2019-11-05 17:00:00,172.33067321777344
2019-11-05 17:15:00,422.349609375
2019-11-05 17:30:00,407.9386901855469
2019-11-05 17:45:00,351.4036865234375
2019-11-05 18:00:00,266.0469970703125
2019-11-05 18:15:00,292.6517028808594
2019-11-05 18:30:00,253.8531036376953
2019-11-05 18:45:00,237.22520446777344
2019-11-05 19:00:00,229.4654998779297
2019-11-05 19:15:00,225.03140258789065
2019-11-05 19:30:00,205.0778961181641
2019-11-05 19:45:00,164.0623016357422
2019-11-05 20:00:00,125.26380157470705
2019-11-05 20:15:00,106.4188003540039
2019-11-05 20:30:00,100.8760986328125
2019-11-05 20:45:00,110.85289764404295
2019-11-05 21:00:00,100.8760986328125
2019-11-05 21:15:00,94.2249984741211
2019-11-05 21:30:00,88.68229675292969
2019-11-05 21:45:00,88.68229675292969
2019-11-05 22:00:00,93.11640167236328
2019-11-05 22:15:00,84.24819946289062
2019-11-05 22:30:00,59.860599517822266
2019-11-05 22:45:00,46.55820083618164
2019-11-05 23:00:00,50.9922981262207
2019-11-05 23:15:00,44.34120178222656
2019-11-05 23:30:00,15.519399642944336
2019-11-05 23:45:00,14.410900115966797
2019-11-06 00:00:00,14.410900115966797
2019-11-06 00:15:00,8.868200302124023
2019-11-06 00:30:00,11.08530044555664
2019-11-06 00:45:00,6.651199817657471
2019-11-06 01:00:00,8.868200302124023
2019-11-06 01:15:00,11.08530044555664
2019-11-06 01:30:00,6.651199817657471
2019-11-06 01:45:00,6.651199817657471
2019-11-06 02:00:00,7.759699821472168
2019-11-06 02:15:00,8.868200302124023
2019-11-06 02:30:00,6.651199817657471
2019-11-06 02:45:00,5.542600154876709
2019-11-06 03:00:00,5.542600154876709
2019-11-06 03:15:00,3.325599908828736
2019-11-06 03:30:00,3.325599908828736
2019-11-06 03:45:00,3.325599908828736
2019-11-06 04:00:00,4.434100151062012
2019-11-06 04:15:00,3.325599908828736
2019-11-06 04:30:00,3.325599908828736
2019-11-06 04:45:00,3.325599908828736
2019-11-06 05:00:00,3.325599908828736
2019-11-06 05:15:00,4.434100151062012
2019-11-06 05:30:00,3.325599908828736
2019-11-06 05:45:00,3.325599908828736
2019-11-06 06:00:00,3.325599908828736
2019-11-06 06:15:00,7.759699821472168
2019-11-06 06:30:00,8.868200302124023
2019-11-06 06:45:00,6.651199817657471
2019-11-06 07:00:00,6.651199817657471
2019-11-06 07:15:00,11.08530044555664
2019-11-06 07:30:00,95.33350372314452
2019-11-06 07:45:00,174.03909301757812
2019-11-06 08:00:00,209.51199340820312
2019-11-06 08:15:00,262.7214050292969
2019-11-06 08:30:00,329.23309326171875
2019-11-06 08:45:00,371.3572082519531
2019-11-06 09:00:00,167.6321561144133
2019-11-06 09:15:00,167.6321561144133
2019-11-06 09:30:00,167.6321561144133
2019-11-06 09:45:00,167.6321561144133
2019-11-06 10:00:00,167.6321561144133
2019-11-06 10:15:00,167.6321561144133
2019-11-06 10:30:00,167.6321561144133
2019-11-06 10:45:00,167.6321561144133
2019-11-06 11:00:00,167.6321561144133
2019-11-06 11:15:00,167.6321561144133
2019-11-06 11:30:00,167.6321561144133
2019-11-06 11:45:00,167.6321561144133
2019-11-06 12:00:00,167.6321561144133
2019-11-06 12:15:00,167.6321561144133
2019-11-06 12:30:00,167.6321561144133
2019-11-06 12:45:00,167.6321561144133
2019-11-06 13:00:00,167.6321561144133
2019-11-06 13:15:00,167.6321561144133
2019-11-06 13:30:00,167.6321561144133
2019-11-06 13:45:00,167.6321561144133
2019-11-06 14:00:00,167.6321561144133
2019-11-06 14:15:00,167.6321561144133
2019-11-06 14:30:00,167.6321561144133
2019-11-06 14:45:00,167.6321561144133
2019-11-06 15:00:00,167.6321561144133
2019-11-06 15:15:00,167.6321561144133
2019-11-06 15:30:00,167.6321561144133
2019-11-06 15:45:00,167.6321561144133
2019-11-06 16:00:00,167.6321561144133
2019-11-06 16:15:00,167.6321561144133
2019-11-06 16:30:00,167.6321561144133
2019-11-06 16:45:00,167.6321561144133
2019-11-06 17:00:00,167.6321561144133
2019-11-06 17:15:00,167.6321561144133
2019-11-06 17:30:00,167.6321561144133
2019-11-06 17:45:00,167.6321561144133
2019-11-06 18:00:00,167.6321561144133
2019-11-06 18:15:00,167.6321561144133
2019-11-06 18:30:00,167.6321561144133
2019-11-06 18:45:00,167.6321561144133
2019-11-06 19:00:00,167.6321561144133
2019-11-06 19:15:00,167.6321561144133
2019-11-06 19:30:00,167.6321561144133
2019-11-06 19:45:00,167.6321561144133
2019-11-06 20:00:00,167.6321561144133
2019-11-06 20:15:00,167.6321561144133
2019-11-06 20:30:00,167.6321561144133
2019-11-06 20:45:00,167.6321561144133
2019-11-06 21:00:00,167.6321561144133
2019-11-06 21:15:00,167.6321561144133
2019-11-06 21:30:00,88.68229675292969
2019-11-06 21:45:00,74.27140045166016
2019-11-06 22:00:00,62.077598571777344
2019-11-06 22:15:00,56.53499984741211
2019-11-06 22:30:00,55.42649841308594
2019-11-06 22:45:00,45.44969940185547
2019-11-06 23:00:00,47.66669845581055
2019-11-06 23:15:00,44.34120178222656
2019-11-06 23:30:00,13.302300453186035
2019-11-06 23:45:00,9.976799964904783
2019-11-07 00:00:00,11.08530044555664
2019-11-07 00:15:00,8.868200302124023
2019-11-07 00:30:00,9.976799964904783
2019-11-07 00:45:00,8.868200302124023
2019-11-07 01:00:00,8.868200302124023
2019-11-07 01:15:00,8.868200302124023
2019-11-07 01:30:00,7.759699821472168
2019-11-07 01:45:00,6.651199817657471
2019-11-07 02:00:00,8.868200302124023
2019-11-07 02:15:00,7.759699821472168
2019-11-07 02:30:00,6.651199817657471
2019-11-07 02:45:00,6.651199817657471
2019-11-07 03:00:00,5.542600154876709
2019-11-07 03:15:00,7.759699821472168
2019-11-07 03:30:00,6.651199817657471
2019-11-07 03:45:00,8.868200302124023
2019-11-07 04:00:00,6.651199817657471
2019-11-07 04:15:00,7.759699821472168
2019-11-07 04:30:00,6.651199817657471
2019-11-07 04:45:00,7.759699821472168
2019-11-07 05:00:00,6.651199817657471
2019-11-07 05:15:00,6.651199817657471
2019-11-07 05:30:00,4.434100151062012
2019-11-07 05:45:00,3.325599908828736
2019-11-07 06:00:00,5.542600154876709
2019-11-07 06:15:00,4.434100151062012
2019-11-07 06:30:00,8.868200302124023
2019-11-07 06:45:00,7.759699821472168
2019-11-07 07:00:00,5.542600154876709
2019-11-07 07:15:00,33.25590133666992
2019-11-07 07:30:00,115.28700256347656
2019-11-07 07:45:00,152.9770050048828
2019-11-07 08:00:00,168.49639892578125
2019-11-07 08:15:00,269.3725891113281
2019-11-07 08:30:00,361.3804931640625
2019-11-07 08:45:00,374.6828002929688
2019-11-07 09:00:00,417.9154052734375
2019-11-07 09:15:00,436.7604064941406
2019-11-07 09:30:00,413.4812927246094
2019-11-07 09:45:00,429.0007019042969
2019-11-07 10:00:00,420.1325073242188
2019-11-07 10:15:00,424.5665893554688
2019-11-07 10:30:00,429.0007019042969
2019-11-07 10:45:00,434.54339599609375
2019-11-07 11:00:00,194.7003326416016
2019-11-07 11:15:00,192.2597045898437
2019-11-07 11:30:00,438.9775085449219
2019-11-07 11:45:00,368.0315856933594
2019-11-07 12:00:00,310.3880920410156
2019-11-07 12:15:00,221.705795288086
2019-11-07 12:30:00,248.3105010986328
2019-11-07 12:45:00,370.2486877441406
2019-11-07 13:00:00,420.1325073242188
2019-11-07 13:15:00,393.5278015136719
2019-11-07 13:30:00,410.15570068359375
2019-11-07 13:45:00,390.20220947265625
2019-11-07 14:00:00,366.923095703125
2019-11-07 14:15:00,401.2875061035156
2019-11-07 14:30:00,360.2719116210937
2019-11-07 14:45:00,363.5975036621094
2019-11-07 15:00:00,384.65960693359375
2019-11-07 15:15:00,393.5278015136719
2019-11-07 15:30:00,386.8765869140625
2019-11-07 15:45:00,409.0472106933594
2019-11-07 16:00:00,401.2875061035156
2019-11-07 16:15:00,167.6321561144133
2019-11-07 16:30:00,167.6321561144133
2019-11-07 16:45:00,167.6321561144133
2019-11-07 17:00:00,167.6321561144133
2019-11-07 17:15:00,167.6321561144133
2019-11-07 17:30:00,167.6321561144133
2019-11-07 17:45:00,167.6321561144133
2019-11-07 18:00:00,167.6321561144133
2019-11-07 18:15:00,167.6321561144133
2019-11-07 18:30:00,167.6321561144133
2019-11-07 18:45:00,167.6321561144133
2019-11-07 19:00:00,167.6321561144133
2019-11-07 19:15:00,167.6321561144133
2019-11-07 19:30:00,167.6321561144133
2019-11-07 19:45:00,167.6321561144133
2019-11-07 20:00:00,167.6321561144133
2019-11-07 20:15:00,167.6321561144133
2019-11-07 20:30:00,167.6321561144133
2019-11-07 20:45:00,167.6321561144133
2019-11-07 21:00:00,167.6321561144133
2019-11-07 21:15:00,167.6321561144133
2019-11-07 21:30:00,167.6321561144133
2019-11-07 21:45:00,167.6321561144133
2019-11-07 22:00:00,167.6321561144133
2019-11-07 22:15:00,167.6321561144133
2019-11-07 22:30:00,167.6321561144133
2019-11-07 22:45:00,167.6321561144133
2019-11-07 23:00:00,167.6321561144133
2019-11-07 23:15:00,167.6321561144133
2019-11-07 23:30:00,167.6321561144133
2019-11-07 23:45:00,167.6321561144133
2019-11-08 00:00:00,167.6321561144133
2019-11-08 00:15:00,167.6321561144133
2019-11-08 00:30:00,167.6321561144133
2019-11-08 00:45:00,167.6321561144133
2019-11-08 01:00:00,167.6321561144133
2019-11-08 01:15:00,167.6321561144133
2019-11-08 01:30:00,167.6321561144133
2019-11-08 01:45:00,167.6321561144133
2019-11-08 02:00:00,167.6321561144133
2019-11-08 02:15:00,167.6321561144133
2019-11-08 02:30:00,167.6321561144133
2019-11-08 02:45:00,167.6321561144133
2019-11-08 03:00:00,167.6321561144133
2019-11-08 03:15:00,167.6321561144133
2019-11-08 03:30:00,167.6321561144133
2019-11-08 03:45:00,167.6321561144133
2019-11-08 04:00:00,167.6321561144133
2019-11-08 04:15:00,167.6321561144133
2019-11-08 04:30:00,167.6321561144133
2019-11-08 04:45:00,3.325599908828736
2019-11-08 05:00:00,1.1085000038146973
2019-11-08 05:15:00,5.542600154876709
2019-11-08 05:30:00,2.217099905014038
2019-11-08 05:45:00,3.325599908828736
2019-11-08 06:00:00,2.217099905014038
2019-11-08 06:15:00,6.651199817657471
2019-11-08 06:30:00,8.868200302124023
2019-11-08 06:45:00,5.542600154876709
2019-11-08 07:00:00,6.651199817657471
2019-11-08 07:15:00,7.759699821472168
2019-11-08 07:30:00,83.13970184326172
2019-11-08 07:45:00,166.27940368652344
2019-11-08 08:00:00,176.256103515625
2019-11-08 08:15:00,243.8764038085937
2019-11-08 08:30:00,300.4114074707031
2019-11-08 08:45:00,333.6672058105469
2019-11-08 09:00:00,382.4425048828125
2019-11-08 09:15:00,395.7449035644531
2019-11-08 09:30:00,413.4812927246094
2019-11-08 09:45:00,195.935546875
2019-11-08 10:00:00,193.50778198242188
2019-11-08 10:15:00,191.1471099853516
2019-11-08 10:30:00,427.8922119140625
2019-11-08 10:45:00,437.8689880371094
2019-11-08 11:00:00,434.54339599609375
2019-11-08 11:15:00,433.434814453125
2019-11-08 11:30:00,394.6362915039063
2019-11-08 11:45:00,363.5975036621094
2019-11-08 12:00:00,279.34930419921875
2019-11-08 12:15:00,203.96929931640625
2019-11-08 12:30:00,207.2949066162109
2019-11-08 12:45:00,328.1246032714844
2019-11-08 13:00:00,400.1789855957031
2019-11-08 13:15:00,422.349609375
2019-11-08 13:30:00,402.39599609375
2019-11-08 13:45:00,385.7680969238281
2019-11-08 14:00:00,373.5743103027344
2019-11-08 14:15:00,397.9619140625
2019-11-08 14:30:00,435.6518859863281
2019-11-08 14:45:00,413.4812927246094
2019-11-08 15:00:00,387.9851989746094
2019-11-08 15:15:00,412.372802734375
2019-11-08 15:30:00,416.806884765625
2019-11-08 15:45:00,421.2409973144531
2019-11-08 16:00:00,436.7604064941406
2019-11-08 16:15:00,431.2178039550781
2019-11-08 16:30:00,425.6751098632813
2019-11-08 16:45:00,396.8533935546875
2019-11-08 17:00:00,437.8689880371094
2019-11-08 17:15:00,416.806884765625
2019-11-08 17:30:00,403.5046081542969
2019-11-08 17:45:00,354.72930908203125
2019-11-08 18:00:00,338.1014099121094
2019-11-08 18:15:00,330.34161376953125
2019-11-08 18:30:00,345.8611145019531
2019-11-08 18:45:00,329.23309326171875
2019-11-08 19:00:00,356.9462890625
2019-11-08 19:15:00,361.3804931640625
2019-11-08 19:30:00,351.4036865234375
2019-11-08 19:45:00,327.01611328125
2019-11-08 20:00:00,196.2095947265625
2019-11-08 20:15:00,123.04669952392578
2019-11-08 20:30:00,109.74440002441406
2019-11-08 20:45:00,109.74440002441406
2019-11-08 21:00:00,113.06999969482422
2019-11-08 21:15:00,103.09320068359376
2019-11-08 21:30:00,100.8760986328125
2019-11-08 21:45:00,96.44200134277344
2019-11-08 22:00:00,94.2249984741211
2019-11-08 22:15:00,79.81410217285156
2019-11-08 22:30:00,80.92259979248047
2019-11-08 22:45:00,56.53499984741211
2019-11-08 23:00:00,46.55820083618164
2019-11-08 23:15:00,49.8838005065918
2019-11-08 23:30:00,56.53499984741211
2019-11-08 23:45:00,53.20940017700195
2019-11-09 00:00:00,56.53499984741211
2019-11-09 00:15:00,37.68999862670898
2019-11-09 00:30:00,8.868200302124023
2019-11-09 00:45:00,8.868200302124023
2019-11-09 01:00:00,8.868200302124023
2019-11-09 01:15:00,8.868200302124023
2019-11-09 01:30:00,6.651199817657471
2019-11-09 01:45:00,7.759699821472168
2019-11-09 02:00:00,6.651199817657471
2019-11-09 02:15:00,3.325599908828736
2019-11-09 02:30:00,3.325599908828736
2019-11-09 02:45:00,2.217099905014038
2019-11-09 03:00:00,3.325599908828736
2019-11-09 03:15:00,2.217099905014038
2019-11-09 03:30:00,3.325599908828736
2019-11-09 03:45:00,3.325599908828736
2019-11-09 04:00:00,2.217099905014038
2019-11-09 04:15:00,3.325599908828736
2019-11-09 04:30:00,2.217099905014038
2019-11-09 04:45:00,1.1085000038146973
2019-11-09 05:00:00,3.325599908828736
2019-11-09 05:15:00,4.434100151062012
2019-11-09 05:30:00,1.1085000038146973
2019-11-09 05:45:00,3.325599908828736
2019-11-09 06:00:00,4.434100151062012
2019-11-09 06:15:00,4.434100151062012
2019-11-09 06:30:00,7.759699821472168
2019-11-09 06:45:00,6.651199817657471
2019-11-09 07:00:00,5.542600154876709
2019-11-09 07:15:00,5.542600154876709
2019-11-09 07:30:00,54.317901611328125
2019-11-09 07:45:00,103.09320068359376
2019-11-09 08:00:00,124.1552963256836
2019-11-09 08:15:00,186.2328948974609
2019-11-09 08:30:00,266.0469970703125
2019-11-09 08:45:00,289.3261108398437
2019-11-09 09:00:00,308.1711120605469
2019-11-09 09:15:00,315.9307861328125
2019-11-09 09:30:00,335.8843078613281
2019-11-09 09:45:00,322.5819091796875
2019-11-09 10:00:00,310.3880920410156
2019-11-09 10:15:00,302.6283874511719
2019-11-09 10:30:00,336.9927978515625
2019-11-09 10:45:00,330.34161376953125
2019-11-09 11:00:00,336.9927978515625
2019-11-09 11:15:00,319.25640869140625
2019-11-09 11:30:00,315.9307861328125
2019-11-09 11:45:00,329.23309326171875
2019-11-09 12:00:00,270.4811096191406
2019-11-09 12:15:00,164.0623016357422
2019-11-09 12:30:00,168.49639892578125
2019-11-09 12:45:00,268.2640075683594
2019-11-09 13:00:00,321.473388671875
2019-11-09 13:15:00,308.1711120605469
2019-11-09 13:30:00,299.30279541015625
2019-11-09 13:45:00,314.8222045898437
2019-11-09 14:00:00,305.9540100097656
2019-11-09 14:15:00,315.9307861328125
2019-11-09 14:30:00,283.78338623046875
2019-11-09 14:45:00,300.4114074707031
2019-11-09 15:00:00,292.6517028808594
2019-11-09 15:15:00,325.9075012207031
2019-11-09 15:30:00,317.039306640625
2019-11-09 15:45:00,315.9307861328125
2019-11-09 16:00:00,315.9307861328125
2019-11-09 16:15:00,299.30279541015625
2019-11-09 16:30:00,332.5586853027344
2019-11-09 16:45:00,322.5819091796875
2019-11-09 17:00:00,320.3648986816406
2019-11-09 17:15:00,291.5430908203125
2019-11-09 17:30:00,283.78338623046875
2019-11-09 17:45:00,207.2949066162109
2019-11-09 18:00:00,168.49639892578125
2019-11-09 18:15:00,144.10879516601562
2019-11-09 18:30:00,150.75990295410156
2019-11-09 18:45:00,199.5352020263672
2019-11-09 19:00:00,206.1864013671875
2019-11-09 19:15:00,197.3182067871093
2019-11-09 19:30:00,187.3414001464844
2019-11-09 19:45:00,174.03909301757812
2019-11-09 20:00:00,162.95379638671875
2019-11-09 20:15:00,138.56610107421875
2019-11-09 20:30:00,109.74440002441406
2019-11-09 20:45:00,96.44200134277344
2019-11-09 21:00:00,72.05439758300781
2019-11-09 21:15:00,70.9458999633789
2019-11-09 21:30:00,64.2947006225586
2019-11-09 21:45:00,56.53499984741211
2019-11-09 22:00:00,53.20940017700195
2019-11-09 22:15:00,29.930299758911133
2019-11-09 22:30:00,19.953500747680664
2019-11-09 22:45:00,15.519399642944336
2019-11-09 23:00:00,11.08530044555664
2019-11-09 23:15:00,6.651199817657471
2019-11-09 23:30:00,5.542600154876709
2019-11-09 23:45:00,5.542600154876709
2019-11-10 00:00:00,3.325599908828736
2019-11-10 00:15:00,5.542600154876709
2019-11-10 00:30:00,6.651199817657471
2019-11-10 00:45:00,3.325599908828736
2019-11-10 01:00:00,5.542600154876709
2019-11-10 01:15:00,5.542600154876709
2019-11-10 01:30:00,3.325599908828736
2019-11-10 01:45:00,3.325599908828736
2019-11-10 02:00:00,2.217099905014038
2019-11-10 02:15:00,3.325599908828736
2019-11-10 02:30:00,5.542600154876709
2019-11-10 02:45:00,2.217099905014038
2019-11-10 03:00:00,1.1085000038146973
2019-11-10 03:15:00,3.325599908828736
2019-11-10 03:30:00,2.217099905014038
2019-11-10 03:45:00,3.325599908828736
2019-11-10 04:00:00,2.217099905014038
2019-11-10 04:15:00,1.1085000038146973
2019-11-10 04:30:00,4.434100151062012
2019-11-10 04:45:00,3.325599908828736
2019-11-10 05:00:00,3.325599908828736
2019-11-10 05:15:00,2.217099905014038
2019-11-10 05:30:00,3.325599908828736
2019-11-10 05:45:00,1.1085000038146973
2019-11-10 06:00:00,4.434100151062012
2019-11-10 06:15:00,3.325599908828736
2019-11-10 06:30:00,8.868200302124023
2019-11-10 06:45:00,6.651199817657471
2019-11-10 07:00:00,5.542600154876709
2019-11-10 07:15:00,5.542600154876709
2019-11-10 07:30:00,9.976799964904783
2019-11-10 07:45:00,31.038799285888672
2019-11-10 08:00:00,74.27140045166016
2019-11-10 08:15:00,147.4344024658203
2019-11-10 08:30:00,239.4423065185547
2019-11-10 08:45:00,269.3725891113281
2019-11-10 09:00:00,311.4967041015625
2019-11-10 09:15:00,300.4114074707031
2019-11-10 09:30:00,317.039306640625
2019-11-10 09:45:00,303.73699951171875
2019-11-10 10:00:00,324.79901123046875
2019-11-10 10:15:00,345.8611145019531
2019-11-10 10:30:00,359.16339111328125
2019-11-10 10:45:00,351.4036865234375
2019-11-10 11:00:00,339.2098999023437
2019-11-10 11:15:00,336.9927978515625
2019-11-10 11:30:00,315.9307861328125
2019-11-10 11:45:00,322.5819091796875
2019-11-10 12:00:00,267.1554870605469
2019-11-10 12:15:00,164.0623016357422
2019-11-10 12:30:00,175.14759826660156
2019-11-10 12:45:00,221.705795288086
2019-11-10 13:00:00,307.0625
2019-11-10 13:15:00,301.5198974609375
2019-11-10 13:30:00,301.5198974609375
2019-11-10 13:45:00,287.1090087890625
2019-11-10 14:00:00,313.7137145996094
2019-11-10 14:15:00,313.7137145996094
2019-11-10 14:30:00,312.6051940917969
2019-11-10 14:45:00,299.30279541015625
2019-11-10 15:00:00,330.34161376953125
2019-11-10 15:15:00,336.9927978515625
2019-11-10 15:30:00,330.34161376953125
2019-11-10 15:45:00,328.1246032714844
2019-11-10 16:00:00,329.23309326171875
2019-11-10 16:15:00,339.2098999023437
2019-11-10 16:30:00,329.23309326171875
2019-11-10 16:45:00,332.5586853027344
2019-11-10 17:00:00,343.6440124511719
2019-11-10 17:15:00,312.6051940917969
2019-11-10 17:30:00,254.96170043945312
2019-11-10 17:45:00,184.0157928466797
2019-11-10 18:00:00,115.28700256347656
2019-11-10 18:15:00,101.98470306396484
2019-11-10 18:30:00,100.8760986328125
2019-11-10 18:45:00,85.35669708251953
2019-11-10 19:00:00,77.59700012207031
2019-11-10 19:15:00,76.4885025024414
2019-11-10 19:30:00,72.05439758300781
2019-11-10 19:45:00,73.16290283203125
2019-11-10 20:00:00,73.16290283203125
2019-11-10 20:15:00,68.72879791259766
2019-11-10 20:30:00,64.2947006225586
2019-11-10 20:45:00,65.4031982421875
2019-11-10 21:00:00,56.53499984741211
2019-11-10 21:15:00,55.42649841308594
2019-11-10 21:30:00,57.64350128173828
2019-11-10 21:45:00,53.20940017700195
2019-11-10 22:00:00,48.775299072265625
2019-11-10 22:15:00,39.90700149536133
2019-11-10 22:30:00,28.8218002319336
2019-11-10 22:45:00,14.410900115966797
2019-11-10 23:00:00,6.651199817657471
2019-11-10 23:15:00,5.542600154876709
2019-11-10 23:30:00,3.325599908828736
2019-11-10 23:45:00,5.542600154876709
2019-11-11 00:00:00,3.325599908828736
2019-11-11 00:15:00,5.542600154876709
2019-11-11 00:30:00,5.542600154876709
2019-11-11 00:45:00,5.542600154876709
2019-11-11 01:00:00,3.325599908828736
2019-11-11 01:15:00,3.325599908828736
2019-11-11 01:30:00,3.325599908828736
2019-11-11 01:45:00,2.217099905014038
2019-11-11 02:00:00,3.325599908828736
2019-11-11 02:15:00,2.217099905014038
2019-11-11 02:30:00,3.325599908828736
2019-11-11 02:45:00,5.542600154876709
2019-11-11 03:00:00,1.1085000038146973
2019-11-11 03:15:00,3.325599908828736
2019-11-11 03:30:00,4.434100151062012
2019-11-11 03:45:00,1.1085000038146973
2019-11-11 04:00:00,3.325599908828736
2019-11-11 04:15:00,2.217099905014038
2019-11-11 04:30:00,3.325599908828736
2019-11-11 04:45:00,3.325599908828736
2019-11-11 05:00:00,4.434100151062012
2019-11-11 05:15:00,3.325599908828736
2019-11-11 05:30:00,3.325599908828736
2019-11-11 05:45:00,2.217099905014038
2019-11-11 06:00:00,3.325599908828736
2019-11-11 06:15:00,5.542600154876709
2019-11-11 06:30:00,6.651199817657471
2019-11-11 06:45:00,6.651199817657471
2019-11-11 07:00:00,5.542600154876709
2019-11-11 07:15:00,5.542600154876709
2019-11-11 07:30:00,29.930299758911133
2019-11-11 07:45:00,154.0854949951172
2019-11-11 08:00:00,229.4654998779297
2019-11-11 08:15:00,263.82989501953125
2019-11-11 08:30:00,294.86871337890625
2019-11-11 08:45:00,352.51220703125
2019-11-11 09:00:00,406.8302001953125
2019-11-11 09:15:00,435.6518859863281
2019-11-11 09:30:00,420.1325073242188
2019-11-11 09:45:00,422.349609375
2019-11-11 10:00:00,147.78077697753906
2019-11-11 10:15:00,422.349609375
2019-11-11 10:30:00,431.2178039550781
2019-11-11 10:45:00,147.48416137695312
2019-11-11 11:00:00,145.36000061035156
2019-11-11 11:15:00,143.34072875976562
2019-11-11 11:30:00,423.4580993652344
2019-11-11 11:45:00,365.8146057128906
2019-11-11 12:00:00,303.73699951171875
2019-11-11 12:15:00,201.75230407714844
2019-11-11 12:30:00,201.75230407714844
2019-11-11 12:45:00,294.86871337890625
2019-11-11 13:00:00,384.65960693359375
2019-11-11 13:15:00,389.09368896484375
2019-11-11 13:30:00,396.8533935546875
2019-11-11 13:45:00,402.39599609375
2019-11-11 14:00:00,401.2875061035156
2019-11-11 14:15:00,413.4812927246094
2019-11-11 14:30:00,420.1325073242188
2019-11-11 14:45:00,391.3106994628906
2019-11-11 15:00:00,395.7449035644531
2019-11-11 15:15:00,374.6828002929688
2019-11-11 15:30:00,422.349609375
2019-11-11 15:45:00,430.10931396484375
2019-11-11 16:00:00,407.9386901855469
2019-11-11 16:15:00,410.15570068359375
2019-11-11 16:30:00,410.15570068359375
2019-11-11 16:45:00,426.78369140625
2019-11-11 17:00:00,402.39599609375
2019-11-11 17:15:00,399.0704040527344
2019-11-11 17:30:00,315.9307861328125
2019-11-11 17:45:00,262.7214050292969
2019-11-11 18:00:00,219.4886932373047
2019-11-11 18:15:00,270.4811096191406
2019-11-11 18:30:00,269.3725891113281
2019-11-11 18:45:00,253.8531036376953
2019-11-11 19:00:00,222.8143005371093
2019-11-11 19:15:00,188.4499053955078
2019-11-11 19:30:00,180.6902008056641
2019-11-11 19:45:00,171.82200622558594
2019-11-11 20:00:00,149.65139770507812
2019-11-11 20:15:00,125.26380157470705
2019-11-11 20:30:00,109.74440002441406
2019-11-11 20:45:00,99.7676010131836
2019-11-11 21:00:00,88.68229675292969
2019-11-11 21:15:00,92.00789642333984
2019-11-11 21:30:00,88.68229675292969
2019-11-11 21:45:00,79.81410217285156
2019-11-11 22:00:00,62.077598571777344
2019-11-11 22:15:00,62.077598571777344
2019-11-11 22:30:00,44.34120178222656
2019-11-11 22:45:00,47.66669845581055
2019-11-11 23:00:00,43.23260116577149
2019-11-11 23:15:00,23.27910041809082
2019-11-11 23:30:00,12.19379997253418
2019-11-11 23:45:00,9.976799964904783
2019-11-12 00:00:00,8.868200302124023
2019-11-12 00:15:00,11.08530044555664
2019-11-12 00:30:00,11.08530044555664
2019-11-12 00:45:00,8.868200302124023
2019-11-12 01:00:00,9.976799964904783
2019-11-12 01:15:00,7.759699821472168
2019-11-12 01:30:00,8.868200302124023
2019-11-12 01:45:00,6.651199817657471
2019-11-12 02:00:00,3.325599908828736
2019-11-12 02:15:00,2.217099905014038
2019-11-12 02:30:00,3.325599908828736
2019-11-12 02:45:00,3.325599908828736
2019-11-12 03:00:00,5.542600154876709
2019-11-12 03:15:00,2.217099905014038
2019-11-12 03:30:00,3.325599908828736
2019-11-12 03:45:00,3.325599908828736
2019-11-12 04:00:00,2.217099905014038
2019-11-12 04:15:00,3.325599908828736
2019-11-12 04:30:00,1.1085000038146973
2019-11-12 04:45:00,5.542600154876709
2019-11-12 05:00:00,2.217099905014038
2019-11-12 05:15:00,3.325599908828736
2019-11-12 05:30:00,3.325599908828736
2019-11-12 05:45:00,3.325599908828736
2019-11-12 06:00:00,4.434100151062012
2019-11-12 06:15:00,4.434100151062012
2019-11-12 06:30:00,7.759699821472168
2019-11-12 06:45:00,6.651199817657471
2019-11-12 07:00:00,5.542600154876709
2019-11-12 07:15:00,6.651199817657471
2019-11-12 07:30:00,48.775299072265625
2019-11-12 07:45:00,169.6049041748047
2019-11-12 08:00:00,212.8376007080078
2019-11-12 08:15:00,256.0701904296875
2019-11-12 08:30:00,278.2408142089844
2019-11-12 08:45:00,366.923095703125
2019-11-12 09:00:00,427.8922119140625
2019-11-12 09:15:00,437.8689880371094
2019-11-12 09:30:00,409.0472106933594
2019-11-12 09:45:00,421.2409973144531
2019-11-12 10:00:00,417.9154052734375
2019-11-12 10:15:00,434.54339599609375
2019-11-12 10:30:00,427.8922119140625
2019-11-12 10:45:00,431.2178039550781
2019-11-12 11:00:00,184.9215240478516
2019-11-12 11:15:00,402.39599609375
2019-11-12 11:30:00,397.9619140625
2019-11-12 11:45:00,402.39599609375
2019-11-12 12:00:00,322.5819091796875
2019-11-12 12:15:00,207.2949066162109
2019-11-12 12:30:00,217.27169799804688
2019-11-12 12:45:00,320.3648986816406
2019-11-12 13:00:00,360.2719116210937
2019-11-12 13:15:00,348.0780944824219
2019-11-12 13:30:00,350.2951965332031
2019-11-12 13:45:00,386.8765869140625
2019-11-12 14:00:00,392.4193115234375
2019-11-12 14:15:00,364.70599365234375
2019-11-12 14:30:00,389.09368896484375
2019-11-12 14:45:00,414.58990478515625
2019-11-12 15:00:00,419.0239868164063
2019-11-12 15:15:00,405.7215881347656
2019-11-12 15:30:00,390.20220947265625
2019-11-12 15:45:00,406.8302001953125
2019-11-12 16:00:00,412.372802734375
2019-11-12 16:15:00,421.2409973144531
2019-11-12 16:30:00,429.0007019042969
2019-11-12 16:45:00,414.58990478515625
2019-11-12 17:00:00,395.7449035644531
2019-11-12 17:15:00,393.5278015136719
2019-11-12 17:30:00,380.2254943847656
2019-11-12 17:45:00,302.6283874511719
2019-11-12 18:00:00,259.39581298828125
2019-11-12 18:15:00,231.6826019287109
2019-11-12 18:30:00,244.98489379882807
2019-11-12 18:45:00,274.9151916503906
2019-11-12 19:00:00,241.6593017578125
2019-11-12 19:15:00,239.4423065185547
2019-11-12 19:30:00,209.51199340820312
2019-11-12 19:45:00,169.6049041748047
2019-11-12 20:00:00,147.4344024658203
2019-11-12 20:15:00,139.67469787597656
2019-11-12 20:30:00,138.56610107421875
2019-11-12 20:45:00,124.1552963256836
2019-11-12 21:00:00,103.09320068359376
2019-11-12 21:15:00,109.74440002441406
2019-11-12 21:30:00,115.28700256347656
2019-11-12 21:45:00,106.4188003540039
2019-11-12 22:00:00,90.89939880371094
2019-11-12 22:15:00,67.62030029296875
2019-11-12 22:30:00,50.9922981262207
2019-11-12 22:45:00,49.8838005065918
2019-11-12 23:00:00,49.8838005065918
2019-11-12 23:15:00,35.472900390625
2019-11-12 23:30:00,9.976799964904783
2019-11-12 23:45:00,11.08530044555664
2019-11-13 00:00:00,8.868200302124023
2019-11-13 00:15:00,8.868200302124023
2019-11-13 00:30:00,8.868200302124023
2019-11-13 00:45:00,9.976799964904783
2019-11-13 01:00:00,8.868200302124023
2019-11-13 01:15:00,8.868200302124023
2019-11-13 01:30:00,7.759699821472168
2019-11-13 01:45:00,6.651199817657471
2019-11-13 02:00:00,5.542600154876709
2019-11-13 02:15:00,3.325599908828736
2019-11-13 02:30:00,3.325599908828736
2019-11-13 02:45:00,4.434100151062012
2019-11-13 03:00:00,4.434100151062012
2019-11-13 03:15:00,4.434100151062012
2019-11-13 03:30:00,1.1085000038146973
2019-11-13 03:45:00,3.325599908828736
2019-11-13 04:00:00,4.434100151062012
2019-11-13 04:15:00,3.325599908828736
2019-11-13 04:30:00,3.325599908828736
2019-11-13 04:45:00,2.217099905014038
2019-11-13 05:00:00,4.434100151062012
2019-11-13 05:15:00,4.434100151062012
2019-11-13 05:30:00,3.325599908828736
2019-11-13 05:45:00,3.325599908828736
2019-11-13 06:00:00,5.542600154876709
2019-11-13 06:15:00,5.542600154876709
2019-11-13 06:30:00,8.868200302124023
2019-11-13 06:45:00,4.434100151062012
2019-11-13 07:00:00,7.759699821472168
2019-11-13 07:15:00,5.542600154876709
2019-11-13 07:30:00,27.71319961547852
2019-11-13 07:45:00,174.03909301757812
2019-11-13 08:00:00,210.62049865722656
2019-11-13 08:15:00,253.8531036376953
2019-11-13 08:30:00,303.73699951171875
2019-11-13 08:45:00,366.923095703125
2019-11-13 09:00:00,379.1169128417969
2019-11-13 09:15:00,401.2875061035156
2019-11-13 09:30:00,429.0007019042969
2019-11-13 09:45:00,419.0239868164063
2019-11-13 10:00:00,425.6751098632813
2019-11-13 10:15:00,190.6648712158203
2019-11-13 10:30:00,188.12448120117188
2019-11-13 10:45:00,427.8922119140625
2019-11-13 11:00:00,185.59225463867188
2019-11-13 11:15:00,185.5992431640625
2019-11-13 11:30:00,413.4812927246094
2019-11-13 11:45:00,366.923095703125
2019-11-13 12:00:00,301.5198974609375
2019-11-13 12:15:00,219.4886932373047
2019-11-13 12:30:00,186.2328948974609
2019-11-13 12:45:00,274.9151916503906
2019-11-13 13:00:00,389.09368896484375
2019-11-13 13:15:00,390.20220947265625
2019-11-13 13:30:00,387.9851989746094
2019-11-13 13:45:00,405.7215881347656
2019-11-13 14:00:00,404.6130981445313
2019-11-13 14:15:00,404.6130981445313
2019-11-13 14:30:00,393.5278015136719
2019-11-13 14:45:00,401.2875061035156
2019-11-13 15:00:00,411.2643127441406
2019-11-13 15:15:00,395.7449035644531
2019-11-13 15:30:00,372.4657897949219
2019-11-13 15:45:00,369.1401977539063
2019-11-13 16:00:00,352.51220703125
2019-11-13 16:15:00,343.6440124511719
2019-11-13 16:30:00,399.0704040527344
2019-11-13 16:45:00,397.9619140625
2019-11-13 17:00:00,402.39599609375
2019-11-13 17:15:00,405.7215881347656
2019-11-13 17:30:00,397.9619140625
2019-11-13 17:45:00,301.5198974609375
2019-11-13 18:00:00,236.11669921875
2019-11-13 18:15:00,231.6826019287109
2019-11-13 18:30:00,236.11669921875
2019-11-13 18:45:00,227.24850463867188
2019-11-13 19:00:00,210.62049865722656
2019-11-13 19:15:00,207.2949066162109
2019-11-13 19:30:00,215.0545959472656
2019-11-13 19:45:00,177.36459350585938
2019-11-13 20:00:00,144.10879516601562
2019-11-13 20:15:00,109.74440002441406
2019-11-13 20:30:00,103.09320068359376
2019-11-13 20:45:00,106.4188003540039
2019-11-13 21:00:00,88.68229675292969
2019-11-13 21:15:00,89.79090118408203
2019-11-13 21:30:00,90.89939880371094
2019-11-13 21:45:00,88.68229675292969
2019-11-13 22:00:00,76.4885025024414
2019-11-13 22:15:00,57.64350128173828
2019-11-13 22:30:00,44.34120178222656
2019-11-13 22:45:00,48.775299072265625
2019-11-13 23:00:00,44.34120178222656
2019-11-13 23:15:00,38.79850006103516
2019-11-13 23:30:00,21.06209945678711
2019-11-13 23:45:00,11.08530044555664
2019-11-14 00:00:00,8.868200302124023
2019-11-14 00:15:00,9.976799964904783
2019-11-14 00:30:00,8.868200302124023
2019-11-14 00:45:00,8.868200302124023
2019-11-14 01:00:00,8.868200302124023
2019-11-14 01:15:00,7.759699821472168
2019-11-14 01:30:00,8.868200302124023
2019-11-14 01:45:00,8.868200302124023
2019-11-14 02:00:00,4.434100151062012
2019-11-14 02:15:00,4.434100151062012
2019-11-14 02:30:00,3.325599908828736
2019-11-14 02:45:00,1.1085000038146973
2019-11-14 03:00:00,4.434100151062012
2019-11-14 03:15:00,3.325599908828736
2019-11-14 03:30:00,1.1085000038146973
2019-11-14 03:45:00,4.434100151062012
2019-11-14 04:00:00,1.1085000038146973
2019-11-14 04:15:00,5.542600154876709
2019-11-14 04:30:00,3.325599908828736
2019-11-14 04:45:00,2.217099905014038
2019-11-14 05:00:00,3.325599908828736
2019-11-14 05:15:00,3.325599908828736
2019-11-14 05:30:00,3.325599908828736
2019-11-14 05:45:00,2.217099905014038
2019-11-14 06:00:00,3.325599908828736
2019-11-14 06:15:00,5.542600154876709
2019-11-14 06:30:00,6.651199817657471
2019-11-14 06:45:00,8.868200302124023
2019-11-14 07:00:00,5.542600154876709
2019-11-14 07:15:00,5.542600154876709
2019-11-14 07:30:00,73.16290283203125
2019-11-14 07:45:00,172.9304962158203
2019-11-14 08:00:00,199.5352020263672
2019-11-14 08:15:00,217.27169799804688
2019-11-14 08:30:00,259.39581298828125
2019-11-14 08:45:00,348.0780944824219
2019-11-14 09:00:00,376.89990234375
2019-11-14 09:15:00,415.6983947753906
2019-11-14 09:30:00,431.2178039550781
2019-11-14 09:45:00,400.1789855957031
2019-11-14 10:00:00,420.1325073242188
2019-11-14 10:15:00,403.5046081542969
2019-11-14 10:30:00,435.6518859863281
2019-11-14 10:45:00,413.4812927246094
2019-11-14 11:00:00,405.7215881347656
2019-11-14 11:15:00,394.6362915039063
2019-11-14 11:30:00,372.4657897949219
2019-11-14 11:45:00,334.7757873535156
2019-11-14 12:00:00,286.00048828125
2019-11-14 12:15:00,199.5352020263672
2019-11-14 12:30:00,195.10110473632807
2019-11-14 12:45:00,257.1787109375
2019-11-14 13:00:00,342.5354919433594
2019-11-14 13:15:00,363.5975036621094
2019-11-14 13:30:00,363.5975036621094
2019-11-14 13:45:00,366.923095703125
2019-11-14 14:00:00,374.6828002929688
2019-11-14 14:15:00,390.20220947265625
2019-11-14 14:30:00,390.20220947265625
2019-11-14 14:45:00,387.9851989746094
2019-11-14 15:00:00,394.6362915039063
2019-11-14 15:15:00,370.2486877441406
2019-11-14 15:30:00,378.0083923339844
2019-11-14 15:45:00,364.70599365234375
2019-11-14 16:00:00,369.1401977539063
2019-11-14 16:15:00,381.3340148925781
2019-11-14 16:30:00,389.09368896484375
2019-11-14 16:45:00,411.2643127441406
2019-11-14 17:00:00,396.8533935546875
2019-11-14 17:15:00,366.923095703125
2019-11-14 17:30:00,345.8611145019531
2019-11-14 17:45:00,291.5430908203125
2019-11-14 18:00:00,225.03140258789065
2019-11-14 18:15:00,192.88409423828125
2019-11-14 18:30:00,170.7135009765625
2019-11-14 18:45:00,157.41110229492188
2019-11-14 19:00:00,133.02349853515625
2019-11-14 19:15:00,111.9614028930664
2019-11-14 19:30:00,114.17849731445312
2019-11-14 19:45:00,109.74440002441406
2019-11-14 20:00:00,113.06999969482422
2019-11-14 20:15:00,103.09320068359376
2019-11-14 20:30:00,97.55059814453124
2019-11-14 20:45:00,95.33350372314452
2019-11-14 21:00:00,93.11640167236328
2019-11-14 21:15:00,95.33350372314452
2019-11-14 21:30:00,86.46530151367188
2019-11-14 21:45:00,84.24819946289062
2019-11-14 22:00:00,80.92259979248047
2019-11-14 22:15:00,78.70559692382812
2019-11-14 22:30:00,54.317901611328125
2019-11-14 22:45:00,46.55820083618164
2019-11-14 23:00:00,38.79850006103516
2019-11-14 23:15:00,14.410900115966797
2019-11-14 23:30:00,9.976799964904783
2019-11-14 23:45:00,13.302300453186035
2019-11-15 00:00:00,9.976799964904783
2019-11-15 00:15:00,8.868200302124023
2019-11-15 00:30:00,8.868200302124023
2019-11-15 00:45:00,11.08530044555664
2019-11-15 01:00:00,8.868200302124023
2019-11-15 01:15:00,6.651199817657471
2019-11-15 01:30:00,7.759699821472168
2019-11-15 01:45:00,6.651199817657471
2019-11-15 02:00:00,8.868200302124023
2019-11-15 02:15:00,6.651199817657471
2019-11-15 02:30:00,5.542600154876709
2019-11-15 02:45:00,7.759699821472168
2019-11-15 03:00:00,3.325599908828736
2019-11-15 03:15:00,3.325599908828736
2019-11-15 03:30:00,3.325599908828736
2019-11-15 03:45:00,3.325599908828736
2019-11-15 04:00:00,4.434100151062012
2019-11-15 04:15:00,1.1085000038146973
2019-11-15 04:30:00,3.325599908828736
2019-11-15 04:45:00,4.434100151062012
2019-11-15 05:00:00,1.1085000038146973
2019-11-15 05:15:00,3.325599908828736
2019-11-15 05:30:00,4.434100151062012
2019-11-15 05:45:00,4.434100151062012
2019-11-15 06:00:00,4.434100151062012
2019-11-15 06:15:00,3.325599908828736
2019-11-15 06:30:00,6.651199817657471
2019-11-15 06:45:00,7.759699821472168
2019-11-15 07:00:00,4.434100151062012
2019-11-15 07:15:00,7.759699821472168
2019-11-15 07:30:00,15.519399642944336
2019-11-15 07:45:00,79.81410217285156
2019-11-15 08:00:00,123.04669952392578
2019-11-15 08:15:00,172.9304962158203
2019-11-15 08:30:00,256.0701904296875
2019-11-15 08:45:00,302.6283874511719
2019-11-15 09:00:00,321.473388671875
2019-11-15 09:15:00,427.8922119140625
2019-11-15 09:30:00,172.7111358642578
2019-11-15 09:45:00,416.806884765625
2019-11-15 10:00:00,399.0704040527344
2019-11-15 10:15:00,415.6983947753906
2019-11-15 10:30:00,379.1169128417969
2019-11-15 10:45:00,402.39599609375
2019-11-15 11:00:00,407.9386901855469
2019-11-15 11:15:00,393.5278015136719
2019-11-15 11:30:00,397.9619140625
2019-11-15 11:45:00,340.3183898925781
2019-11-15 12:00:00,260.5043029785156
2019-11-15 12:15:00,180.6902008056641
2019-11-15 12:30:00,199.5352020263672
2019-11-15 12:45:00,258.28729248046875
2019-11-15 13:00:00,380.2254943847656
2019-11-15 13:15:00,376.89990234375
2019-11-15 13:30:00,378.0083923339844
2019-11-15 13:45:00,369.1401977539063
2019-11-15 14:00:00,393.5278015136719
2019-11-15 14:15:00,167.6321561144133
2019-11-15 14:30:00,167.6321561144133
2019-11-15 14:45:00,167.6321561144133
2019-11-15 15:00:00,167.6321561144133
2019-11-15 15:15:00,167.6321561144133
2019-11-15 15:30:00,167.6321561144133
2019-11-15 15:45:00,167.6321561144133
2019-11-15 16:00:00,167.6321561144133
2019-11-15 16:15:00,167.6321561144133
2019-11-15 16:30:00,167.6321561144133
2019-11-15 16:45:00,167.6321561144133
2019-11-15 17:00:00,167.6321561144133
2019-11-15 17:15:00,167.6321561144133
2019-11-15 17:30:00,167.6321561144133
2019-11-15 17:45:00,167.6321561144133
2019-11-15 18:00:00,167.6321561144133
2019-11-15 18:15:00,167.6321561144133
2019-11-15 18:30:00,167.6321561144133
2019-11-15 18:45:00,167.6321561144133
2019-11-15 19:00:00,167.6321561144133
2019-11-15 19:15:00,167.6321561144133
2019-11-15 19:30:00,167.6321561144133
2019-11-15 19:45:00,167.6321561144133
2019-11-15 20:00:00,167.6321561144133
2019-11-15 20:15:00,167.6321561144133
2019-11-15 20:30:00,167.6321561144133
2019-11-15 20:45:00,167.6321561144133
2019-11-15 21:00:00,167.6321561144133
2019-11-15 21:15:00,167.6321561144133
2019-11-15 21:30:00,167.6321561144133
2019-11-15 21:45:00,167.6321561144133
2019-11-15 22:00:00,167.6321561144133
2019-11-15 22:15:00,167.6321561144133
2019-11-15 22:30:00,167.6321561144133
2019-11-15 22:45:00,167.6321561144133
2019-11-15 23:00:00,167.6321561144133
2019-11-15 23:15:00,167.6321561144133
2019-11-15 23:30:00,167.6321561144133
2019-11-15 23:45:00,167.6321561144133
2019-11-16 00:00:00,167.6321561144133
2019-11-16 00:15:00,167.6321561144133
2019-11-16 00:30:00,167.6321561144133
2019-11-16 00:45:00,167.6321561144133
2019-11-16 01:00:00,167.6321561144133
2019-11-16 01:15:00,167.6321561144133
2019-11-16 01:30:00,167.6321561144133
2019-11-16 01:45:00,167.6321561144133
2019-11-16 02:00:00,167.6321561144133
2019-11-16 02:15:00,167.6321561144133
2019-11-16 02:30:00,167.6321561144133
2019-11-16 02:45:00,6.651199817657471
2019-11-16 03:00:00,7.759699821472168
2019-11-16 03:15:00,6.651199817657471
2019-11-16 03:30:00,3.325599908828736
2019-11-16 03:45:00,5.542600154876709
2019-11-16 04:00:00,2.217099905014038
2019-11-16 04:15:00,3.325599908828736
2019-11-16 04:30:00,3.325599908828736
2019-11-16 04:45:00,3.325599908828736
2019-11-16 05:00:00,2.217099905014038
2019-11-16 05:15:00,3.325599908828736
2019-11-16 05:30:00,3.325599908828736
2019-11-16 05:45:00,3.325599908828736
2019-11-16 06:00:00,4.434100151062012
2019-11-16 06:15:00,3.325599908828736
2019-11-16 06:30:00,8.868200302124023
2019-11-16 06:45:00,6.651199817657471
2019-11-16 07:00:00,8.868200302124023
2019-11-16 07:15:00,5.542600154876709
2019-11-16 07:30:00,58.75199890136719
2019-11-16 07:45:00,79.81410217285156
2019-11-16 08:00:00,88.68229675292969
2019-11-16 08:15:00,127.48079681396484
2019-11-16 08:30:00,206.1864013671875
2019-11-16 08:45:00,230.57400512695312
2019-11-16 09:00:00,272.6980895996094
2019-11-16 09:15:00,287.1090087890625
2019-11-16 09:30:00,295.9772033691406
2019-11-16 09:45:00,301.5198974609375
2019-11-16 10:00:00,332.5586853027344
2019-11-16 10:15:00,328.1246032714844
2019-11-16 10:30:00,322.5819091796875
2019-11-16 10:45:00,329.23309326171875
2019-11-16 11:00:00,351.4036865234375
2019-11-16 11:15:00,336.9927978515625
2019-11-16 11:30:00,330.34161376953125
2019-11-16 11:45:00,325.9075012207031
2019-11-16 12:00:00,266.0469970703125
2019-11-16 12:15:00,136.34910583496094
2019-11-16 12:30:00,129.69790649414062
2019-11-16 12:45:00,189.5585021972656
2019-11-16 13:00:00,286.00048828125
2019-11-16 13:15:00,286.00048828125
2019-11-16 13:30:00,305.9540100097656
2019-11-16 13:45:00,315.9307861328125
2019-11-16 14:00:00,287.1090087890625
2019-11-16 14:15:00,301.5198974609375
2019-11-16 14:30:00,291.5430908203125
2019-11-16 14:45:00,302.6283874511719
2019-11-16 15:00:00,298.1943054199219
2019-11-16 15:15:00,322.5819091796875
2019-11-16 15:30:00,321.473388671875
2019-11-16 15:45:00,299.30279541015625
2019-11-16 16:00:00,319.25640869140625
2019-11-16 16:15:00,318.1477966308594
2019-11-16 16:30:00,328.1246032714844
2019-11-16 16:45:00,343.6440124511719
2019-11-16 17:00:00,319.25640869140625
2019-11-16 17:15:00,298.1943054199219
2019-11-16 17:30:00,280.4577941894531
2019-11-16 17:45:00,231.6826019287109
2019-11-16 18:00:00,159.62820434570312
2019-11-16 18:15:00,138.56610107421875
2019-11-16 18:30:00,140.783203125
2019-11-16 18:45:00,177.36459350585938
2019-11-16 19:00:00,172.9304962158203
2019-11-16 19:15:00,164.0623016357422
2019-11-16 19:30:00,146.3258056640625
2019-11-16 19:45:00,155.19410705566406
2019-11-16 20:00:00,137.4575958251953
2019-11-16 20:15:00,128.5894012451172
2019-11-16 20:30:00,84.24819946289062
2019-11-16 20:45:00,70.9458999633789
2019-11-16 21:00:00,62.077598571777344
2019-11-16 21:15:00,64.2947006225586
2019-11-16 21:30:00,64.2947006225586
2019-11-16 21:45:00,48.775299072265625
2019-11-16 22:00:00,46.55820083618164
2019-11-16 22:15:00,33.25590133666992
2019-11-16 22:30:00,22.17060089111328
2019-11-16 22:45:00,9.976799964904783
2019-11-16 23:00:00,5.542600154876709
2019-11-16 23:15:00,3.325599908828736
2019-11-16 23:30:00,5.542600154876709
2019-11-16 23:45:00,3.325599908828736
2019-11-17 00:00:00,3.325599908828736
2019-11-17 00:15:00,7.759699821472168
2019-11-17 00:30:00,3.325599908828736
2019-11-17 00:45:00,6.651199817657471
2019-11-17 01:00:00,5.542600154876709
2019-11-17 01:15:00,3.325599908828736
2019-11-17 01:30:00,2.217099905014038
2019-11-17 01:45:00,3.325599908828736
2019-11-17 02:00:00,3.325599908828736
2019-11-17 02:15:00,2.217099905014038
2019-11-17 02:30:00,2.217099905014038
2019-11-17 02:45:00,3.325599908828736
2019-11-17 03:00:00,1.1085000038146973
2019-11-17 03:15:00,4.434100151062012
2019-11-17 03:30:00,3.325599908828736
2019-11-17 03:45:00,1.1085000038146973
2019-11-17 04:00:00,4.434100151062012
2019-11-17 04:15:00,1.1085000038146973
2019-11-17 04:30:00,2.217099905014038
2019-11-17 04:45:00,3.325599908828736
2019-11-17 05:00:00,2.217099905014038
2019-11-17 05:15:00,3.325599908828736
2019-11-17 05:30:00,1.1085000038146973
2019-11-17 05:45:00,4.434100151062012
2019-11-17 06:00:00,3.325599908828736
2019-11-17 06:15:00,3.325599908828736
2019-11-17 06:30:00,6.651199817657471
2019-11-17 06:45:00,5.542600154876709
2019-11-17 07:00:00,5.542600154876709
2019-11-17 07:15:00,6.651199817657471
2019-11-17 07:30:00,41.01559829711914
2019-11-17 07:45:00,97.55059814453124
2019-11-17 08:00:00,117.50409698486328
2019-11-17 08:15:00,160.7366943359375
2019-11-17 08:30:00,253.8531036376953
2019-11-17 08:45:00,280.4577941894531
2019-11-17 09:00:00,289.3261108398437
2019-11-17 09:15:00,298.1943054199219
2019-11-17 09:30:00,299.30279541015625
2019-11-17 09:45:00,303.73699951171875
2019-11-17 10:00:00,310.3880920410156
2019-11-17 10:15:00,323.69049072265625
2019-11-17 10:30:00,312.6051940917969
2019-11-17 10:45:00,298.1943054199219
2019-11-17 11:00:00,302.6283874511719
2019-11-17 11:15:00,289.3261108398437
2019-11-17 11:30:00,300.4114074707031
2019-11-17 11:45:00,279.34930419921875
2019-11-17 12:00:00,239.4423065185547
2019-11-17 12:15:00,146.3258056640625
2019-11-17 12:30:00,169.6049041748047
2019-11-17 12:45:00,242.7678985595703
2019-11-17 13:00:00,283.78338623046875
2019-11-17 13:15:00,270.4811096191406
2019-11-17 13:30:00,279.34930419921875
2019-11-17 13:45:00,301.5198974609375
2019-11-17 14:00:00,280.4577941894531
2019-11-17 14:15:00,239.4423065185547
2019-11-17 14:30:00,236.11669921875
2019-11-17 14:45:00,263.82989501953125
2019-11-17 15:00:00,301.5198974609375
2019-11-17 15:15:00,300.4114074707031
2019-11-17 15:30:00,311.4967041015625
2019-11-17 15:45:00,307.0625
2019-11-17 16:00:00,303.73699951171875
2019-11-17 16:15:00,301.5198974609375
2019-11-17 16:30:00,304.8454895019531
2019-11-17 16:45:00,319.25640869140625
2019-11-17 17:00:00,303.73699951171875
2019-11-17 17:15:00,310.3880920410156
2019-11-17 17:30:00,266.0469970703125
2019-11-17 17:45:00,171.82200622558594
2019-11-17 18:00:00,115.28700256347656
2019-11-17 18:15:00,94.2249984741211
2019-11-17 18:30:00,95.33350372314452
2019-11-17 18:45:00,77.59700012207031
2019-11-17 19:00:00,75.37999725341797
2019-11-17 19:15:00,72.05439758300781
2019-11-17 19:30:00,73.16290283203125
2019-11-17 19:45:00,72.05439758300781
2019-11-17 20:00:00,70.9458999633789
2019-11-17 20:15:00,69.8373031616211
2019-11-17 20:30:00,70.9458999633789
2019-11-17 20:45:00,67.62030029296875
2019-11-17 21:00:00,57.64350128173828
2019-11-17 21:15:00,60.96910095214844
2019-11-17 21:30:00,53.20940017700195
2019-11-17 21:45:00,45.44969940185547
2019-11-17 22:00:00,32.147300720214844
2019-11-17 22:15:00,19.953500747680664
2019-11-17 22:30:00,14.410900115966797
2019-11-17 22:45:00,8.868200302124023
2019-11-17 23:00:00,4.434100151062012
2019-11-17 23:15:00,5.542600154876709
2019-11-17 23:30:00,3.325599908828736
2019-11-17 23:45:00,5.542600154876709
2019-11-18 00:00:00,3.325599908828736
2019-11-18 00:15:00,5.542600154876709
2019-11-18 00:30:00,5.542600154876709
2019-11-18 00:45:00,5.542600154876709
2019-11-18 01:00:00,5.542600154876709
2019-11-18 01:15:00,1.1085000038146973
2019-11-18 01:30:00,5.542600154876709
2019-11-18 01:45:00,3.325599908828736
2019-11-18 02:00:00,3.325599908828736
2019-11-18 02:15:00,4.434100151062012
2019-11-18 02:30:00,3.325599908828736
2019-11-18 02:45:00,3.325599908828736
2019-11-18 03:00:00,2.217099905014038
2019-11-18 03:15:00,3.325599908828736
2019-11-18 03:30:00,3.325599908828736
2019-11-18 03:45:00,3.325599908828736
2019-11-18 04:00:00,2.217099905014038
2019-11-18 04:15:00,3.325599908828736
2019-11-18 04:30:00,3.325599908828736
2019-11-18 04:45:00,3.325599908828736
2019-11-18 05:00:00,4.434100151062012
2019-11-18 05:15:00,1.1085000038146973
2019-11-18 05:30:00,5.542600154876709
2019-11-18 05:45:00,3.325599908828736
2019-11-18 06:00:00,2.217099905014038
2019-11-18 06:15:00,6.651199817657471
2019-11-18 06:30:00,7.759699821472168
2019-11-18 06:45:00,6.651199817657471
2019-11-18 07:00:00,5.542600154876709
2019-11-18 07:15:00,6.651199817657471
2019-11-18 07:30:00,8.868200302124023
2019-11-18 07:45:00,35.472900390625
2019-11-18 08:00:00,123.04669952392578
2019-11-18 08:15:00,181.79879760742188
2019-11-18 08:30:00,289.3261108398437
2019-11-18 08:45:00,324.79901123046875
2019-11-18 09:00:00,360.2719116210937
2019-11-18 09:15:00,363.5975036621094
2019-11-18 09:30:00,340.3183898925781
2019-11-18 09:45:00,348.0780944824219
2019-11-18 10:00:00,336.9927978515625
2019-11-18 10:15:00,345.8611145019531
2019-11-18 10:30:00,334.7757873535156
2019-11-18 10:45:00,356.9462890625
2019-11-18 11:00:00,354.72930908203125
2019-11-18 11:15:00,355.8377990722656
2019-11-18 11:30:00,365.8146057128906
2019-11-18 11:45:00,315.9307861328125
2019-11-18 12:00:00,249.41900634765625
2019-11-18 12:15:00,161.84519958496094
2019-11-18 12:30:00,168.49639892578125
2019-11-18 12:45:00,231.6826019287109
2019-11-18 13:00:00,298.1943054199219
2019-11-18 13:15:00,356.9462890625
2019-11-18 13:30:00,399.0704040527344
2019-11-18 13:45:00,404.6130981445313
2019-11-18 14:00:00,421.2409973144531
2019-11-18 14:15:00,427.8922119140625
2019-11-18 14:30:00,142.22657775878906
2019-11-18 14:45:00,405.7215881347656
2019-11-18 15:00:00,406.8302001953125
2019-11-18 15:15:00,407.9386901855469
2019-11-18 15:30:00,394.6362915039063
2019-11-18 15:45:00,371.3572082519531
2019-11-18 16:00:00,354.72930908203125
2019-11-18 16:15:00,396.8533935546875
2019-11-18 16:30:00,434.54339599609375
2019-11-18 16:45:00,437.8689880371094
2019-11-18 17:00:00,421.2409973144531
2019-11-18 17:15:00,396.8533935546875
2019-11-18 17:30:00,351.4036865234375
2019-11-18 17:45:00,311.4967041015625
2019-11-18 18:00:00,227.24850463867188
2019-11-18 18:15:00,253.8531036376953
2019-11-18 18:30:00,239.4423065185547
2019-11-18 18:45:00,218.3802032470703
2019-11-18 19:00:00,213.94610595703125
2019-11-18 19:15:00,221.705795288086
2019-11-18 19:30:00,209.51199340820312
2019-11-18 19:45:00,174.03909301757812
2019-11-18 20:00:00,165.17080688476562
2019-11-18 20:15:00,148.5428924560547
2019-11-18 20:30:00,123.04669952392578
2019-11-18 20:45:00,100.8760986328125
2019-11-18 21:00:00,92.00789642333984
2019-11-18 21:15:00,94.2249984741211
2019-11-18 21:30:00,89.79090118408203
2019-11-18 21:45:00,93.11640167236328
2019-11-18 22:00:00,88.68229675292969
2019-11-18 22:15:00,86.46530151367188
2019-11-18 22:30:00,70.9458999633789
2019-11-18 22:45:00,47.66669845581055
2019-11-18 23:00:00,62.077598571777344
2019-11-18 23:15:00,58.75199890136719
2019-11-18 23:30:00,33.25590133666992
2019-11-18 23:45:00,16.627899169921875
2019-11-19 00:00:00,9.976799964904783
2019-11-19 00:15:00,8.868200302124023
2019-11-19 00:30:00,11.08530044555664
2019-11-19 00:45:00,8.868200302124023
2019-11-19 01:00:00,6.651199817657471
2019-11-19 01:15:00,8.868200302124023
2019-11-19 01:30:00,7.759699821472168
2019-11-19 01:45:00,6.651199817657471
2019-11-19 02:00:00,5.542600154876709
2019-11-19 02:15:00,3.325599908828736
2019-11-19 02:30:00,2.217099905014038
2019-11-19 02:45:00,3.325599908828736
2019-11-19 03:00:00,2.217099905014038
2019-11-19 03:15:00,3.325599908828736
2019-11-19 03:30:00,1.1085000038146973
2019-11-19 03:45:00,4.434100151062012
2019-11-19 04:00:00,1.1085000038146973
2019-11-19 04:15:00,3.325599908828736
2019-11-19 04:30:00,2.217099905014038
2019-11-19 04:45:00,3.325599908828736
2019-11-19 05:00:00,2.217099905014038
2019-11-19 05:15:00,3.325599908828736
2019-11-19 05:30:00,3.325599908828736
2019-11-19 05:45:00,2.217099905014038
2019-11-19 06:00:00,3.325599908828736
2019-11-19 06:15:00,5.542600154876709
2019-11-19 06:30:00,6.651199817657471
2019-11-19 06:45:00,7.759699821472168
2019-11-19 07:00:00,4.434100151062012
2019-11-19 07:15:00,7.759699821472168
2019-11-19 07:30:00,63.18619918823242
2019-11-19 07:45:00,176.256103515625
2019-11-19 08:00:00,184.0157928466797
2019-11-19 08:15:00,242.7678985595703
2019-11-19 08:30:00,376.89990234375
2019-11-19 08:45:00,405.7215881347656
2019-11-19 09:00:00,414.58990478515625
2019-11-19 09:15:00,404.6130981445313
2019-11-19 09:30:00,392.4193115234375
2019-11-19 09:45:00,409.0472106933594
2019-11-19 10:00:00,415.6983947753906
2019-11-19 10:15:00,414.58990478515625
2019-11-19 10:30:00,183.51123046875
2019-11-19 10:45:00,426.78369140625
2019-11-19 11:00:00,434.54339599609375
2019-11-19 11:15:00,416.806884765625
2019-11-19 11:30:00,393.5278015136719
2019-11-19 11:45:00,362.489013671875
2019-11-19 12:00:00,307.0625
2019-11-19 12:15:00,180.6902008056641
2019-11-19 12:30:00,191.77549743652344
2019-11-19 12:45:00,295.9772033691406
2019-11-19 13:00:00,393.5278015136719
2019-11-19 13:15:00,422.349609375
2019-11-19 13:30:00,404.6130981445313
2019-11-19 13:45:00,402.39599609375
2019-11-19 14:00:00,393.5278015136719
2019-11-19 14:15:00,386.8765869140625
2019-11-19 14:30:00,363.5975036621094
2019-11-19 14:45:00,345.8611145019531
2019-11-19 15:00:00,358.0549011230469
2019-11-19 15:15:00,358.0549011230469
2019-11-19 15:30:00,328.1246032714844
2019-11-19 15:45:00,374.6828002929688
2019-11-19 16:00:00,382.4425048828125
2019-11-19 16:15:00,392.4193115234375
2019-11-19 16:30:00,375.7912902832031
2019-11-19 16:45:00,404.6130981445313
2019-11-19 17:00:00,404.6130981445313
2019-11-19 17:15:00,400.1789855957031
2019-11-19 17:30:00,385.7680969238281
2019-11-19 17:45:00,323.69049072265625
2019-11-19 18:00:00,250.5276031494141
2019-11-19 18:15:00,253.8531036376953
2019-11-19 18:30:00,263.82989501953125
2019-11-19 18:45:00,250.5276031494141
2019-11-19 19:00:00,222.8143005371093
2019-11-19 19:15:00,211.72900390625
2019-11-19 19:30:00,187.3414001464844
2019-11-19 19:45:00,155.19410705566406
2019-11-19 20:00:00,145.21730041503906
2019-11-19 20:15:00,124.1552963256836
2019-11-19 20:30:00,109.74440002441406
2019-11-19 20:45:00,103.09320068359376
2019-11-19 21:00:00,103.09320068359376
2019-11-19 21:15:00,97.55059814453124
2019-11-19 21:30:00,89.79090118408203
2019-11-19 21:45:00,90.89939880371094
2019-11-19 22:00:00,80.92259979248047
2019-11-19 22:15:00,57.64350128173828
2019-11-19 22:30:00,48.775299072265625
2019-11-19 22:45:00,53.20940017700195
2019-11-19 23:00:00,46.55820083618164
2019-11-19 23:15:00,47.66669845581055
2019-11-19 23:30:00,29.930299758911133
2019-11-19 23:45:00,13.302300453186035
2019-11-20 00:00:00,12.19379997253418
2019-11-20 00:15:00,8.868200302124023
2019-11-20 00:30:00,8.868200302124023
2019-11-20 00:45:00,8.868200302124023
2019-11-20 01:00:00,8.868200302124023
2019-11-20 01:15:00,8.868200302124023
2019-11-20 01:30:00,6.651199817657471
2019-11-20 01:45:00,7.759699821472168
2019-11-20 02:00:00,4.434100151062012
2019-11-20 02:15:00,7.759699821472168
2019-11-20 02:30:00,3.325599908828736
2019-11-20 02:45:00,3.325599908828736
2019-11-20 03:00:00,3.325599908828736
2019-11-20 03:15:00,2.217099905014038
2019-11-20 03:30:00,3.325599908828736
2019-11-20 03:45:00,2.217099905014038
2019-11-20 04:00:00,3.325599908828736
2019-11-20 04:15:00,2.217099905014038
2019-11-20 04:30:00,167.6321561144133
2019-11-20 04:45:00,167.6321561144133
2019-11-20 05:00:00,167.6321561144133
2019-11-20 05:15:00,167.6321561144133
2019-11-20 05:30:00,167.6321561144133
2019-11-20 05:45:00,167.6321561144133
2019-11-20 06:00:00,167.6321561144133
2019-11-20 06:15:00,167.6321561144133
2019-11-20 06:30:00,167.6321561144133
2019-11-20 06:45:00,167.6321561144133
2019-11-20 07:00:00,167.6321561144133
2019-11-20 07:15:00,167.6321561144133
2019-11-20 07:30:00,167.6321561144133
2019-11-20 07:45:00,167.6321561144133
2019-11-20 08:00:00,167.6321561144133
2019-11-20 08:15:00,167.6321561144133
2019-11-20 08:30:00,167.6321561144133
2019-11-20 08:45:00,167.6321561144133
2019-11-20 09:00:00,167.6321561144133
2019-11-20 09:15:00,167.6321561144133
2019-11-20 09:30:00,167.6321561144133
2019-11-20 09:45:00,167.6321561144133
2019-11-20 10:00:00,167.6321561144133
2019-11-20 10:15:00,167.6321561144133
2019-11-20 10:30:00,167.6321561144133
2019-11-20 10:45:00,167.6321561144133
2019-11-20 11:00:00,167.6321561144133
2019-11-20 11:15:00,167.6321561144133
2019-11-20 11:30:00,167.6321561144133
2019-11-20 11:45:00,167.6321561144133
2019-11-20 12:00:00,167.6321561144133
2019-11-20 12:15:00,167.6321561144133
2019-11-20 12:30:00,167.6321561144133
2019-11-20 12:45:00,167.6321561144133
2019-11-20 13:00:00,167.6321561144133
2019-11-20 13:15:00,167.6321561144133
2019-11-20 13:30:00,167.6321561144133
2019-11-20 13:45:00,167.6321561144133
2019-11-20 14:00:00,167.6321561144133
2019-11-20 14:15:00,167.6321561144133
2019-11-20 14:30:00,167.6321561144133
2019-11-20 14:45:00,167.6321561144133
2019-11-20 15:00:00,167.6321561144133
2019-11-20 15:15:00,167.6321561144133
2019-11-20 15:30:00,167.6321561144133
2019-11-20 15:45:00,167.6321561144133
2019-11-20 16:00:00,167.6321561144133
2019-11-20 16:15:00,167.6321561144133
2019-11-20 16:30:00,167.6321561144133
2019-11-20 16:45:00,167.6321561144133
2019-11-20 17:00:00,190.8286590576172
2019-11-20 17:15:00,399.0704040527344
2019-11-20 17:30:00,310.3880920410156
2019-11-20 17:45:00,246.0933990478516
2019-11-20 18:00:00,200.643798828125
2019-11-20 18:15:00,174.03909301757812
2019-11-20 18:30:00,159.62820434570312
2019-11-20 18:45:00,177.36459350585938
2019-11-20 19:00:00,178.47320556640625
2019-11-20 19:15:00,186.2328948974609
2019-11-20 19:30:00,182.9073028564453
2019-11-20 19:45:00,167.3878936767578
2019-11-20 20:00:00,151.86849975585938
2019-11-20 20:15:00,129.69790649414062
2019-11-20 20:30:00,126.37229919433594
2019-11-20 20:45:00,125.26380157470705
2019-11-20 21:00:00,109.74440002441406
2019-11-20 21:15:00,105.310302734375
2019-11-20 21:30:00,94.2249984741211
2019-11-20 21:45:00,84.24819946289062
2019-11-20 22:00:00,87.57379913330078
2019-11-20 22:15:00,76.4885025024414
2019-11-20 22:30:00,75.37999725341797
2019-11-20 22:45:00,44.34120178222656
2019-11-20 23:00:00,39.90700149536133
2019-11-20 23:15:00,44.34120178222656
2019-11-20 23:30:00,47.66669845581055
2019-11-20 23:45:00,12.19379997253418
2019-11-21 00:00:00,8.868200302124023
2019-11-21 00:15:00,8.868200302124023
2019-11-21 00:30:00,11.08530044555664
2019-11-21 00:45:00,8.868200302124023
2019-11-21 01:00:00,8.868200302124023
2019-11-21 01:15:00,6.651199817657471
2019-11-21 01:30:00,6.651199817657471
2019-11-21 01:45:00,8.868200302124023
2019-11-21 02:00:00,5.542600154876709
2019-11-21 02:15:00,3.325599908828736
2019-11-21 02:30:00,2.217099905014038
2019-11-21 02:45:00,2.217099905014038
2019-11-21 03:00:00,3.325599908828736
2019-11-21 03:15:00,3.325599908828736
2019-11-21 03:30:00,3.325599908828736
2019-11-21 03:45:00,2.217099905014038
2019-11-21 04:00:00,1.1085000038146973
2019-11-21 04:15:00,4.434100151062012
2019-11-21 04:30:00,1.1085000038146973
2019-11-21 04:45:00,2.217099905014038
2019-11-21 05:00:00,3.325599908828736
2019-11-21 05:15:00,2.217099905014038
2019-11-21 05:30:00,4.434100151062012
2019-11-21 05:45:00,4.434100151062012
2019-11-21 06:00:00,3.325599908828736
2019-11-21 06:15:00,1.1085000038146973
2019-11-21 06:30:00,8.868200302124023
2019-11-21 06:45:00,5.542600154876709
2019-11-21 07:00:00,5.542600154876709
2019-11-21 07:15:00,6.651199817657471
2019-11-21 07:30:00,62.077598571777344
2019-11-21 07:45:00,172.9304962158203
2019-11-21 08:00:00,199.5352020263672
2019-11-21 08:15:00,229.4654998779297
2019-11-21 08:30:00,293.7601928710937
2019-11-21 08:45:00,385.7680969238281
2019-11-21 09:00:00,416.806884765625
2019-11-21 09:15:00,183.8558349609375
2019-11-21 09:30:00,181.5101013183593
2019-11-21 09:45:00,425.6751098632813
2019-11-21 10:00:00,401.2875061035156
2019-11-21 10:15:00,179.63644409179688
2019-11-21 10:30:00,405.7215881347656
2019-11-21 10:45:00,348.0780944824219
2019-11-21 11:00:00,363.5975036621094
2019-11-21 11:15:00,394.6362915039063
2019-11-21 11:30:00,419.0239868164063
2019-11-21 11:45:00,384.65960693359375
2019-11-21 12:00:00,321.473388671875
2019-11-21 12:15:00,228.35699462890625
2019-11-21 12:30:00,239.4423065185547
2019-11-21 12:45:00,345.8611145019531
2019-11-21 13:00:00,404.6130981445313
2019-11-21 13:15:00,407.9386901855469
2019-11-21 13:30:00,395.7449035644531
2019-11-21 13:45:00,414.58990478515625
2019-11-21 14:00:00,406.8302001953125
2019-11-21 14:15:00,399.0704040527344
2019-11-21 14:30:00,393.5278015136719
2019-11-21 14:45:00,378.0083923339844
2019-11-21 15:00:00,359.16339111328125
2019-11-21 15:15:00,415.6983947753906
2019-11-21 15:30:00,395.7449035644531
2019-11-21 15:45:00,400.1789855957031
2019-11-21 16:00:00,404.6130981445313
2019-11-21 16:15:00,369.1401977539063
2019-11-21 16:30:00,387.9851989746094
2019-11-21 16:45:00,425.6751098632813
2019-11-21 17:00:00,416.806884765625
2019-11-21 17:15:00,406.8302001953125
2019-11-21 17:30:00,379.1169128417969
2019-11-21 17:45:00,278.2408142089844
2019-11-21 18:00:00,193.9925994873047
2019-11-21 18:15:00,162.95379638671875
2019-11-21 18:30:00,162.95379638671875
2019-11-21 18:45:00,159.62820434570312
2019-11-21 19:00:00,154.0854949951172
2019-11-21 19:15:00,138.56610107421875
2019-11-21 19:30:00,115.28700256347656
2019-11-21 19:45:00,108.63580322265624
2019-11-21 20:00:00,110.85289764404295
2019-11-21 20:15:00,99.7676010131836
2019-11-21 20:30:00,100.8760986328125
2019-11-21 20:45:00,108.63580322265624
2019-11-21 21:00:00,98.65910339355467
2019-11-21 21:15:00,94.2249984741211
2019-11-21 21:30:00,88.68229675292969
2019-11-21 21:45:00,76.4885025024414
2019-11-21 22:00:00,67.62030029296875
2019-11-21 22:15:00,62.077598571777344
2019-11-21 22:30:00,50.9922981262207
2019-11-21 22:45:00,47.66669845581055
2019-11-21 23:00:00,44.34120178222656
2019-11-21 23:15:00,28.8218002319336
2019-11-21 23:30:00,12.19379997253418
2019-11-21 23:45:00,8.868200302124023
2019-11-22 00:00:00,8.868200302124023
2019-11-22 00:15:00,8.868200302124023
2019-11-22 00:30:00,8.868200302124023
2019-11-22 00:45:00,8.868200302124023
2019-11-22 01:00:00,8.868200302124023
2019-11-22 01:15:00,8.868200302124023
2019-11-22 01:30:00,8.868200302124023
2019-11-22 01:45:00,5.542600154876709
2019-11-22 02:00:00,6.651199817657471
2019-11-22 02:15:00,5.542600154876709
2019-11-22 02:30:00,2.217099905014038
2019-11-22 02:45:00,3.325599908828736
2019-11-22 03:00:00,3.325599908828736
2019-11-22 03:15:00,2.217099905014038
2019-11-22 03:30:00,3.325599908828736
2019-11-22 03:45:00,3.325599908828736
2019-11-22 04:00:00,2.217099905014038
2019-11-22 04:15:00,3.325599908828736
2019-11-22 04:30:00,2.217099905014038
2019-11-22 04:45:00,3.325599908828736
2019-11-22 05:00:00,1.1085000038146973
2019-11-22 05:15:00,4.434100151062012
2019-11-22 05:30:00,1.1085000038146973
2019-11-22 05:45:00,3.325599908828736
2019-11-22 06:00:00,4.434100151062012
2019-11-22 06:15:00,4.434100151062012
2019-11-22 06:30:00,7.759699821472168
2019-11-22 06:45:00,8.868200302124023
2019-11-22 07:00:00,3.325599908828736
2019-11-22 07:15:00,5.542600154876709
2019-11-22 07:30:00,53.20940017700195
2019-11-22 07:45:00,166.27940368652344
2019-11-22 08:00:00,206.1864013671875
2019-11-22 08:15:00,301.5198974609375
2019-11-22 08:30:00,363.5975036621094
2019-11-22 08:45:00,393.5278015136719
2019-11-22 09:00:00,402.39599609375
2019-11-22 09:15:00,381.3340148925781
2019-11-22 09:30:00,429.0007019042969
2019-11-22 09:45:00,404.6130981445313
2019-11-22 10:00:00,375.7912902832031
2019-11-22 10:15:00,421.2409973144531
2019-11-22 10:30:00,416.806884765625
2019-11-22 10:45:00,420.1325073242188
2019-11-22 11:00:00,416.806884765625
2019-11-22 11:15:00,420.1325073242188
2019-11-22 11:30:00,419.0239868164063
2019-11-22 11:45:00,375.7912902832031
2019-11-22 12:00:00,325.9075012207031
2019-11-22 12:15:00,203.96929931640625
2019-11-22 12:30:00,198.4266967773437
2019-11-22 12:45:00,301.5198974609375
2019-11-22 13:00:00,368.0315856933594
2019-11-22 13:15:00,354.72930908203125
2019-11-22 13:30:00,381.3340148925781
2019-11-22 13:45:00,364.70599365234375
2019-11-22 14:00:00,366.923095703125
2019-11-22 14:15:00,342.5354919433594
2019-11-22 14:30:00,383.5509948730469
2019-11-22 14:45:00,366.923095703125
2019-11-22 15:00:00,375.7912902832031
2019-11-22 15:15:00,395.7449035644531
2019-11-22 15:30:00,395.7449035644531
2019-11-22 15:45:00,393.5278015136719
2019-11-22 16:00:00,384.65960693359375
2019-11-22 16:15:00,358.0549011230469
2019-11-22 16:30:00,376.89990234375
2019-11-22 16:45:00,394.6362915039063
2019-11-22 17:00:00,390.20220947265625
2019-11-22 17:15:00,167.6321561144133
2019-11-22 17:30:00,167.6321561144133
2019-11-22 17:45:00,167.6321561144133
2019-11-22 18:00:00,167.6321561144133
2019-11-22 18:15:00,167.6321561144133
2019-11-22 18:30:00,167.6321561144133
2019-11-22 18:45:00,167.6321561144133
2019-11-22 19:00:00,167.6321561144133
2019-11-22 19:15:00,167.6321561144133
2019-11-22 19:30:00,167.6321561144133
2019-11-22 19:45:00,167.6321561144133
2019-11-22 20:00:00,167.6321561144133
2019-11-22 20:15:00,167.6321561144133
2019-11-22 20:30:00,167.6321561144133
2019-11-22 20:45:00,167.6321561144133
2019-11-22 21:00:00,167.6321561144133
2019-11-22 21:15:00,167.6321561144133
2019-11-22 21:30:00,167.6321561144133
2019-11-22 21:45:00,167.6321561144133
2019-11-22 22:00:00,167.6321561144133
2019-11-22 22:15:00,167.6321561144133
2019-11-22 22:30:00,167.6321561144133
2019-11-22 22:45:00,167.6321561144133
2019-11-22 23:00:00,167.6321561144133
2019-11-22 23:15:00,167.6321561144133
2019-11-22 23:30:00,167.6321561144133
2019-11-22 23:45:00,167.6321561144133
2019-11-23 00:00:00,167.6321561144133
2019-11-23 00:15:00,167.6321561144133
2019-11-23 00:30:00,167.6321561144133
2019-11-23 00:45:00,167.6321561144133
2019-11-23 01:00:00,167.6321561144133
2019-11-23 01:15:00,167.6321561144133
2019-11-23 01:30:00,167.6321561144133
2019-11-23 01:45:00,167.6321561144133
2019-11-23 02:00:00,167.6321561144133
2019-11-23 02:15:00,167.6321561144133
2019-11-23 02:30:00,167.6321561144133
2019-11-23 02:45:00,167.6321561144133
2019-11-23 03:00:00,167.6321561144133
2019-11-23 03:15:00,167.6321561144133
2019-11-23 03:30:00,167.6321561144133
2019-11-23 03:45:00,167.6321561144133
2019-11-23 04:00:00,167.6321561144133
2019-11-23 04:15:00,167.6321561144133
2019-11-23 04:30:00,167.6321561144133
2019-11-23 04:45:00,167.6321561144133
2019-11-23 05:00:00,167.6321561144133
2019-11-23 05:15:00,167.6321561144133
2019-11-23 05:30:00,167.6321561144133
2019-11-23 05:45:00,1.1085000038146973
2019-11-23 06:00:00,3.325599908828736
2019-11-23 06:15:00,5.542600154876709
2019-11-23 06:30:00,7.759699821472168
2019-11-23 06:45:00,8.868200302124023
2019-11-23 07:00:00,4.434100151062012
2019-11-23 07:15:00,7.759699821472168
2019-11-23 07:30:00,44.34120178222656
2019-11-23 07:45:00,97.55059814453124
2019-11-23 08:00:00,129.69790649414062
2019-11-23 08:15:00,178.47320556640625
2019-11-23 08:30:00,223.9228973388672
2019-11-23 08:45:00,278.2408142089844
2019-11-23 09:00:00,289.3261108398437
2019-11-23 09:15:00,301.5198974609375
2019-11-23 09:30:00,320.3648986816406
2019-11-23 09:45:00,330.34161376953125
2019-11-23 10:00:00,315.9307861328125
2019-11-23 10:15:00,295.9772033691406
2019-11-23 10:30:00,313.7137145996094
2019-11-23 10:45:00,312.6051940917969
2019-11-23 11:00:00,301.5198974609375
2019-11-23 11:15:00,287.1090087890625
2019-11-23 11:30:00,271.589599609375
2019-11-23 11:45:00,251.63609313964844
2019-11-23 12:00:00,216.16319274902344
2019-11-23 12:15:00,147.4344024658203
2019-11-23 12:30:00,186.2328948974609
2019-11-23 12:45:00,232.7911071777344
2019-11-23 13:00:00,290.4346008300781
2019-11-23 13:15:00,281.56640625
2019-11-23 13:30:00,301.5198974609375
2019-11-23 13:45:00,289.3261108398437
2019-11-23 14:00:00,167.6321561144133
2019-11-23 14:15:00,167.6321561144133
2019-11-23 14:30:00,167.6321561144133
2019-11-23 14:45:00,167.6321561144133
2019-11-23 15:00:00,167.6321561144133
2019-11-23 15:15:00,167.6321561144133
2019-11-23 15:30:00,167.6321561144133
2019-11-23 15:45:00,167.6321561144133
2019-11-23 16:00:00,167.6321561144133
2019-11-23 16:15:00,167.6321561144133
2019-11-23 16:30:00,167.6321561144133
2019-11-23 16:45:00,167.6321561144133
2019-11-23 17:00:00,167.6321561144133
2019-11-23 17:15:00,167.6321561144133
2019-11-23 17:30:00,167.6321561144133
2019-11-23 17:45:00,167.6321561144133
2019-11-23 18:00:00,167.6321561144133
2019-11-23 18:15:00,167.6321561144133
2019-11-23 18:30:00,167.6321561144133
2019-11-23 18:45:00,167.6321561144133
2019-11-23 19:00:00,167.6321561144133
2019-11-23 19:15:00,167.6321561144133
2019-11-23 19:30:00,167.6321561144133
2019-11-23 19:45:00,167.6321561144133
2019-11-23 20:00:00,167.6321561144133
2019-11-23 20:15:00,167.6321561144133
2019-11-23 20:30:00,167.6321561144133
2019-11-23 20:45:00,167.6321561144133
2019-11-23 21:00:00,167.6321561144133
2019-11-23 21:15:00,167.6321561144133
2019-11-23 21:30:00,167.6321561144133
2019-11-23 21:45:00,167.6321561144133
2019-11-23 22:00:00,167.6321561144133
2019-11-23 22:15:00,167.6321561144133
2019-11-23 22:30:00,167.6321561144133
2019-11-23 22:45:00,167.6321561144133
2019-11-23 23:00:00,167.6321561144133
2019-11-23 23:15:00,167.6321561144133
2019-11-23 23:30:00,167.6321561144133
2019-11-23 23:45:00,167.6321561144133
2019-11-24 00:00:00,167.6321561144133
2019-11-24 00:15:00,167.6321561144133
2019-11-24 00:30:00,167.6321561144133
2019-11-24 00:45:00,167.6321561144133
2019-11-24 01:00:00,167.6321561144133
2019-11-24 01:15:00,167.6321561144133
2019-11-24 01:30:00,167.6321561144133
2019-11-24 01:45:00,167.6321561144133
2019-11-24 02:00:00,167.6321561144133
2019-11-24 02:15:00,167.6321561144133
2019-11-24 02:30:00,3.325599908828736
2019-11-24 02:45:00,3.325599908828736
2019-11-24 03:00:00,2.217099905014038
2019-11-24 03:15:00,5.542600154876709
2019-11-24 03:30:00,1.1085000038146973
2019-11-24 03:45:00,4.434100151062012
2019-11-24 04:00:00,3.325599908828736
2019-11-24 04:15:00,1.1085000038146973
2019-11-24 04:30:00,4.434100151062012
2019-11-24 04:45:00,1.1085000038146973
2019-11-24 05:00:00,2.217099905014038
2019-11-24 05:15:00,3.325599908828736
2019-11-24 05:30:00,3.325599908828736
2019-11-24 05:45:00,3.325599908828736
2019-11-24 06:00:00,4.434100151062012
2019-11-24 06:15:00,3.325599908828736
2019-11-24 06:30:00,8.868200302124023
2019-11-24 06:45:00,5.542600154876709
2019-11-24 07:00:00,4.434100151062012
2019-11-24 07:15:00,8.868200302124023
2019-11-24 07:30:00,7.759699821472168
2019-11-24 07:45:00,45.44969940185547
2019-11-24 08:00:00,120.82969665527344
2019-11-24 08:15:00,147.4344024658203
2019-11-24 08:30:00,216.16319274902344
2019-11-24 08:45:00,294.86871337890625
2019-11-24 09:00:00,298.1943054199219
2019-11-24 09:15:00,311.4967041015625
2019-11-24 09:30:00,324.79901123046875
2019-11-24 09:45:00,308.1711120605469
2019-11-24 10:00:00,335.8843078613281
2019-11-24 10:15:00,311.4967041015625
2019-11-24 10:30:00,319.25640869140625
2019-11-24 10:45:00,330.34161376953125
2019-11-24 11:00:00,322.5819091796875
2019-11-24 11:15:00,318.1477966308594
2019-11-24 11:30:00,302.6283874511719
2019-11-24 11:45:00,315.9307861328125
2019-11-24 12:00:00,230.57400512695312
2019-11-24 12:15:00,138.56610107421875
2019-11-24 12:30:00,167.6321561144133
2019-11-24 12:45:00,167.6321561144133
2019-11-24 13:00:00,167.6321561144133
2019-11-24 13:15:00,167.6321561144133
2019-11-24 13:30:00,167.6321561144133
2019-11-24 13:45:00,167.6321561144133
2019-11-24 14:00:00,167.6321561144133
2019-11-24 14:15:00,167.6321561144133
2019-11-24 14:30:00,167.6321561144133
2019-11-24 14:45:00,167.6321561144133
2019-11-24 15:00:00,167.6321561144133
2019-11-24 15:15:00,167.6321561144133
2019-11-24 15:30:00,167.6321561144133
2019-11-24 15:45:00,167.6321561144133
2019-11-24 16:00:00,167.6321561144133
2019-11-24 16:15:00,167.6321561144133
2019-11-24 16:30:00,167.6321561144133
2019-11-24 16:45:00,167.6321561144133
2019-11-24 17:00:00,167.6321561144133
2019-11-24 17:15:00,167.6321561144133
2019-11-24 17:30:00,167.6321561144133
2019-11-24 17:45:00,167.6321561144133
2019-11-24 18:00:00,167.6321561144133
2019-11-24 18:15:00,167.6321561144133
2019-11-24 18:30:00,167.6321561144133
2019-11-24 18:45:00,167.6321561144133
2019-11-24 19:00:00,167.6321561144133
2019-11-24 19:15:00,167.6321561144133
2019-11-24 19:30:00,167.6321561144133
2019-11-24 19:45:00,167.6321561144133
2019-11-24 20:00:00,167.6321561144133
2019-11-24 20:15:00,167.6321561144133
2019-11-24 20:30:00,167.6321561144133
2019-11-24 20:45:00,167.6321561144133
2019-11-24 21:00:00,167.6321561144133
2019-11-24 21:15:00,167.6321561144133
2019-11-24 21:30:00,167.6321561144133
2019-11-24 21:45:00,167.6321561144133
2019-11-24 22:00:00,167.6321561144133
2019-11-24 22:15:00,167.6321561144133
2019-11-24 22:30:00,167.6321561144133
2019-11-24 22:45:00,167.6321561144133
2019-11-24 23:00:00,167.6321561144133
2019-11-24 23:15:00,167.6321561144133
2019-11-24 23:30:00,167.6321561144133
2019-11-24 23:45:00,167.6321561144133
2019-11-25 00:00:00,167.6321561144133
2019-11-25 00:15:00,167.6321561144133
2019-11-25 00:30:00,167.6321561144133
2019-11-25 00:45:00,167.6321561144133
2019-11-25 01:00:00,6.651199817657471
2019-11-25 01:15:00,3.325599908828736
2019-11-25 01:30:00,3.325599908828736
2019-11-25 01:45:00,4.434100151062012
2019-11-25 02:00:00,1.1085000038146973
2019-11-25 02:15:00,2.217099905014038
2019-11-25 02:30:00,3.325599908828736
2019-11-25 02:45:00,2.217099905014038
2019-11-25 03:00:00,3.325599908828736
2019-11-25 03:15:00,1.1085000038146973
2019-11-25 03:30:00,5.542600154876709
2019-11-25 03:45:00,3.325599908828736
2019-11-25 04:00:00,2.217099905014038
2019-11-25 04:15:00,3.325599908828736
2019-11-25 04:30:00,2.217099905014038
2019-11-25 04:45:00,3.325599908828736
2019-11-25 05:00:00,2.217099905014038
2019-11-25 05:15:00,3.325599908828736
2019-11-25 05:30:00,3.325599908828736
2019-11-25 05:45:00,3.325599908828736
2019-11-25 06:00:00,3.325599908828736
2019-11-25 06:15:00,4.434100151062012
2019-11-25 06:30:00,8.868200302124023
2019-11-25 06:45:00,4.434100151062012
2019-11-25 07:00:00,5.542600154876709
2019-11-25 07:15:00,5.542600154876709
2019-11-25 07:30:00,49.8838005065918
2019-11-25 07:45:00,95.33350372314452
2019-11-25 08:00:00,126.37229919433594
2019-11-25 08:15:00,182.9073028564453
2019-11-25 08:30:00,299.30279541015625
2019-11-25 08:45:00,354.72930908203125
2019-11-25 09:00:00,374.6828002929688
2019-11-25 09:15:00,167.6321561144133
2019-11-25 09:30:00,167.6321561144133
2019-11-25 09:45:00,167.6321561144133
2019-11-25 10:00:00,167.6321561144133
2019-11-25 10:15:00,167.6321561144133
2019-11-25 10:30:00,167.6321561144133
2019-11-25 10:45:00,167.6321561144133
2019-11-25 11:00:00,167.6321561144133
2019-11-25 11:15:00,167.6321561144133
2019-11-25 11:30:00,167.6321561144133
2019-11-25 11:45:00,167.6321561144133
2019-11-25 12:00:00,167.6321561144133
2019-11-25 12:15:00,167.6321561144133
2019-11-25 12:30:00,167.6321561144133
2019-11-25 12:45:00,167.6321561144133
2019-11-25 13:00:00,167.6321561144133
2019-11-25 13:15:00,167.6321561144133
2019-11-25 13:30:00,167.6321561144133
2019-11-25 13:45:00,167.6321561144133
2019-11-25 14:00:00,167.6321561144133
2019-11-25 14:15:00,167.6321561144133
2019-11-25 14:30:00,167.6321561144133
2019-11-25 14:45:00,167.6321561144133
2019-11-25 15:00:00,167.6321561144133
2019-11-25 15:15:00,167.6321561144133
2019-11-25 15:30:00,167.6321561144133
2019-11-25 15:45:00,167.6321561144133
2019-11-25 16:00:00,167.6321561144133
2019-11-25 16:15:00,167.6321561144133
2019-11-25 16:30:00,167.6321561144133
2019-11-25 16:45:00,167.6321561144133
2019-11-25 17:00:00,167.6321561144133
2019-11-25 17:15:00,167.6321561144133
2019-11-25 17:30:00,167.6321561144133
2019-11-25 17:45:00,167.6321561144133
2019-11-25 18:00:00,167.6321561144133
2019-11-25 18:15:00,167.6321561144133
2019-11-25 18:30:00,167.6321561144133
2019-11-25 18:45:00,167.6321561144133
2019-11-25 19:00:00,167.6321561144133
2019-11-25 19:15:00,167.6321561144133
2019-11-25 19:30:00,167.6321561144133
2019-11-25 19:45:00,167.6321561144133
2019-11-25 20:00:00,167.6321561144133
2019-11-25 20:15:00,167.6321561144133
2019-11-25 20:30:00,167.6321561144133
2019-11-25 20:45:00,167.6321561144133
2019-11-25 21:00:00,167.6321561144133
2019-11-25 21:15:00,167.6321561144133
2019-11-25 21:30:00,167.6321561144133
2019-11-25 21:45:00,45.44969940185547
2019-11-25 22:00:00,38.79850006103516
2019-11-25 22:15:00,35.472900390625
2019-11-25 22:30:00,41.01559829711914
2019-11-25 22:45:00,41.01559829711914
2019-11-25 23:00:00,46.55820083618164
2019-11-25 23:15:00,44.34120178222656
2019-11-25 23:30:00,24.38759994506836
2019-11-25 23:45:00,11.08530044555664
2019-11-26 00:00:00,8.868200302124023
2019-11-26 00:15:00,8.868200302124023
2019-11-26 00:30:00,9.976799964904783
2019-11-26 00:45:00,8.868200302124023
2019-11-26 01:00:00,11.08530044555664
2019-11-26 01:15:00,8.868200302124023
2019-11-26 01:30:00,6.651199817657471
2019-11-26 01:45:00,7.759699821472168
2019-11-26 02:00:00,6.651199817657471
2019-11-26 02:15:00,6.651199817657471
2019-11-26 02:30:00,7.759699821472168
2019-11-26 02:45:00,3.325599908828736
2019-11-26 03:00:00,3.325599908828736
2019-11-26 03:15:00,3.325599908828736
2019-11-26 03:30:00,4.434100151062012
2019-11-26 03:45:00,1.1085000038146973
2019-11-26 04:00:00,2.217099905014038
2019-11-26 04:15:00,3.325599908828736
2019-11-26 04:30:00,2.217099905014038
2019-11-26 04:45:00,3.325599908828736
2019-11-26 05:00:00,3.325599908828736
2019-11-26 05:15:00,2.217099905014038
2019-11-26 05:30:00,3.325599908828736
2019-11-26 05:45:00,1.1085000038146973
2019-11-26 06:00:00,4.434100151062012
2019-11-26 06:15:00,4.434100151062012
2019-11-26 06:30:00,8.868200302124023
2019-11-26 06:45:00,7.759699821472168
2019-11-26 07:00:00,5.542600154876709
2019-11-26 07:15:00,4.434100151062012
2019-11-26 07:30:00,55.42649841308594
2019-11-26 07:45:00,154.0854949951172
2019-11-26 08:00:00,152.9770050048828
2019-11-26 08:15:00,168.49639892578125
2019-11-26 08:30:00,263.82989501953125
2019-11-26 08:45:00,324.79901123046875
2019-11-26 09:00:00,396.8533935546875
2019-11-26 09:15:00,374.6828002929688
2019-11-26 09:30:00,349.1866149902344
2019-11-26 09:45:00,328.1246032714844
2019-11-26 10:00:00,349.1866149902344
2019-11-26 10:15:00,354.72930908203125
2019-11-26 10:30:00,354.72930908203125
2019-11-26 10:45:00,372.4657897949219
2019-11-26 11:00:00,374.6828002929688
2019-11-26 11:15:00,387.9851989746094
2019-11-26 11:30:00,353.62078857421875
2019-11-26 11:45:00,280.4577941894531
2019-11-26 12:00:00,225.03140258789065
2019-11-26 12:15:00,133.02349853515625
2019-11-26 12:30:00,143.0001983642578
2019-11-26 12:45:00,273.80670166015625
2019-11-26 13:00:00,329.23309326171875
2019-11-26 13:15:00,333.6672058105469
2019-11-26 13:30:00,300.4114074707031
2019-11-26 13:45:00,287.1090087890625
2019-11-26 14:00:00,292.6517028808594
2019-11-26 14:15:00,311.4967041015625
2019-11-26 14:30:00,298.1943054199219
2019-11-26 14:45:00,283.78338623046875
2019-11-26 15:00:00,322.5819091796875
2019-11-26 15:15:00,307.0625
2019-11-26 15:30:00,286.00048828125
2019-11-26 15:45:00,271.589599609375
2019-11-26 16:00:00,288.2174987792969
2019-11-26 16:15:00,301.5198974609375
2019-11-26 16:30:00,353.62078857421875
2019-11-26 16:45:00,349.1866149902344
2019-11-26 17:00:00,358.0549011230469
2019-11-26 17:15:00,331.4501953125
2019-11-26 17:30:00,294.86871337890625
2019-11-26 17:45:00,223.9228973388672
2019-11-26 18:00:00,119.72109985351562
2019-11-26 18:15:00,106.4188003540039
2019-11-26 18:30:00,111.9614028930664
2019-11-26 18:45:00,106.4188003540039
2019-11-26 19:00:00,103.09320068359376
2019-11-26 19:15:00,109.74440002441406
2019-11-26 19:30:00,108.63580322265624
2019-11-26 19:45:00,86.46530151367188
2019-11-26 20:00:00,88.68229675292969
2019-11-26 20:15:00,97.55059814453124
2019-11-26 20:30:00,90.89939880371094
2019-11-26 20:45:00,77.59700012207031
2019-11-26 21:00:00,55.42649841308594
2019-11-26 21:15:00,62.077598571777344
2019-11-26 21:30:00,62.077598571777344
2019-11-26 21:45:00,63.18619918823242
2019-11-26 22:00:00,62.077598571777344
2019-11-26 22:15:00,55.42649841308594
2019-11-26 22:30:00,38.79850006103516
2019-11-26 22:45:00,41.01559829711914
2019-11-26 23:00:00,44.34120178222656
2019-11-26 23:15:00,47.66669845581055
2019-11-26 23:30:00,58.75199890136719
2019-11-26 23:45:00,59.860599517822266
2019-11-27 00:00:00,49.8838005065918
2019-11-27 00:15:00,43.23260116577149
2019-11-27 00:30:00,9.976799964904783
2019-11-27 00:45:00,11.08530044555664
2019-11-27 01:00:00,9.976799964904783
2019-11-27 01:15:00,8.868200302124023
2019-11-27 01:30:00,8.868200302124023
2019-11-27 01:45:00,7.759699821472168
2019-11-27 02:00:00,8.868200302124023
2019-11-27 02:15:00,6.651199817657471
2019-11-27 02:30:00,8.868200302124023
2019-11-27 02:45:00,7.759699821472168
2019-11-27 03:00:00,3.325599908828736
2019-11-27 03:15:00,1.1085000038146973
2019-11-27 03:30:00,4.434100151062012
2019-11-27 03:45:00,1.1085000038146973
2019-11-27 04:00:00,3.325599908828736
2019-11-27 04:15:00,4.434100151062012
2019-11-27 04:30:00,1.1085000038146973
2019-11-27 04:45:00,2.217099905014038
2019-11-27 05:00:00,3.325599908828736
2019-11-27 05:15:00,3.325599908828736
2019-11-27 05:30:00,3.325599908828736
2019-11-27 05:45:00,2.217099905014038
2019-11-27 06:00:00,3.325599908828736
2019-11-27 06:15:00,3.325599908828736
2019-11-27 06:30:00,8.868200302124023
2019-11-27 06:45:00,7.759699821472168
2019-11-27 07:00:00,5.542600154876709
2019-11-27 07:15:00,4.434100151062012
2019-11-27 07:30:00,52.10089874267578
2019-11-27 07:45:00,159.62820434570312
2019-11-27 08:00:00,182.9073028564453
2019-11-27 08:15:00,242.7678985595703
2019-11-27 08:30:00,352.51220703125
2019-11-27 08:45:00,395.7449035644531
2019-11-27 09:00:00,432.3262939453125
2019-11-27 09:15:00,153.16175842285156
2019-11-27 09:30:00,416.806884765625
2019-11-27 09:45:00,437.8689880371094
2019-11-27 10:00:00,152.70179748535156
2019-11-27 10:15:00,150.6550750732422
2019-11-27 10:30:00,425.6751098632813
2019-11-27 10:45:00,149.26832580566406
2019-11-27 11:00:00,146.943359375
2019-11-27 11:15:00,404.6130981445313
2019-11-27 11:30:00,420.1325073242188
2019-11-27 11:45:00,381.3340148925781
2019-11-27 12:00:00,301.5198974609375
2019-11-27 12:15:00,207.2949066162109
2019-11-27 12:30:00,207.2949066162109
2019-11-27 12:45:00,286.00048828125
2019-11-27 13:00:00,419.0239868164063
2019-11-27 13:15:00,420.1325073242188
2019-11-27 13:30:00,420.1325073242188
2019-11-27 13:45:00,411.2643127441406
2019-11-27 14:00:00,407.9386901855469
2019-11-27 14:15:00,401.2875061035156
2019-11-27 14:30:00,420.1325073242188
2019-11-27 14:45:00,381.3340148925781
2019-11-27 15:00:00,416.806884765625
2019-11-27 15:15:00,393.5278015136719
2019-11-27 15:30:00,406.8302001953125
2019-11-27 15:45:00,370.2486877441406
2019-11-27 16:00:00,370.2486877441406
2019-11-27 16:15:00,383.5509948730469
2019-11-27 16:30:00,402.39599609375
2019-11-27 16:45:00,406.8302001953125
2019-11-27 17:00:00,381.3340148925781
2019-11-27 17:15:00,354.72930908203125
2019-11-27 17:30:00,295.9772033691406
2019-11-27 17:45:00,207.2949066162109
2019-11-27 18:00:00,188.4499053955078
2019-11-27 18:15:00,184.0157928466797
2019-11-27 18:30:00,184.0157928466797
2019-11-27 18:45:00,191.77549743652344
2019-11-27 19:00:00,176.256103515625
2019-11-27 19:15:00,157.41110229492188
2019-11-27 19:30:00,154.0854949951172
2019-11-27 19:45:00,141.89169311523438
2019-11-27 20:00:00,133.02349853515625
2019-11-27 20:15:00,138.56610107421875
2019-11-27 20:30:00,117.50409698486328
2019-11-27 20:45:00,121.93820190429688
2019-11-27 21:00:00,113.06999969482422
2019-11-27 21:15:00,110.85289764404295
2019-11-27 21:30:00,101.98470306396484
2019-11-27 21:45:00,105.310302734375
2019-11-27 22:00:00,88.68229675292969
2019-11-27 22:15:00,56.53499984741211
2019-11-27 22:30:00,47.66669845581055
2019-11-27 22:45:00,41.01559829711914
2019-11-27 23:00:00,47.66669845581055
2019-11-27 23:15:00,52.10089874267578
2019-11-27 23:30:00,47.66669845581055
2019-11-27 23:45:00,50.9922981262207
2019-11-28 00:00:00,32.147300720214844
2019-11-28 00:15:00,12.19379997253418
2019-11-28 00:30:00,11.08530044555664
2019-11-28 00:45:00,9.976799964904783
2019-11-28 01:00:00,8.868200302124023
2019-11-28 01:15:00,8.868200302124023
2019-11-28 01:30:00,13.302300453186035
2019-11-28 01:45:00,6.651199817657471
2019-11-28 02:00:00,8.868200302124023
2019-11-28 02:15:00,6.651199817657471
2019-11-28 02:30:00,5.542600154876709
2019-11-28 02:45:00,2.217099905014038
2019-11-28 03:00:00,1.1085000038146973
2019-11-28 03:15:00,4.434100151062012
2019-11-28 03:30:00,3.325599908828736
2019-11-28 03:45:00,1.1085000038146973
2019-11-28 04:00:00,4.434100151062012
2019-11-28 04:15:00,1.1085000038146973
2019-11-28 04:30:00,3.325599908828736
2019-11-28 04:45:00,4.434100151062012
2019-11-28 05:00:00,3.325599908828736
2019-11-28 05:15:00,3.325599908828736
2019-11-28 05:30:00,2.217099905014038
2019-11-28 05:45:00,3.325599908828736
2019-11-28 06:00:00,1.1085000038146973
2019-11-28 06:15:00,4.434100151062012
2019-11-28 06:30:00,6.651199817657471
2019-11-28 06:45:00,6.651199817657471
2019-11-28 07:00:00,8.868200302124023
2019-11-28 07:15:00,5.542600154876709
2019-11-28 07:30:00,21.06209945678711
2019-11-28 07:45:00,140.783203125
2019-11-28 08:00:00,207.2949066162109
2019-11-28 08:15:00,230.57400512695312
2019-11-28 08:30:00,307.0625
2019-11-28 08:45:00,391.3106994628906
2019-11-28 09:00:00,415.6983947753906
2019-11-28 09:15:00,417.9154052734375
2019-11-28 09:30:00,433.434814453125
2019-11-28 09:45:00,395.7449035644531
2019-11-28 10:00:00,393.5278015136719
2019-11-28 10:15:00,437.8689880371094
2019-11-28 10:30:00,180.6349334716797
2019-11-28 10:45:00,421.2409973144531
2019-11-28 11:00:00,414.58990478515625
2019-11-28 11:15:00,395.7449035644531
2019-11-28 11:30:00,381.3340148925781
2019-11-28 11:45:00,345.8611145019531
2019-11-28 12:00:00,299.30279541015625
2019-11-28 12:15:00,195.10110473632807
2019-11-28 12:30:00,202.8607940673828
2019-11-28 12:45:00,308.1711120605469
2019-11-28 13:00:00,378.0083923339844
2019-11-28 13:15:00,396.8533935546875
2019-11-28 13:30:00,366.923095703125
2019-11-28 13:45:00,419.0239868164063
2019-11-28 14:00:00,181.72889709472656
2019-11-28 14:15:00,437.8689880371094
2019-11-28 14:30:00,179.75360107421875
2019-11-28 14:45:00,399.0704040527344
2019-11-28 15:00:00,413.4812927246094
2019-11-28 15:15:00,419.0239868164063
2019-11-28 15:30:00,431.2178039550781
2019-11-28 15:45:00,434.54339599609375
2019-11-28 16:00:00,417.9154052734375
2019-11-28 16:15:00,384.65960693359375
2019-11-28 16:30:00,381.3340148925781
2019-11-28 16:45:00,389.09368896484375
2019-11-28 17:00:00,429.0007019042969
2019-11-28 17:15:00,396.8533935546875
2019-11-28 17:30:00,333.6672058105469
2019-11-28 17:45:00,289.3261108398437
2019-11-28 18:00:00,301.5198974609375
2019-11-28 18:15:00,277.1322937011719
2019-11-28 18:30:00,325.9075012207031
2019-11-28 18:45:00,356.9462890625
2019-11-28 19:00:00,346.9696044921875
2019-11-28 19:15:00,324.79901123046875
2019-11-28 19:30:00,317.039306640625
2019-11-28 19:45:00,291.5430908203125
2019-11-28 20:00:00,222.8143005371093
2019-11-28 20:15:00,156.30259704589844
2019-11-28 20:30:00,141.89169311523438
2019-11-28 20:45:00,131.9149932861328
2019-11-28 21:00:00,98.65910339355467
2019-11-28 21:15:00,108.63580322265624
2019-11-28 21:30:00,104.20169830322266
2019-11-28 21:45:00,85.35669708251953
2019-11-28 22:00:00,77.59700012207031
2019-11-28 22:15:00,58.75199890136719
2019-11-28 22:30:00,55.42649841308594
2019-11-28 22:45:00,32.147300720214844
2019-11-28 23:00:00,15.519399642944336
2019-11-28 23:15:00,12.19379997253418
2019-11-28 23:30:00,8.868200302124023
2019-11-28 23:45:00,11.08530044555664
2019-11-29 00:00:00,8.868200302124023
2019-11-29 00:15:00,8.868200302124023
2019-11-29 00:30:00,8.868200302124023
2019-11-29 00:45:00,8.868200302124023
2019-11-29 01:00:00,8.868200302124023
2019-11-29 01:15:00,6.651199817657471
2019-11-29 01:30:00,8.868200302124023
2019-11-29 01:45:00,7.759699821472168
2019-11-29 02:00:00,4.434100151062012
2019-11-29 02:15:00,2.217099905014038
2019-11-29 02:30:00,5.542600154876709
2019-11-29 02:45:00,1.1085000038146973
2019-11-29 03:00:00,4.434100151062012
2019-11-29 03:15:00,1.1085000038146973
2019-11-29 03:30:00,3.325599908828736
2019-11-29 03:45:00,2.217099905014038
2019-11-29 04:00:00,2.217099905014038
2019-11-29 04:15:00,3.325599908828736
2019-11-29 04:30:00,3.325599908828736
2019-11-29 04:45:00,3.325599908828736
2019-11-29 05:00:00,2.217099905014038
2019-11-29 05:15:00,3.325599908828736
2019-11-29 05:30:00,2.217099905014038
2019-11-29 05:45:00,3.325599908828736
2019-11-29 06:00:00,3.325599908828736
2019-11-29 06:15:00,5.542600154876709
2019-11-29 06:30:00,8.868200302124023
2019-11-29 06:45:00,5.542600154876709
2019-11-29 07:00:00,6.651199817657471
2019-11-29 07:15:00,5.542600154876709
2019-11-29 07:30:00,65.4031982421875
2019-11-29 07:45:00,191.77549743652344
2019-11-29 08:00:00,222.8143005371093
2019-11-29 08:15:00,261.61279296875
2019-11-29 08:30:00,319.25640869140625
2019-11-29 08:45:00,412.372802734375
2019-11-29 09:00:00,424.5665893554688
2019-11-29 09:15:00,193.9006805419922
2019-11-29 09:30:00,191.56719970703125
2019-11-29 09:45:00,189.04774475097656
2019-11-29 10:00:00,186.8946533203125
2019-11-29 10:15:00,184.74221801757807
2019-11-29 10:30:00,182.10548400878903
2019-11-29 10:45:00,182.1208038330078
2019-11-29 11:00:00,179.6299591064453
2019-11-29 11:15:00,177.18246459960938
2019-11-29 11:30:00,280.4577941894531
2019-11-29 11:45:00,336.9927978515625
2019-11-29 12:00:00,289.3261108398437
2019-11-29 12:15:00,206.1864013671875
2019-11-29 12:30:00,217.27169799804688
2019-11-29 12:45:00,307.0625
2019-11-29 13:00:00,381.3340148925781
2019-11-29 13:15:00,413.4812927246094
2019-11-29 13:30:00,422.349609375
2019-11-29 13:45:00,423.4580993652344
2019-11-29 14:00:00,404.6130981445313
2019-11-29 14:15:00,420.1325073242188
2019-11-29 14:30:00,437.8689880371094
2019-11-29 14:45:00,412.372802734375
2019-11-29 15:00:00,179.70834350585938
2019-11-29 15:15:00,424.5665893554688
2019-11-29 15:30:00,394.6362915039063
2019-11-29 15:45:00,369.1401977539063
2019-11-29 16:00:00,358.0549011230469
2019-11-29 16:15:00,376.89990234375
2019-11-29 16:30:00,368.0315856933594
2019-11-29 16:45:00,410.15570068359375
2019-11-29 17:00:00,360.2719116210937
2019-11-29 17:15:00,363.5975036621094
2019-11-29 17:30:00,363.5975036621094
2019-11-29 17:45:00,317.039306640625
2019-11-29 18:00:00,280.4577941894531
2019-11-29 18:15:00,289.3261108398437
2019-11-29 18:30:00,311.4967041015625
2019-11-29 18:45:00,288.2174987792969
2019-11-29 19:00:00,287.1090087890625
2019-11-29 19:15:00,276.0237121582031
2019-11-29 19:30:00,253.8531036376953
2019-11-29 19:45:00,239.4423065185547
2019-11-29 20:00:00,165.17080688476562
2019-11-29 20:15:00,121.93820190429688
2019-11-29 20:30:00,114.17849731445312
2019-11-29 20:45:00,104.20169830322266
2019-11-29 21:00:00,94.2249984741211
2019-11-29 21:15:00,103.09320068359376
2019-11-29 21:30:00,100.8760986328125
2019-11-29 21:45:00,95.33350372314452
2019-11-29 22:00:00,87.57379913330078
2019-11-29 22:15:00,68.72879791259766
2019-11-29 22:30:00,47.66669845581055
2019-11-29 22:45:00,44.34120178222656
2019-11-29 23:00:00,35.472900390625
2019-11-29 23:15:00,17.736499786376953
2019-11-29 23:30:00,11.08530044555664
2019-11-29 23:45:00,11.08530044555664
2019-11-30 00:00:00,8.868200302124023
2019-11-30 00:15:00,12.19379997253418
2019-11-30 00:30:00,8.868200302124023
2019-11-30 00:45:00,9.976799964904783
2019-11-30 01:00:00,11.08530044555664
2019-11-30 01:15:00,8.868200302124023
2019-11-30 01:30:00,3.325599908828736
2019-11-30 01:45:00,3.325599908828736
2019-11-30 02:00:00,2.217099905014038
2019-11-30 02:15:00,2.217099905014038
2019-11-30 02:30:00,3.325599908828736
2019-11-30 02:45:00,5.542600154876709
2019-11-30 03:00:00,1.1085000038146973
2019-11-30 03:15:00,2.217099905014038
2019-11-30 03:30:00,3.325599908828736
2019-11-30 03:45:00,2.217099905014038
2019-11-30 04:00:00,3.325599908828736
2019-11-30 04:15:00,1.1085000038146973
2019-11-30 04:30:00,4.434100151062012
2019-11-30 04:45:00,1.1085000038146973
2019-11-30 05:00:00,3.325599908828736
2019-11-30 05:15:00,4.434100151062012
2019-11-30 05:30:00,1.1085000038146973
2019-11-30 05:45:00,3.325599908828736
2019-11-30 06:00:00,4.434100151062012
2019-11-30 06:15:00,3.325599908828736
2019-11-30 06:30:00,6.651199817657471
2019-11-30 06:45:00,5.542600154876709
2019-11-30 07:00:00,6.651199817657471
2019-11-30 07:15:00,5.542600154876709
2019-11-30 07:30:00,32.147300720214844
2019-11-30 07:45:00,109.74440002441406
2019-11-30 08:00:00,159.62820434570312
2019-11-30 08:15:00,180.6902008056641
2019-11-30 08:30:00,238.3336944580078
2019-11-30 08:45:00,289.3261108398437
2019-11-30 09:00:00,292.6517028808594
2019-11-30 09:15:00,302.6283874511719
2019-11-30 09:30:00,331.4501953125
2019-11-30 09:45:00,324.79901123046875
2019-11-30 10:00:00,313.7137145996094
2019-11-30 10:15:00,332.5586853027344
2019-11-30 10:30:00,332.5586853027344
2019-11-30 10:45:00,332.5586853027344
2019-11-30 11:00:00,322.5819091796875
2019-11-30 11:15:00,310.3880920410156
2019-11-30 11:30:00,299.30279541015625
2019-11-30 11:45:00,307.0625
2019-11-30 12:00:00,242.7678985595703
2019-11-30 12:15:00,136.34910583496094
2019-11-30 12:30:00,126.37229919433594
2019-11-30 12:45:00,168.49639892578125
2019-11-30 13:00:00,216.16319274902344
2019-11-30 13:15:00,269.3725891113281
2019-11-30 13:30:00,274.9151916503906
2019-11-30 13:45:00,294.86871337890625
2019-11-30 14:00:00,299.30279541015625
2019-11-30 14:15:00,280.4577941894531
2019-11-30 14:30:00,295.9772033691406
2019-11-30 14:45:00,282.6748962402344
2019-11-30 15:00:00,289.3261108398437
2019-11-30 15:15:00,266.0469970703125
2019-11-30 15:30:00,228.35699462890625
2019-11-30 15:45:00,184.0157928466797
2019-11-30 16:00:00,156.30259704589844
2019-11-30 16:15:00,149.65139770507812
2019-11-30 16:30:00,134.1320037841797
2019-11-30 16:45:00,126.37229919433594
2019-11-30 17:00:00,115.28700256347656
2019-11-30 17:15:00,95.33350372314452
2019-11-30 17:30:00,90.89939880371094
2019-11-30 17:45:00,65.4031982421875
2019-11-30 18:00:00,55.42649841308594
2019-11-30 18:15:00,66.51170349121094
2019-11-30 18:30:00,88.68229675292969
2019-11-30 18:45:00,82.03109741210938
2019-11-30 19:00:00,74.27140045166016
2019-11-30 19:15:00,56.53499984741211
2019-11-30 19:30:00,69.8373031616211
2019-11-30 19:45:00,85.35669708251953
2019-11-30 20:00:00,93.11640167236328
2019-11-30 20:15:00,101.98470306396484
2019-11-30 20:30:00,100.8760986328125
2019-11-30 20:45:00,97.55059814453124
2019-11-30 21:00:00,86.46530151367188
2019-11-30 21:15:00,55.42649841308594
2019-11-30 21:30:00,49.8838005065918
2019-11-30 21:45:00,31.038799285888672
2019-11-30 22:00:00,19.953500747680664
2019-11-30 22:15:00,11.08530044555664
2019-11-30 22:30:00,4.434100151062012
2019-11-30 22:45:00,5.542600154876709
2019-11-30 23:00:00,5.542600154876709
2019-11-30 23:15:00,5.542600154876709
2019-11-30 23:30:00,3.325599908828736
2019-11-30 23:45:00,3.325599908828736
2019-12-01 00:00:00,3.325599908828736
2019-12-01 00:15:00,7.759699821472168
2019-12-01 00:30:00,6.651199817657471
2019-12-01 00:45:00,5.542600154876709
2019-12-01 01:00:00,3.325599908828736
2019-12-01 01:15:00,5.542600154876709
2019-12-01 01:30:00,3.325599908828736
2019-12-01 01:45:00,3.325599908828736
2019-12-01 02:00:00,2.217099905014038
2019-12-01 02:15:00,3.325599908828736
2019-12-01 02:30:00,3.325599908828736
2019-12-01 02:45:00,2.217099905014038
2019-12-01 03:00:00,3.325599908828736
2019-12-01 03:15:00,2.217099905014038
2019-12-01 03:30:00,1.1085000038146973
2019-12-01 03:45:00,4.434100151062012
2019-12-01 04:00:00,3.325599908828736
2019-12-01 04:15:00,1.1085000038146973
2019-12-01 04:30:00,2.217099905014038
2019-12-01 04:45:00,3.325599908828736
2019-12-01 05:00:00,2.217099905014038
2019-12-01 05:15:00,3.325599908828736
2019-12-01 05:30:00,2.217099905014038
2019-12-01 05:45:00,3.325599908828736
2019-12-01 06:00:00,3.325599908828736
2019-12-01 06:15:00,3.325599908828736
2019-12-01 06:30:00,3.325599908828736
2019-12-01 06:45:00,7.759699821472168
2019-12-01 07:00:00,5.542600154876709
2019-12-01 07:15:00,4.434100151062012
2019-12-01 07:30:00,7.759699821472168
2019-12-01 07:45:00,5.542600154876709
2019-12-01 08:00:00,24.38759994506836
2019-12-01 08:15:00,103.09320068359376
2019-12-01 08:30:00,159.62820434570312
2019-12-01 08:45:00,177.36459350585938
2019-12-01 09:00:00,191.77549743652344
2019-12-01 09:15:00,213.94610595703125
2019-12-01 09:30:00,220.5973052978516
2019-12-01 09:45:00,216.16319274902344
2019-12-01 10:00:00,231.6826019287109
2019-12-01 10:15:00,236.11669921875
2019-12-01 10:30:00,236.11669921875
2019-12-01 10:45:00,227.24850463867188
2019-12-01 11:00:00,222.8143005371093
2019-12-01 11:15:00,236.11669921875
2019-12-01 11:30:00,229.4654998779297
2019-12-01 11:45:00,213.94610595703125
2019-12-01 12:00:00,159.62820434570312
2019-12-01 12:15:00,133.02349853515625
2019-12-01 12:30:00,129.69790649414062
2019-12-01 12:45:00,182.9073028564453
2019-12-01 13:00:00,216.16319274902344
2019-12-01 13:15:00,221.705795288086
2019-12-01 13:30:00,225.03140258789065
2019-12-01 13:45:00,223.9228973388672
2019-12-01 14:00:00,227.24850463867188
2019-12-01 14:15:00,231.6826019287109
2019-12-01 14:30:00,232.7911071777344
2019-12-01 14:45:00,231.6826019287109
2019-12-01 15:00:00,220.5973052978516
2019-12-01 15:15:00,213.94610595703125
2019-12-01 15:30:00,230.57400512695312
2019-12-01 15:45:00,230.57400512695312
2019-12-01 16:00:00,235.00819396972656
2019-12-01 16:15:00,222.8143005371093
2019-12-01 16:30:00,238.3336944580078
2019-12-01 16:45:00,249.41900634765625
2019-12-01 17:00:00,242.7678985595703
2019-12-01 17:15:00,243.8764038085937
2019-12-01 17:30:00,219.4886932373047
2019-12-01 17:45:00,171.82200622558594
2019-12-01 18:00:00,156.30259704589844
2019-12-01 18:15:00,162.95379638671875
2019-12-01 18:30:00,170.7135009765625
2019-12-01 18:45:00,169.6049041748047
2019-12-01 19:00:00,164.0623016357422
2019-12-01 19:15:00,148.5428924560547
2019-12-01 19:30:00,150.75990295410156
2019-12-01 19:45:00,135.24049377441406
2019-12-01 20:00:00,77.59700012207031
2019-12-01 20:15:00,55.42649841308594
2019-12-01 20:30:00,56.53499984741211
2019-12-01 20:45:00,58.75199890136719
2019-12-01 21:00:00,57.64350128173828
2019-12-01 21:15:00,167.6321561144133
2019-12-01 21:30:00,167.6321561144133
2019-12-01 21:45:00,167.6321561144133
2019-12-01 22:00:00,167.6321561144133
2019-12-01 22:15:00,167.6321561144133
2019-12-01 22:30:00,167.6321561144133
2019-12-01 22:45:00,167.6321561144133
2019-12-01 23:00:00,167.6321561144133
2019-12-01 23:15:00,167.6321561144133
2019-12-01 23:30:00,167.6321561144133
2019-12-01 23:45:00,167.6321561144133
2019-12-02 00:00:00,167.6321561144133
2019-12-02 00:15:00,167.6321561144133
2019-12-02 00:30:00,167.6321561144133
2019-12-02 00:45:00,167.6321561144133
2019-12-02 01:00:00,167.6321561144133
2019-12-02 01:15:00,167.6321561144133
2019-12-02 01:30:00,167.6321561144133
2019-12-02 01:45:00,167.6321561144133
2019-12-02 02:00:00,167.6321561144133
2019-12-02 02:15:00,167.6321561144133
2019-12-02 02:30:00,167.6321561144133
2019-12-02 02:45:00,167.6321561144133
2019-12-02 03:00:00,167.6321561144133
2019-12-02 03:15:00,167.6321561144133
2019-12-02 03:30:00,167.6321561144133
2019-12-02 03:45:00,167.6321561144133
2019-12-02 04:00:00,167.6321561144133
2019-12-02 04:15:00,167.6321561144133
2019-12-02 04:30:00,167.6321561144133
2019-12-02 04:45:00,167.6321561144133
2019-12-02 05:00:00,167.6321561144133
2019-12-02 05:15:00,167.6321561144133
2019-12-02 05:30:00,167.6321561144133
2019-12-02 05:45:00,167.6321561144133
2019-12-02 06:00:00,167.6321561144133
2019-12-02 06:15:00,167.6321561144133
2019-12-02 06:30:00,167.6321561144133
2019-12-02 06:45:00,167.6321561144133
2019-12-02 07:00:00,167.6321561144133
2019-12-02 07:15:00,167.6321561144133
2019-12-02 07:30:00,167.6321561144133
2019-12-02 07:45:00,167.6321561144133
2019-12-02 08:00:00,167.6321561144133
2019-12-02 08:15:00,167.6321561144133
2019-12-02 08:30:00,167.6321561144133
2019-12-02 08:45:00,167.6321561144133
2019-12-02 09:00:00,167.6321561144133
2019-12-02 09:15:00,167.6321561144133
2019-12-02 09:30:00,167.6321561144133
2019-12-02 09:45:00,390.20220947265625
2019-12-02 10:00:00,431.2178039550781
2019-12-02 10:15:00,431.2178039550781
2019-12-02 10:30:00,416.806884765625
2019-12-02 10:45:00,396.8533935546875
2019-12-02 11:00:00,421.2409973144531
2019-12-02 11:15:00,426.78369140625
2019-12-02 11:30:00,436.7604064941406
2019-12-02 11:45:00,354.72930908203125
2019-12-02 12:00:00,304.8454895019531
2019-12-02 12:15:00,201.75230407714844
2019-12-02 12:30:00,188.4499053955078
2019-12-02 12:45:00,283.78338623046875
2019-12-02 13:00:00,392.4193115234375
2019-12-02 13:15:00,399.0704040527344
2019-12-02 13:30:00,407.9386901855469
2019-12-02 13:45:00,411.2643127441406
2019-12-02 14:00:00,417.9154052734375
2019-12-02 14:15:00,406.8302001953125
2019-12-02 14:30:00,405.7215881347656
2019-12-02 14:45:00,399.0704040527344
2019-12-02 15:00:00,399.0704040527344
2019-12-02 15:15:00,404.6130981445313
2019-12-02 15:30:00,370.2486877441406
2019-12-02 15:45:00,424.5665893554688
2019-12-02 16:00:00,437.8689880371094
2019-12-02 16:15:00,416.806884765625
2019-12-02 16:30:00,414.58990478515625
2019-12-02 16:45:00,389.09368896484375
2019-12-02 17:00:00,382.4425048828125
2019-12-02 17:15:00,359.16339111328125
2019-12-02 17:30:00,340.3183898925781
2019-12-02 17:45:00,266.0469970703125
2019-12-02 18:00:00,284.8919982910156
2019-12-02 18:15:00,335.8843078613281
2019-12-02 18:30:00,328.1246032714844
2019-12-02 18:45:00,363.5975036621094
2019-12-02 19:00:00,342.5354919433594
2019-12-02 19:15:00,334.7757873535156
2019-12-02 19:30:00,299.30279541015625
2019-12-02 19:45:00,257.1787109375
2019-12-02 20:00:00,165.17080688476562
2019-12-02 20:15:00,117.50409698486328
2019-12-02 20:30:00,111.9614028930664
2019-12-02 20:45:00,110.85289764404295
2019-12-02 21:00:00,101.98470306396484
2019-12-02 21:15:00,97.55059814453124
2019-12-02 21:30:00,101.98470306396484
2019-12-02 21:45:00,101.98470306396484
2019-12-02 22:00:00,95.33350372314452
2019-12-02 22:15:00,95.33350372314452
2019-12-02 22:30:00,90.89939880371094
2019-12-02 22:45:00,73.16290283203125
2019-12-02 23:00:00,72.05439758300781
2019-12-02 23:15:00,167.6321561144133
2019-12-02 23:30:00,167.6321561144133
2019-12-02 23:45:00,167.6321561144133
2019-12-03 00:00:00,167.6321561144133
2019-12-03 00:15:00,167.6321561144133
2019-12-03 00:30:00,167.6321561144133
2019-12-03 00:45:00,167.6321561144133
2019-12-03 01:00:00,167.6321561144133
2019-12-03 01:15:00,167.6321561144133
2019-12-03 01:30:00,167.6321561144133
2019-12-03 01:45:00,167.6321561144133
2019-12-03 02:00:00,167.6321561144133
2019-12-03 02:15:00,167.6321561144133
2019-12-03 02:30:00,167.6321561144133
2019-12-03 02:45:00,167.6321561144133
2019-12-03 03:00:00,167.6321561144133
2019-12-03 03:15:00,167.6321561144133
2019-12-03 03:30:00,167.6321561144133
2019-12-03 03:45:00,167.6321561144133
2019-12-03 04:00:00,167.6321561144133
2019-12-03 04:15:00,167.6321561144133
2019-12-03 04:30:00,167.6321561144133
2019-12-03 04:45:00,167.6321561144133
2019-12-03 05:00:00,167.6321561144133
2019-12-03 05:15:00,167.6321561144133
2019-12-03 05:30:00,167.6321561144133
2019-12-03 05:45:00,167.6321561144133
2019-12-03 06:00:00,167.6321561144133
2019-12-03 06:15:00,167.6321561144133
2019-12-03 06:30:00,167.6321561144133
2019-12-03 06:45:00,167.6321561144133
2019-12-03 07:00:00,167.6321561144133
2019-12-03 07:15:00,167.6321561144133
2019-12-03 07:30:00,167.6321561144133
2019-12-03 07:45:00,167.6321561144133
2019-12-03 08:00:00,167.6321561144133
2019-12-03 08:15:00,167.6321561144133
2019-12-03 08:30:00,167.6321561144133
2019-12-03 08:45:00,167.6321561144133
2019-12-03 09:00:00,167.6321561144133
2019-12-03 09:15:00,167.6321561144133
2019-12-03 09:30:00,167.6321561144133
2019-12-03 09:45:00,167.6321561144133
2019-12-03 10:00:00,167.6321561144133
2019-12-03 10:15:00,167.6321561144133
2019-12-03 10:30:00,167.6321561144133
2019-12-03 10:45:00,167.6321561144133
2019-12-03 11:00:00,167.6321561144133
2019-12-03 11:15:00,167.6321561144133
2019-12-03 11:30:00,167.6321561144133
2019-12-03 11:45:00,353.62078857421875
2019-12-03 12:00:00,279.34930419921875
2019-12-03 12:15:00,199.5352020263672
2019-12-03 12:30:00,198.4266967773437
2019-12-03 12:45:00,346.9696044921875
2019-12-03 13:00:00,394.6362915039063
2019-12-03 13:15:00,385.7680969238281
2019-12-03 13:30:00,406.8302001953125
2019-12-03 13:45:00,409.0472106933594
2019-12-03 14:00:00,365.8146057128906
2019-12-03 14:15:00,356.9462890625
2019-12-03 14:30:00,381.3340148925781
2019-12-03 14:45:00,376.89990234375
2019-12-03 15:00:00,383.5509948730469
2019-12-03 15:15:00,416.806884765625
2019-12-03 15:30:00,167.6321561144133
2019-12-03 15:45:00,167.6321561144133
2019-12-03 16:00:00,167.6321561144133
2019-12-03 16:15:00,167.6321561144133
2019-12-03 16:30:00,167.6321561144133
2019-12-03 16:45:00,167.6321561144133
2019-12-03 17:00:00,167.6321561144133
2019-12-03 17:15:00,167.6321561144133
2019-12-03 17:30:00,167.6321561144133
2019-12-03 17:45:00,167.6321561144133
2019-12-03 18:00:00,167.6321561144133
2019-12-03 18:15:00,167.6321561144133
2019-12-03 18:30:00,167.6321561144133
2019-12-03 18:45:00,167.6321561144133
2019-12-03 19:00:00,167.6321561144133
2019-12-03 19:15:00,167.6321561144133
2019-12-03 19:30:00,167.6321561144133
2019-12-03 19:45:00,167.6321561144133
2019-12-03 20:00:00,167.6321561144133
2019-12-03 20:15:00,167.6321561144133
2019-12-03 20:30:00,167.6321561144133
2019-12-03 20:45:00,167.6321561144133
2019-12-03 21:00:00,167.6321561144133
2019-12-03 21:15:00,167.6321561144133
2019-12-03 21:30:00,167.6321561144133
2019-12-03 21:45:00,167.6321561144133
2019-12-03 22:00:00,167.6321561144133
2019-12-03 22:15:00,167.6321561144133
2019-12-03 22:30:00,167.6321561144133
2019-12-03 22:45:00,167.6321561144133
2019-12-03 23:00:00,167.6321561144133
2019-12-03 23:15:00,167.6321561144133
2019-12-03 23:30:00,167.6321561144133
2019-12-03 23:45:00,167.6321561144133
2019-12-04 00:00:00,167.6321561144133
2019-12-04 00:15:00,167.6321561144133
2019-12-04 00:30:00,167.6321561144133
2019-12-04 00:45:00,167.6321561144133
2019-12-04 01:00:00,167.6321561144133
2019-12-04 01:15:00,167.6321561144133
2019-12-04 01:30:00,167.6321561144133
2019-12-04 01:45:00,167.6321561144133
2019-12-04 02:00:00,167.6321561144133
2019-12-04 02:15:00,167.6321561144133
2019-12-04 02:30:00,167.6321561144133
2019-12-04 02:45:00,167.6321561144133
2019-12-04 03:00:00,167.6321561144133
2019-12-04 03:15:00,167.6321561144133
2019-12-04 03:30:00,167.6321561144133
2019-12-04 03:45:00,167.6321561144133
2019-12-04 04:00:00,1.1085000038146973
2019-12-04 04:15:00,5.542600154876709
2019-12-04 04:30:00,2.217099905014038
2019-12-04 04:45:00,3.325599908828736
2019-12-04 05:00:00,2.217099905014038
2019-12-04 05:15:00,3.325599908828736
2019-12-04 05:30:00,1.1085000038146973
2019-12-04 05:45:00,2.217099905014038
2019-12-04 06:00:00,3.325599908828736
2019-12-04 06:15:00,3.325599908828736
2019-12-04 06:30:00,8.868200302124023
2019-12-04 06:45:00,8.868200302124023
2019-12-04 07:00:00,8.868200302124023
2019-12-04 07:15:00,5.542600154876709
2019-12-04 07:30:00,53.20940017700195
2019-12-04 07:45:00,200.643798828125
2019-12-04 08:00:00,236.11669921875
2019-12-04 08:15:00,254.96170043945312
2019-12-04 08:30:00,280.4577941894531
2019-12-04 08:45:00,348.0780944824219
2019-12-04 09:00:00,393.5278015136719
2019-12-04 09:15:00,431.2178039550781
2019-12-04 09:30:00,417.9154052734375
2019-12-04 09:45:00,402.39599609375
2019-12-04 10:00:00,403.5046081542969
2019-12-04 10:15:00,409.0472106933594
2019-12-04 10:30:00,191.3508453369141
2019-12-04 10:45:00,191.25148010253903
2019-12-04 11:00:00,429.0007019042969
2019-12-04 11:15:00,432.3262939453125
2019-12-04 11:30:00,413.4812927246094
2019-12-04 11:45:00,381.3340148925781
2019-12-04 12:00:00,266.0469970703125
2019-12-04 12:15:00,193.9925994873047
2019-12-04 12:30:00,201.75230407714844
2019-12-04 12:45:00,317.039306640625
2019-12-04 13:00:00,399.0704040527344
2019-12-04 13:15:00,416.806884765625
2019-12-04 13:30:00,416.806884765625
2019-12-04 13:45:00,416.806884765625
2019-12-04 14:00:00,427.8922119140625
2019-12-04 14:15:00,189.9180908203125
2019-12-04 14:30:00,411.2643127441406
2019-12-04 14:45:00,436.7604064941406
2019-12-04 15:00:00,427.8922119140625
2019-12-04 15:15:00,189.575424194336
2019-12-04 15:30:00,402.39599609375
2019-12-04 15:45:00,386.8765869140625
2019-12-04 16:00:00,355.8377990722656
2019-12-04 16:15:00,411.2643127441406
2019-12-04 16:30:00,415.6983947753906
2019-12-04 16:45:00,420.1325073242188
2019-12-04 17:00:00,384.65960693359375
2019-12-04 17:15:00,283.78338623046875
2019-12-04 17:30:00,216.16319274902344
2019-12-04 17:45:00,172.9304962158203
2019-12-04 18:00:00,210.62049865722656
2019-12-04 18:15:00,198.4266967773437
2019-12-04 18:30:00,220.5973052978516
2019-12-04 18:45:00,201.75230407714844
2019-12-04 19:00:00,139.67469787597656
2019-12-04 19:15:00,133.02349853515625
2019-12-04 19:30:00,128.5894012451172
2019-12-04 19:45:00,116.39550018310548
2019-12-04 20:00:00,106.4188003540039
2019-12-04 20:15:00,106.4188003540039
2019-12-04 20:30:00,90.89939880371094
2019-12-04 20:45:00,94.2249984741211
2019-12-04 21:00:00,97.55059814453124
2019-12-04 21:15:00,98.65910339355467
2019-12-04 21:30:00,100.8760986328125
2019-12-04 21:45:00,101.98470306396484
2019-12-04 22:00:00,100.8760986328125
2019-12-04 22:15:00,97.55059814453124
2019-12-04 22:30:00,103.09320068359376
2019-12-04 22:45:00,92.00789642333984
2019-12-04 23:00:00,97.55059814453124
2019-12-04 23:15:00,83.13970184326172
2019-12-04 23:30:00,64.2947006225586
2019-12-04 23:45:00,53.20940017700195
2019-12-05 00:00:00,53.20940017700195
2019-12-05 00:15:00,54.317901611328125
2019-12-05 00:30:00,53.20940017700195
2019-12-05 00:45:00,47.66669845581055
2019-12-05 01:00:00,35.472900390625
2019-12-05 01:15:00,23.27910041809082
2019-12-05 01:30:00,17.736499786376953
2019-12-05 01:45:00,8.868200302124023
2019-12-05 02:00:00,3.325599908828736
2019-12-05 02:15:00,4.434100151062012
2019-12-05 02:30:00,3.325599908828736
2019-12-05 02:45:00,3.325599908828736
2019-12-05 03:00:00,3.325599908828736
2019-12-05 03:15:00,3.325599908828736
2019-12-05 03:30:00,4.434100151062012
2019-12-05 03:45:00,1.1085000038146973
2019-12-05 04:00:00,3.325599908828736
2019-12-05 04:15:00,2.217099905014038
2019-12-05 04:30:00,2.217099905014038
2019-12-05 04:45:00,3.325599908828736
2019-12-05 05:00:00,3.325599908828736
2019-12-05 05:15:00,2.217099905014038
2019-12-05 05:30:00,3.325599908828736
2019-12-05 05:45:00,3.325599908828736
2019-12-05 06:00:00,3.325599908828736
2019-12-05 06:15:00,3.325599908828736
2019-12-05 06:30:00,7.759699821472168
2019-12-05 06:45:00,8.868200302124023
2019-12-05 07:00:00,6.651199817657471
2019-12-05 07:15:00,8.868200302124023
2019-12-05 07:30:00,17.736499786376953
2019-12-05 07:45:00,83.13970184326172
2019-12-05 08:00:00,165.17080688476562
2019-12-05 08:15:00,260.5043029785156
2019-12-05 08:30:00,291.5430908203125
2019-12-05 08:45:00,334.7757873535156
2019-12-05 09:00:00,389.09368896484375
2019-12-05 09:15:00,407.9386901855469
2019-12-05 09:30:00,400.1789855957031
2019-12-05 09:45:00,176.9314422607422
2019-12-05 10:00:00,422.349609375
2019-12-05 10:15:00,402.39599609375
2019-12-05 10:30:00,174.70986938476562
2019-12-05 10:45:00,174.53652954101562
2019-12-05 11:00:00,174.36241149902344
2019-12-05 11:15:00,171.70993041992188
2019-12-05 11:30:00,435.6518859863281
2019-12-05 11:45:00,399.0704040527344
2019-12-05 12:00:00,282.6748962402344
2019-12-05 12:15:00,189.5585021972656
2019-12-05 12:30:00,184.0157928466797
2019-12-05 12:45:00,333.6672058105469
2019-12-05 13:00:00,399.0704040527344
2019-12-05 13:15:00,353.62078857421875
2019-12-05 13:30:00,379.1169128417969
2019-12-05 13:45:00,404.6130981445313
2019-12-05 14:00:00,429.0007019042969
2019-12-05 14:15:00,416.806884765625
2019-12-05 14:30:00,395.7449035644531
2019-12-05 14:45:00,432.3262939453125
2019-12-05 15:00:00,170.51565551757812
2019-12-05 15:15:00,167.83465576171875
2019-12-05 15:30:00,167.60818481445312
2019-12-05 15:45:00,430.10931396484375
2019-12-05 16:00:00,421.2409973144531
2019-12-05 16:15:00,390.20220947265625
2019-12-05 16:30:00,421.2409973144531
2019-12-05 16:45:00,438.9775085449219
2019-12-05 17:00:00,166.32875061035156
2019-12-05 17:15:00,412.372802734375
2019-12-05 17:30:00,387.9851989746094
2019-12-05 17:45:00,251.63609313964844
2019-12-05 18:00:00,291.5430908203125
2019-12-05 18:15:00,349.1866149902344
2019-12-05 18:30:00,379.1169128417969
2019-12-05 18:45:00,360.2719116210937
2019-12-05 19:00:00,375.7912902832031
2019-12-05 19:15:00,324.79901123046875
2019-12-05 19:30:00,286.00048828125
2019-12-05 19:45:00,237.22520446777344
2019-12-05 20:00:00,148.5428924560547
2019-12-05 20:15:00,144.10879516601562
2019-12-05 20:30:00,136.34910583496094
2019-12-05 20:45:00,126.37229919433594
2019-12-05 21:00:00,97.55059814453124
2019-12-05 21:15:00,100.8760986328125
2019-12-05 21:30:00,103.09320068359376
2019-12-05 21:45:00,111.9614028930664
2019-12-05 22:00:00,101.98470306396484
2019-12-05 22:15:00,97.55059814453124
2019-12-05 22:30:00,108.63580322265624
2019-12-05 22:45:00,82.03109741210938
2019-12-05 23:00:00,54.317901611328125
2019-12-05 23:15:00,56.53499984741211
2019-12-05 23:30:00,55.42649841308594
2019-12-05 23:45:00,56.53499984741211
2019-12-06 00:00:00,53.20940017700195
2019-12-06 00:15:00,55.42649841308594
2019-12-06 00:30:00,53.20940017700195
2019-12-06 00:45:00,47.66669845581055
2019-12-06 01:00:00,44.34120178222656
2019-12-06 01:15:00,23.27910041809082
2019-12-06 01:30:00,17.736499786376953
2019-12-06 01:45:00,6.651199817657471
2019-12-06 02:00:00,5.542600154876709
2019-12-06 02:15:00,3.325599908828736
2019-12-06 02:30:00,3.325599908828736
2019-12-06 02:45:00,2.217099905014038
2019-12-06 03:00:00,3.325599908828736
2019-12-06 03:15:00,5.542600154876709
2019-12-06 03:30:00,2.217099905014038
2019-12-06 03:45:00,1.1085000038146973
2019-12-06 04:00:00,3.325599908828736
2019-12-06 04:15:00,2.217099905014038
2019-12-06 04:30:00,3.325599908828736
2019-12-06 04:45:00,2.217099905014038
2019-12-06 05:00:00,3.325599908828736
2019-12-06 05:15:00,3.325599908828736
2019-12-06 05:30:00,2.217099905014038
2019-12-06 05:45:00,3.325599908828736
2019-12-06 06:00:00,3.325599908828736
2019-12-06 06:15:00,5.542600154876709
2019-12-06 06:30:00,6.651199817657471
2019-12-06 06:45:00,7.759699821472168
2019-12-06 07:00:00,8.868200302124023
2019-12-06 07:15:00,6.651199817657471
2019-12-06 07:30:00,46.55820083618164
2019-12-06 07:45:00,182.9073028564453
2019-12-06 08:00:00,212.8376007080078
2019-12-06 08:15:00,270.4811096191406
2019-12-06 08:30:00,323.69049072265625
2019-12-06 08:45:00,400.1789855957031
2019-12-06 09:00:00,425.6751098632813
2019-12-06 09:15:00,185.4629364013672
2019-12-06 09:30:00,183.14547729492188
2019-12-06 09:45:00,180.8847045898437
2019-12-06 10:00:00,436.7604064941406
2019-12-06 10:15:00,181.0760040283203
2019-12-06 10:30:00,178.7705841064453
2019-12-06 10:45:00,178.81288146972656
2019-12-06 11:00:00,433.434814453125
2019-12-06 11:15:00,434.54339599609375
2019-12-06 11:30:00,405.7215881347656
2019-12-06 11:45:00,348.0780944824219
2019-12-06 12:00:00,266.0469970703125
2019-12-06 12:15:00,177.36459350585938
2019-12-06 12:30:00,165.17080688476562
2019-12-06 12:45:00,305.9540100097656
2019-12-06 13:00:00,412.372802734375
2019-12-06 13:15:00,423.4580993652344
2019-12-06 13:30:00,404.6130981445313
2019-12-06 13:45:00,405.7215881347656
2019-12-06 14:00:00,375.7912902832031
2019-12-06 14:15:00,378.0083923339844
2019-12-06 14:30:00,381.3340148925781
2019-12-06 14:45:00,390.20220947265625
2019-12-06 15:00:00,406.8302001953125
2019-12-06 15:15:00,402.39599609375
2019-12-06 15:30:00,379.1169128417969
2019-12-06 15:45:00,393.5278015136719
2019-12-06 16:00:00,374.6828002929688
2019-12-06 16:15:00,366.923095703125
2019-12-06 16:30:00,410.15570068359375
2019-12-06 16:45:00,402.39599609375
2019-12-06 17:00:00,407.9386901855469
2019-12-06 17:15:00,422.349609375
2019-12-06 17:30:00,386.8765869140625
2019-12-06 17:45:00,251.63609313964844
2019-12-06 18:00:00,254.96170043945312
2019-12-06 18:15:00,282.6748962402344
2019-12-06 18:30:00,279.34930419921875
2019-12-06 18:45:00,289.3261108398437
2019-12-06 19:00:00,292.6517028808594
2019-12-06 19:15:00,278.2408142089844
2019-12-06 19:30:00,283.78338623046875
2019-12-06 19:45:00,250.5276031494141
2019-12-06 20:00:00,150.75990295410156
2019-12-06 20:15:00,129.69790649414062
2019-12-06 20:30:00,134.1320037841797
2019-12-06 20:45:00,131.9149932861328
2019-12-06 21:00:00,109.74440002441406
2019-12-06 21:15:00,111.9614028930664
2019-12-06 21:30:00,113.06999969482422
2019-12-06 21:45:00,100.8760986328125
2019-12-06 22:00:00,97.55059814453124
2019-12-06 22:15:00,90.89939880371094
2019-12-06 22:30:00,90.89939880371094
2019-12-06 22:45:00,59.860599517822266
2019-12-06 23:00:00,56.53499984741211
2019-12-06 23:15:00,53.20940017700195
2019-12-06 23:30:00,55.42649841308594
2019-12-06 23:45:00,54.317901611328125
2019-12-07 00:00:00,53.20940017700195
2019-12-07 00:15:00,53.20940017700195
2019-12-07 00:30:00,49.8838005065918
2019-12-07 00:45:00,46.55820083618164
2019-12-07 01:00:00,35.472900390625
2019-12-07 01:15:00,17.736499786376953
2019-12-07 01:30:00,12.19379997253418
2019-12-07 01:45:00,6.651199817657471
2019-12-07 02:00:00,7.759699821472168
2019-12-07 02:15:00,5.542600154876709
2019-12-07 02:30:00,3.325599908828736
2019-12-07 02:45:00,1.1085000038146973
2019-12-07 03:00:00,4.434100151062012
2019-12-07 03:15:00,1.1085000038146973
2019-12-07 03:30:00,3.325599908828736
2019-12-07 03:45:00,4.434100151062012
2019-12-07 04:00:00,1.1085000038146973
2019-12-07 04:15:00,2.217099905014038
2019-12-07 04:30:00,3.325599908828736
2019-12-07 04:45:00,3.325599908828736
2019-12-07 05:00:00,2.217099905014038
2019-12-07 05:15:00,3.325599908828736
2019-12-07 05:30:00,3.325599908828736
2019-12-07 05:45:00,2.217099905014038
2019-12-07 06:00:00,3.325599908828736
2019-12-07 06:15:00,3.325599908828736
2019-12-07 06:30:00,8.868200302124023
2019-12-07 06:45:00,7.759699821472168
2019-12-07 07:00:00,6.651199817657471
2019-12-07 07:15:00,8.868200302124023
2019-12-07 07:30:00,33.25590133666992
2019-12-07 07:45:00,93.11640167236328
2019-12-07 08:00:00,118.61260223388672
2019-12-07 08:15:00,160.7366943359375
2019-12-07 08:30:00,252.74459838867188
2019-12-07 08:45:00,292.6517028808594
2019-12-07 09:00:00,314.8222045898437
2019-12-07 09:15:00,315.9307861328125
2019-12-07 09:30:00,309.27960205078125
2019-12-07 09:45:00,292.6517028808594
2019-12-07 10:00:00,332.5586853027344
2019-12-07 10:15:00,330.34161376953125
2019-12-07 10:30:00,324.79901123046875
2019-12-07 10:45:00,167.6321561144133
2019-12-07 11:00:00,167.6321561144133
2019-12-07 11:15:00,167.6321561144133
2019-12-07 11:30:00,167.6321561144133
2019-12-07 11:45:00,167.6321561144133
2019-12-07 12:00:00,167.6321561144133
2019-12-07 12:15:00,167.6321561144133
2019-12-07 12:30:00,167.6321561144133
2019-12-07 12:45:00,167.6321561144133
2019-12-07 13:00:00,167.6321561144133
2019-12-07 13:15:00,167.6321561144133
2019-12-07 13:30:00,167.6321561144133
2019-12-07 13:45:00,167.6321561144133
2019-12-07 14:00:00,167.6321561144133
2019-12-07 14:15:00,167.6321561144133
2019-12-07 14:30:00,167.6321561144133
2019-12-07 14:45:00,167.6321561144133
2019-12-07 15:00:00,167.6321561144133
2019-12-07 15:15:00,167.6321561144133
2019-12-07 15:30:00,167.6321561144133
2019-12-07 15:45:00,167.6321561144133
2019-12-07 16:00:00,167.6321561144133
2019-12-07 16:15:00,167.6321561144133
2019-12-07 16:30:00,167.6321561144133
2019-12-07 16:45:00,167.6321561144133
2019-12-07 17:00:00,167.6321561144133
2019-12-07 17:15:00,167.6321561144133
2019-12-07 17:30:00,167.6321561144133
2019-12-07 17:45:00,167.6321561144133
2019-12-07 18:00:00,167.6321561144133
2019-12-07 18:15:00,167.6321561144133
2019-12-07 18:30:00,167.6321561144133
2019-12-07 18:45:00,167.6321561144133
2019-12-07 19:00:00,167.6321561144133
2019-12-07 19:15:00,167.6321561144133
2019-12-07 19:30:00,167.6321561144133
2019-12-07 19:45:00,167.6321561144133
2019-12-07 20:00:00,167.6321561144133
2019-12-07 20:15:00,167.6321561144133
2019-12-07 20:30:00,167.6321561144133
2019-12-07 20:45:00,167.6321561144133
2019-12-07 21:00:00,167.6321561144133
2019-12-07 21:15:00,167.6321561144133
2019-12-07 21:30:00,167.6321561144133
2019-12-07 21:45:00,167.6321561144133
2019-12-07 22:00:00,167.6321561144133
2019-12-07 22:15:00,167.6321561144133
2019-12-07 22:30:00,167.6321561144133
2019-12-07 22:45:00,167.6321561144133
2019-12-07 23:00:00,167.6321561144133
2019-12-07 23:15:00,49.8838005065918
2019-12-07 23:30:00,49.8838005065918
2019-12-07 23:45:00,49.8838005065918
2019-12-08 00:00:00,47.66669845581055
2019-12-08 00:15:00,50.9922981262207
2019-12-08 00:30:00,48.775299072265625
2019-12-08 00:45:00,42.12409973144531
2019-12-08 01:00:00,37.68999862670898
2019-12-08 01:15:00,17.736499786376953
2019-12-08 01:30:00,13.302300453186035
2019-12-08 01:45:00,5.542600154876709
2019-12-08 02:00:00,5.542600154876709
2019-12-08 02:15:00,6.651199817657471
2019-12-08 02:30:00,2.217099905014038
2019-12-08 02:45:00,2.217099905014038
2019-12-08 03:00:00,3.325599908828736
2019-12-08 03:15:00,3.325599908828736
2019-12-08 03:30:00,2.217099905014038
2019-12-08 03:45:00,3.325599908828736
2019-12-08 04:00:00,3.325599908828736
2019-12-08 04:15:00,2.217099905014038
2019-12-08 04:30:00,3.325599908828736
2019-12-08 04:45:00,1.1085000038146973
2019-12-08 05:00:00,2.217099905014038
2019-12-08 05:15:00,3.325599908828736
2019-12-08 05:30:00,3.325599908828736
2019-12-08 05:45:00,4.434100151062012
2019-12-08 06:00:00,3.325599908828736
2019-12-08 06:15:00,3.325599908828736
2019-12-08 06:30:00,6.651199817657471
2019-12-08 06:45:00,7.759699821472168
2019-12-08 07:00:00,6.651199817657471
2019-12-08 07:15:00,7.759699821472168
2019-12-08 07:30:00,12.19379997253418
2019-12-08 07:45:00,77.59700012207031
2019-12-08 08:00:00,129.69790649414062
2019-12-08 08:15:00,184.0157928466797
2019-12-08 08:30:00,167.6321561144133
2019-12-08 08:45:00,167.6321561144133
2019-12-08 09:00:00,167.6321561144133
2019-12-08 09:15:00,167.6321561144133
2019-12-08 09:30:00,167.6321561144133
2019-12-08 09:45:00,167.6321561144133
2019-12-08 10:00:00,167.6321561144133
2019-12-08 10:15:00,167.6321561144133
2019-12-08 10:30:00,167.6321561144133
2019-12-08 10:45:00,167.6321561144133
2019-12-08 11:00:00,167.6321561144133
2019-12-08 11:15:00,167.6321561144133
2019-12-08 11:30:00,167.6321561144133
2019-12-08 11:45:00,167.6321561144133
2019-12-08 12:00:00,167.6321561144133
2019-12-08 12:15:00,167.6321561144133
2019-12-08 12:30:00,167.6321561144133
2019-12-08 12:45:00,167.6321561144133
2019-12-08 13:00:00,167.6321561144133
2019-12-08 13:15:00,167.6321561144133
2019-12-08 13:30:00,167.6321561144133
2019-12-08 13:45:00,167.6321561144133
2019-12-08 14:00:00,167.6321561144133
2019-12-08 14:15:00,167.6321561144133
2019-12-08 14:30:00,167.6321561144133
2019-12-08 14:45:00,167.6321561144133
2019-12-08 15:00:00,167.6321561144133
2019-12-08 15:15:00,167.6321561144133
2019-12-08 15:30:00,167.6321561144133
2019-12-08 15:45:00,167.6321561144133
2019-12-08 16:00:00,167.6321561144133
2019-12-08 16:15:00,167.6321561144133
2019-12-08 16:30:00,167.6321561144133
2019-12-08 16:45:00,167.6321561144133
2019-12-08 17:00:00,167.6321561144133
2019-12-08 17:15:00,167.6321561144133
2019-12-08 17:30:00,167.6321561144133
2019-12-08 17:45:00,167.6321561144133
2019-12-08 18:00:00,167.6321561144133
2019-12-08 18:15:00,167.6321561144133
2019-12-08 18:30:00,167.6321561144133
2019-12-08 18:45:00,167.6321561144133
2019-12-08 19:00:00,167.6321561144133
2019-12-08 19:15:00,167.6321561144133
2019-12-08 19:30:00,167.6321561144133
2019-12-08 19:45:00,167.6321561144133
2019-12-08 20:00:00,167.6321561144133
2019-12-08 20:15:00,167.6321561144133
2019-12-08 20:30:00,167.6321561144133
2019-12-08 20:45:00,167.6321561144133
2019-12-08 21:00:00,59.860599517822266
2019-12-08 21:15:00,56.53499984741211
2019-12-08 21:30:00,53.20940017700195
2019-12-08 21:45:00,57.64350128173828
2019-12-08 22:00:00,56.53499984741211
2019-12-08 22:15:00,54.317901611328125
2019-12-08 22:30:00,53.20940017700195
2019-12-08 22:45:00,53.20940017700195
2019-12-08 23:00:00,49.8838005065918
2019-12-08 23:15:00,49.8838005065918
2019-12-08 23:30:00,50.9922981262207
2019-12-08 23:45:00,49.8838005065918
2019-12-09 00:00:00,49.8838005065918
2019-12-09 00:15:00,49.8838005065918
2019-12-09 00:30:00,49.8838005065918
2019-12-09 00:45:00,39.90700149536133
2019-12-09 01:00:00,34.36439895629883
2019-12-09 01:15:00,18.84499931335449
2019-12-09 01:30:00,19.953500747680664
2019-12-09 01:45:00,8.868200302124023
2019-12-09 02:00:00,3.325599908828736
2019-12-09 02:15:00,5.542600154876709
2019-12-09 02:30:00,5.542600154876709
2019-12-09 02:45:00,1.1085000038146973
2019-12-09 03:00:00,4.434100151062012
2019-12-09 03:15:00,1.1085000038146973
2019-12-09 03:30:00,2.217099905014038
2019-12-09 03:45:00,3.325599908828736
2019-12-09 04:00:00,3.325599908828736
2019-12-09 04:15:00,2.217099905014038
2019-12-09 04:30:00,5.542600154876709
2019-12-09 04:45:00,1.1085000038146973
2019-12-09 05:00:00,3.325599908828736
2019-12-09 05:15:00,2.217099905014038
2019-12-09 05:30:00,2.217099905014038
2019-12-09 05:45:00,3.325599908828736
2019-12-09 06:00:00,1.1085000038146973
2019-12-09 06:15:00,4.434100151062012
2019-12-09 06:30:00,6.651199817657471
2019-12-09 06:45:00,8.868200302124023
2019-12-09 07:00:00,6.651199817657471
2019-12-09 07:15:00,7.759699821472168
2019-12-09 07:30:00,58.75199890136719
2019-12-09 07:45:00,167.6321561144133
2019-12-09 08:00:00,167.6321561144133
2019-12-09 08:15:00,167.6321561144133
2019-12-09 08:30:00,167.6321561144133
2019-12-09 08:45:00,167.6321561144133
2019-12-09 09:00:00,167.6321561144133
2019-12-09 09:15:00,167.6321561144133
2019-12-09 09:30:00,167.6321561144133
2019-12-09 09:45:00,167.6321561144133
2019-12-09 10:00:00,167.6321561144133
2019-12-09 10:15:00,167.6321561144133
2019-12-09 10:30:00,167.6321561144133
2019-12-09 10:45:00,167.6321561144133
2019-12-09 11:00:00,167.6321561144133
2019-12-09 11:15:00,167.6321561144133
2019-12-09 11:30:00,167.6321561144133
2019-12-09 11:45:00,167.6321561144133
2019-12-09 12:00:00,167.6321561144133
2019-12-09 12:15:00,167.6321561144133
2019-12-09 12:30:00,167.6321561144133
2019-12-09 12:45:00,167.6321561144133
2019-12-09 13:00:00,167.6321561144133
2019-12-09 13:15:00,167.6321561144133
2019-12-09 13:30:00,167.6321561144133
2019-12-09 13:45:00,167.6321561144133
2019-12-09 14:00:00,167.6321561144133
2019-12-09 14:15:00,167.6321561144133
2019-12-09 14:30:00,167.6321561144133
2019-12-09 14:45:00,167.6321561144133
2019-12-09 15:00:00,167.6321561144133
2019-12-09 15:15:00,167.6321561144133
2019-12-09 15:30:00,167.6321561144133
2019-12-09 15:45:00,167.6321561144133
2019-12-09 16:00:00,167.6321561144133
2019-12-09 16:15:00,167.6321561144133
2019-12-09 16:30:00,167.6321561144133
2019-12-09 16:45:00,167.6321561144133
2019-12-09 17:00:00,167.6321561144133
2019-12-09 17:15:00,167.6321561144133
2019-12-09 17:30:00,167.6321561144133
2019-12-09 17:45:00,167.6321561144133
2019-12-09 18:00:00,167.6321561144133
2019-12-09 18:15:00,167.6321561144133
2019-12-09 18:30:00,167.6321561144133
2019-12-09 18:45:00,167.6321561144133
2019-12-09 19:00:00,167.6321561144133
2019-12-09 19:15:00,167.6321561144133
2019-12-09 19:30:00,167.6321561144133
2019-12-09 19:45:00,167.6321561144133
2019-12-09 20:00:00,167.6321561144133
2019-12-09 20:15:00,148.5428924560547
2019-12-09 20:30:00,150.75990295410156
2019-12-09 20:45:00,141.89169311523438
2019-12-09 21:00:00,126.37229919433594
2019-12-09 21:15:00,115.28700256347656
2019-12-09 21:30:00,109.74440002441406
2019-12-09 21:45:00,99.7676010131836
2019-12-09 22:00:00,103.09320068359376
2019-12-09 22:15:00,106.4188003540039
2019-12-09 22:30:00,104.20169830322266
2019-12-09 22:45:00,106.4188003540039
2019-12-09 23:00:00,104.20169830322266
2019-12-09 23:15:00,75.37999725341797
2019-12-09 23:30:00,56.53499984741211
2019-12-09 23:45:00,56.53499984741211
2019-12-10 00:00:00,55.42649841308594
2019-12-10 00:15:00,56.53499984741211
2019-12-10 00:30:00,56.53499984741211
2019-12-10 00:45:00,49.8838005065918
2019-12-10 01:00:00,42.12409973144531
2019-12-10 01:15:00,25.49620056152344
2019-12-10 01:30:00,18.84499931335449
2019-12-10 01:45:00,5.542600154876709
2019-12-10 02:00:00,5.542600154876709
2019-12-10 02:15:00,3.325599908828736
2019-12-10 02:30:00,3.325599908828736
2019-12-10 02:45:00,3.325599908828736
2019-12-10 03:00:00,4.434100151062012
2019-12-10 03:15:00,1.1085000038146973
2019-12-10 03:30:00,3.325599908828736
2019-12-10 03:45:00,4.434100151062012
2019-12-10 04:00:00,3.325599908828736
2019-12-10 04:15:00,1.1085000038146973
2019-12-10 04:30:00,2.217099905014038
2019-12-10 04:45:00,3.325599908828736
2019-12-10 05:00:00,2.217099905014038
2019-12-10 05:15:00,3.325599908828736
2019-12-10 05:30:00,3.325599908828736
2019-12-10 05:45:00,3.325599908828736
2019-12-10 06:00:00,2.217099905014038
2019-12-10 06:15:00,5.542600154876709
2019-12-10 06:30:00,6.651199817657471
2019-12-10 06:45:00,5.542600154876709
2019-12-10 07:00:00,8.868200302124023
2019-12-10 07:15:00,6.651199817657471
2019-12-10 07:30:00,37.68999862670898
2019-12-10 07:45:00,156.30259704589844
2019-12-10 08:00:00,207.2949066162109
2019-12-10 08:15:00,263.82989501953125
2019-12-10 08:30:00,292.6517028808594
2019-12-10 08:45:00,324.79901123046875
2019-12-10 09:00:00,380.2254943847656
2019-12-10 09:15:00,402.39599609375
2019-12-10 09:30:00,404.6130981445313
2019-12-10 09:45:00,420.1325073242188
2019-12-10 10:00:00,390.20220947265625
2019-12-10 10:15:00,434.54339599609375
2019-12-10 10:30:00,187.5039520263672
2019-12-10 10:45:00,423.4580993652344
2019-12-10 11:00:00,413.4812927246094
2019-12-10 11:15:00,426.78369140625
2019-12-10 11:30:00,404.6130981445313
2019-12-10 11:45:00,358.0549011230469
2019-12-10 12:00:00,271.589599609375
2019-12-10 12:15:00,186.2328948974609
2019-12-10 12:30:00,198.4266967773437
2019-12-10 12:45:00,328.1246032714844
2019-12-10 13:00:00,404.6130981445313
2019-12-10 13:15:00,422.349609375
2019-12-10 13:30:00,432.3262939453125
2019-12-10 13:45:00,419.0239868164063
2019-12-10 14:00:00,414.58990478515625
2019-12-10 14:15:00,433.434814453125
2019-12-10 14:30:00,193.29910278320312
2019-12-10 14:45:00,404.6130981445313
2019-12-10 15:00:00,413.4812927246094
2019-12-10 15:15:00,420.1325073242188
2019-12-10 15:30:00,393.5278015136719
2019-12-10 15:45:00,397.9619140625
2019-12-10 16:00:00,402.39599609375
2019-12-10 16:15:00,416.806884765625
2019-12-10 16:30:00,193.21339416503903
2019-12-10 16:45:00,190.72262573242188
2019-12-10 17:00:00,188.148193359375
2019-12-10 17:15:00,185.9972686767578
2019-12-10 17:30:00,361.3804931640625
2019-12-10 17:45:00,248.3105010986328
2019-12-10 18:00:00,201.75230407714844
2019-12-10 18:15:00,195.10110473632807
2019-12-10 18:30:00,218.3802032470703
2019-12-10 18:45:00,238.3336944580078
2019-12-10 19:00:00,233.89959716796875
2019-12-10 19:15:00,196.2095947265625
2019-12-10 19:30:00,182.9073028564453
2019-12-10 19:45:00,177.36459350585938
2019-12-10 20:00:00,170.7135009765625
2019-12-10 20:15:00,162.95379638671875
2019-12-10 20:30:00,152.9770050048828
2019-12-10 20:45:00,113.06999969482422
2019-12-10 21:00:00,113.06999969482422
2019-12-10 21:15:00,106.4188003540039
2019-12-10 21:30:00,97.55059814453124
2019-12-10 21:45:00,103.09320068359376
2019-12-10 22:00:00,99.7676010131836
2019-12-10 22:15:00,103.09320068359376
2019-12-10 22:30:00,100.8760986328125
2019-12-10 22:45:00,95.33350372314452
2019-12-10 23:00:00,92.00789642333984
2019-12-10 23:15:00,67.62030029296875
2019-12-10 23:30:00,55.42649841308594
2019-12-10 23:45:00,56.53499984741211
2019-12-11 00:00:00,55.42649841308594
2019-12-11 00:15:00,54.317901611328125
2019-12-11 00:30:00,47.66669845581055
2019-12-11 00:45:00,44.34120178222656
2019-12-11 01:00:00,31.038799285888672
2019-12-11 01:15:00,24.38759994506836
2019-12-11 01:30:00,15.519399642944336
2019-12-11 01:45:00,11.08530044555664
2019-12-11 02:00:00,11.08530044555664
2019-12-11 02:15:00,3.325599908828736
2019-12-11 02:30:00,3.325599908828736
2019-12-11 02:45:00,2.217099905014038
2019-12-11 03:00:00,3.325599908828736
2019-12-11 03:15:00,3.325599908828736
2019-12-11 03:30:00,2.217099905014038
2019-12-11 03:45:00,3.325599908828736
2019-12-11 04:00:00,3.325599908828736
2019-12-11 04:15:00,2.217099905014038
2019-12-11 04:30:00,1.1085000038146973
2019-12-11 04:45:00,3.325599908828736
2019-12-11 05:00:00,4.434100151062012
2019-12-11 05:15:00,1.1085000038146973
2019-12-11 05:30:00,2.217099905014038
2019-12-11 05:45:00,3.325599908828736
2019-12-11 06:00:00,2.217099905014038
2019-12-11 06:15:00,3.325599908828736
2019-12-11 06:30:00,9.976799964904783
2019-12-11 06:45:00,7.759699821472168
2019-12-11 07:00:00,6.651199817657471
2019-12-11 07:15:00,7.759699821472168
2019-12-11 07:30:00,35.472900390625
2019-12-11 07:45:00,150.75990295410156
2019-12-11 08:00:00,187.3414001464844
2019-12-11 08:15:00,266.0469970703125
2019-12-11 08:30:00,340.3183898925781
2019-12-11 08:45:00,390.20220947265625
2019-12-11 09:00:00,407.9386901855469
2019-12-11 09:15:00,395.7449035644531
2019-12-11 09:30:00,422.349609375
2019-12-11 09:45:00,431.2178039550781
2019-12-11 10:00:00,435.6518859863281
2019-12-11 10:15:00,425.6751098632813
2019-12-11 10:30:00,433.434814453125
2019-12-11 10:45:00,435.6518859863281
2019-12-11 11:00:00,187.40188598632807
2019-12-11 11:15:00,429.0007019042969
2019-12-11 11:30:00,386.8765869140625
2019-12-11 11:45:00,381.3340148925781
2019-12-11 12:00:00,280.4577941894531
2019-12-11 12:15:00,196.2095947265625
2019-12-11 12:30:00,207.2949066162109
2019-12-11 12:45:00,345.8611145019531
2019-12-11 13:00:00,412.372802734375
2019-12-11 13:15:00,393.5278015136719
2019-12-11 13:30:00,382.4425048828125
2019-12-11 13:45:00,385.7680969238281
2019-12-11 14:00:00,375.7912902832031
2019-12-11 14:15:00,400.1789855957031
2019-12-11 14:30:00,395.7449035644531
2019-12-11 14:45:00,381.3340148925781
2019-12-11 15:00:00,401.2875061035156
2019-12-11 15:15:00,390.20220947265625
2019-12-11 15:30:00,422.349609375
2019-12-11 15:45:00,416.806884765625
2019-12-11 16:00:00,409.0472106933594
2019-12-11 16:15:00,185.75848388671875
2019-12-11 16:30:00,183.3517303466797
2019-12-11 16:45:00,423.4580993652344
2019-12-11 17:00:00,185.67333984375
2019-12-11 17:15:00,379.1169128417969
2019-12-11 17:30:00,309.27960205078125
2019-12-11 17:45:00,237.22520446777344
2019-12-11 18:00:00,191.77549743652344
2019-12-11 18:15:00,187.3414001464844
2019-12-11 18:30:00,185.12429809570312
2019-12-11 18:45:00,178.47320556640625
2019-12-11 19:00:00,172.9304962158203
2019-12-11 19:15:00,162.95379638671875
2019-12-11 19:30:00,165.17080688476562
2019-12-11 19:45:00,168.49639892578125
2019-12-11 20:00:00,134.1320037841797
2019-12-11 20:15:00,106.4188003540039
2019-12-11 20:30:00,99.7676010131836
2019-12-11 20:45:00,106.4188003540039
2019-12-11 21:00:00,104.20169830322266
2019-12-11 21:15:00,99.7676010131836
2019-12-11 21:30:00,100.8760986328125
2019-12-11 21:45:00,100.8760986328125
2019-12-11 22:00:00,96.44200134277344
2019-12-11 22:15:00,97.55059814453124
2019-12-11 22:30:00,100.8760986328125
2019-12-11 22:45:00,98.65910339355467
2019-12-11 23:00:00,96.44200134277344
2019-12-11 23:15:00,72.05439758300781
2019-12-11 23:30:00,55.42649841308594
2019-12-11 23:45:00,56.53499984741211
2019-12-12 00:00:00,53.20940017700195
2019-12-12 00:15:00,58.75199890136719
2019-12-12 00:30:00,53.20940017700195
2019-12-12 00:45:00,47.66669845581055
2019-12-12 01:00:00,34.36439895629883
2019-12-12 01:15:00,18.84499931335449
2019-12-12 01:30:00,14.410900115966797
2019-12-12 01:45:00,11.08530044555664
2019-12-12 02:00:00,9.976799964904783
2019-12-12 02:15:00,7.759699821472168
2019-12-12 02:30:00,4.434100151062012
2019-12-12 02:45:00,2.217099905014038
2019-12-12 03:00:00,5.542600154876709
2019-12-12 03:15:00,1.1085000038146973
2019-12-12 03:30:00,2.217099905014038
2019-12-12 03:45:00,3.325599908828736
2019-12-12 04:00:00,3.325599908828736
2019-12-12 04:15:00,2.217099905014038
2019-12-12 04:30:00,3.325599908828736
2019-12-12 04:45:00,2.217099905014038
2019-12-12 05:00:00,1.1085000038146973
2019-12-12 05:15:00,4.434100151062012
2019-12-12 05:30:00,3.325599908828736
2019-12-12 05:45:00,3.325599908828736
2019-12-12 06:00:00,3.325599908828736
2019-12-12 06:15:00,3.325599908828736
2019-12-12 06:30:00,5.542600154876709
2019-12-12 06:45:00,7.759699821472168
2019-12-12 07:00:00,6.651199817657471
2019-12-12 07:15:00,6.651199817657471
2019-12-12 07:30:00,37.68999862670898
2019-12-12 07:45:00,165.17080688476562
2019-12-12 08:00:00,175.14759826660156
2019-12-12 08:15:00,216.16319274902344
2019-12-12 08:30:00,335.8843078613281
2019-12-12 08:45:00,370.2486877441406
2019-12-12 09:00:00,402.39599609375
2019-12-12 09:15:00,438.9775085449219
2019-12-12 09:30:00,426.78369140625
2019-12-12 09:45:00,182.6939239501953
2019-12-12 10:00:00,415.6983947753906
2019-12-12 10:15:00,432.3262939453125
2019-12-12 10:30:00,423.4580993652344
2019-12-12 10:45:00,436.7604064941406
2019-12-12 11:00:00,427.8922119140625
2019-12-12 11:15:00,438.9775085449219
2019-12-12 11:30:00,436.7604064941406
2019-12-12 11:45:00,393.5278015136719
2019-12-12 12:00:00,300.4114074707031
2019-12-12 12:15:00,196.2095947265625
2019-12-12 12:30:00,195.10110473632807
2019-12-12 12:45:00,304.8454895019531
2019-12-12 13:00:00,404.6130981445313
2019-12-12 13:15:00,407.9386901855469
2019-12-12 13:30:00,393.5278015136719
2019-12-12 13:45:00,431.2178039550781
2019-12-12 14:00:00,392.4193115234375
2019-12-12 14:15:00,414.58990478515625
2019-12-12 14:30:00,422.349609375
2019-12-12 14:45:00,434.54339599609375
2019-12-12 15:00:00,414.58990478515625
2019-12-12 15:15:00,399.0704040527344
2019-12-12 15:30:00,359.16339111328125
2019-12-12 15:45:00,393.5278015136719
2019-12-12 16:00:00,390.20220947265625
2019-12-12 16:15:00,402.39599609375
2019-12-12 16:30:00,365.8146057128906
2019-12-12 16:45:00,187.8876190185547
2019-12-12 17:00:00,425.6751098632813
2019-12-12 17:15:00,383.5509948730469
2019-12-12 17:30:00,342.5354919433594
2019-12-12 17:45:00,266.0469970703125
2019-12-12 18:00:00,221.705795288086
2019-12-12 18:15:00,169.6049041748047
2019-12-12 18:30:00,167.3878936767578
2019-12-12 18:45:00,178.47320556640625
2019-12-12 19:00:00,176.256103515625
2019-12-12 19:15:00,139.67469787597656
2019-12-12 19:30:00,124.1552963256836
2019-12-12 19:45:00,120.82969665527344
2019-12-12 20:00:00,116.39550018310548
2019-12-12 20:15:00,114.17849731445312
2019-12-12 20:30:00,116.39550018310548
2019-12-12 20:45:00,105.310302734375
2019-12-12 21:00:00,94.2249984741211
2019-12-12 21:15:00,95.33350372314452
2019-12-12 21:30:00,103.09320068359376
2019-12-12 21:45:00,109.74440002441406
2019-12-12 22:00:00,106.4188003540039
2019-12-12 22:15:00,99.7676010131836
2019-12-12 22:30:00,101.98470306396484
2019-12-12 22:45:00,96.44200134277344
2019-12-12 23:00:00,97.55059814453124
2019-12-12 23:15:00,67.62030029296875
2019-12-12 23:30:00,56.53499984741211
2019-12-12 23:45:00,54.317901611328125
2019-12-13 00:00:00,55.42649841308594
2019-12-13 00:15:00,56.53499984741211
2019-12-13 00:30:00,53.20940017700195
2019-12-13 00:45:00,49.8838005065918
2019-12-13 01:00:00,35.472900390625
2019-12-13 01:15:00,24.38759994506836
2019-12-13 01:30:00,19.953500747680664
2019-12-13 01:45:00,11.08530044555664
2019-12-13 02:00:00,9.976799964904783
2019-12-13 02:15:00,7.759699821472168
2019-12-13 02:30:00,3.325599908828736
2019-12-13 02:45:00,1.1085000038146973
2019-12-13 03:00:00,4.434100151062012
2019-12-13 03:15:00,1.1085000038146973
2019-12-13 03:30:00,3.325599908828736
2019-12-13 03:45:00,2.217099905014038
2019-12-13 04:00:00,5.542600154876709
2019-12-13 04:15:00,1.1085000038146973
2019-12-13 04:30:00,2.217099905014038
2019-12-13 04:45:00,3.325599908828736
2019-12-13 05:00:00,2.217099905014038
2019-12-13 05:15:00,1.1085000038146973
2019-12-13 05:30:00,4.434100151062012
2019-12-13 05:45:00,3.325599908828736
2019-12-13 06:00:00,3.325599908828736
2019-12-13 06:15:00,3.325599908828736
2019-12-13 06:30:00,7.759699821472168
2019-12-13 06:45:00,6.651199817657471
2019-12-13 07:00:00,6.651199817657471
2019-12-13 07:15:00,7.759699821472168
2019-12-13 07:30:00,32.147300720214844
2019-12-13 07:45:00,137.4575958251953
2019-12-13 08:00:00,177.36459350585938
2019-12-13 08:15:00,203.96929931640625
2019-12-13 08:30:00,332.5586853027344
2019-12-13 08:45:00,345.8611145019531
2019-12-13 09:00:00,402.39599609375
2019-12-13 09:15:00,186.9291839599609
2019-12-13 09:30:00,437.8689880371094
2019-12-13 09:45:00,419.0239868164063
2019-12-13 10:00:00,186.88092041015625
2019-12-13 10:15:00,184.4974060058593
2019-12-13 10:30:00,181.9158477783203
2019-12-13 10:45:00,437.8689880371094
2019-12-13 11:00:00,179.4113311767578
2019-12-13 11:15:00,176.822998046875
2019-12-13 11:30:00,174.0922088623047
2019-12-13 11:45:00,394.6362915039063
2019-12-13 12:00:00,297.0857849121094
2019-12-13 12:15:00,209.51199340820312
2019-12-13 12:30:00,202.8607940673828
2019-12-13 12:45:00,302.6283874511719
2019-12-13 13:00:00,397.9619140625
2019-12-13 13:15:00,420.1325073242188
2019-12-13 13:30:00,435.6518859863281
2019-12-13 13:45:00,422.349609375
2019-12-13 14:00:00,429.0007019042969
2019-12-13 14:15:00,378.0083923339844
2019-12-13 14:30:00,399.0704040527344
2019-12-13 14:45:00,407.9386901855469
2019-12-13 15:00:00,413.4812927246094
2019-12-13 15:15:00,429.0007019042969
2019-12-13 15:30:00,167.6321561144133
2019-12-13 15:45:00,167.6321561144133
2019-12-13 16:00:00,167.6321561144133
2019-12-13 16:15:00,167.6321561144133
2019-12-13 16:30:00,167.6321561144133
2019-12-13 16:45:00,167.6321561144133
2019-12-13 17:00:00,167.6321561144133
2019-12-13 17:15:00,167.6321561144133
2019-12-13 17:30:00,167.6321561144133
2019-12-13 17:45:00,167.6321561144133
2019-12-13 18:00:00,167.6321561144133
2019-12-13 18:15:00,167.6321561144133
2019-12-13 18:30:00,167.6321561144133
2019-12-13 18:45:00,167.6321561144133
2019-12-13 19:00:00,167.6321561144133
2019-12-13 19:15:00,167.6321561144133
2019-12-13 19:30:00,167.6321561144133
2019-12-13 19:45:00,167.6321561144133
2019-12-13 20:00:00,167.6321561144133
2019-12-13 20:15:00,167.6321561144133
2019-12-13 20:30:00,167.6321561144133
2019-12-13 20:45:00,167.6321561144133
2019-12-13 21:00:00,167.6321561144133
2019-12-13 21:15:00,167.6321561144133
2019-12-13 21:30:00,167.6321561144133
2019-12-13 21:45:00,167.6321561144133
2019-12-13 22:00:00,167.6321561144133
2019-12-13 22:15:00,167.6321561144133
2019-12-13 22:30:00,167.6321561144133
2019-12-13 22:45:00,167.6321561144133
2019-12-13 23:00:00,167.6321561144133
2019-12-13 23:15:00,167.6321561144133
2019-12-13 23:30:00,167.6321561144133
2019-12-13 23:45:00,167.6321561144133
2019-12-14 00:00:00,167.6321561144133
2019-12-14 00:15:00,167.6321561144133
2019-12-14 00:30:00,167.6321561144133
2019-12-14 00:45:00,167.6321561144133
2019-12-14 01:00:00,167.6321561144133
2019-12-14 01:15:00,167.6321561144133
2019-12-14 01:30:00,167.6321561144133
2019-12-14 01:45:00,167.6321561144133
2019-12-14 02:00:00,167.6321561144133
2019-12-14 02:15:00,167.6321561144133
2019-12-14 02:30:00,167.6321561144133
2019-12-14 02:45:00,167.6321561144133
2019-12-14 03:00:00,167.6321561144133
2019-12-14 03:15:00,167.6321561144133
2019-12-14 03:30:00,167.6321561144133
2019-12-14 03:45:00,167.6321561144133
2019-12-14 04:00:00,1.1085000038146973
2019-12-14 04:15:00,2.217099905014038
2019-12-14 04:30:00,3.325599908828736
2019-12-14 04:45:00,3.325599908828736
2019-12-14 05:00:00,2.217099905014038
2019-12-14 05:15:00,3.325599908828736
2019-12-14 05:30:00,3.325599908828736
2019-12-14 05:45:00,2.217099905014038
2019-12-14 06:00:00,3.325599908828736
2019-12-14 06:15:00,3.325599908828736
2019-12-14 06:30:00,7.759699821472168
2019-12-14 06:45:00,8.868200302124023
2019-12-14 07:00:00,6.651199817657471
2019-12-14 07:15:00,6.651199817657471
2019-12-14 07:30:00,23.27910041809082
2019-12-14 07:45:00,94.2249984741211
2019-12-14 08:00:00,126.37229919433594
2019-12-14 08:15:00,205.0778961181641
2019-12-14 08:30:00,260.5043029785156
2019-12-14 08:45:00,324.79901123046875
2019-12-14 09:00:00,397.9619140625
2019-12-14 09:15:00,430.10931396484375
2019-12-14 09:30:00,431.2178039550781
2019-12-14 09:45:00,422.349609375
2019-12-14 10:00:00,436.7604064941406
2019-12-14 10:15:00,425.6751098632813
2019-12-14 10:30:00,425.6751098632813
2019-12-14 10:45:00,438.9775085449219
2019-12-14 11:00:00,180.6932678222656
2019-12-14 11:15:00,180.7066192626953
2019-12-14 11:30:00,180.7470703125
2019-12-14 11:45:00,413.4812927246094
2019-12-14 12:00:00,336.9927978515625
2019-12-14 12:15:00,216.16319274902344
2019-12-14 12:30:00,229.4654998779297
2019-12-14 12:45:00,352.51220703125
2019-12-14 13:00:00,422.349609375
2019-12-14 13:15:00,425.6751098632813
2019-12-14 13:30:00,182.6062164306641
2019-12-14 13:45:00,420.1325073242188
2019-12-14 14:00:00,404.6130981445313
2019-12-14 14:15:00,399.0704040527344
2019-12-14 14:30:00,387.9851989746094
2019-12-14 14:45:00,421.2409973144531
2019-12-14 15:00:00,425.6751098632813
2019-12-14 15:15:00,432.3262939453125
2019-12-14 15:30:00,425.6751098632813
2019-12-14 15:45:00,434.54339599609375
2019-12-14 16:00:00,392.4193115234375
2019-12-14 16:15:00,407.9386901855469
2019-12-14 16:30:00,179.84329223632812
2019-12-14 16:45:00,177.2248077392578
2019-12-14 17:00:00,405.7215881347656
2019-12-14 17:15:00,392.4193115234375
2019-12-14 17:30:00,354.72930908203125
2019-12-14 17:45:00,253.8531036376953
2019-12-14 18:00:00,216.16319274902344
2019-12-14 18:15:00,205.0778961181641
2019-12-14 18:30:00,191.77549743652344
2019-12-14 18:45:00,174.03909301757812
2019-12-14 19:00:00,179.58169555664062
2019-12-14 19:15:00,160.7366943359375
2019-12-14 19:30:00,129.69790649414062
2019-12-14 19:45:00,126.37229919433594
2019-12-14 20:00:00,130.806396484375
2019-12-14 20:15:00,129.69790649414062
2019-12-14 20:30:00,109.74440002441406
2019-12-14 20:45:00,82.03109741210938
2019-12-14 21:00:00,86.46530151367188
2019-12-14 21:15:00,88.68229675292969
2019-12-14 21:30:00,104.20169830322266
2019-12-14 21:45:00,99.7676010131836
2019-12-14 22:00:00,95.33350372314452
2019-12-14 22:15:00,94.2249984741211
2019-12-14 22:30:00,96.44200134277344
2019-12-14 22:45:00,92.00789642333984
2019-12-14 23:00:00,72.05439758300781
2019-12-14 23:15:00,58.75199890136719
2019-12-14 23:30:00,56.53499984741211
2019-12-14 23:45:00,57.64350128173828
2019-12-15 00:00:00,54.317901611328125
2019-12-15 00:15:00,55.42649841308594
2019-12-15 00:30:00,53.20940017700195
2019-12-15 00:45:00,45.44969940185547
2019-12-15 01:00:00,39.90700149536133
2019-12-15 01:15:00,18.84499931335449
2019-12-15 01:30:00,14.410900115966797
2019-12-15 01:45:00,5.542600154876709
2019-12-15 02:00:00,5.542600154876709
2019-12-15 02:15:00,3.325599908828736
2019-12-15 02:30:00,3.325599908828736
2019-12-15 02:45:00,3.325599908828736
2019-12-15 03:00:00,3.325599908828736
2019-12-15 03:15:00,4.434100151062012
2019-12-15 03:30:00,1.1085000038146973
2019-12-15 03:45:00,2.217099905014038
2019-12-15 04:00:00,3.325599908828736
2019-12-15 04:15:00,2.217099905014038
2019-12-15 04:30:00,1.1085000038146973
2019-12-15 04:45:00,5.542600154876709
2019-12-15 05:00:00,2.217099905014038
2019-12-15 05:15:00,3.325599908828736
2019-12-15 05:30:00,1.1085000038146973
2019-12-15 05:45:00,5.542600154876709
2019-12-15 06:00:00,2.217099905014038
2019-12-15 06:15:00,5.542600154876709
2019-12-15 06:30:00,6.651199817657471
2019-12-15 06:45:00,6.651199817657471
2019-12-15 07:00:00,5.542600154876709
2019-12-15 07:15:00,7.759699821472168
2019-12-15 07:30:00,21.06209945678711
2019-12-15 07:45:00,83.13970184326172
2019-12-15 08:00:00,135.24049377441406
2019-12-15 08:15:00,166.27940368652344
2019-12-15 08:30:00,263.82989501953125
2019-12-15 08:45:00,292.6517028808594
2019-12-15 09:00:00,321.473388671875
2019-12-15 09:15:00,324.79901123046875
2019-12-15 09:30:00,315.9307861328125
2019-12-15 09:45:00,320.3648986816406
2019-12-15 10:00:00,333.6672058105469
2019-12-15 10:15:00,334.7757873535156
2019-12-15 10:30:00,342.5354919433594
2019-12-15 10:45:00,348.0780944824219
2019-12-15 11:00:00,349.1866149902344
2019-12-15 11:15:00,351.4036865234375
2019-12-15 11:30:00,343.6440124511719
2019-12-15 11:45:00,344.75250244140625
2019-12-15 12:00:00,240.55079650878903
2019-12-15 12:15:00,156.30259704589844
2019-12-15 12:30:00,159.62820434570312
2019-12-15 12:45:00,216.16319274902344
2019-12-15 13:00:00,307.0625
2019-12-15 13:15:00,304.8454895019531
2019-12-15 13:30:00,321.473388671875
2019-12-15 13:45:00,322.5819091796875
2019-12-15 14:00:00,336.9927978515625
2019-12-15 14:15:00,325.9075012207031
2019-12-15 14:30:00,335.8843078613281
2019-12-15 14:45:00,329.23309326171875
2019-12-15 15:00:00,321.473388671875
2019-12-15 15:15:00,340.3183898925781
2019-12-15 15:30:00,321.473388671875
2019-12-15 15:45:00,317.039306640625
2019-12-15 16:00:00,331.4501953125
2019-12-15 16:15:00,332.5586853027344
2019-12-15 16:30:00,331.4501953125
2019-12-15 16:45:00,331.4501953125
2019-12-15 17:00:00,317.039306640625
2019-12-15 17:15:00,291.5430908203125
2019-12-15 17:30:00,278.2408142089844
2019-12-15 17:45:00,219.4886932373047
2019-12-15 18:00:00,138.56610107421875
2019-12-15 18:15:00,83.13970184326172
2019-12-15 18:30:00,69.8373031616211
2019-12-15 18:45:00,79.81410217285156
2019-12-15 19:00:00,77.59700012207031
2019-12-15 19:15:00,76.4885025024414
2019-12-15 19:30:00,77.59700012207031
2019-12-15 19:45:00,70.9458999633789
2019-12-15 20:00:00,66.51170349121094
2019-12-15 20:15:00,62.077598571777344
2019-12-15 20:30:00,59.860599517822266
2019-12-15 20:45:00,56.53499984741211
2019-12-15 21:00:00,56.53499984741211
2019-12-15 21:15:00,57.64350128173828
2019-12-15 21:30:00,54.317901611328125
2019-12-15 21:45:00,56.53499984741211
2019-12-15 22:00:00,53.20940017700195
2019-12-15 22:15:00,53.20940017700195
2019-12-15 22:30:00,49.8838005065918
2019-12-15 22:45:00,53.20940017700195
2019-12-15 23:00:00,52.10089874267578
2019-12-15 23:15:00,48.775299072265625
2019-12-15 23:30:00,49.8838005065918
2019-12-15 23:45:00,49.8838005065918
2019-12-16 00:00:00,49.8838005065918
2019-12-16 00:15:00,47.66669845581055
2019-12-16 00:30:00,44.34120178222656
2019-12-16 00:45:00,38.79850006103516
2019-12-16 01:00:00,34.36439895629883
2019-12-16 01:15:00,15.519399642944336
2019-12-16 01:30:00,15.519399642944336
2019-12-16 01:45:00,5.542600154876709
2019-12-16 02:00:00,5.542600154876709
2019-12-16 02:15:00,3.325599908828736
2019-12-16 02:30:00,3.325599908828736
2019-12-16 02:45:00,4.434100151062012
2019-12-16 03:00:00,3.325599908828736
2019-12-16 03:15:00,3.325599908828736
2019-12-16 03:30:00,3.325599908828736
2019-12-16 03:45:00,2.217099905014038
2019-12-16 04:00:00,3.325599908828736
2019-12-16 04:15:00,3.325599908828736
2019-12-16 04:30:00,3.325599908828736
2019-12-16 04:45:00,4.434100151062012
2019-12-16 05:00:00,1.1085000038146973
2019-12-16 05:15:00,5.542600154876709
2019-12-16 05:30:00,2.217099905014038
2019-12-16 05:45:00,4.434100151062012
2019-12-16 06:00:00,4.434100151062012
2019-12-16 06:15:00,3.325599908828736
2019-12-16 06:30:00,8.868200302124023
2019-12-16 06:45:00,6.651199817657471
2019-12-16 07:00:00,5.542600154876709
2019-12-16 07:15:00,6.651199817657471
2019-12-16 07:30:00,46.55820083618164
2019-12-16 07:45:00,175.14759826660156
2019-12-16 08:00:00,218.3802032470703
2019-12-16 08:15:00,247.2019958496093
2019-12-16 08:30:00,329.23309326171875
2019-12-16 08:45:00,365.8146057128906
2019-12-16 09:00:00,393.5278015136719
2019-12-16 09:15:00,402.39599609375
2019-12-16 09:30:00,393.5278015136719
2019-12-16 09:45:00,406.8302001953125
2019-12-16 10:00:00,395.7449035644531
2019-12-16 10:15:00,409.0472106933594
2019-12-16 10:30:00,429.0007019042969
2019-12-16 10:45:00,422.349609375
2019-12-16 11:00:00,422.349609375
2019-12-16 11:15:00,434.54339599609375
2019-12-16 11:30:00,158.00003051757812
2019-12-16 11:45:00,363.5975036621094
2019-12-16 12:00:00,277.1322937011719
2019-12-16 12:15:00,177.36459350585938
2019-12-16 12:30:00,166.27940368652344
2019-12-16 12:45:00,324.79901123046875
2019-12-16 13:00:00,413.4812927246094
2019-12-16 13:15:00,159.17242431640625
2019-12-16 13:30:00,157.65499877929688
2019-12-16 13:45:00,437.8689880371094
2019-12-16 14:00:00,431.2178039550781
2019-12-16 14:15:00,420.1325073242188
2019-12-16 14:30:00,159.11248779296875
2019-12-16 14:45:00,438.9775085449219
2019-12-16 15:00:00,433.434814453125
2019-12-16 15:15:00,437.8689880371094
2019-12-16 15:30:00,160.59669494628906
2019-12-16 15:45:00,158.9208984375
2019-12-16 16:00:00,157.27383422851562
2019-12-16 16:15:00,155.45948791503906
2019-12-16 16:30:00,431.2178039550781
2019-12-16 16:45:00,421.2409973144531
2019-12-16 17:00:00,407.9386901855469
2019-12-16 17:15:00,156.53614807128906
2019-12-16 17:30:00,155.12982177734375
2019-12-16 17:45:00,325.9075012207031
2019-12-16 18:00:00,325.9075012207031
2019-12-16 18:15:00,372.4657897949219
2019-12-16 18:30:00,359.16339111328125
2019-12-16 18:45:00,355.8377990722656
2019-12-16 19:00:00,335.8843078613281
2019-12-16 19:15:00,290.4346008300781
2019-12-16 19:30:00,257.1787109375
2019-12-16 19:45:00,241.6593017578125
2019-12-16 20:00:00,175.14759826660156
2019-12-16 20:15:00,118.61260223388672
2019-12-16 20:30:00,108.63580322265624
2019-12-16 20:45:00,103.09320068359376
2019-12-16 21:00:00,101.98470306396484
2019-12-16 21:15:00,110.85289764404295
2019-12-16 21:30:00,98.65910339355467
2019-12-16 21:45:00,100.8760986328125
2019-12-16 22:00:00,105.310302734375
2019-12-16 22:15:00,100.8760986328125
2019-12-16 22:30:00,103.09320068359376
2019-12-16 22:45:00,95.33350372314452
2019-12-16 23:00:00,97.55059814453124
2019-12-16 23:15:00,90.89939880371094
2019-12-16 23:30:00,56.53499984741211
2019-12-16 23:45:00,58.75199890136719
2019-12-17 00:00:00,53.20940017700195
2019-12-17 00:15:00,50.9922981262207
2019-12-17 00:30:00,49.8838005065918
2019-12-17 00:45:00,41.01559829711914
2019-12-17 01:00:00,36.58150100708008
2019-12-17 01:15:00,19.953500747680664
2019-12-17 01:30:00,17.736499786376953
2019-12-17 01:45:00,6.651199817657471
2019-12-17 02:00:00,4.434100151062012
2019-12-17 02:15:00,1.1085000038146973
2019-12-17 02:30:00,3.325599908828736
2019-12-17 02:45:00,2.217099905014038
2019-12-17 03:00:00,3.325599908828736
2019-12-17 03:15:00,3.325599908828736
2019-12-17 03:30:00,4.434100151062012
2019-12-17 03:45:00,4.434100151062012
2019-12-17 04:00:00,4.434100151062012
2019-12-17 04:15:00,4.434100151062012
2019-12-17 04:30:00,4.434100151062012
2019-12-17 04:45:00,3.325599908828736
2019-12-17 05:00:00,1.1085000038146973
2019-12-17 05:15:00,2.217099905014038
2019-12-17 05:30:00,3.325599908828736
2019-12-17 05:45:00,2.217099905014038
2019-12-17 06:00:00,3.325599908828736
2019-12-17 06:15:00,3.325599908828736
2019-12-17 06:30:00,5.542600154876709
2019-12-17 06:45:00,11.08530044555664
2019-12-17 07:00:00,6.651199817657471
2019-12-17 07:15:00,6.651199817657471
2019-12-17 07:30:00,17.736499786376953
2019-12-17 07:45:00,87.57379913330078
2019-12-17 08:00:00,121.93820190429688
2019-12-17 08:15:00,202.8607940673828
2019-12-17 08:30:00,304.8454895019531
2019-12-17 08:45:00,379.1169128417969
2019-12-17 09:00:00,362.489013671875
2019-12-17 09:15:00,394.6362915039063
2019-12-17 09:30:00,385.7680969238281
2019-12-17 09:45:00,399.0704040527344
2019-12-17 10:00:00,368.0315856933594
2019-12-17 10:15:00,374.6828002929688
2019-12-17 10:30:00,358.0549011230469
2019-12-17 10:45:00,390.20220947265625
2019-12-17 11:00:00,416.806884765625
2019-12-17 11:15:00,406.8302001953125
2019-12-17 11:30:00,373.5743103027344
2019-12-17 11:45:00,424.5665893554688
2019-12-17 12:00:00,368.0315856933594
2019-12-17 12:15:00,217.27169799804688
2019-12-17 12:30:00,184.0157928466797
2019-12-17 12:45:00,317.039306640625
2019-12-17 13:00:00,412.372802734375
2019-12-17 13:15:00,417.9154052734375
2019-12-17 13:30:00,416.806884765625
2019-12-17 13:45:00,415.6983947753906
2019-12-17 14:00:00,390.20220947265625
2019-12-17 14:15:00,391.3106994628906
2019-12-17 14:30:00,406.8302001953125
2019-12-17 14:45:00,405.7215881347656
2019-12-17 15:00:00,420.1325073242188
2019-12-17 15:15:00,415.6983947753906
2019-12-17 15:30:00,416.806884765625
2019-12-17 15:45:00,405.7215881347656
2019-12-17 16:00:00,378.0083923339844
2019-12-17 16:15:00,423.4580993652344
2019-12-17 16:30:00,197.9088287353516
2019-12-17 16:45:00,432.3262939453125
2019-12-17 17:00:00,438.9775085449219
2019-12-17 17:15:00,435.6518859863281
2019-12-17 17:30:00,399.0704040527344
2019-12-17 17:45:00,313.7137145996094
2019-12-17 18:00:00,209.51199340820312
2019-12-17 18:15:00,223.9228973388672
2019-12-17 18:30:00,236.11669921875
2019-12-17 18:45:00,221.705795288086
2019-12-17 19:00:00,246.0933990478516
2019-12-17 19:15:00,227.24850463867188
2019-12-17 19:30:00,200.643798828125
2019-12-17 19:45:00,175.14759826660156
2019-12-17 20:00:00,161.84519958496094
2019-12-17 20:15:00,125.26380157470705
2019-12-17 20:30:00,103.09320068359376
2019-12-17 20:45:00,103.09320068359376
2019-12-17 21:00:00,97.55059814453124
2019-12-17 21:15:00,94.2249984741211
2019-12-17 21:30:00,79.81410217285156
2019-12-17 21:45:00,77.59700012207031
2019-12-17 22:00:00,92.00789642333984
2019-12-17 22:15:00,99.7676010131836
2019-12-17 22:30:00,86.46530151367188
2019-12-17 22:45:00,82.03109741210938
2019-12-17 23:00:00,86.46530151367188
2019-12-17 23:15:00,87.57379913330078
2019-12-17 23:30:00,88.68229675292969
2019-12-17 23:45:00,68.72879791259766
2019-12-18 00:00:00,50.9922981262207
2019-12-18 00:15:00,52.10089874267578
2019-12-18 00:30:00,47.66669845581055
2019-12-18 00:45:00,42.12409973144531
2019-12-18 01:00:00,34.36439895629883
2019-12-18 01:15:00,21.06209945678711
2019-12-18 01:30:00,12.19379997253418
2019-12-18 01:45:00,7.759699821472168
2019-12-18 02:00:00,4.434100151062012
2019-12-18 02:15:00,4.434100151062012
2019-12-18 02:30:00,3.325599908828736
2019-12-18 02:45:00,1.1085000038146973
2019-12-18 03:00:00,4.434100151062012
2019-12-18 03:15:00,3.325599908828736
2019-12-18 03:30:00,3.325599908828736
2019-12-18 03:45:00,2.217099905014038
2019-12-18 04:00:00,3.325599908828736
2019-12-18 04:15:00,1.1085000038146973
2019-12-18 04:30:00,4.434100151062012
2019-12-18 04:45:00,3.325599908828736
2019-12-18 05:00:00,1.1085000038146973
2019-12-18 05:15:00,4.434100151062012
2019-12-18 05:30:00,4.434100151062012
2019-12-18 05:45:00,2.217099905014038
2019-12-18 06:00:00,3.325599908828736
2019-12-18 06:15:00,5.542600154876709
2019-12-18 06:30:00,5.542600154876709
2019-12-18 06:45:00,8.868200302124023
2019-12-18 07:00:00,5.542600154876709
2019-12-18 07:15:00,6.651199817657471
2019-12-18 07:30:00,50.9922981262207
2019-12-18 07:45:00,150.75990295410156
2019-12-18 08:00:00,182.9073028564453
2019-12-18 08:15:00,236.11669921875
2019-12-18 08:30:00,348.0780944824219
2019-12-18 08:45:00,385.7680969238281
2019-12-18 09:00:00,412.372802734375
2019-12-18 09:15:00,423.4580993652344
2019-12-18 09:30:00,422.349609375
2019-12-18 09:45:00,407.9386901855469
2019-12-18 10:00:00,195.6615295410156
2019-12-18 10:15:00,434.54339599609375
2019-12-18 10:30:00,194.4895477294922
2019-12-18 10:45:00,414.58990478515625
2019-12-18 11:00:00,375.7912902832031
2019-12-18 11:15:00,406.8302001953125
2019-12-18 11:30:00,394.6362915039063
2019-12-18 11:45:00,360.2719116210937
2019-12-18 12:00:00,274.9151916503906
2019-12-18 12:15:00,212.8376007080078
2019-12-18 12:30:00,206.1864013671875
2019-12-18 12:45:00,311.4967041015625
2019-12-18 13:00:00,386.8765869140625
2019-12-18 13:15:00,404.6130981445313
2019-12-18 13:30:00,396.8533935546875
2019-12-18 13:45:00,376.89990234375
2019-12-18 14:00:00,385.7680969238281
2019-12-18 14:15:00,401.2875061035156
2019-12-18 14:30:00,405.7215881347656
2019-12-18 14:45:00,424.5665893554688
2019-12-18 15:00:00,416.806884765625
2019-12-18 15:15:00,437.8689880371094
2019-12-18 15:30:00,413.4812927246094
2019-12-18 15:45:00,402.39599609375
2019-12-18 16:00:00,392.4193115234375
2019-12-18 16:15:00,416.806884765625
2019-12-18 16:30:00,438.9775085449219
2019-12-18 16:45:00,193.2645721435547
2019-12-18 17:00:00,190.7743530273437
2019-12-18 17:15:00,188.1889038085937
2019-12-18 17:30:00,400.1789855957031
2019-12-18 17:45:00,301.5198974609375
2019-12-18 18:00:00,211.72900390625
2019-12-18 18:15:00,267.1554870605469
2019-12-18 18:30:00,294.86871337890625
2019-12-18 18:45:00,237.22520446777344
2019-12-18 19:00:00,167.6321561144133
2019-12-18 19:15:00,167.6321561144133
2019-12-18 19:30:00,167.6321561144133
2019-12-18 19:45:00,167.6321561144133
2019-12-18 20:00:00,167.6321561144133
2019-12-18 20:15:00,167.6321561144133
2019-12-18 20:30:00,167.6321561144133
2019-12-18 20:45:00,167.6321561144133
2019-12-18 21:00:00,167.6321561144133
2019-12-18 21:15:00,167.6321561144133
2019-12-18 21:30:00,167.6321561144133
2019-12-18 21:45:00,167.6321561144133
2019-12-18 22:00:00,167.6321561144133
2019-12-18 22:15:00,167.6321561144133
2019-12-18 22:30:00,167.6321561144133
2019-12-18 22:45:00,167.6321561144133
2019-12-18 23:00:00,167.6321561144133
2019-12-18 23:15:00,167.6321561144133
2019-12-18 23:30:00,167.6321561144133
2019-12-18 23:45:00,167.6321561144133
2019-12-19 00:00:00,167.6321561144133
2019-12-19 00:15:00,167.6321561144133
2019-12-19 00:30:00,167.6321561144133
2019-12-19 00:45:00,167.6321561144133
2019-12-19 01:00:00,167.6321561144133
2019-12-19 01:15:00,167.6321561144133
2019-12-19 01:30:00,167.6321561144133
2019-12-19 01:45:00,167.6321561144133
2019-12-19 02:00:00,167.6321561144133
2019-12-19 02:15:00,167.6321561144133
2019-12-19 02:30:00,167.6321561144133
2019-12-19 02:45:00,167.6321561144133
2019-12-19 03:00:00,167.6321561144133
2019-12-19 03:15:00,167.6321561144133
2019-12-19 03:30:00,167.6321561144133
2019-12-19 03:45:00,167.6321561144133
2019-12-19 04:00:00,167.6321561144133
2019-12-19 04:15:00,167.6321561144133
2019-12-19 04:30:00,167.6321561144133
2019-12-19 04:45:00,167.6321561144133
2019-12-19 05:00:00,167.6321561144133
2019-12-19 05:15:00,167.6321561144133
2019-12-19 05:30:00,167.6321561144133
2019-12-19 05:45:00,167.6321561144133
2019-12-19 06:00:00,167.6321561144133
2019-12-19 06:15:00,167.6321561144133
2019-12-19 06:30:00,167.6321561144133
2019-12-19 06:45:00,167.6321561144133
2019-12-19 07:00:00,167.6321561144133
2019-12-19 07:15:00,167.6321561144133
2019-12-19 07:30:00,21.06209945678711
2019-12-19 07:45:00,172.9304962158203
2019-12-19 08:00:00,230.57400512695312
2019-12-19 08:15:00,290.4346008300781
2019-12-19 08:30:00,370.2486877441406
2019-12-19 08:45:00,407.9386901855469
2019-12-19 09:00:00,425.6751098632813
2019-12-19 09:15:00,187.7935791015625
2019-12-19 09:30:00,185.3387451171875
2019-12-19 09:45:00,182.869873046875
2019-12-19 10:00:00,429.0007019042969
2019-12-19 10:15:00,182.95602416992188
2019-12-19 10:30:00,180.3353271484375
2019-12-19 10:45:00,434.54339599609375
2019-12-19 11:00:00,419.0239868164063
2019-12-19 11:15:00,401.2875061035156
2019-12-19 11:30:00,399.0704040527344
2019-12-19 11:45:00,405.7215881347656
2019-12-19 12:00:00,294.86871337890625
2019-12-19 12:15:00,208.40350341796875
2019-12-19 12:30:00,220.5973052978516
2019-12-19 12:45:00,360.2719116210937
2019-12-19 13:00:00,425.6751098632813
2019-12-19 13:15:00,409.0472106933594
2019-12-19 13:30:00,182.57814025878903
2019-12-19 13:45:00,180.3461151123047
2019-12-19 14:00:00,437.8689880371094
2019-12-19 14:15:00,413.4812927246094
2019-12-19 14:30:00,416.806884765625
2019-12-19 14:45:00,421.2409973144531
2019-12-19 15:00:00,434.54339599609375
2019-12-19 15:15:00,427.8922119140625
2019-12-19 15:30:00,179.1300811767578
2019-12-19 15:45:00,391.3106994628906
2019-12-19 16:00:00,380.2254943847656
2019-12-19 16:15:00,381.3340148925781
2019-12-19 16:30:00,402.39599609375
2019-12-19 16:45:00,411.2643127441406
2019-12-19 17:00:00,436.7604064941406
2019-12-19 17:15:00,423.4580993652344
2019-12-19 17:30:00,406.8302001953125
2019-12-19 17:45:00,301.5198974609375
2019-12-19 18:00:00,199.5352020263672
2019-12-19 18:15:00,174.03909301757812
2019-12-19 18:30:00,161.84519958496094
2019-12-19 18:45:00,165.17080688476562
2019-12-19 19:00:00,162.95379638671875
2019-12-19 19:15:00,160.7366943359375
2019-12-19 19:30:00,158.5196990966797
2019-12-19 19:45:00,118.61260223388672
2019-12-19 20:00:00,108.63580322265624
2019-12-19 20:15:00,110.85289764404295
2019-12-19 20:30:00,114.17849731445312
2019-12-19 20:45:00,106.4188003540039
2019-12-19 21:00:00,103.09320068359376
2019-12-19 21:15:00,84.24819946289062
2019-12-19 21:30:00,84.24819946289062
2019-12-19 21:45:00,84.24819946289062
2019-12-19 22:00:00,90.89939880371094
2019-12-19 22:15:00,99.7676010131836
2019-12-19 22:30:00,97.55059814453124
2019-12-19 22:45:00,89.79090118408203
2019-12-19 23:00:00,96.44200134277344
2019-12-19 23:15:00,89.79090118408203
2019-12-19 23:30:00,100.8760986328125
2019-12-19 23:45:00,76.4885025024414
2019-12-20 00:00:00,56.53499984741211
2019-12-20 00:15:00,53.20940017700195
2019-12-20 00:30:00,48.775299072265625
2019-12-20 00:45:00,45.44969940185547
2019-12-20 01:00:00,21.06209945678711
2019-12-20 01:15:00,13.302300453186035
2019-12-20 01:30:00,8.868200302124023
2019-12-20 01:45:00,8.868200302124023
2019-12-20 02:00:00,6.651199817657471
2019-12-20 02:15:00,5.542600154876709
2019-12-20 02:30:00,5.542600154876709
2019-12-20 02:45:00,1.1085000038146973
2019-12-20 03:00:00,3.325599908828736
2019-12-20 03:15:00,2.217099905014038
2019-12-20 03:30:00,2.217099905014038
2019-12-20 03:45:00,3.325599908828736
2019-12-20 04:00:00,1.1085000038146973
2019-12-20 04:15:00,5.542600154876709
2019-12-20 04:30:00,2.217099905014038
2019-12-20 04:45:00,3.325599908828736
2019-12-20 05:00:00,2.217099905014038
2019-12-20 05:15:00,3.325599908828736
2019-12-20 05:30:00,1.1085000038146973
2019-12-20 05:45:00,4.434100151062012
2019-12-20 06:00:00,3.325599908828736
2019-12-20 06:15:00,3.325599908828736
2019-12-20 06:30:00,5.542600154876709
2019-12-20 06:45:00,8.868200302124023
2019-12-20 07:00:00,6.651199817657471
2019-12-20 07:15:00,7.759699821472168
2019-12-20 07:30:00,39.90700149536133
2019-12-20 07:45:00,155.19410705566406
2019-12-20 08:00:00,177.36459350585938
2019-12-20 08:15:00,210.62049865722656
2019-12-20 08:30:00,348.0780944824219
2019-12-20 08:45:00,394.6362915039063
2019-12-20 09:00:00,424.5665893554688
2019-12-20 09:15:00,417.9154052734375
2019-12-20 09:30:00,412.372802734375
2019-12-20 09:45:00,417.9154052734375
2019-12-20 10:00:00,425.6751098632813
2019-12-20 10:15:00,433.434814453125
2019-12-20 10:30:00,432.3262939453125
2019-12-20 10:45:00,420.1325073242188
2019-12-20 11:00:00,410.15570068359375
2019-12-20 11:15:00,423.4580993652344
2019-12-20 11:30:00,437.8689880371094
2019-12-20 11:45:00,371.3572082519531
2019-12-20 12:00:00,290.4346008300781
2019-12-20 12:15:00,197.3182067871093
2019-12-20 12:30:00,191.77549743652344
2019-12-20 12:45:00,266.0469970703125
2019-12-20 13:00:00,390.20220947265625
2019-12-20 13:15:00,426.78369140625
2019-12-20 13:30:00,433.434814453125
2019-12-20 13:45:00,411.2643127441406
2019-12-20 14:00:00,382.4425048828125
2019-12-20 14:15:00,401.2875061035156
2019-12-20 14:30:00,386.8765869140625
2019-12-20 14:45:00,386.8765869140625
2019-12-20 15:00:00,381.3340148925781
2019-12-20 15:15:00,417.9154052734375
2019-12-20 15:30:00,424.5665893554688
2019-12-20 15:45:00,402.39599609375
2019-12-20 16:00:00,423.4580993652344
2019-12-20 16:15:00,422.349609375
2019-12-20 16:30:00,437.8689880371094
2019-12-20 16:45:00,193.65771484375
2019-12-20 17:00:00,405.7215881347656
2019-12-20 17:15:00,402.39599609375
2019-12-20 17:30:00,390.20220947265625
2019-12-20 17:45:00,331.4501953125
2019-12-20 18:00:00,230.57400512695312
2019-12-20 18:15:00,223.9228973388672
2019-12-20 18:30:00,241.6593017578125
2019-12-20 18:45:00,270.4811096191406
2019-12-20 19:00:00,270.4811096191406
2019-12-20 19:15:00,263.82989501953125
2019-12-20 19:30:00,237.22520446777344
2019-12-20 19:45:00,172.9304962158203
2019-12-20 20:00:00,124.1552963256836
2019-12-20 20:15:00,107.5272979736328
2019-12-20 20:30:00,105.310302734375
2019-12-20 20:45:00,101.98470306396484
2019-12-20 21:00:00,105.310302734375
2019-12-20 21:15:00,95.33350372314452
2019-12-20 21:30:00,94.2249984741211
2019-12-20 21:45:00,95.33350372314452
2019-12-20 22:00:00,90.89939880371094
2019-12-20 22:15:00,85.35669708251953
2019-12-20 22:30:00,79.81410217285156
2019-12-20 22:45:00,86.46530151367188
2019-12-20 23:00:00,83.13970184326172
2019-12-20 23:15:00,87.57379913330078
2019-12-20 23:30:00,58.75199890136719
2019-12-20 23:45:00,56.53499984741211
2019-12-21 00:00:00,54.317901611328125
2019-12-21 00:15:00,55.42649841308594
2019-12-21 00:30:00,49.8838005065918
2019-12-21 00:45:00,44.34120178222656
2019-12-21 01:00:00,38.79850006103516
2019-12-21 01:15:00,21.06209945678711
2019-12-21 01:30:00,19.953500747680664
2019-12-21 01:45:00,9.976799964904783
2019-12-21 02:00:00,5.542600154876709
2019-12-21 02:15:00,3.325599908828736
2019-12-21 02:30:00,4.434100151062012
2019-12-21 02:45:00,1.1085000038146973
2019-12-21 03:00:00,3.325599908828736
2019-12-21 03:15:00,4.434100151062012
2019-12-21 03:30:00,1.1085000038146973
2019-12-21 03:45:00,5.542600154876709
2019-12-21 04:00:00,3.325599908828736
2019-12-21 04:15:00,2.217099905014038
2019-12-21 04:30:00,3.325599908828736
2019-12-21 04:45:00,2.217099905014038
2019-12-21 05:00:00,3.325599908828736
2019-12-21 05:15:00,3.325599908828736
2019-12-21 05:30:00,3.325599908828736
2019-12-21 05:45:00,2.217099905014038
2019-12-21 06:00:00,3.325599908828736
2019-12-21 06:15:00,3.325599908828736
2019-12-21 06:30:00,8.868200302124023
2019-12-21 06:45:00,8.868200302124023
2019-12-21 07:00:00,5.542600154876709
2019-12-21 07:15:00,3.325599908828736
2019-12-21 07:30:00,25.49620056152344
2019-12-21 07:45:00,65.4031982421875
2019-12-21 08:00:00,125.26380157470705
2019-12-21 08:15:00,188.4499053955078
2019-12-21 08:30:00,268.2640075683594
2019-12-21 08:45:00,293.7601928710937
2019-12-21 09:00:00,307.0625
2019-12-21 09:15:00,324.79901123046875
2019-12-21 09:30:00,343.6440124511719
2019-12-21 09:45:00,344.75250244140625
2019-12-21 10:00:00,343.6440124511719
2019-12-21 10:15:00,336.9927978515625
2019-12-21 10:30:00,322.5819091796875
2019-12-21 10:45:00,322.5819091796875
2019-12-21 11:00:00,333.6672058105469
2019-12-21 11:15:00,324.79901123046875
2019-12-21 11:30:00,330.34161376953125
2019-12-21 11:45:00,322.5819091796875
2019-12-21 12:00:00,236.11669921875
2019-12-21 12:15:00,146.3258056640625
2019-12-21 12:30:00,133.02349853515625
2019-12-21 12:45:00,223.9228973388672
2019-12-21 13:00:00,299.30279541015625
2019-12-21 13:15:00,321.473388671875
2019-12-21 13:30:00,315.9307861328125
2019-12-21 13:45:00,301.5198974609375
2019-12-21 14:00:00,299.30279541015625
2019-12-21 14:15:00,304.8454895019531
2019-12-21 14:30:00,274.9151916503906
2019-12-21 14:45:00,288.2174987792969
2019-12-21 15:00:00,311.4967041015625
2019-12-21 15:15:00,312.6051940917969
2019-12-21 15:30:00,311.4967041015625
2019-12-21 15:45:00,314.8222045898437
2019-12-21 16:00:00,314.8222045898437
2019-12-21 16:15:00,324.79901123046875
2019-12-21 16:30:00,328.1246032714844
2019-12-21 16:45:00,322.5819091796875
2019-12-21 17:00:00,324.79901123046875
2019-12-21 17:15:00,313.7137145996094
2019-12-21 17:30:00,314.8222045898437
2019-12-21 17:45:00,226.139892578125
2019-12-21 18:00:00,158.5196990966797
2019-12-21 18:15:00,192.88409423828125
2019-12-21 18:30:00,168.49639892578125
2019-12-21 18:45:00,186.2328948974609
2019-12-21 19:00:00,171.82200622558594
2019-12-21 19:15:00,176.256103515625
2019-12-21 19:30:00,141.89169311523438
2019-12-21 19:45:00,104.20169830322266
2019-12-21 20:00:00,74.27140045166016
2019-12-21 20:15:00,66.51170349121094
2019-12-21 20:30:00,63.18619918823242
2019-12-21 20:45:00,56.53499984741211
2019-12-21 21:00:00,55.42649841308594
2019-12-21 21:15:00,53.20940017700195
2019-12-21 21:30:00,55.42649841308594
2019-12-21 21:45:00,53.20940017700195
2019-12-21 22:00:00,53.20940017700195
2019-12-21 22:15:00,53.20940017700195
2019-12-21 22:30:00,53.20940017700195
2019-12-21 22:45:00,50.9922981262207
2019-12-21 23:00:00,49.8838005065918
2019-12-21 23:15:00,49.8838005065918
2019-12-21 23:30:00,47.66669845581055
2019-12-21 23:45:00,49.8838005065918
2019-12-22 00:00:00,48.775299072265625
2019-12-22 00:15:00,52.10089874267578
2019-12-22 00:30:00,50.9922981262207
2019-12-22 00:45:00,47.66669845581055
2019-12-22 01:00:00,43.23260116577149
2019-12-22 01:15:00,27.71319961547852
2019-12-22 01:30:00,17.736499786376953
2019-12-22 01:45:00,5.542600154876709
2019-12-22 02:00:00,7.759699821472168
2019-12-22 02:15:00,4.434100151062012
2019-12-22 02:30:00,5.542600154876709
2019-12-22 02:45:00,3.325599908828736
2019-12-22 03:00:00,5.542600154876709
2019-12-22 03:15:00,5.542600154876709
2019-12-22 03:30:00,3.325599908828736
2019-12-22 03:45:00,3.325599908828736
2019-12-22 04:00:00,4.434100151062012
2019-12-22 04:15:00,3.325599908828736
2019-12-22 04:30:00,3.325599908828736
2019-12-22 04:45:00,3.325599908828736
2019-12-22 05:00:00,3.325599908828736
2019-12-22 05:15:00,5.542600154876709
2019-12-22 05:30:00,3.325599908828736
2019-12-22 05:45:00,4.434100151062012
2019-12-22 06:00:00,3.325599908828736
2019-12-22 06:15:00,6.651199817657471
2019-12-22 06:30:00,7.759699821472168
2019-12-22 06:45:00,6.651199817657471
2019-12-22 07:00:00,8.868200302124023
2019-12-22 07:15:00,6.651199817657471
2019-12-22 07:30:00,13.302300453186035
2019-12-22 07:45:00,92.00789642333984
2019-12-22 08:00:00,129.69790649414062
2019-12-22 08:15:00,177.36459350585938
2019-12-22 08:30:00,260.5043029785156
2019-12-22 08:45:00,262.7214050292969
2019-12-22 09:00:00,288.2174987792969
2019-12-22 09:15:00,283.78338623046875
2019-12-22 09:30:00,318.1477966308594
2019-12-22 09:45:00,307.0625
2019-12-22 10:00:00,317.039306640625
2019-12-22 10:15:00,330.34161376953125
2019-12-22 10:30:00,350.2951965332031
2019-12-22 10:45:00,323.69049072265625
2019-12-22 11:00:00,346.9696044921875
2019-12-22 11:15:00,324.79901123046875
2019-12-22 11:30:00,304.8454895019531
2019-12-22 11:45:00,324.79901123046875
2019-12-22 12:00:00,221.705795288086
2019-12-22 12:15:00,148.5428924560547
2019-12-22 12:30:00,170.7135009765625
2019-12-22 12:45:00,228.35699462890625
2019-12-22 13:00:00,268.2640075683594
2019-12-22 13:15:00,319.25640869140625
2019-12-22 13:30:00,317.039306640625
2019-12-22 13:45:00,309.27960205078125
2019-12-22 14:00:00,311.4967041015625
2019-12-22 14:15:00,333.6672058105469
2019-12-22 14:30:00,321.473388671875
2019-12-22 14:45:00,325.9075012207031
2019-12-22 15:00:00,342.5354919433594
2019-12-22 15:15:00,331.4501953125
2019-12-22 15:30:00,330.34161376953125
2019-12-22 15:45:00,311.4967041015625
2019-12-22 16:00:00,309.27960205078125
2019-12-22 16:15:00,283.78338623046875
2019-12-22 16:30:00,180.6902008056641
2019-12-22 16:45:00,156.30259704589844
2019-12-22 17:00:00,150.75990295410156
2019-12-22 17:15:00,150.75990295410156
2019-12-22 17:30:00,157.41110229492188
2019-12-22 17:45:00,141.89169311523438
2019-12-22 18:00:00,127.48079681396484
2019-12-22 18:15:00,94.2249984741211
2019-12-22 18:30:00,76.4885025024414
2019-12-22 18:45:00,79.81410217285156
2019-12-22 19:00:00,79.81410217285156
2019-12-22 19:15:00,76.4885025024414
2019-12-22 19:30:00,77.59700012207031
2019-12-22 19:45:00,76.4885025024414
2019-12-22 20:00:00,62.077598571777344
2019-12-22 20:15:00,55.42649841308594
2019-12-22 20:30:00,54.317901611328125
2019-12-22 20:45:00,53.20940017700195
2019-12-22 21:00:00,52.10089874267578
2019-12-22 21:15:00,50.9922981262207
2019-12-22 21:30:00,53.20940017700195
2019-12-22 21:45:00,50.9922981262207
2019-12-22 22:00:00,52.10089874267578
2019-12-22 22:15:00,49.8838005065918
2019-12-22 22:30:00,53.20940017700195
2019-12-22 22:45:00,50.9922981262207
2019-12-22 23:00:00,47.66669845581055
2019-12-22 23:15:00,47.66669845581055
2019-12-22 23:30:00,48.775299072265625
2019-12-22 23:45:00,47.66669845581055
2019-12-23 00:00:00,47.66669845581055
2019-12-23 00:15:00,49.8838005065918
2019-12-23 00:30:00,45.44969940185547
2019-12-23 00:45:00,44.34120178222656
2019-12-23 01:00:00,34.36439895629883
2019-12-23 01:15:00,18.84499931335449
2019-12-23 01:30:00,13.302300453186035
2019-12-23 01:45:00,4.434100151062012
2019-12-23 02:00:00,5.542600154876709
2019-12-23 02:15:00,3.325599908828736
2019-12-23 02:30:00,4.434100151062012
2019-12-23 02:45:00,3.325599908828736
2019-12-23 03:00:00,3.325599908828736
2019-12-23 03:15:00,5.542600154876709
2019-12-23 03:30:00,3.325599908828736
2019-12-23 03:45:00,3.325599908828736
2019-12-23 04:00:00,2.217099905014038
2019-12-23 04:15:00,3.325599908828736
2019-12-23 04:30:00,2.217099905014038
2019-12-23 04:45:00,3.325599908828736
2019-12-23 05:00:00,1.1085000038146973
2019-12-23 05:15:00,4.434100151062012
2019-12-23 05:30:00,3.325599908828736
2019-12-23 05:45:00,1.1085000038146973
2019-12-23 06:00:00,4.434100151062012
2019-12-23 06:15:00,3.325599908828736
2019-12-23 06:30:00,6.651199817657471
2019-12-23 06:45:00,8.868200302124023
2019-12-23 07:00:00,5.542600154876709
2019-12-23 07:15:00,6.651199817657471
2019-12-23 07:30:00,8.868200302124023
2019-12-23 07:45:00,159.62820434570312
2019-12-23 08:00:00,193.9925994873047
2019-12-23 08:15:00,233.89959716796875
2019-12-23 08:30:00,289.3261108398437
2019-12-23 08:45:00,355.8377990722656
2019-12-23 09:00:00,403.5046081542969
2019-12-23 09:15:00,438.9775085449219
2019-12-23 09:30:00,434.54339599609375
2019-12-23 09:45:00,416.806884765625
2019-12-23 10:00:00,431.2178039550781
2019-12-23 10:15:00,142.29586791992188
2019-12-23 10:30:00,426.78369140625
2019-12-23 10:45:00,141.13380432128906
2019-12-23 11:00:00,139.232177734375
2019-12-23 11:15:00,425.6751098632813
2019-12-23 11:30:00,382.4425048828125
2019-12-23 11:45:00,371.3572082519531
2019-12-23 12:00:00,290.4346008300781
2019-12-23 12:15:00,209.51199340820312
2019-12-23 12:30:00,219.4886932373047
2019-12-23 12:45:00,309.27960205078125
2019-12-23 13:00:00,414.58990478515625
2019-12-23 13:15:00,410.15570068359375
2019-12-23 13:30:00,409.0472106933594
2019-12-23 13:45:00,413.4812927246094
2019-12-23 14:00:00,437.8689880371094
2019-12-23 14:15:00,430.10931396484375
2019-12-23 14:30:00,403.5046081542969
2019-12-23 14:45:00,394.6362915039063
2019-12-23 15:00:00,416.806884765625
2019-12-23 15:15:00,385.7680969238281
2019-12-23 15:30:00,419.0239868164063
2019-12-23 15:45:00,422.349609375
2019-12-23 16:00:00,425.6751098632813
2019-12-23 16:15:00,432.3262939453125
2019-12-23 16:30:00,156.6984405517578
2019-12-23 16:45:00,436.7604064941406
2019-12-23 17:00:00,159.36996459960938
2019-12-23 17:15:00,432.3262939453125
2019-12-23 17:30:00,422.349609375
2019-12-23 17:45:00,356.9462890625
2019-12-23 18:00:00,272.6980895996094
2019-12-23 18:15:00,273.80670166015625
2019-12-23 18:30:00,331.4501953125
2019-12-23 18:45:00,322.5819091796875
2019-12-23 19:00:00,328.1246032714844
2019-12-23 19:15:00,322.5819091796875
2019-12-23 19:30:00,310.3880920410156
2019-12-23 19:45:00,247.2019958496093
2019-12-23 20:00:00,166.27940368652344
2019-12-23 20:15:00,92.00789642333984
2019-12-23 20:30:00,92.00789642333984
2019-12-23 20:45:00,94.2249984741211
2019-12-23 21:00:00,88.68229675292969
2019-12-23 21:15:00,85.35669708251953
2019-12-23 21:30:00,85.35669708251953
2019-12-23 21:45:00,80.92259979248047
2019-12-23 22:00:00,88.68229675292969
2019-12-23 22:15:00,90.89939880371094
2019-12-23 22:30:00,86.46530151367188
2019-12-23 22:45:00,87.57379913330078
2019-12-23 23:00:00,85.35669708251953
2019-12-23 23:15:00,89.79090118408203
2019-12-23 23:30:00,87.57379913330078
2019-12-23 23:45:00,68.72879791259766
2019-12-24 00:00:00,50.9922981262207
2019-12-24 00:15:00,52.10089874267578
2019-12-24 00:30:00,50.9922981262207
2019-12-24 00:45:00,46.55820083618164
2019-12-24 01:00:00,41.01559829711914
2019-12-24 01:15:00,22.17060089111328
2019-12-24 01:30:00,19.953500747680664
2019-12-24 01:45:00,8.868200302124023
2019-12-24 02:00:00,6.651199817657471
2019-12-24 02:15:00,7.759699821472168
2019-12-24 02:30:00,6.651199817657471
2019-12-24 02:45:00,5.542600154876709
2019-12-24 03:00:00,3.325599908828736
2019-12-24 03:15:00,3.325599908828736
2019-12-24 03:30:00,4.434100151062012
2019-12-24 03:45:00,3.325599908828736
2019-12-24 04:00:00,1.1085000038146973
2019-12-24 04:15:00,2.217099905014038
2019-12-24 04:30:00,3.325599908828736
2019-12-24 04:45:00,2.217099905014038
2019-12-24 05:00:00,1.1085000038146973
2019-12-24 05:15:00,4.434100151062012
2019-12-24 05:30:00,3.325599908828736
2019-12-24 05:45:00,1.1085000038146973
2019-12-24 06:00:00,4.434100151062012
2019-12-24 06:15:00,4.434100151062012
2019-12-24 06:30:00,7.759699821472168
2019-12-24 06:45:00,5.542600154876709
2019-12-24 07:00:00,6.651199817657471
2019-12-24 07:15:00,8.868200302124023
2019-12-24 07:30:00,17.736499786376953
2019-12-24 07:45:00,85.35669708251953
2019-12-24 08:00:00,141.89169311523438
2019-12-24 08:15:00,271.589599609375
2019-12-24 08:30:00,387.9851989746094
2019-12-24 08:45:00,413.4812927246094
2019-12-24 09:00:00,431.2178039550781
2019-12-24 09:15:00,193.5122833251953
2019-12-24 09:30:00,190.95535278320312
2019-12-24 09:45:00,188.41798400878903
2019-12-24 10:00:00,186.03892517089844
2019-12-24 10:15:00,183.4849853515625
2019-12-24 10:30:00,183.91403198242188
2019-12-24 10:45:00,181.38414001464844
2019-12-24 11:00:00,181.8034210205078
2019-12-24 11:15:00,182.2468719482422
2019-12-24 11:30:00,406.8302001953125
2019-12-24 11:45:00,396.8533935546875
2019-12-24 12:00:00,301.5198974609375
2019-12-24 12:15:00,193.9925994873047
2019-12-24 12:30:00,205.0778961181641
2019-12-24 12:45:00,274.9151916503906
2019-12-24 13:00:00,390.20220947265625
2019-12-24 13:15:00,424.5665893554688
2019-12-24 13:30:00,416.806884765625
2019-12-24 13:45:00,399.0704040527344
2019-12-24 14:00:00,390.20220947265625
2019-12-24 14:15:00,393.5278015136719
2019-12-24 14:30:00,411.2643127441406
2019-12-24 14:45:00,432.3262939453125
2019-12-24 15:00:00,422.349609375
2019-12-24 15:15:00,422.349609375
2019-12-24 15:30:00,437.8689880371094
2019-12-24 15:45:00,431.2178039550781
2019-12-24 16:00:00,414.58990478515625
2019-12-24 16:15:00,397.9619140625
2019-12-24 16:30:00,425.6751098632813
2019-12-24 16:45:00,435.6518859863281
2019-12-24 17:00:00,424.5665893554688
2019-12-24 17:15:00,411.2643127441406
2019-12-24 17:30:00,374.6828002929688
2019-12-24 17:45:00,297.0857849121094
2019-12-24 18:00:00,274.9151916503906
2019-12-24 18:15:00,356.9462890625
2019-12-24 18:30:00,317.039306640625
2019-12-24 18:45:00,318.1477966308594
2019-12-24 19:00:00,317.039306640625
2019-12-24 19:15:00,312.6051940917969
2019-12-24 19:30:00,283.78338623046875
2019-12-24 19:45:00,258.28729248046875
2019-12-24 20:00:00,199.5352020263672
2019-12-24 20:15:00,141.89169311523438
2019-12-24 20:30:00,121.93820190429688
2019-12-24 20:45:00,113.06999969482422
2019-12-24 21:00:00,101.98470306396484
2019-12-24 21:15:00,84.24819946289062
2019-12-24 21:30:00,78.70559692382812
2019-12-24 21:45:00,85.35669708251953
2019-12-24 22:00:00,93.11640167236328
2019-12-24 22:15:00,94.2249984741211
2019-12-24 22:30:00,92.00789642333984
2019-12-24 22:45:00,87.57379913330078
2019-12-24 23:00:00,59.860599517822266
2019-12-24 23:15:00,58.75199890136719
2019-12-24 23:30:00,56.53499984741211
2019-12-24 23:45:00,55.42649841308594
2019-12-25 00:00:00,54.317901611328125
2019-12-25 00:15:00,53.20940017700195
2019-12-25 00:30:00,52.10089874267578
2019-12-25 00:45:00,44.34120178222656
2019-12-25 01:00:00,41.01559829711914
2019-12-25 01:15:00,21.06209945678711
2019-12-25 01:30:00,17.736499786376953
2019-12-25 01:45:00,9.976799964904783
2019-12-25 02:00:00,8.868200302124023
2019-12-25 02:15:00,4.434100151062012
2019-12-25 02:30:00,3.325599908828736
2019-12-25 02:45:00,3.325599908828736
2019-12-25 03:00:00,2.217099905014038
2019-12-25 03:15:00,3.325599908828736
2019-12-25 03:30:00,3.325599908828736
2019-12-25 03:45:00,3.325599908828736
2019-12-25 04:00:00,2.217099905014038
2019-12-25 04:15:00,1.1085000038146973
2019-12-25 04:30:00,4.434100151062012
2019-12-25 04:45:00,3.325599908828736
2019-12-25 05:00:00,1.1085000038146973
2019-12-25 05:15:00,4.434100151062012
2019-12-25 05:30:00,3.325599908828736
2019-12-25 05:45:00,3.325599908828736
2019-12-25 06:00:00,2.217099905014038
2019-12-25 06:15:00,3.325599908828736
2019-12-25 06:30:00,6.651199817657471
2019-12-25 06:45:00,7.759699821472168
2019-12-25 07:00:00,6.651199817657471
2019-12-25 07:15:00,6.651199817657471
2019-12-25 07:30:00,31.038799285888672
2019-12-25 07:45:00,150.75990295410156
2019-12-25 08:00:00,212.8376007080078
2019-12-25 08:15:00,246.0933990478516
2019-12-25 08:30:00,312.6051940917969
2019-12-25 08:45:00,382.4425048828125
2019-12-25 09:00:00,413.4812927246094
2019-12-25 09:15:00,423.4580993652344
2019-12-25 09:30:00,430.10931396484375
2019-12-25 09:45:00,417.9154052734375
2019-12-25 10:00:00,191.64028930664065
2019-12-25 10:15:00,191.6986389160156
2019-12-25 10:30:00,436.7604064941406
2019-12-25 10:45:00,438.9775085449219
2019-12-25 11:00:00,197.10128784179688
2019-12-25 11:15:00,197.26063537597656
2019-12-25 11:30:00,429.0007019042969
2019-12-25 11:45:00,390.20220947265625
2019-12-25 12:00:00,318.1477966308594
2019-12-25 12:15:00,182.9073028564453
2019-12-25 12:30:00,208.40350341796875
2019-12-25 12:45:00,339.2098999023437
2019-12-25 13:00:00,401.2875061035156
2019-12-25 13:15:00,376.89990234375
2019-12-25 13:30:00,424.5665893554688
2019-12-25 13:45:00,416.806884765625
2019-12-25 14:00:00,198.225326538086
2019-12-25 14:15:00,438.9775085449219
2019-12-25 14:30:00,437.8689880371094
2019-12-25 14:45:00,414.58990478515625
2019-12-25 15:00:00,397.9619140625
2019-12-25 15:15:00,400.1789855957031
2019-12-25 15:30:00,404.6130981445313
2019-12-25 15:45:00,437.8689880371094
2019-12-25 16:00:00,196.02926635742188
2019-12-25 16:15:00,422.349609375
2019-12-25 16:30:00,194.0066375732422
2019-12-25 16:45:00,191.59341430664065
2019-12-25 17:00:00,189.0511474609375
2019-12-25 17:15:00,422.349609375
2019-12-25 17:30:00,395.7449035644531
2019-12-25 17:45:00,338.1014099121094
2019-12-25 18:00:00,315.9307861328125
2019-12-25 18:15:00,301.5198974609375
2019-12-25 18:30:00,334.7757873535156
2019-12-25 18:45:00,348.0780944824219
2019-12-25 19:00:00,301.5198974609375
2019-12-25 19:15:00,277.1322937011719
2019-12-25 19:30:00,258.28729248046875
2019-12-25 19:45:00,229.4654998779297
2019-12-25 20:00:00,151.86849975585938
2019-12-25 20:15:00,88.68229675292969
2019-12-25 20:30:00,76.4885025024414
2019-12-25 20:45:00,68.72879791259766
2019-12-25 21:00:00,73.16290283203125
2019-12-25 21:15:00,85.35669708251953
2019-12-25 21:30:00,79.81410217285156
2019-12-25 21:45:00,97.55059814453124
2019-12-25 22:00:00,83.13970184326172
2019-12-25 22:15:00,88.68229675292969
2019-12-25 22:30:00,94.2249984741211
2019-12-25 22:45:00,85.35669708251953
2019-12-25 23:00:00,59.860599517822266
2019-12-25 23:15:00,55.42649841308594
2019-12-25 23:30:00,54.317901611328125
2019-12-25 23:45:00,56.53499984741211
2019-12-26 00:00:00,53.20940017700195
2019-12-26 00:15:00,52.10089874267578
2019-12-26 00:30:00,49.8838005065918
2019-12-26 00:45:00,44.34120178222656
2019-12-26 01:00:00,33.25590133666992
2019-12-26 01:15:00,23.27910041809082
2019-12-26 01:30:00,14.410900115966797
2019-12-26 01:45:00,9.976799964904783
2019-12-26 02:00:00,8.868200302124023
2019-12-26 02:15:00,7.759699821472168
2019-12-26 02:30:00,6.651199817657471
2019-12-26 02:45:00,3.325599908828736
2019-12-26 03:00:00,2.217099905014038
2019-12-26 03:15:00,1.1085000038146973
2019-12-26 03:30:00,4.434100151062012
2019-12-26 03:45:00,3.325599908828736
2019-12-26 04:00:00,1.1085000038146973
2019-12-26 04:15:00,4.434100151062012
2019-12-26 04:30:00,3.325599908828736
2019-12-26 04:45:00,1.1085000038146973
2019-12-26 05:00:00,4.434100151062012
2019-12-26 05:15:00,3.325599908828736
2019-12-26 05:30:00,1.1085000038146973
2019-12-26 05:45:00,4.434100151062012
2019-12-26 06:00:00,1.1085000038146973
2019-12-26 06:15:00,3.325599908828736
2019-12-26 06:30:00,7.759699821472168
2019-12-26 06:45:00,6.651199817657471
2019-12-26 07:00:00,7.759699821472168
2019-12-26 07:15:00,6.651199817657471
2019-12-26 07:30:00,24.38759994506836
2019-12-26 07:45:00,161.84519958496094
2019-12-26 08:00:00,188.4499053955078
2019-12-26 08:15:00,237.22520446777344
2019-12-26 08:30:00,287.1090087890625
2019-12-26 08:45:00,366.923095703125
2019-12-26 09:00:00,390.20220947265625
2019-12-26 09:15:00,401.2875061035156
2019-12-26 09:30:00,425.6751098632813
2019-12-26 09:45:00,395.7449035644531
2019-12-26 10:00:00,399.0704040527344
2019-12-26 10:15:00,429.0007019042969
2019-12-26 10:30:00,419.0239868164063
2019-12-26 10:45:00,425.6751098632813
2019-12-26 11:00:00,187.0157623291016
2019-12-26 11:15:00,186.91070556640625
2019-12-26 11:30:00,412.372802734375
2019-12-26 11:45:00,369.1401977539063
2019-12-26 12:00:00,294.86871337890625
2019-12-26 12:15:00,216.16319274902344
2019-12-26 12:30:00,210.62049865722656
2019-12-26 12:45:00,279.34930419921875
2019-12-26 13:00:00,361.3804931640625
2019-12-26 13:15:00,392.4193115234375
2019-12-26 13:30:00,394.6362915039063
2019-12-26 13:45:00,410.15570068359375
2019-12-26 14:00:00,410.15570068359375
2019-12-26 14:15:00,399.0704040527344
2019-12-26 14:30:00,417.9154052734375
2019-12-26 14:45:00,429.0007019042969
2019-12-26 15:00:00,433.434814453125
2019-12-26 15:15:00,416.806884765625
2019-12-26 15:30:00,416.806884765625
2019-12-26 15:45:00,400.1789855957031
2019-12-26 16:00:00,416.806884765625
2019-12-26 16:15:00,425.6751098632813
2019-12-26 16:30:00,407.9386901855469
2019-12-26 16:45:00,410.15570068359375
2019-12-26 17:00:00,427.8922119140625
2019-12-26 17:15:00,411.2643127441406
2019-12-26 17:30:00,352.51220703125
2019-12-26 17:45:00,283.78338623046875
2019-12-26 18:00:00,232.7911071777344
2019-12-26 18:15:00,225.03140258789065
2019-12-26 18:30:00,168.49639892578125
2019-12-26 18:45:00,175.14759826660156
2019-12-26 19:00:00,174.03909301757812
2019-12-26 19:15:00,168.49639892578125
2019-12-26 19:30:00,161.84519958496094
2019-12-26 19:45:00,129.69790649414062
2019-12-26 20:00:00,104.20169830322266
2019-12-26 20:15:00,126.37229919433594
2019-12-26 20:30:00,104.20169830322266
2019-12-26 20:45:00,106.4188003540039
2019-12-26 21:00:00,103.09320068359376
2019-12-26 21:15:00,95.33350372314452
2019-12-26 21:30:00,96.44200134277344
2019-12-26 21:45:00,93.11640167236328
2019-12-26 22:00:00,97.55059814453124
2019-12-26 22:15:00,94.2249984741211
2019-12-26 22:30:00,92.00789642333984
2019-12-26 22:45:00,79.81410217285156
2019-12-26 23:00:00,87.57379913330078
2019-12-26 23:15:00,95.33350372314452
2019-12-26 23:30:00,99.7676010131836
2019-12-26 23:45:00,89.79090118408203
2019-12-27 00:00:00,55.42649841308594
2019-12-27 00:15:00,55.42649841308594
2019-12-27 00:30:00,48.775299072265625
2019-12-27 00:45:00,43.23260116577149
2019-12-27 01:00:00,29.930299758911133
2019-12-27 01:15:00,19.953500747680664
2019-12-27 01:30:00,13.302300453186035
2019-12-27 01:45:00,11.08530044555664
2019-12-27 02:00:00,8.868200302124023
2019-12-27 02:15:00,5.542600154876709
2019-12-27 02:30:00,3.325599908828736
2019-12-27 02:45:00,5.542600154876709
2019-12-27 03:00:00,3.325599908828736
2019-12-27 03:15:00,3.325599908828736
2019-12-27 03:30:00,2.217099905014038
2019-12-27 03:45:00,3.325599908828736
2019-12-27 04:00:00,3.325599908828736
2019-12-27 04:15:00,3.325599908828736
2019-12-27 04:30:00,2.217099905014038
2019-12-27 04:45:00,3.325599908828736
2019-12-27 05:00:00,2.217099905014038
2019-12-27 05:15:00,3.325599908828736
2019-12-27 05:30:00,3.325599908828736
2019-12-27 05:45:00,3.325599908828736
2019-12-27 06:00:00,4.434100151062012
2019-12-27 06:15:00,4.434100151062012
2019-12-27 06:30:00,7.759699821472168
2019-12-27 06:45:00,8.868200302124023
2019-12-27 07:00:00,6.651199817657471
2019-12-27 07:15:00,5.542600154876709
2019-12-27 07:30:00,33.25590133666992
2019-12-27 07:45:00,176.256103515625
2019-12-27 08:00:00,209.51199340820312
2019-12-27 08:15:00,240.55079650878903
2019-12-27 08:30:00,300.4114074707031
2019-12-27 08:45:00,370.2486877441406
2019-12-27 09:00:00,405.7215881347656
2019-12-27 09:15:00,419.0239868164063
2019-12-27 09:30:00,422.349609375
2019-12-27 09:45:00,414.58990478515625
2019-12-27 10:00:00,397.9619140625
2019-12-27 10:15:00,189.72378540039065
2019-12-27 10:30:00,416.806884765625
2019-12-27 10:45:00,425.6751098632813
2019-12-27 11:00:00,420.1325073242188
2019-12-27 11:15:00,410.15570068359375
2019-12-27 11:30:00,387.9851989746094
2019-12-27 11:45:00,378.0083923339844
2019-12-27 12:00:00,283.78338623046875
2019-12-27 12:15:00,209.51199340820312
2019-12-27 12:30:00,201.75230407714844
2019-12-27 12:45:00,340.3183898925781
2019-12-27 13:00:00,385.7680969238281
2019-12-27 13:15:00,393.5278015136719
2019-12-27 13:30:00,373.5743103027344
2019-12-27 13:45:00,403.5046081542969
2019-12-27 14:00:00,381.3340148925781
2019-12-27 14:15:00,420.1325073242188
2019-12-27 14:30:00,434.54339599609375
2019-12-27 14:45:00,425.6751098632813
2019-12-27 15:00:00,437.8689880371094
2019-12-27 15:15:00,405.7215881347656
2019-12-27 15:30:00,430.10931396484375
2019-12-27 15:45:00,434.54339599609375
2019-12-27 16:00:00,438.9775085449219
2019-12-27 16:15:00,192.85113525390625
2019-12-27 16:30:00,421.2409973144531
2019-12-27 16:45:00,430.10931396484375
2019-12-27 17:00:00,190.7722930908203
2019-12-27 17:15:00,188.30230712890625
2019-12-27 17:30:00,425.6751098632813
2019-12-27 17:45:00,336.9927978515625
2019-12-27 18:00:00,288.2174987792969
2019-12-27 18:15:00,350.2951965332031
2019-12-27 18:30:00,365.8146057128906
2019-12-27 18:45:00,303.73699951171875
2019-12-27 19:00:00,338.1014099121094
2019-12-27 19:15:00,318.1477966308594
2019-12-27 19:30:00,314.8222045898437
2019-12-27 19:45:00,261.61279296875
2019-12-27 20:00:00,150.75990295410156
2019-12-27 20:15:00,101.98470306396484
2019-12-27 20:30:00,106.4188003540039
2019-12-27 20:45:00,108.63580322265624
2019-12-27 21:00:00,99.7676010131836
2019-12-27 21:15:00,97.55059814453124
2019-12-27 21:30:00,97.55059814453124
2019-12-27 21:45:00,106.4188003540039
2019-12-27 22:00:00,92.00789642333984
2019-12-27 22:15:00,95.33350372314452
2019-12-27 22:30:00,99.7676010131836
2019-12-27 22:45:00,100.8760986328125
2019-12-27 23:00:00,100.8760986328125
2019-12-27 23:15:00,96.44200134277344
2019-12-27 23:30:00,101.98470306396484
2019-12-27 23:45:00,101.98470306396484
2019-12-28 00:00:00,74.27140045166016
2019-12-28 00:15:00,54.317901611328125
2019-12-28 00:30:00,55.42649841308594
2019-12-28 00:45:00,46.55820083618164
2019-12-28 01:00:00,42.12409973144531
2019-12-28 01:15:00,28.8218002319336
2019-12-28 01:30:00,21.06209945678711
2019-12-28 01:45:00,9.976799964904783
2019-12-28 02:00:00,13.302300453186035
2019-12-28 02:15:00,9.976799964904783
2019-12-28 02:30:00,8.868200302124023
2019-12-28 02:45:00,3.325599908828736
2019-12-28 03:00:00,2.217099905014038
2019-12-28 03:15:00,3.325599908828736
2019-12-28 03:30:00,2.217099905014038
2019-12-28 03:45:00,3.325599908828736
2019-12-28 04:00:00,2.217099905014038
2019-12-28 04:15:00,3.325599908828736
2019-12-28 04:30:00,3.325599908828736
2019-12-28 04:45:00,2.217099905014038
2019-12-28 05:00:00,4.434100151062012
2019-12-28 05:15:00,2.217099905014038
2019-12-28 05:30:00,2.217099905014038
2019-12-28 05:45:00,3.325599908828736
2019-12-28 06:00:00,3.325599908828736
2019-12-28 06:15:00,3.325599908828736
2019-12-28 06:30:00,8.868200302124023
2019-12-28 06:45:00,7.759699821472168
2019-12-28 07:00:00,6.651199817657471
2019-12-28 07:15:00,6.651199817657471
2019-12-28 07:30:00,16.627899169921875
2019-12-28 07:45:00,107.5272979736328
2019-12-28 08:00:00,156.30259704589844
2019-12-28 08:15:00,182.9073028564453
2019-12-28 08:30:00,233.89959716796875
2019-12-28 08:45:00,278.2408142089844
2019-12-28 09:00:00,309.27960205078125
2019-12-28 09:15:00,325.9075012207031
2019-12-28 09:30:00,315.9307861328125
2019-12-28 09:45:00,319.25640869140625
2019-12-28 10:00:00,334.7757873535156
2019-12-28 10:15:00,344.75250244140625
2019-12-28 10:30:00,340.3183898925781
2019-12-28 10:45:00,321.473388671875
2019-12-28 11:00:00,328.1246032714844
2019-12-28 11:15:00,329.23309326171875
2019-12-28 11:30:00,345.8611145019531
2019-12-28 11:45:00,327.01611328125
2019-12-28 12:00:00,239.4423065185547
2019-12-28 12:15:00,159.62820434570312
2019-12-28 12:30:00,190.66700744628903
2019-12-28 12:45:00,259.39581298828125
2019-12-28 13:00:00,294.86871337890625
2019-12-28 13:15:00,287.1090087890625
2019-12-28 13:30:00,278.2408142089844
2019-12-28 13:45:00,283.78338623046875
2019-12-28 14:00:00,301.5198974609375
2019-12-28 14:15:00,313.7137145996094
2019-12-28 14:30:00,327.01611328125
2019-12-28 14:45:00,308.1711120605469
2019-12-28 15:00:00,303.73699951171875
2019-12-28 15:15:00,319.25640869140625
2019-12-28 15:30:00,295.9772033691406
2019-12-28 15:45:00,307.0625
2019-12-28 16:00:00,308.1711120605469
2019-12-28 16:15:00,315.9307861328125
2019-12-28 16:30:00,331.4501953125
2019-12-28 16:45:00,324.79901123046875
2019-12-28 17:00:00,322.5819091796875
2019-12-28 17:15:00,301.5198974609375
2019-12-28 17:30:00,299.30279541015625
2019-12-28 17:45:00,268.2640075683594
2019-12-28 18:00:00,215.0545959472656
2019-12-28 18:15:00,210.62049865722656
2019-12-28 18:30:00,263.82989501953125
2019-12-28 18:45:00,262.7214050292969
2019-12-28 19:00:00,262.7214050292969
2019-12-28 19:15:00,250.5276031494141
2019-12-28 19:30:00,221.705795288086
2019-12-28 19:45:00,222.8143005371093
2019-12-28 20:00:00,177.36459350585938
2019-12-28 20:15:00,94.2249984741211
2019-12-28 20:30:00,58.75199890136719
2019-12-28 20:45:00,56.53499984741211
2019-12-28 21:00:00,58.75199890136719
2019-12-28 21:15:00,54.317901611328125
2019-12-28 21:30:00,57.64350128173828
2019-12-28 21:45:00,50.9922981262207
2019-12-28 22:00:00,53.20940017700195
2019-12-28 22:15:00,53.20940017700195
2019-12-28 22:30:00,55.42649841308594
2019-12-28 22:45:00,53.20940017700195
2019-12-28 23:00:00,50.9922981262207
2019-12-28 23:15:00,49.8838005065918
2019-12-28 23:30:00,49.8838005065918
2019-12-28 23:45:00,48.775299072265625
2019-12-29 00:00:00,49.8838005065918
2019-12-29 00:15:00,47.66669845581055
2019-12-29 00:30:00,48.775299072265625
2019-12-29 00:45:00,39.90700149536133
2019-12-29 01:00:00,35.472900390625
2019-12-29 01:15:00,17.736499786376953
2019-12-29 01:30:00,16.627899169921875
2019-12-29 01:45:00,6.651199817657471
2019-12-29 02:00:00,5.542600154876709
2019-12-29 02:15:00,5.542600154876709
2019-12-29 02:30:00,3.325599908828736
2019-12-29 02:45:00,3.325599908828736
2019-12-29 03:00:00,2.217099905014038
2019-12-29 03:15:00,3.325599908828736
2019-12-29 03:30:00,2.217099905014038
2019-12-29 03:45:00,3.325599908828736
2019-12-29 04:00:00,1.1085000038146973
2019-12-29 04:15:00,5.542600154876709
2019-12-29 04:30:00,2.217099905014038
2019-12-29 04:45:00,3.325599908828736
2019-12-29 05:00:00,3.325599908828736
2019-12-29 05:15:00,2.217099905014038
2019-12-29 05:30:00,3.325599908828736
2019-12-29 05:45:00,3.325599908828736
2019-12-29 06:00:00,3.325599908828736
2019-12-29 06:15:00,4.434100151062012
2019-12-29 06:30:00,6.651199817657471
2019-12-29 06:45:00,8.868200302124023
2019-12-29 07:00:00,5.542600154876709
2019-12-29 07:15:00,5.542600154876709
2019-12-29 07:30:00,9.976799964904783
2019-12-29 07:45:00,76.4885025024414
2019-12-29 08:00:00,130.806396484375
2019-12-29 08:15:00,172.9304962158203
2019-12-29 08:30:00,231.6826019287109
2019-12-29 08:45:00,301.5198974609375
2019-12-29 09:00:00,322.5819091796875
2019-12-29 09:15:00,327.01611328125
2019-12-29 09:30:00,322.5819091796875
2019-12-29 09:45:00,336.9927978515625
2019-12-29 10:00:00,343.6440124511719
2019-12-29 10:15:00,341.4269104003906
2019-12-29 10:30:00,332.5586853027344
2019-12-29 10:45:00,344.75250244140625
2019-12-29 11:00:00,336.9927978515625
2019-12-29 11:15:00,322.5819091796875
2019-12-29 11:30:00,322.5819091796875
2019-12-29 11:45:00,327.01611328125
2019-12-29 12:00:00,242.7678985595703
2019-12-29 12:15:00,154.0854949951172
2019-12-29 12:30:00,154.0854949951172
2019-12-29 12:45:00,221.705795288086
2019-12-29 13:00:00,286.00048828125
2019-12-29 13:15:00,308.1711120605469
2019-12-29 13:30:00,318.1477966308594
2019-12-29 13:45:00,308.1711120605469
2019-12-29 14:00:00,315.9307861328125
2019-12-29 14:15:00,317.039306640625
2019-12-29 14:30:00,309.27960205078125
2019-12-29 14:45:00,314.8222045898437
2019-12-29 15:00:00,314.8222045898437
2019-12-29 15:15:00,295.9772033691406
2019-12-29 15:30:00,325.9075012207031
2019-12-29 15:45:00,291.5430908203125
2019-12-29 16:00:00,304.8454895019531
2019-12-29 16:15:00,319.25640869140625
2019-12-29 16:30:00,319.25640869140625
2019-12-29 16:45:00,313.7137145996094
2019-12-29 17:00:00,315.9307861328125
2019-12-29 17:15:00,315.9307861328125
2019-12-29 17:30:00,257.1787109375
2019-12-29 17:45:00,196.2095947265625
2019-12-29 18:00:00,120.82969665527344
2019-12-29 18:15:00,85.35669708251953
2019-12-29 18:30:00,79.81410217285156
2019-12-29 18:45:00,77.59700012207031
2019-12-29 19:00:00,69.8373031616211
2019-12-29 19:15:00,66.51170349121094
2019-12-29 19:30:00,69.8373031616211
2019-12-29 19:45:00,67.62030029296875
2019-12-29 20:00:00,66.51170349121094
2019-12-29 20:15:00,60.96910095214844
2019-12-29 20:30:00,62.077598571777344
2019-12-29 20:45:00,59.860599517822266
2019-12-29 21:00:00,52.10089874267578
2019-12-29 21:15:00,56.53499984741211
2019-12-29 21:30:00,50.9922981262207
2019-12-29 21:45:00,49.8838005065918
2019-12-29 22:00:00,50.9922981262207
2019-12-29 22:15:00,53.20940017700195
2019-12-29 22:30:00,52.10089874267578
2019-12-29 22:45:00,49.8838005065918
2019-12-29 23:00:00,50.9922981262207
2019-12-29 23:15:00,49.8838005065918
2019-12-29 23:30:00,49.8838005065918
2019-12-29 23:45:00,47.66669845581055
2019-12-30 00:00:00,47.66669845581055
2019-12-30 00:15:00,46.55820083618164
2019-12-30 00:30:00,35.472900390625
2019-12-30 00:45:00,35.472900390625
2019-12-30 01:00:00,15.519399642944336
2019-12-30 01:15:00,8.868200302124023
2019-12-30 01:30:00,3.325599908828736
2019-12-30 01:45:00,5.542600154876709
2019-12-30 02:00:00,3.325599908828736
2019-12-30 02:15:00,3.325599908828736
2019-12-30 02:30:00,4.434100151062012
2019-12-30 02:45:00,1.1085000038146973
2019-12-30 03:00:00,3.325599908828736
2019-12-30 03:15:00,4.434100151062012
2019-12-30 03:30:00,3.325599908828736
2019-12-30 03:45:00,1.1085000038146973
2019-12-30 04:00:00,4.434100151062012
2019-12-30 04:15:00,4.434100151062012
2019-12-30 04:30:00,2.217099905014038
2019-12-30 04:45:00,3.325599908828736
2019-12-30 05:00:00,2.217099905014038
2019-12-30 05:15:00,3.325599908828736
2019-12-30 05:30:00,3.325599908828736
2019-12-30 05:45:00,2.217099905014038
2019-12-30 06:00:00,3.325599908828736
2019-12-30 06:15:00,3.325599908828736
2019-12-30 06:30:00,5.542600154876709
2019-12-30 06:45:00,6.651199817657471
2019-12-30 07:00:00,7.759699821472168
2019-12-30 07:15:00,6.651199817657471
2019-12-30 07:30:00,26.604700088500977
2019-12-30 07:45:00,168.49639892578125
2019-12-30 08:00:00,174.03909301757812
2019-12-30 08:15:00,227.24850463867188
2019-12-30 08:30:00,304.8454895019531
2019-12-30 08:45:00,354.72930908203125
2019-12-30 09:00:00,399.0704040527344
2019-12-30 09:15:00,393.5278015136719
2019-12-30 09:30:00,371.3572082519531
2019-12-30 09:45:00,376.89990234375
2019-12-30 10:00:00,394.6362915039063
2019-12-30 10:15:00,400.1789855957031
2019-12-30 10:30:00,389.09368896484375
2019-12-30 10:45:00,409.0472106933594
2019-12-30 11:00:00,386.8765869140625
2019-12-30 11:15:00,390.20220947265625
2019-12-30 11:30:00,378.0083923339844
2019-12-30 11:45:00,322.5819091796875
2019-12-30 12:00:00,227.24850463867188
2019-12-30 12:15:00,134.1320037841797
2019-12-30 12:30:00,131.9149932861328
2019-12-30 12:45:00,212.8376007080078
2019-12-30 13:00:00,280.4577941894531
2019-12-30 13:15:00,304.8454895019531
2019-12-30 13:30:00,338.1014099121094
2019-12-30 13:45:00,342.5354919433594
2019-12-30 14:00:00,362.489013671875
2019-12-30 14:15:00,329.23309326171875
2019-12-30 14:30:00,330.34161376953125
2019-12-30 14:45:00,307.0625
2019-12-30 15:00:00,278.2408142089844
2019-12-30 15:15:00,315.9307861328125
2019-12-30 15:30:00,340.3183898925781
2019-12-30 15:45:00,331.4501953125
2019-12-30 16:00:00,308.1711120605469
2019-12-30 16:15:00,310.3880920410156
2019-12-30 16:30:00,327.01611328125
2019-12-30 16:45:00,366.923095703125
2019-12-30 17:00:00,378.0083923339844
2019-12-30 17:15:00,333.6672058105469
2019-12-30 17:30:00,317.039306640625
2019-12-30 17:45:00,237.22520446777344
2019-12-30 18:00:00,188.4499053955078
2019-12-30 18:15:00,219.4886932373047
2019-12-30 18:30:00,236.11669921875
2019-12-30 18:45:00,198.4266967773437
2019-12-30 19:00:00,215.0545959472656
2019-12-30 19:15:00,179.58169555664062
2019-12-30 19:30:00,97.55059814453124
2019-12-30 19:45:00,66.51170349121094
2019-12-30 20:00:00,58.75199890136719
2019-12-30 20:15:00,46.55820083618164
2019-12-30 20:30:00,45.44969940185547
2019-12-30 20:45:00,49.8838005065918
2019-12-30 21:00:00,58.75199890136719
2019-12-30 21:15:00,56.53499984741211
2019-12-30 21:30:00,47.66669845581055
2019-12-30 21:45:00,35.472900390625
2019-12-30 22:00:00,39.90700149536133
2019-12-30 22:15:00,38.79850006103516
2019-12-30 22:30:00,42.12409973144531
2019-12-30 22:45:00,44.34120178222656
2019-12-30 23:00:00,52.10089874267578
2019-12-30 23:15:00,45.44969940185547
2019-12-30 23:30:00,32.147300720214844
2019-12-30 23:45:00,15.519399642944336
2019-12-31 00:00:00,14.410900115966797
2019-12-31 00:15:00,11.08530044555664
2019-12-31 00:30:00,9.976799964904783
2019-12-31 00:45:00,8.868200302124023
2019-12-31 01:00:00,8.868200302124023
2019-12-31 01:15:00,11.08530044555664
2019-12-31 01:30:00,11.08530044555664
2019-12-31 01:45:00,8.868200302124023
2019-12-31 02:00:00,6.651199817657471
2019-12-31 02:15:00,3.325599908828736
2019-12-31 02:30:00,3.325599908828736
2019-12-31 02:45:00,2.217099905014038
2019-12-31 03:00:00,2.217099905014038
2019-12-31 03:15:00,1.1085000038146973
2019-12-31 03:30:00,3.325599908828736
2019-12-31 03:45:00,2.217099905014038
2019-12-31 04:00:00,2.217099905014038
2019-12-31 04:15:00,3.325599908828736
2019-12-31 04:30:00,3.325599908828736
2019-12-31 04:45:00,3.325599908828736
2019-12-31 05:00:00,2.217099905014038
2019-12-31 05:15:00,3.325599908828736
2019-12-31 05:30:00,2.217099905014038
2019-12-31 05:45:00,1.1085000038146973
2019-12-31 06:00:00,3.325599908828736
2019-12-31 06:15:00,4.434100151062012
2019-12-31 06:30:00,6.651199817657471
2019-12-31 06:45:00,5.542600154876709
2019-12-31 07:00:00,6.651199817657471
2019-12-31 07:15:00,5.542600154876709
2019-12-31 07:30:00,28.8218002319336
2019-12-31 07:45:00,95.33350372314452
2019-12-31 08:00:00,180.6902008056641
2019-12-31 08:15:00,282.6748962402344
2019-12-31 08:30:00,359.16339111328125
2019-12-31 08:45:00,365.8146057128906
2019-12-31 09:00:00,401.2875061035156
2019-12-31 09:15:00,159.83602905273438
2019-12-31 09:30:00,157.4017333984375
2019-12-31 09:45:00,431.2178039550781
2019-12-31 10:00:00,414.58990478515625
2019-12-31 10:15:00,433.434814453125
2019-12-31 10:30:00,156.29310607910156
2019-12-31 10:45:00,153.86810302734375
2019-12-31 11:00:00,151.20999145507812
2019-12-31 11:15:00,421.2409973144531
2019-12-31 11:30:00,402.39599609375
2019-12-31 11:45:00,378.0083923339844
2019-12-31 12:00:00,290.4346008300781
2019-12-31 12:15:00,189.5585021972656
2019-12-31 12:30:00,206.1864013671875
2019-12-31 12:45:00,298.1943054199219
2019-12-31 13:00:00,352.51220703125
2019-12-31 13:15:00,396.8533935546875
2019-12-31 13:30:00,416.806884765625
2019-12-31 13:45:00,436.7604064941406
2019-12-31 14:00:00,432.3262939453125
2019-12-31 14:15:00,413.4812927246094
2019-12-31 14:30:00,393.5278015136719
2019-12-31 14:45:00,403.5046081542969
2019-12-31 15:00:00,390.20220947265625
2019-12-31 15:15:00,345.8611145019531
2019-12-31 15:30:00,361.3804931640625
2019-12-31 15:45:00,342.5354919433594
2019-12-31 16:00:00,267.1554870605469
2019-12-31 16:15:00,244.98489379882807
2019-12-31 16:30:00,251.63609313964844
2019-12-31 16:45:00,247.2019958496093
2019-12-31 17:00:00,233.89959716796875
2019-12-31 17:15:00,215.0545959472656
2019-12-31 17:30:00,196.2095947265625
2019-12-31 17:45:00,165.17080688476562
2019-12-31 18:00:00,162.95379638671875
2019-12-31 18:15:00,161.84519958496094
2019-12-31 18:30:00,157.41110229492188
2019-12-31 18:45:00,154.0854949951172
2019-12-31 19:00:00,149.65139770507812
2019-12-31 19:15:00,120.82969665527344
2019-12-31 19:30:00,98.65910339355467
2019-12-31 19:45:00,85.35669708251953
2019-12-31 20:00:00,79.81410217285156
2019-12-31 20:15:00,67.62030029296875
2019-12-31 20:30:00,63.18619918823242
2019-12-31 20:45:00,62.077598571777344
2019-12-31 21:00:00,64.2947006225586
2019-12-31 21:15:00,59.860599517822266
2019-12-31 21:30:00,60.96910095214844
2019-12-31 21:45:00,54.317901611328125
2019-12-31 22:00:00,58.75199890136719
2019-12-31 22:15:00,52.10089874267578
2019-12-31 22:30:00,48.775299072265625
2019-12-31 22:45:00,48.775299072265625
2019-12-31 23:00:00,48.775299072265625
2019-12-31 23:15:00,48.775299072265625
2019-12-31 23:30:00,47.66669845581055
2019-12-31 23:45:00,49.8838005065918
