date,OT
2020-01-01 00:10:00,428.1
2020-01-01 00:20:00,428.0
2020-01-01 00:30:00,427.6
2020-01-01 00:40:00,430.0
2020-01-01 00:50:00,432.2
2020-01-01 01:00:00,430.5
2020-01-01 01:10:00,431.3
2020-01-01 01:20:00,433.9
2020-01-01 01:30:00,430.9
2020-01-01 01:40:00,431.1
2020-01-01 01:50:00,434.6
2020-01-01 02:00:00,435.6
2020-01-01 02:10:00,433.4
2020-01-01 02:20:00,433.7
2020-01-01 02:30:00,433.2
2020-01-01 02:40:00,433.9
2020-01-01 02:50:00,434.3
2020-01-01 03:00:00,434.3
2020-01-01 03:10:00,433.9
2020-01-01 03:20:00,428.9
2020-01-01 03:30:00,429.6
2020-01-01 03:40:00,430.1
2020-01-01 03:50:00,432.6
2020-01-01 04:00:00,430.4
2020-01-01 04:10:00,430.7
2020-01-01 04:20:00,430.7
2020-01-01 04:30:00,434.6
2020-01-01 04:40:00,433.3
2020-01-01 04:50:00,437.6
2020-01-01 05:00:00,435.0
2020-01-01 05:10:00,433.4
2020-01-01 05:20:00,433.5
2020-01-01 05:30:00,439.9
2020-01-01 05:40:00,440.9
2020-01-01 05:50:00,438.9
2020-01-01 06:00:00,438.9
2020-01-01 06:10:00,434.1
2020-01-01 06:20:00,441.1
2020-01-01 06:30:00,440.4
2020-01-01 06:40:00,438.9
2020-01-01 06:50:00,435.5
2020-01-01 07:00:00,433.3
2020-01-01 07:10:00,433.1
2020-01-01 07:20:00,435.2
2020-01-01 07:30:00,437.6
2020-01-01 07:40:00,439.0
2020-01-01 07:50:00,438.5
2020-01-01 08:00:00,436.4
2020-01-01 08:10:00,436.3
2020-01-01 08:20:00,440.8
2020-01-01 08:30:00,435.6
2020-01-01 08:40:00,433.7
2020-01-01 08:50:00,433.1
2020-01-01 09:00:00,435.2
2020-01-01 09:10:00,439.4
2020-01-01 09:20:00,441.0
2020-01-01 09:30:00,442.4
2020-01-01 09:40:00,441.8
2020-01-01 09:50:00,441.6
2020-01-01 10:00:00,442.5
2020-01-01 10:10:00,442.0
2020-01-01 10:20:00,440.9
2020-01-01 10:30:00,440.7
2020-01-01 10:40:00,441.8
2020-01-01 10:50:00,441.9
2020-01-01 11:00:00,439.4
2020-01-01 11:10:00,440.5
2020-01-01 11:20:00,438.8
2020-01-01 11:30:00,438.7
2020-01-01 11:40:00,438.5
2020-01-01 11:50:00,441.1
2020-01-01 12:00:00,442.4
2020-01-01 12:10:00,441.5
2020-01-01 12:20:00,438.3
2020-01-01 12:30:00,436.4
2020-01-01 12:40:00,434.7
2020-01-01 12:50:00,434.9
2020-01-01 13:00:00,434.1
2020-01-01 13:10:00,434.7
2020-01-01 13:20:00,433.2
2020-01-01 13:30:00,433.0
2020-01-01 13:40:00,432.4
2020-01-01 13:50:00,431.8
2020-01-01 14:00:00,431.2
2020-01-01 14:10:00,430.7
2020-01-01 14:20:00,429.2
2020-01-01 14:30:00,428.9
2020-01-01 14:40:00,428.6
2020-01-01 14:50:00,428.9
2020-01-01 15:00:00,429.3
2020-01-01 15:10:00,427.9
2020-01-01 15:20:00,427.3
2020-01-01 15:30:00,426.7
2020-01-01 15:40:00,426.2
2020-01-01 15:50:00,425.6
2020-01-01 16:00:00,425.2
2020-01-01 16:10:00,425.4
2020-01-01 16:20:00,424.9
2020-01-01 16:30:00,424.5
2020-01-01 16:40:00,424.7
2020-01-01 16:50:00,425.0
2020-01-01 17:00:00,429.9
2020-01-01 17:10:00,437.9
2020-01-01 17:20:00,428.9
2020-01-01 17:30:00,427.3
2020-01-01 17:40:00,430.4
2020-01-01 17:50:00,430.7
2020-01-01 18:00:00,430.2
2020-01-01 18:10:00,430.1
2020-01-01 18:20:00,430.8
2020-01-01 18:30:00,431.9
2020-01-01 18:40:00,433.9
2020-01-01 18:50:00,437.3
2020-01-01 19:00:00,445.3
2020-01-01 19:10:00,439.5
2020-01-01 19:20:00,435.8
2020-01-01 19:30:00,434.9
2020-01-01 19:40:00,432.3
2020-01-01 19:50:00,433.4
2020-01-01 20:00:00,435.1
2020-01-01 20:10:00,437.9
2020-01-01 20:20:00,438.7
2020-01-01 20:30:00,438.5
2020-01-01 20:40:00,439.1
2020-01-01 20:50:00,439.7
2020-01-01 21:00:00,441.0
2020-01-01 21:10:00,440.8
2020-01-01 21:20:00,441.5
2020-01-01 21:30:00,444.5
2020-01-01 21:40:00,441.6
2020-01-01 21:50:00,439.6
2020-01-01 22:00:00,442.8
2020-01-01 22:10:00,440.6
2020-01-01 22:20:00,441.6
2020-01-01 22:30:00,442.0
2020-01-01 22:40:00,441.1
2020-01-01 22:50:00,441.2
2020-01-01 23:00:00,441.4
2020-01-01 23:10:00,439.0
2020-01-01 23:20:00,432.4
2020-01-01 23:30:00,432.1
2020-01-01 23:40:00,432.2
2020-01-01 23:50:00,435.2
2020-01-02 00:00:00,438.5
2020-01-02 00:10:00,439.1
2020-01-02 00:20:00,438.2
2020-01-02 00:30:00,436.7
2020-01-02 00:40:00,437.1
2020-01-02 00:50:00,436.0
2020-01-02 01:00:00,437.1
2020-01-02 01:10:00,442.8
2020-01-02 01:20:00,444.4
2020-01-02 01:30:00,444.6
2020-01-02 01:40:00,441.4
2020-01-02 01:50:00,443.6
2020-01-02 02:00:00,440.6
2020-01-02 02:10:00,440.7
2020-01-02 02:20:00,440.6
2020-01-02 02:30:00,435.7
2020-01-02 02:40:00,444.9
2020-01-02 02:50:00,447.5
2020-01-02 03:00:00,447.2
2020-01-02 03:10:00,448.0
2020-01-02 03:20:00,441.4
2020-01-02 03:30:00,443.4
2020-01-02 03:40:00,448.9
2020-01-02 03:50:00,446.0
2020-01-02 04:00:00,443.6
2020-01-02 04:10:00,441.5
2020-01-02 04:20:00,444.4
2020-01-02 04:30:00,452.1
2020-01-02 04:40:00,452.8
2020-01-02 04:50:00,450.1
2020-01-02 05:00:00,440.6
2020-01-02 05:10:00,439.1
2020-01-02 05:20:00,440.7
2020-01-02 05:30:00,446.1
2020-01-02 05:40:00,449.2
2020-01-02 05:50:00,453.2
2020-01-02 06:00:00,451.2
2020-01-02 06:10:00,452.1
2020-01-02 06:20:00,452.0
2020-01-02 06:30:00,451.7
2020-01-02 06:40:00,452.1
2020-01-02 06:50:00,451.8
2020-01-02 07:00:00,447.6
2020-01-02 07:10:00,446.1
2020-01-02 07:20:00,445.6
2020-01-02 07:30:00,443.7
2020-01-02 07:40:00,446.4
2020-01-02 07:50:00,452.5
2020-01-02 08:00:00,451.0
2020-01-02 08:10:00,451.7
2020-01-02 08:20:00,453.2
2020-01-02 08:30:00,453.5
2020-01-02 08:40:00,445.2
2020-01-02 08:50:00,443.5
2020-01-02 09:00:00,447.1
2020-01-02 09:10:00,457.3
2020-01-02 09:20:00,459.1
2020-01-02 09:30:00,457.2
2020-01-02 09:40:00,455.3
2020-01-02 09:50:00,457.0
2020-01-02 10:00:00,459.2
2020-01-02 10:10:00,463.1
2020-01-02 10:20:00,466.5
2020-01-02 10:30:00,459.3
2020-01-02 10:40:00,453.6
2020-01-02 10:50:00,450.3
2020-01-02 11:00:00,449.4
2020-01-02 11:10:00,451.4
2020-01-02 11:20:00,452.8
2020-01-02 11:30:00,451.2
2020-01-02 11:40:00,448.4
2020-01-02 11:50:00,447.1
2020-01-02 12:00:00,445.3
2020-01-02 12:10:00,445.7
2020-01-02 12:20:00,441.9
2020-01-02 12:30:00,440.7
2020-01-02 12:40:00,440.4
2020-01-02 12:50:00,440.7
2020-01-02 13:00:00,436.8
2020-01-02 13:10:00,435.3
2020-01-02 13:20:00,439.8
2020-01-02 13:30:00,439.3
2020-01-02 13:40:00,439.0
2020-01-02 13:50:00,438.9
2020-01-02 14:00:00,438.6
2020-01-02 14:10:00,438.9
2020-01-02 14:20:00,437.7
2020-01-02 14:30:00,436.4
2020-01-02 14:40:00,436.8
2020-01-02 14:50:00,434.5
2020-01-02 15:00:00,432.3
2020-01-02 15:10:00,432.3
2020-01-02 15:20:00,434.5
2020-01-02 15:30:00,434.5
2020-01-02 15:40:00,434.5
2020-01-02 15:50:00,435.9
2020-01-02 16:00:00,437.8
2020-01-02 16:10:00,438.2
2020-01-02 16:20:00,437.9
2020-01-02 16:30:00,436.7
2020-01-02 16:40:00,437.5
2020-01-02 16:50:00,441.1
2020-01-02 17:00:00,441.2
2020-01-02 17:10:00,441.6
2020-01-02 17:20:00,440.9
2020-01-02 17:30:00,439.9
2020-01-02 17:40:00,440.2
2020-01-02 17:50:00,439.9
2020-01-02 18:00:00,441.2
2020-01-02 18:10:00,444.7
2020-01-02 18:20:00,445.8
2020-01-02 18:30:00,448.9
2020-01-02 18:40:00,449.5
2020-01-02 18:50:00,447.1
2020-01-02 19:00:00,449.3
2020-01-02 19:10:00,447.5
2020-01-02 19:20:00,450.5
2020-01-02 19:30:00,447.8
2020-01-02 19:40:00,441.5
2020-01-02 19:50:00,441.3
2020-01-02 20:00:00,437.6
2020-01-02 20:10:00,444.3
2020-01-02 20:20:00,446.7
2020-01-02 20:30:00,448.3
2020-01-02 20:40:00,448.9
2020-01-02 20:50:00,449.2
2020-01-02 21:00:00,448.1
2020-01-02 21:10:00,447.2
2020-01-02 21:20:00,445.8
2020-01-02 21:30:00,444.9
2020-01-02 21:40:00,443.9
2020-01-02 21:50:00,442.9
2020-01-02 22:00:00,441.9
2020-01-02 22:10:00,438.9
2020-01-02 22:20:00,437.7
2020-01-02 22:30:00,439.0
2020-01-02 22:40:00,439.0
2020-01-02 22:50:00,438.6
2020-01-02 23:00:00,439.4
2020-01-02 23:10:00,436.1
2020-01-02 23:20:00,435.0
2020-01-02 23:30:00,435.9
2020-01-02 23:40:00,436.9
2020-01-02 23:50:00,437.0
2020-01-03 00:00:00,434.9
2020-01-03 00:10:00,436.4
2020-01-03 00:20:00,437.0
2020-01-03 00:30:00,436.4
2020-01-03 00:40:00,435.2
2020-01-03 00:50:00,433.5
2020-01-03 01:00:00,433.3
2020-01-03 01:10:00,432.2
2020-01-03 01:20:00,431.2
2020-01-03 01:30:00,430.9
2020-01-03 01:40:00,430.3
2020-01-03 01:50:00,430.2
2020-01-03 02:00:00,431.1
2020-01-03 02:10:00,431.2
2020-01-03 02:20:00,431.3
2020-01-03 02:30:00,431.4
2020-01-03 02:40:00,430.5
2020-01-03 02:50:00,430.2
2020-01-03 03:00:00,429.6
2020-01-03 03:10:00,428.8
2020-01-03 03:20:00,428.4
2020-01-03 03:30:00,427.5
2020-01-03 03:40:00,427.9
2020-01-03 03:50:00,428.1
2020-01-03 04:00:00,429.2
2020-01-03 04:10:00,429.4
2020-01-03 04:20:00,430.2
2020-01-03 04:30:00,430.1
2020-01-03 04:40:00,430.7
2020-01-03 04:50:00,430.6
2020-01-03 05:00:00,430.4
2020-01-03 05:10:00,430.9
2020-01-03 05:20:00,431.1
2020-01-03 05:30:00,432.0
2020-01-03 05:40:00,433.8
2020-01-03 05:50:00,433.9
2020-01-03 06:00:00,434.1
2020-01-03 06:10:00,433.9
2020-01-03 06:20:00,433.5
2020-01-03 06:30:00,433.1
2020-01-03 06:40:00,433.1
2020-01-03 06:50:00,433.7
2020-01-03 07:00:00,433.9
2020-01-03 07:10:00,434.5
2020-01-03 07:20:00,433.4
2020-01-03 07:30:00,433.8
2020-01-03 07:40:00,434.3
2020-01-03 07:50:00,433.7
2020-01-03 08:00:00,432.9
2020-01-03 08:10:00,432.3
2020-01-03 08:20:00,432.3
2020-01-03 08:30:00,433.1
2020-01-03 08:40:00,434.4
2020-01-03 08:50:00,435.8
2020-01-03 09:00:00,435.8
2020-01-03 09:10:00,434.5
2020-01-03 09:20:00,435.1
2020-01-03 09:30:00,435.5
2020-01-03 09:40:00,435.4
2020-01-03 09:50:00,436.4
2020-01-03 10:00:00,436.0
2020-01-03 10:10:00,435.3
2020-01-03 10:20:00,435.4
2020-01-03 10:30:00,435.7
2020-01-03 10:40:00,435.4
2020-01-03 10:50:00,434.5
2020-01-03 11:00:00,434.7
2020-01-03 11:10:00,434.1
2020-01-03 11:20:00,436.1
2020-01-03 11:30:00,438.9
2020-01-03 11:40:00,434.4
2020-01-03 11:50:00,433.7
2020-01-03 12:00:00,431.7
2020-01-03 12:10:00,432.3
2020-01-03 12:20:00,433.8
2020-01-03 12:30:00,430.5
2020-01-03 12:40:00,425.8
2020-01-03 12:50:00,421.8
2020-01-03 13:00:00,422.7
2020-01-03 13:10:00,422.0
2020-01-03 13:20:00,422.3
2020-01-03 13:30:00,422.2
2020-01-03 13:40:00,422.8
2020-01-03 13:50:00,423.4
2020-01-03 14:00:00,423.4
2020-01-03 14:10:00,424.0
2020-01-03 14:20:00,424.3
2020-01-03 14:30:00,424.5
2020-01-03 14:40:00,424.8
2020-01-03 14:50:00,425.1
2020-01-03 15:00:00,425.2
2020-01-03 15:10:00,425.5
2020-01-03 15:20:00,425.5
2020-01-03 15:30:00,425.8
2020-01-03 15:40:00,426.0
2020-01-03 15:50:00,425.7
2020-01-03 16:00:00,426.0
2020-01-03 16:10:00,426.0
2020-01-03 16:20:00,425.9
2020-01-03 16:30:00,425.7
2020-01-03 16:40:00,425.8
2020-01-03 16:50:00,425.4
2020-01-03 17:00:00,426.1
2020-01-03 17:10:00,425.8
2020-01-03 17:20:00,426.1
2020-01-03 17:30:00,425.9
2020-01-03 17:40:00,426.1
2020-01-03 17:50:00,425.6
2020-01-03 18:00:00,426.3
2020-01-03 18:10:00,425.8
2020-01-03 18:20:00,425.8
2020-01-03 18:30:00,425.8
2020-01-03 18:40:00,425.5
2020-01-03 18:50:00,425.6
2020-01-03 19:00:00,425.3
2020-01-03 19:10:00,425.3
2020-01-03 19:20:00,425.0
2020-01-03 19:30:00,424.7
2020-01-03 19:40:00,424.5
2020-01-03 19:50:00,424.4
2020-01-03 20:00:00,423.9
2020-01-03 20:10:00,423.6
2020-01-03 20:20:00,423.3
2020-01-03 20:30:00,423.3
2020-01-03 20:40:00,423.1
2020-01-03 20:50:00,423.0
2020-01-03 21:00:00,422.8
2020-01-03 21:10:00,422.9
2020-01-03 21:20:00,422.9
2020-01-03 21:30:00,422.8
2020-01-03 21:40:00,422.8
2020-01-03 21:50:00,422.7
2020-01-03 22:00:00,422.9
2020-01-03 22:10:00,422.9
2020-01-03 22:20:00,422.9
2020-01-03 22:30:00,423.1
2020-01-03 22:40:00,423.2
2020-01-03 22:50:00,423.2
2020-01-03 23:00:00,423.5
2020-01-03 23:10:00,423.2
2020-01-03 23:20:00,423.2
2020-01-03 23:30:00,423.0
2020-01-03 23:40:00,422.8
2020-01-03 23:50:00,421.3
2020-01-04 00:00:00,419.0
2020-01-04 00:10:00,419.2
2020-01-04 00:20:00,418.2
2020-01-04 00:30:00,417.9
2020-01-04 00:40:00,417.9
2020-01-04 00:50:00,417.9
2020-01-04 01:00:00,417.9
2020-01-04 01:10:00,417.9
2020-01-04 01:20:00,417.9
2020-01-04 01:30:00,418.4
2020-01-04 01:40:00,418.4
2020-01-04 01:50:00,418.3
2020-01-04 02:00:00,418.3
2020-01-04 02:10:00,418.3
2020-01-04 02:20:00,418.3
2020-01-04 02:30:00,417.9
2020-01-04 02:40:00,417.8
2020-01-04 02:50:00,417.9
2020-01-04 03:00:00,418.3
2020-01-04 03:10:00,418.4
2020-01-04 03:20:00,418.8
2020-01-04 03:30:00,419.0
2020-01-04 03:40:00,419.4
2020-01-04 03:50:00,419.4
2020-01-04 04:00:00,419.4
2020-01-04 04:10:00,419.4
2020-01-04 04:20:00,419.4
2020-01-04 04:30:00,419.0
2020-01-04 04:40:00,419.1
2020-01-04 04:50:00,419.4
2020-01-04 05:00:00,419.4
2020-01-04 05:10:00,419.4
2020-01-04 05:20:00,419.4
2020-01-04 05:30:00,419.6
2020-01-04 05:40:00,419.7
2020-01-04 05:50:00,419.9
2020-01-04 06:00:00,419.9
2020-01-04 06:10:00,419.9
2020-01-04 06:20:00,420.3
2020-01-04 06:30:00,420.3
2020-01-04 06:40:00,420.4
2020-01-04 06:50:00,420.7
2020-01-04 07:00:00,421.2
2020-01-04 07:10:00,420.8
2020-01-04 07:20:00,420.4
2020-01-04 07:30:00,420.4
2020-01-04 07:40:00,420.9
2020-01-04 07:50:00,420.3
2020-01-04 08:00:00,420.5
2020-01-04 08:10:00,420.8
2020-01-04 08:20:00,421.5
2020-01-04 08:30:00,420.8
2020-01-04 08:40:00,420.8
2020-01-04 08:50:00,420.6
2020-01-04 09:00:00,420.9
2020-01-04 09:10:00,420.8
2020-01-04 09:20:00,420.8
2020-01-04 09:30:00,420.8
2020-01-04 09:40:00,420.9
2020-01-04 09:50:00,420.8
2020-01-04 10:00:00,420.9
2020-01-04 10:10:00,420.8
2020-01-04 10:20:00,420.6
2020-01-04 10:30:00,420.6
2020-01-04 10:40:00,420.7
2020-01-04 10:50:00,421.0
2020-01-04 11:00:00,421.3
2020-01-04 11:10:00,421.7
2020-01-04 11:20:00,421.5
2020-01-04 11:30:00,421.4
2020-01-04 11:40:00,421.5
2020-01-04 11:50:00,421.3
2020-01-04 12:00:00,421.4
2020-01-04 12:10:00,421.3
2020-01-04 12:20:00,421.2
2020-01-04 12:30:00,421.2
2020-01-04 12:40:00,421.2
2020-01-04 12:50:00,421.2
2020-01-04 13:00:00,421.1
2020-01-04 13:10:00,420.9
2020-01-04 13:20:00,420.8
2020-01-04 13:30:00,420.9
2020-01-04 13:40:00,420.8
2020-01-04 13:50:00,420.8
2020-01-04 14:00:00,420.9
2020-01-04 14:10:00,420.8
2020-01-04 14:20:00,420.9
2020-01-04 14:30:00,421.3
2020-01-04 14:40:00,421.3
2020-01-04 14:50:00,421.3
2020-01-04 15:00:00,421.4
2020-01-04 15:10:00,421.8
2020-01-04 15:20:00,422.0
2020-01-04 15:30:00,422.4
2020-01-04 15:40:00,422.8
2020-01-04 15:50:00,422.9
2020-01-04 16:00:00,423.2
2020-01-04 16:10:00,423.2
2020-01-04 16:20:00,423.3
2020-01-04 16:30:00,423.5
2020-01-04 16:40:00,423.8
2020-01-04 16:50:00,423.9
2020-01-04 17:00:00,424.2
2020-01-04 17:10:00,424.3
2020-01-04 17:20:00,424.1
2020-01-04 17:30:00,423.8
2020-01-04 17:40:00,423.7
2020-01-04 17:50:00,423.7
2020-01-04 18:00:00,423.6
2020-01-04 18:10:00,423.3
2020-01-04 18:20:00,423.1
2020-01-04 18:30:00,421.0
2020-01-04 18:40:00,420.2
2020-01-04 18:50:00,419.5
2020-01-04 19:00:00,418.6
2020-01-04 19:10:00,417.6
2020-01-04 19:20:00,417.4
2020-01-04 19:30:00,417.8
2020-01-04 19:40:00,417.8
2020-01-04 19:50:00,418.1
2020-01-04 20:00:00,418.3
2020-01-04 20:10:00,418.4
2020-01-04 20:20:00,418.8
2020-01-04 20:30:00,419.1
2020-01-04 20:40:00,419.5
2020-01-04 20:50:00,420.1
2020-01-04 21:00:00,420.1
2020-01-04 21:10:00,419.5
2020-01-04 21:20:00,419.6
2020-01-04 21:30:00,419.9
2020-01-04 21:40:00,419.9
2020-01-04 21:50:00,419.9
2020-01-04 22:00:00,419.9
2020-01-04 22:10:00,419.9
2020-01-04 22:20:00,419.9
2020-01-04 22:30:00,419.9
2020-01-04 22:40:00,419.8
2020-01-04 22:50:00,419.5
2020-01-04 23:00:00,419.4
2020-01-04 23:10:00,419.4
2020-01-04 23:20:00,419.6
2020-01-04 23:30:00,420.0
2020-01-04 23:40:00,419.9
2020-01-04 23:50:00,420.1
2020-01-05 00:00:00,420.0
2020-01-05 00:10:00,419.8
2020-01-05 00:20:00,419.4
2020-01-05 00:30:00,419.0
2020-01-05 00:40:00,418.9
2020-01-05 00:50:00,418.9
2020-01-05 01:00:00,418.9
2020-01-05 01:10:00,418.9
2020-01-05 01:20:00,419.2
2020-01-05 01:30:00,419.3
2020-01-05 01:40:00,419.3
2020-01-05 01:50:00,419.3
2020-01-05 02:00:00,419.6
2020-01-05 02:10:00,419.7
2020-01-05 02:20:00,419.8
2020-01-05 02:30:00,419.7
2020-01-05 02:40:00,419.7
2020-01-05 02:50:00,419.7
2020-01-05 03:00:00,419.7
2020-01-05 03:10:00,419.7
2020-01-05 03:20:00,419.7
2020-01-05 03:30:00,419.7
2020-01-05 03:40:00,419.5
2020-01-05 03:50:00,419.3
2020-01-05 04:00:00,419.3
2020-01-05 04:10:00,419.2
2020-01-05 04:20:00,419.6
2020-01-05 04:30:00,419.7
2020-01-05 04:40:00,420.0
2020-01-05 04:50:00,420.1
2020-01-05 05:00:00,420.0
2020-01-05 05:10:00,419.7
2020-01-05 05:20:00,419.8
2020-01-05 05:30:00,420.0
2020-01-05 05:40:00,420.1
2020-01-05 05:50:00,420.0
2020-01-05 06:00:00,419.6
2020-01-05 06:10:00,419.3
2020-01-05 06:20:00,419.3
2020-01-05 06:30:00,419.5
2020-01-05 06:40:00,419.6
2020-01-05 06:50:00,419.3
2020-01-05 07:00:00,419.2
2020-01-05 07:10:00,419.3
2020-01-05 07:20:00,419.2
2020-01-05 07:30:00,419.3
2020-01-05 07:40:00,419.0
2020-01-05 07:50:00,418.9
2020-01-05 08:00:00,419.0
2020-01-05 08:10:00,419.3
2020-01-05 08:20:00,419.3
2020-01-05 08:30:00,419.2
2020-01-05 08:40:00,419.0
2020-01-05 08:50:00,419.2
2020-01-05 09:00:00,419.2
2020-01-05 09:10:00,418.8
2020-01-05 09:20:00,418.4
2020-01-05 09:30:00,418.4
2020-01-05 09:40:00,418.4
2020-01-05 09:50:00,421.7
2020-01-05 10:00:00,430.4
2020-01-05 10:10:00,431.5
2020-01-05 10:20:00,430.5
2020-01-05 10:30:00,430.4
2020-01-05 10:40:00,429.3
2020-01-05 10:50:00,427.9
2020-01-05 11:00:00,427.0
2020-01-05 11:10:00,422.2
2020-01-05 11:20:00,418.3
2020-01-05 11:30:00,419.9
2020-01-05 11:40:00,420.2
2020-01-05 11:50:00,423.2
2020-01-05 12:00:00,418.0
2020-01-05 12:10:00,416.6
2020-01-05 12:20:00,416.6
2020-01-05 12:30:00,417.0
2020-01-05 12:40:00,416.5
2020-01-05 12:50:00,416.0
2020-01-05 13:00:00,416.3
2020-01-05 13:10:00,415.9
2020-01-05 13:20:00,415.6
2020-01-05 13:30:00,415.2
2020-01-05 13:40:00,415.3
2020-01-05 13:50:00,415.4
2020-01-05 14:00:00,415.6
2020-01-05 14:10:00,415.3
2020-01-05 14:20:00,415.6
2020-01-05 14:30:00,415.0
2020-01-05 14:40:00,415.1
2020-01-05 14:50:00,415.3
2020-01-05 15:00:00,414.8
2020-01-05 15:10:00,414.4
2020-01-05 15:20:00,414.4
2020-01-05 15:30:00,414.2
2020-01-05 15:40:00,413.9
2020-01-05 15:50:00,413.8
2020-01-05 16:00:00,414.5
2020-01-05 16:10:00,414.8
2020-01-05 16:20:00,414.8
2020-01-05 16:30:00,415.1
2020-01-05 16:40:00,415.5
2020-01-05 16:50:00,415.1
2020-01-05 17:00:00,415.8
2020-01-05 17:10:00,416.2
2020-01-05 17:20:00,416.8
2020-01-05 17:30:00,417.9
2020-01-05 17:40:00,418.3
2020-01-05 17:50:00,418.7
2020-01-05 18:00:00,417.7
2020-01-05 18:10:00,418.0
2020-01-05 18:20:00,420.3
2020-01-05 18:30:00,423.6
2020-01-05 18:40:00,423.1
2020-01-05 18:50:00,421.1
2020-01-05 19:00:00,419.6
2020-01-05 19:10:00,419.3
2020-01-05 19:20:00,420.7
2020-01-05 19:30:00,422.5
2020-01-05 19:40:00,422.0
2020-01-05 19:50:00,423.2
2020-01-05 20:00:00,423.5
2020-01-05 20:10:00,423.4
2020-01-05 20:20:00,422.2
2020-01-05 20:30:00,423.6
2020-01-05 20:40:00,424.1
2020-01-05 20:50:00,423.7
2020-01-05 21:00:00,423.1
2020-01-05 21:10:00,423.2
2020-01-05 21:20:00,423.9
2020-01-05 21:30:00,424.9
2020-01-05 21:40:00,424.7
2020-01-05 21:50:00,425.0
2020-01-05 22:00:00,424.7
2020-01-05 22:10:00,425.4
2020-01-05 22:20:00,424.7
2020-01-05 22:30:00,424.2
2020-01-05 22:40:00,424.0
2020-01-05 22:50:00,424.0
2020-01-05 23:00:00,423.7
2020-01-05 23:10:00,425.7
2020-01-05 23:20:00,424.4
2020-01-05 23:30:00,423.6
2020-01-05 23:40:00,423.9
2020-01-05 23:50:00,424.2
2020-01-06 00:00:00,423.5
2020-01-06 00:10:00,426.3
2020-01-06 00:20:00,425.5
2020-01-06 00:30:00,426.2
2020-01-06 00:40:00,425.7
2020-01-06 00:50:00,424.8
2020-01-06 01:00:00,424.7
2020-01-06 01:10:00,423.6
2020-01-06 01:20:00,423.9
2020-01-06 01:30:00,423.5
2020-01-06 01:40:00,424.8
2020-01-06 01:50:00,423.7
2020-01-06 02:00:00,424.8
2020-01-06 02:10:00,425.2
2020-01-06 02:20:00,425.1
2020-01-06 02:30:00,425.7
2020-01-06 02:40:00,425.0
2020-01-06 02:50:00,425.2
2020-01-06 03:00:00,425.0
2020-01-06 03:10:00,426.2
2020-01-06 03:20:00,426.4
2020-01-06 03:30:00,426.6
2020-01-06 03:40:00,427.3
2020-01-06 03:50:00,429.5
2020-01-06 04:00:00,429.2
2020-01-06 04:10:00,430.0
2020-01-06 04:20:00,428.8
2020-01-06 04:30:00,430.4
2020-01-06 04:40:00,429.0
2020-01-06 04:50:00,428.1
2020-01-06 05:00:00,429.7
2020-01-06 05:10:00,430.1
2020-01-06 05:20:00,428.7
2020-01-06 05:30:00,429.6
2020-01-06 05:40:00,431.9
2020-01-06 05:50:00,431.9
2020-01-06 06:00:00,431.6
2020-01-06 06:10:00,432.0
2020-01-06 06:20:00,433.5
2020-01-06 06:30:00,434.3
2020-01-06 06:40:00,436.4
2020-01-06 06:50:00,436.1
2020-01-06 07:00:00,435.7
2020-01-06 07:10:00,429.0
2020-01-06 07:20:00,427.8
2020-01-06 07:30:00,428.3
2020-01-06 07:40:00,435.0
2020-01-06 07:50:00,442.0
2020-01-06 08:00:00,441.8
2020-01-06 08:10:00,441.5
2020-01-06 08:20:00,441.7
2020-01-06 08:30:00,441.8
2020-01-06 08:40:00,448.1
2020-01-06 08:50:00,445.3
2020-01-06 09:00:00,446.7
2020-01-06 09:10:00,445.8
2020-01-06 09:20:00,446.0
2020-01-06 09:30:00,445.1
2020-01-06 09:40:00,442.3
2020-01-06 09:50:00,453.2
2020-01-06 10:00:00,450.5
2020-01-06 10:10:00,450.0
2020-01-06 10:20:00,449.9
2020-01-06 10:30:00,447.2
2020-01-06 10:40:00,446.5
2020-01-06 10:50:00,443.8
2020-01-06 11:00:00,442.3
2020-01-06 11:10:00,443.4
2020-01-06 11:20:00,443.3
2020-01-06 11:30:00,439.5
2020-01-06 11:40:00,438.9
2020-01-06 11:50:00,433.8
2020-01-06 12:00:00,434.9
2020-01-06 12:10:00,433.3
2020-01-06 12:20:00,431.5
2020-01-06 12:30:00,430.2
2020-01-06 12:40:00,428.8
2020-01-06 12:50:00,429.1
2020-01-06 13:00:00,430.0
2020-01-06 13:10:00,429.9
2020-01-06 13:20:00,428.9
2020-01-06 13:30:00,428.2
2020-01-06 13:40:00,427.8
2020-01-06 13:50:00,427.1
2020-01-06 14:00:00,426.2
2020-01-06 14:10:00,425.8
2020-01-06 14:20:00,425.3
2020-01-06 14:30:00,423.9
2020-01-06 14:40:00,423.6
2020-01-06 14:50:00,423.3
2020-01-06 15:00:00,423.3
2020-01-06 15:10:00,424.0
2020-01-06 15:20:00,423.7
2020-01-06 15:30:00,423.8
2020-01-06 15:40:00,425.1
2020-01-06 15:50:00,424.7
2020-01-06 16:00:00,424.7
2020-01-06 16:10:00,422.4
2020-01-06 16:20:00,421.9
2020-01-06 16:30:00,422.0
2020-01-06 16:40:00,422.4
2020-01-06 16:50:00,422.6
2020-01-06 17:00:00,423.1
2020-01-06 17:10:00,423.6
2020-01-06 17:20:00,424.2
2020-01-06 17:30:00,424.9
2020-01-06 17:40:00,426.1
2020-01-06 17:50:00,425.9
2020-01-06 18:00:00,426.0
2020-01-06 18:10:00,426.4
2020-01-06 18:20:00,426.7
2020-01-06 18:30:00,427.1
2020-01-06 18:40:00,427.5
2020-01-06 18:50:00,427.7
2020-01-06 19:00:00,428.3
2020-01-06 19:10:00,429.1
2020-01-06 19:20:00,430.5
2020-01-06 19:30:00,431.6
2020-01-06 19:40:00,434.0
2020-01-06 19:50:00,434.4
2020-01-06 20:00:00,435.7
2020-01-06 20:10:00,433.9
2020-01-06 20:20:00,432.8
2020-01-06 20:30:00,433.9
2020-01-06 20:40:00,435.8
2020-01-06 20:50:00,436.3
2020-01-06 21:00:00,436.6
2020-01-06 21:10:00,437.4
2020-01-06 21:20:00,437.0
2020-01-06 21:30:00,439.2
2020-01-06 21:40:00,442.0
2020-01-06 21:50:00,443.0
2020-01-06 22:00:00,443.2
2020-01-06 22:10:00,443.9
2020-01-06 22:20:00,444.0
2020-01-06 22:30:00,443.3
2020-01-06 22:40:00,444.5
2020-01-06 22:50:00,443.5
2020-01-06 23:00:00,443.0
2020-01-06 23:10:00,441.6
2020-01-06 23:20:00,442.0
2020-01-06 23:30:00,441.1
2020-01-06 23:40:00,440.5
2020-01-06 23:50:00,439.7
2020-01-07 00:00:00,439.6
2020-01-07 00:10:00,438.1
2020-01-07 00:20:00,436.8
2020-01-07 00:30:00,435.9
2020-01-07 00:40:00,435.5
2020-01-07 00:50:00,435.8
2020-01-07 01:00:00,435.5
2020-01-07 01:10:00,433.6
2020-01-07 01:20:00,432.4
2020-01-07 01:30:00,432.2
2020-01-07 01:40:00,433.3
2020-01-07 01:50:00,433.0
2020-01-07 02:00:00,434.2
2020-01-07 02:10:00,435.0
2020-01-07 02:20:00,434.3
2020-01-07 02:30:00,433.8
2020-01-07 02:40:00,434.2
2020-01-07 02:50:00,435.3
2020-01-07 03:00:00,436.1
2020-01-07 03:10:00,434.5
2020-01-07 03:20:00,434.1
2020-01-07 03:30:00,434.2
2020-01-07 03:40:00,436.0
2020-01-07 03:50:00,435.9
2020-01-07 04:00:00,435.2
2020-01-07 04:10:00,436.2
2020-01-07 04:20:00,436.9
2020-01-07 04:30:00,433.2
2020-01-07 04:40:00,432.6
2020-01-07 04:50:00,432.8
2020-01-07 05:00:00,433.9
2020-01-07 05:10:00,436.0
2020-01-07 05:20:00,436.6
2020-01-07 05:30:00,437.3
2020-01-07 05:40:00,435.1
2020-01-07 05:50:00,434.8
2020-01-07 06:00:00,433.4
2020-01-07 06:10:00,434.1
2020-01-07 06:20:00,439.5
2020-01-07 06:30:00,441.4
2020-01-07 06:40:00,440.5
2020-01-07 06:50:00,444.4
2020-01-07 07:00:00,445.5
2020-01-07 07:10:00,445.2
2020-01-07 07:20:00,444.8
2020-01-07 07:30:00,444.9
2020-01-07 07:40:00,448.4
2020-01-07 07:50:00,440.3
2020-01-07 08:00:00,437.7
2020-01-07 08:10:00,444.6
2020-01-07 08:20:00,439.2
2020-01-07 08:30:00,443.9
2020-01-07 08:40:00,445.7
2020-01-07 08:50:00,443.4
2020-01-07 09:00:00,441.9
2020-01-07 09:10:00,442.2
2020-01-07 09:20:00,442.9
2020-01-07 09:30:00,442.1
2020-01-07 09:40:00,444.0
2020-01-07 09:50:00,444.3
2020-01-07 10:00:00,443.9
2020-01-07 10:10:00,444.3
2020-01-07 10:20:00,442.8
2020-01-07 10:30:00,445.7
2020-01-07 10:40:00,445.0
2020-01-07 10:50:00,443.8
2020-01-07 11:00:00,441.0
2020-01-07 11:10:00,435.8
2020-01-07 11:20:00,434.3
2020-01-07 11:30:00,432.9
2020-01-07 11:40:00,432.7
2020-01-07 11:50:00,433.1
2020-01-07 12:00:00,437.0
2020-01-07 12:10:00,436.1
2020-01-07 12:20:00,441.3
2020-01-07 12:30:00,441.2
2020-01-07 12:40:00,442.7
2020-01-07 12:50:00,440.2
2020-01-07 13:00:00,444.6
2020-01-07 13:10:00,440.4
2020-01-07 13:20:00,438.2
2020-01-07 13:30:00,434.7
2020-01-07 13:40:00,435.5
2020-01-07 13:50:00,430.7
2020-01-07 14:00:00,429.9
2020-01-07 14:10:00,428.6
2020-01-07 14:20:00,428.5
2020-01-07 14:30:00,428.1
2020-01-07 14:40:00,427.6
2020-01-07 14:50:00,427.8
2020-01-07 15:00:00,427.0
2020-01-07 15:10:00,427.8
2020-01-07 15:20:00,431.7
2020-01-07 15:30:00,427.9
2020-01-07 15:40:00,429.3
2020-01-07 15:50:00,426.9
2020-01-07 16:00:00,426.7
2020-01-07 16:10:00,426.9
2020-01-07 16:20:00,433.8
2020-01-07 16:30:00,436.3
2020-01-07 16:40:00,434.9
2020-01-07 16:50:00,429.0
2020-01-07 17:00:00,428.6
2020-01-07 17:10:00,428.7
2020-01-07 17:20:00,427.6
2020-01-07 17:30:00,426.9
2020-01-07 17:40:00,426.8
2020-01-07 17:50:00,426.8
2020-01-07 18:00:00,425.9
2020-01-07 18:10:00,426.8
2020-01-07 18:20:00,427.8
2020-01-07 18:30:00,428.0
2020-01-07 18:40:00,427.6
2020-01-07 18:50:00,427.8
2020-01-07 19:00:00,428.5
2020-01-07 19:10:00,429.0
2020-01-07 19:20:00,428.9
2020-01-07 19:30:00,428.8
2020-01-07 19:40:00,429.6
2020-01-07 19:50:00,429.3
2020-01-07 20:00:00,429.6
2020-01-07 20:10:00,429.8
2020-01-07 20:20:00,430.9
2020-01-07 20:30:00,432.3
2020-01-07 20:40:00,431.3
2020-01-07 20:50:00,431.5
2020-01-07 21:00:00,431.7
2020-01-07 21:10:00,431.6
2020-01-07 21:20:00,431.7
2020-01-07 21:30:00,432.1
2020-01-07 21:40:00,432.9
2020-01-07 21:50:00,433.5
2020-01-07 22:00:00,433.9
2020-01-07 22:10:00,437.4
2020-01-07 22:20:00,439.8
2020-01-07 22:30:00,439.9
2020-01-07 22:40:00,440.3
2020-01-07 22:50:00,437.0
2020-01-07 23:00:00,436.6
2020-01-07 23:10:00,437.8
2020-01-07 23:20:00,436.8
2020-01-07 23:30:00,437.4
2020-01-07 23:40:00,438.6
2020-01-07 23:50:00,438.8
2020-01-08 00:00:00,438.3
2020-01-08 00:10:00,442.2
2020-01-08 00:20:00,442.5
2020-01-08 00:30:00,442.0
2020-01-08 00:40:00,442.0
2020-01-08 00:50:00,439.5
2020-01-08 01:00:00,438.9
2020-01-08 01:10:00,438.4
2020-01-08 01:20:00,437.7
2020-01-08 01:30:00,437.5
2020-01-08 01:40:00,436.8
2020-01-08 01:50:00,436.3
2020-01-08 02:00:00,435.4
2020-01-08 02:10:00,434.0
2020-01-08 02:20:00,433.2
2020-01-08 02:30:00,431.5
2020-01-08 02:40:00,432.2
2020-01-08 02:50:00,432.3
2020-01-08 03:00:00,432.4
2020-01-08 03:10:00,430.9
2020-01-08 03:20:00,429.3
2020-01-08 03:30:00,429.4
2020-01-08 03:40:00,431.0
2020-01-08 03:50:00,429.8
2020-01-08 04:00:00,427.2
2020-01-08 04:10:00,427.0
2020-01-08 04:20:00,427.1
2020-01-08 04:30:00,430.0
2020-01-08 04:40:00,430.4
2020-01-08 04:50:00,430.9
2020-01-08 05:00:00,429.7
2020-01-08 05:10:00,427.8
2020-01-08 05:20:00,428.7
2020-01-08 05:30:00,427.4
2020-01-08 05:40:00,425.8
2020-01-08 05:50:00,425.7
2020-01-08 06:00:00,424.7
2020-01-08 06:10:00,423.3
2020-01-08 06:20:00,423.3
2020-01-08 06:30:00,423.9
2020-01-08 06:40:00,424.7
2020-01-08 06:50:00,425.8
2020-01-08 07:00:00,425.7
2020-01-08 07:10:00,424.3
2020-01-08 07:20:00,423.7
2020-01-08 07:30:00,424.6
2020-01-08 07:40:00,425.3
2020-01-08 07:50:00,427.7
2020-01-08 08:00:00,428.3
2020-01-08 08:10:00,429.7
2020-01-08 08:20:00,429.0
2020-01-08 08:30:00,431.2
2020-01-08 08:40:00,431.4
2020-01-08 08:50:00,427.6
2020-01-08 09:00:00,426.5
2020-01-08 09:10:00,429.9
2020-01-08 09:20:00,430.6
2020-01-08 09:30:00,430.2
2020-01-08 09:40:00,430.6
2020-01-08 09:50:00,430.1
2020-01-08 10:00:00,429.5
2020-01-08 10:10:00,428.5
2020-01-08 10:20:00,428.9
2020-01-08 10:30:00,430.6
2020-01-08 10:40:00,430.0
2020-01-08 10:50:00,430.1
2020-01-08 11:00:00,430.6
2020-01-08 11:10:00,431.0
2020-01-08 11:20:00,431.2
2020-01-08 11:30:00,432.1
2020-01-08 11:40:00,432.2
2020-01-08 11:50:00,432.2
2020-01-08 12:00:00,432.2
2020-01-08 12:10:00,432.4
2020-01-08 12:20:00,432.3
2020-01-08 12:30:00,432.1
2020-01-08 12:40:00,431.5
2020-01-08 12:50:00,432.8
2020-01-08 13:00:00,433.1
2020-01-08 13:10:00,432.1
2020-01-08 13:20:00,430.9
2020-01-08 13:30:00,430.3
2020-01-08 13:40:00,430.0
2020-01-08 13:50:00,430.6
2020-01-08 14:00:00,430.6
2020-01-08 14:10:00,429.7
2020-01-08 14:20:00,429.4
2020-01-08 14:30:00,430.9
2020-01-08 14:40:00,430.5
2020-01-08 14:50:00,429.9
2020-01-08 15:00:00,429.2
2020-01-08 15:10:00,428.6
2020-01-08 15:20:00,428.3
2020-01-08 15:30:00,428.5
2020-01-08 15:40:00,430.6
2020-01-08 15:50:00,431.4
2020-01-08 16:00:00,430.2
2020-01-08 16:10:00,431.8
2020-01-08 16:20:00,435.7
2020-01-08 16:30:00,432.3
2020-01-08 16:40:00,433.1
2020-01-08 16:50:00,433.4
2020-01-08 17:00:00,432.9
2020-01-08 17:10:00,435.6
2020-01-08 17:20:00,436.2
2020-01-08 17:30:00,436.8
2020-01-08 17:40:00,437.4
2020-01-08 17:50:00,436.3
2020-01-08 18:00:00,435.1
2020-01-08 18:10:00,435.2
2020-01-08 18:20:00,435.8
2020-01-08 18:30:00,435.0
2020-01-08 18:40:00,435.8
2020-01-08 18:50:00,435.7
2020-01-08 19:00:00,434.4
2020-01-08 19:10:00,434.5
2020-01-08 19:20:00,434.3
2020-01-08 19:30:00,434.3
2020-01-08 19:40:00,437.1
2020-01-08 19:50:00,435.1
2020-01-08 20:00:00,436.4
2020-01-08 20:10:00,435.4
2020-01-08 20:20:00,435.1
2020-01-08 20:30:00,436.1
2020-01-08 20:40:00,436.1
2020-01-08 20:50:00,435.8
2020-01-08 21:00:00,436.0
2020-01-08 21:10:00,435.5
2020-01-08 21:20:00,435.4
2020-01-08 21:30:00,434.8
2020-01-08 21:40:00,435.2
2020-01-08 21:50:00,435.9
2020-01-08 22:00:00,436.1
2020-01-08 22:10:00,435.9
2020-01-08 22:20:00,435.5
2020-01-08 22:30:00,435.5
2020-01-08 22:40:00,435.9
2020-01-08 22:50:00,436.6
2020-01-08 23:00:00,436.5
2020-01-08 23:10:00,436.9
2020-01-08 23:20:00,437.6
2020-01-08 23:30:00,437.7
2020-01-08 23:40:00,437.6
2020-01-08 23:50:00,438.0
2020-01-09 00:00:00,437.7
2020-01-09 00:10:00,439.0
2020-01-09 00:20:00,438.5
2020-01-09 00:30:00,438.2
2020-01-09 00:40:00,438.1
2020-01-09 00:50:00,438.5
2020-01-09 01:00:00,438.9
2020-01-09 01:10:00,438.9
2020-01-09 01:20:00,439.5
2020-01-09 01:30:00,440.0
2020-01-09 01:40:00,439.9
2020-01-09 01:50:00,440.3
2020-01-09 02:00:00,440.1
2020-01-09 02:10:00,440.1
2020-01-09 02:20:00,440.1
2020-01-09 02:30:00,440.8
2020-01-09 02:40:00,441.2
2020-01-09 02:50:00,441.5
2020-01-09 03:00:00,441.2
2020-01-09 03:10:00,440.5
2020-01-09 03:20:00,440.4
2020-01-09 03:30:00,441.7
2020-01-09 03:40:00,441.7
2020-01-09 03:50:00,442.3
2020-01-09 04:00:00,442.6
2020-01-09 04:10:00,443.2
2020-01-09 04:20:00,443.5
2020-01-09 04:30:00,444.1
2020-01-09 04:40:00,444.5
2020-01-09 04:50:00,445.1
2020-01-09 05:00:00,445.4
2020-01-09 05:10:00,446.2
2020-01-09 05:20:00,445.9
2020-01-09 05:30:00,445.7
2020-01-09 05:40:00,444.8
2020-01-09 05:50:00,443.6
2020-01-09 06:00:00,443.9
2020-01-09 06:10:00,444.4
2020-01-09 06:20:00,444.3
2020-01-09 06:30:00,444.2
2020-01-09 06:40:00,444.0
2020-01-09 06:50:00,444.5
2020-01-09 07:00:00,446.7
2020-01-09 07:10:00,448.1
2020-01-09 07:20:00,446.9
2020-01-09 07:30:00,446.1
2020-01-09 07:40:00,448.6
2020-01-09 07:50:00,450.3
2020-01-09 08:00:00,450.4
2020-01-09 08:10:00,451.1
2020-01-09 08:20:00,451.1
2020-01-09 08:30:00,449.3
2020-01-09 08:40:00,447.3
2020-01-09 08:50:00,449.9
2020-01-09 09:00:00,450.0
2020-01-09 09:10:00,449.6
2020-01-09 09:20:00,448.2
2020-01-09 09:30:00,446.1
2020-01-09 09:40:00,447.0
2020-01-09 09:50:00,447.9
2020-01-09 10:00:00,442.7
2020-01-09 10:10:00,445.0
2020-01-09 10:20:00,443.2
2020-01-09 10:30:00,445.5
2020-01-09 10:40:00,443.9
2020-01-09 10:50:00,444.3
2020-01-09 11:00:00,446.6
2020-01-09 11:10:00,445.8
2020-01-09 11:20:00,446.8
2020-01-09 11:30:00,445.4
2020-01-09 11:40:00,444.2
2020-01-09 11:50:00,443.7
2020-01-09 12:00:00,442.3
2020-01-09 12:10:00,441.4
2020-01-09 12:20:00,440.3
2020-01-09 12:30:00,440.5
2020-01-09 12:40:00,441.1
2020-01-09 12:50:00,440.6
2020-01-09 13:00:00,441.5
2020-01-09 13:10:00,440.3
2020-01-09 13:20:00,439.7
2020-01-09 13:30:00,439.0
2020-01-09 13:40:00,437.8
2020-01-09 13:50:00,434.2
2020-01-09 14:00:00,429.5
2020-01-09 14:10:00,427.9
2020-01-09 14:20:00,427.1
2020-01-09 14:30:00,426.9
2020-01-09 14:40:00,427.2
2020-01-09 14:50:00,427.5
2020-01-09 15:00:00,428.0
2020-01-09 15:10:00,429.5
2020-01-09 15:20:00,427.9
2020-01-09 15:30:00,428.1
2020-01-09 15:40:00,428.2
2020-01-09 15:50:00,428.4
2020-01-09 16:00:00,428.6
2020-01-09 16:10:00,429.3
2020-01-09 16:20:00,429.6
2020-01-09 16:30:00,430.7
2020-01-09 16:40:00,430.7
2020-01-09 16:50:00,431.0
2020-01-09 17:00:00,430.8
2020-01-09 17:10:00,431.2
2020-01-09 17:20:00,431.6
2020-01-09 17:30:00,431.8
2020-01-09 17:40:00,431.9
2020-01-09 17:50:00,432.3
2020-01-09 18:00:00,432.1
2020-01-09 18:10:00,432.6
2020-01-09 18:20:00,431.6
2020-01-09 18:30:00,432.1
2020-01-09 18:40:00,431.9
2020-01-09 18:50:00,431.8
2020-01-09 19:00:00,431.6
2020-01-09 19:10:00,431.2
2020-01-09 19:20:00,432.0
2020-01-09 19:30:00,432.5
2020-01-09 19:40:00,432.9
2020-01-09 19:50:00,432.7
2020-01-09 20:00:00,433.6
2020-01-09 20:10:00,433.0
2020-01-09 20:20:00,432.7
2020-01-09 20:30:00,432.1
2020-01-09 20:40:00,431.7
2020-01-09 20:50:00,431.7
2020-01-09 21:00:00,432.5
2020-01-09 21:10:00,432.5
2020-01-09 21:20:00,431.5
2020-01-09 21:30:00,430.9
2020-01-09 21:40:00,429.6
2020-01-09 21:50:00,428.9
2020-01-09 22:00:00,427.5
2020-01-09 22:10:00,427.6
2020-01-09 22:20:00,428.8
2020-01-09 22:30:00,429.2
2020-01-09 22:40:00,428.5
2020-01-09 22:50:00,427.4
2020-01-09 23:00:00,426.5
2020-01-09 23:10:00,426.7
2020-01-09 23:20:00,425.9
2020-01-09 23:30:00,425.4
2020-01-09 23:40:00,425.3
2020-01-09 23:50:00,425.3
2020-01-10 00:00:00,425.4
2020-01-10 00:10:00,427.9
2020-01-10 00:20:00,427.8
2020-01-10 00:30:00,427.3
2020-01-10 00:40:00,427.8
2020-01-10 00:50:00,427.7
2020-01-10 01:00:00,428.3
2020-01-10 01:10:00,425.9
2020-01-10 01:20:00,426.3
2020-01-10 01:30:00,426.6
2020-01-10 01:40:00,428.8
2020-01-10 01:50:00,428.3
2020-01-10 02:00:00,428.7
2020-01-10 02:10:00,427.7
2020-01-10 02:20:00,428.1
2020-01-10 02:30:00,425.9
2020-01-10 02:40:00,424.5
2020-01-10 02:50:00,423.6
2020-01-10 03:00:00,423.3
2020-01-10 03:10:00,423.6
2020-01-10 03:20:00,423.8
2020-01-10 03:30:00,423.8
2020-01-10 03:40:00,423.7
2020-01-10 03:50:00,423.8
2020-01-10 04:00:00,424.2
2020-01-10 04:10:00,424.2
2020-01-10 04:20:00,424.4
2020-01-10 04:30:00,424.7
2020-01-10 04:40:00,424.8
2020-01-10 04:50:00,424.9
2020-01-10 05:00:00,425.1
2020-01-10 05:10:00,426.1
2020-01-10 05:20:00,426.5
2020-01-10 05:30:00,426.5
2020-01-10 05:40:00,427.0
2020-01-10 05:50:00,427.6
2020-01-10 06:00:00,428.4
2020-01-10 06:10:00,427.9
2020-01-10 06:20:00,427.9
2020-01-10 06:30:00,426.9
2020-01-10 06:40:00,425.0
2020-01-10 06:50:00,424.1
2020-01-10 07:00:00,423.6
2020-01-10 07:10:00,423.3
2020-01-10 07:20:00,422.8
2020-01-10 07:30:00,422.5
2020-01-10 07:40:00,422.5
2020-01-10 07:50:00,422.3
2020-01-10 08:00:00,421.7
2020-01-10 08:10:00,420.8
2020-01-10 08:20:00,420.9
2020-01-10 08:30:00,421.0
2020-01-10 08:40:00,421.1
2020-01-10 08:50:00,421.4
2020-01-10 09:00:00,421.4
2020-01-10 09:10:00,421.6
2020-01-10 09:20:00,421.0
2020-01-10 09:30:00,420.4
2020-01-10 09:40:00,420.1
2020-01-10 09:50:00,420.2
2020-01-10 10:00:00,420.2
2020-01-10 10:10:00,419.6
2020-01-10 10:20:00,419.0
2020-01-10 10:30:00,418.6
2020-01-10 10:40:00,418.6
2020-01-10 10:50:00,418.8
2020-01-10 11:00:00,418.9
2020-01-10 11:10:00,419.1
2020-01-10 11:20:00,419.2
2020-01-10 11:30:00,419.4
2020-01-10 11:40:00,419.5
2020-01-10 11:50:00,420.0
2020-01-10 12:00:00,420.9
2020-01-10 12:10:00,420.5
2020-01-10 12:20:00,420.4
2020-01-10 12:30:00,420.6
2020-01-10 12:40:00,420.7
2020-01-10 12:50:00,420.7
2020-01-10 13:00:00,421.0
2020-01-10 13:10:00,421.0
2020-01-10 13:20:00,420.3
2020-01-10 13:30:00,420.3
2020-01-10 13:40:00,420.5
2020-01-10 13:50:00,420.5
2020-01-10 14:00:00,420.4
2020-01-10 14:10:00,420.6
2020-01-10 14:20:00,420.8
2020-01-10 14:30:00,420.8
2020-01-10 14:40:00,420.9
2020-01-10 14:50:00,421.1
2020-01-10 15:00:00,421.2
2020-01-10 15:10:00,421.7
2020-01-10 15:20:00,422.3
2020-01-10 15:30:00,422.3
2020-01-10 15:40:00,422.7
2020-01-10 15:50:00,422.7
2020-01-10 16:00:00,423.7
2020-01-10 16:10:00,423.0
2020-01-10 16:20:00,423.3
2020-01-10 16:30:00,423.6
2020-01-10 16:40:00,422.8
2020-01-10 16:50:00,423.0
2020-01-10 17:00:00,423.1
2020-01-10 17:10:00,423.3
2020-01-10 17:20:00,422.4
2020-01-10 17:30:00,421.1
2020-01-10 17:40:00,419.5
2020-01-10 17:50:00,419.7
2020-01-10 18:00:00,419.9
2020-01-10 18:10:00,420.3
2020-01-10 18:20:00,420.7
2020-01-10 18:30:00,420.8
2020-01-10 18:40:00,421.3
2020-01-10 18:50:00,421.5
2020-01-10 19:00:00,421.8
2020-01-10 19:10:00,422.2
2020-01-10 19:20:00,422.6
2020-01-10 19:30:00,422.7
2020-01-10 19:40:00,423.1
2020-01-10 19:50:00,423.5
2020-01-10 20:00:00,423.7
2020-01-10 20:10:00,423.7
2020-01-10 20:20:00,424.0
2020-01-10 20:30:00,424.1
2020-01-10 20:40:00,424.1
2020-01-10 20:50:00,422.5
2020-01-10 21:00:00,420.9
2020-01-10 21:10:00,420.8
2020-01-10 21:20:00,421.0
2020-01-10 21:30:00,421.3
2020-01-10 21:40:00,421.9
2020-01-10 21:50:00,422.2
2020-01-10 22:00:00,422.3
2020-01-10 22:10:00,422.5
2020-01-10 22:20:00,422.5
2020-01-10 22:30:00,422.0
2020-01-10 22:40:00,421.3
2020-01-10 22:50:00,421.3
2020-01-10 23:00:00,420.7
2020-01-10 23:10:00,420.3
2020-01-10 23:20:00,420.3
2020-01-10 23:30:00,419.8
2020-01-10 23:40:00,419.3
2020-01-10 23:50:00,419.2
2020-01-11 00:00:00,419.3
2020-01-11 00:10:00,419.6
2020-01-11 00:20:00,418.8
2020-01-11 00:30:00,418.1
2020-01-11 00:40:00,418.1
2020-01-11 00:50:00,418.5
2020-01-11 01:00:00,418.6
2020-01-11 01:10:00,418.8
2020-01-11 01:20:00,419.2
2020-01-11 01:30:00,419.6
2020-01-11 01:40:00,419.6
2020-01-11 01:50:00,419.1
2020-01-11 02:00:00,419.1
2020-01-11 02:10:00,419.1
2020-01-11 02:20:00,419.1
2020-01-11 02:30:00,419.1
2020-01-11 02:40:00,419.1
2020-01-11 02:50:00,419.4
2020-01-11 03:00:00,419.6
2020-01-11 03:10:00,419.6
2020-01-11 03:20:00,419.7
2020-01-11 03:30:00,419.9
2020-01-11 03:40:00,420.1
2020-01-11 03:50:00,419.9
2020-01-11 04:00:00,419.4
2020-01-11 04:10:00,419.6
2020-01-11 04:20:00,420.1
2020-01-11 04:30:00,420.1
2020-01-11 04:40:00,420.1
2020-01-11 04:50:00,420.1
2020-01-11 05:00:00,420.3
2020-01-11 05:10:00,420.1
2020-01-11 05:20:00,420.1
2020-01-11 05:30:00,420.0
2020-01-11 05:40:00,419.8
2020-01-11 05:50:00,419.9
2020-01-11 06:00:00,420.1
2020-01-11 06:10:00,420.6
2020-01-11 06:20:00,420.9
2020-01-11 06:30:00,420.9
2020-01-11 06:40:00,420.8
2020-01-11 06:50:00,420.5
2020-01-11 07:00:00,420.2
2020-01-11 07:10:00,420.1
2020-01-11 07:20:00,419.8
2020-01-11 07:30:00,419.7
2020-01-11 07:40:00,419.6
2020-01-11 07:50:00,419.6
2020-01-11 08:00:00,419.6
2020-01-11 08:10:00,419.5
2020-01-11 08:20:00,419.1
2020-01-11 08:30:00,419.1
2020-01-11 08:40:00,419.1
2020-01-11 08:50:00,419.1
2020-01-11 09:00:00,419.1
2020-01-11 09:10:00,419.1
2020-01-11 09:20:00,419.1
2020-01-11 09:30:00,419.5
2020-01-11 09:40:00,419.7
2020-01-11 09:50:00,420.1
2020-01-11 10:00:00,420.5
2020-01-11 10:10:00,421.0
2020-01-11 10:20:00,419.9
2020-01-11 10:30:00,419.4
2020-01-11 10:40:00,419.4
2020-01-11 10:50:00,420.2
2020-01-11 11:00:00,419.5
2020-01-11 11:10:00,418.9
2020-01-11 11:20:00,418.6
2020-01-11 11:30:00,419.0
2020-01-11 11:40:00,418.4
2020-01-11 11:50:00,418.1
2020-01-11 12:00:00,418.2
2020-01-11 12:10:00,418.0
2020-01-11 12:20:00,417.7
2020-01-11 12:30:00,417.4
2020-01-11 12:40:00,417.4
2020-01-11 12:50:00,417.2
2020-01-11 13:00:00,416.7
2020-01-11 13:10:00,417.0
2020-01-11 13:20:00,417.2
2020-01-11 13:30:00,417.5
2020-01-11 13:40:00,416.9
2020-01-11 13:50:00,417.3
2020-01-11 14:00:00,417.2
2020-01-11 14:10:00,417.3
2020-01-11 14:20:00,417.3
2020-01-11 14:30:00,417.0
2020-01-11 14:40:00,416.8
2020-01-11 14:50:00,416.8
2020-01-11 15:00:00,416.7
2020-01-11 15:10:00,416.3
2020-01-11 15:20:00,416.8
2020-01-11 15:30:00,417.2
2020-01-11 15:40:00,417.1
2020-01-11 15:50:00,417.2
2020-01-11 16:00:00,417.0
2020-01-11 16:10:00,417.7
2020-01-11 16:20:00,417.0
2020-01-11 16:30:00,417.4
2020-01-11 16:40:00,417.8
2020-01-11 16:50:00,419.7
2020-01-11 17:00:00,419.9
2020-01-11 17:10:00,419.6
2020-01-11 17:20:00,421.6
2020-01-11 17:30:00,420.2
2020-01-11 17:40:00,420.2
2020-01-11 17:50:00,421.0
2020-01-11 18:00:00,420.8
2020-01-11 18:10:00,420.1
2020-01-11 18:20:00,420.5
2020-01-11 18:30:00,421.7
2020-01-11 18:40:00,421.3
2020-01-11 18:50:00,422.0
2020-01-11 19:00:00,421.6
2020-01-11 19:10:00,422.0
2020-01-11 19:20:00,424.5
2020-01-11 19:30:00,424.9
2020-01-11 19:40:00,426.2
2020-01-11 19:50:00,425.5
2020-01-11 20:00:00,425.5
2020-01-11 20:10:00,425.0
2020-01-11 20:20:00,424.0
2020-01-11 20:30:00,424.6
2020-01-11 20:40:00,424.5
2020-01-11 20:50:00,424.1
2020-01-11 21:00:00,423.7
2020-01-11 21:10:00,423.4
2020-01-11 21:20:00,423.7
2020-01-11 21:30:00,423.9
2020-01-11 21:40:00,425.2
2020-01-11 21:50:00,424.5
2020-01-11 22:00:00,425.7
2020-01-11 22:10:00,425.5
2020-01-11 22:20:00,425.5
2020-01-11 22:30:00,425.8
2020-01-11 22:40:00,426.1
2020-01-11 22:50:00,426.4
2020-01-11 23:00:00,426.6
2020-01-11 23:10:00,427.3
2020-01-11 23:20:00,427.7
2020-01-11 23:30:00,427.4
2020-01-11 23:40:00,428.9
2020-01-11 23:50:00,430.0
2020-01-12 00:00:00,431.4
2020-01-12 00:10:00,426.9
2020-01-12 00:20:00,427.4
2020-01-12 00:30:00,428.4
2020-01-12 00:40:00,428.2
2020-01-12 00:50:00,429.1
2020-01-12 01:00:00,429.1
2020-01-12 01:10:00,428.8
2020-01-12 01:20:00,429.0
2020-01-12 01:30:00,427.7
2020-01-12 01:40:00,427.1
2020-01-12 01:50:00,426.6
2020-01-12 02:00:00,426.6
2020-01-12 02:10:00,426.5
2020-01-12 02:20:00,427.0
2020-01-12 02:30:00,426.4
2020-01-12 02:40:00,426.9
2020-01-12 02:50:00,427.4
2020-01-12 03:00:00,428.3
2020-01-12 03:10:00,428.6
2020-01-12 03:20:00,428.9
2020-01-12 03:30:00,429.2
2020-01-12 03:40:00,430.2
2020-01-12 03:50:00,430.2
2020-01-12 04:00:00,430.9
2020-01-12 04:10:00,431.0
2020-01-12 04:20:00,430.0
2020-01-12 04:30:00,429.6
2020-01-12 04:40:00,429.7
2020-01-12 04:50:00,428.5
2020-01-12 05:00:00,428.4
2020-01-12 05:10:00,429.2
2020-01-12 05:20:00,428.7
2020-01-12 05:30:00,429.6
2020-01-12 05:40:00,429.9
2020-01-12 05:50:00,429.9
2020-01-12 06:00:00,428.8
2020-01-12 06:10:00,428.5
2020-01-12 06:20:00,428.7
2020-01-12 06:30:00,428.9
2020-01-12 06:40:00,428.4
2020-01-12 06:50:00,429.3
2020-01-12 07:00:00,429.5
2020-01-12 07:10:00,430.3
2020-01-12 07:20:00,430.5
2020-01-12 07:30:00,429.9
2020-01-12 07:40:00,429.8
2020-01-12 07:50:00,430.6
2020-01-12 08:00:00,431.5
2020-01-12 08:10:00,432.2
2020-01-12 08:20:00,432.5
2020-01-12 08:30:00,431.8
2020-01-12 08:40:00,432.1
2020-01-12 08:50:00,431.1
2020-01-12 09:00:00,431.3
2020-01-12 09:10:00,432.7
2020-01-12 09:20:00,432.8
2020-01-12 09:30:00,432.5
2020-01-12 09:40:00,432.7
2020-01-12 09:50:00,431.3
2020-01-12 10:00:00,431.4
2020-01-12 10:10:00,431.2
2020-01-12 10:20:00,429.8
2020-01-12 10:30:00,427.7
2020-01-12 10:40:00,425.9
2020-01-12 10:50:00,424.6
2020-01-12 11:00:00,424.7
2020-01-12 11:10:00,425.4
2020-01-12 11:20:00,423.9
2020-01-12 11:30:00,422.2
2020-01-12 11:40:00,423.2
2020-01-12 11:50:00,424.4
2020-01-12 12:00:00,422.8
2020-01-12 12:10:00,421.9
2020-01-12 12:20:00,420.9
2020-01-12 12:30:00,422.0
2020-01-12 12:40:00,426.2
2020-01-12 12:50:00,423.2
2020-01-12 13:00:00,424.1
2020-01-12 13:10:00,423.5
2020-01-12 13:20:00,423.6
2020-01-12 13:30:00,423.5
2020-01-12 13:40:00,423.2
2020-01-12 13:50:00,422.6
2020-01-12 14:00:00,423.2
2020-01-12 14:10:00,423.8
2020-01-12 14:20:00,423.6
2020-01-12 14:30:00,422.8
2020-01-12 14:40:00,423.3
2020-01-12 14:50:00,423.2
2020-01-12 15:00:00,423.8
2020-01-12 15:10:00,424.5
2020-01-12 15:20:00,424.4
2020-01-12 15:30:00,424.4
2020-01-12 15:40:00,424.5
2020-01-12 15:50:00,424.6
2020-01-12 16:00:00,427.4
2020-01-12 16:10:00,426.7
2020-01-12 16:20:00,425.8
2020-01-12 16:30:00,426.1
2020-01-12 16:40:00,425.5
2020-01-12 16:50:00,425.7
2020-01-12 17:00:00,426.0
2020-01-12 17:10:00,425.5
2020-01-12 17:20:00,426.6
2020-01-12 17:30:00,428.2
2020-01-12 17:40:00,428.7
2020-01-12 17:50:00,427.2
2020-01-12 18:00:00,428.9
2020-01-12 18:10:00,427.5
2020-01-12 18:20:00,426.2
2020-01-12 18:30:00,426.4
2020-01-12 18:40:00,424.6
2020-01-12 18:50:00,423.8
2020-01-12 19:00:00,423.6
2020-01-12 19:10:00,423.5
2020-01-12 19:20:00,423.8
2020-01-12 19:30:00,424.0
2020-01-12 19:40:00,423.6
2020-01-12 19:50:00,423.1
2020-01-12 20:00:00,423.0
2020-01-12 20:10:00,423.1
2020-01-12 20:20:00,423.3
2020-01-12 20:30:00,423.2
2020-01-12 20:40:00,423.1
2020-01-12 20:50:00,423.2
2020-01-12 21:00:00,423.2
2020-01-12 21:10:00,423.3
2020-01-12 21:20:00,423.4
2020-01-12 21:30:00,423.6
2020-01-12 21:40:00,423.8
2020-01-12 21:50:00,423.7
2020-01-12 22:00:00,424.2
2020-01-12 22:10:00,424.1
2020-01-12 22:20:00,423.8
2020-01-12 22:30:00,423.8
2020-01-12 22:40:00,423.6
2020-01-12 22:50:00,423.6
2020-01-12 23:00:00,423.6
2020-01-12 23:10:00,423.8
2020-01-12 23:20:00,424.1
2020-01-12 23:30:00,424.1
2020-01-12 23:40:00,424.5
2020-01-12 23:50:00,425.1
2020-01-13 00:00:00,426.3
2020-01-13 00:10:00,428.2
2020-01-13 00:20:00,427.4
2020-01-13 00:30:00,426.8
2020-01-13 00:40:00,426.0
2020-01-13 00:50:00,426.0
2020-01-13 01:00:00,425.4
2020-01-13 01:10:00,425.2
2020-01-13 01:20:00,425.6
2020-01-13 01:30:00,425.1
2020-01-13 01:40:00,424.4
2020-01-13 01:50:00,424.4
2020-01-13 02:00:00,425.1
2020-01-13 02:10:00,425.0
2020-01-13 02:20:00,425.6
2020-01-13 02:30:00,426.3
2020-01-13 02:40:00,426.7
2020-01-13 02:50:00,426.9
2020-01-13 03:00:00,425.5
2020-01-13 03:10:00,424.9
2020-01-13 03:20:00,424.1
2020-01-13 03:30:00,423.6
2020-01-13 03:40:00,423.3
2020-01-13 03:50:00,423.7
2020-01-13 04:00:00,426.1
2020-01-13 04:10:00,427.6
2020-01-13 04:20:00,428.2
2020-01-13 04:30:00,428.1
2020-01-13 04:40:00,428.1
2020-01-13 04:50:00,429.2
2020-01-13 05:00:00,428.6
2020-01-13 05:10:00,427.8
2020-01-13 05:20:00,428.1
2020-01-13 05:30:00,427.9
2020-01-13 05:40:00,430.3
2020-01-13 05:50:00,428.3
2020-01-13 06:00:00,427.3
2020-01-13 06:10:00,430.2
2020-01-13 06:20:00,429.7
2020-01-13 06:30:00,429.6
2020-01-13 06:40:00,431.0
2020-01-13 06:50:00,430.7
2020-01-13 07:00:00,432.5
2020-01-13 07:10:00,431.8
2020-01-13 07:20:00,430.2
2020-01-13 07:30:00,429.9
2020-01-13 07:40:00,432.4
2020-01-13 07:50:00,435.4
2020-01-13 08:00:00,438.0
2020-01-13 08:10:00,434.9
2020-01-13 08:20:00,436.2
2020-01-13 08:30:00,435.5
2020-01-13 08:40:00,437.8
2020-01-13 08:50:00,436.3
2020-01-13 09:00:00,428.5
2020-01-13 09:10:00,426.2
2020-01-13 09:20:00,426.2
2020-01-13 09:30:00,427.4
2020-01-13 09:40:00,428.7
2020-01-13 09:50:00,428.6
2020-01-13 10:00:00,428.5
2020-01-13 10:10:00,428.5
2020-01-13 10:20:00,429.1
2020-01-13 10:30:00,431.1
2020-01-13 10:40:00,431.0
2020-01-13 10:50:00,430.1
2020-01-13 11:00:00,427.4
2020-01-13 11:10:00,425.1
2020-01-13 11:20:00,423.7
2020-01-13 11:30:00,425.7
2020-01-13 11:40:00,426.6
2020-01-13 11:50:00,424.9
2020-01-13 12:00:00,424.5
2020-01-13 12:10:00,424.6
2020-01-13 12:20:00,424.6
2020-01-13 12:30:00,424.7
2020-01-13 12:40:00,424.5
2020-01-13 12:50:00,424.8
2020-01-13 13:00:00,424.9
2020-01-13 13:10:00,424.5
2020-01-13 13:20:00,424.4
2020-01-13 13:30:00,424.5
2020-01-13 13:40:00,425.6
2020-01-13 13:50:00,424.8
2020-01-13 14:00:00,425.4
2020-01-13 14:10:00,425.5
2020-01-13 14:20:00,425.3
2020-01-13 14:30:00,425.5
2020-01-13 14:40:00,425.9
2020-01-13 14:50:00,426.0
2020-01-13 15:00:00,425.9
2020-01-13 15:10:00,426.2
2020-01-13 15:20:00,426.3
2020-01-13 15:30:00,427.5
2020-01-13 15:40:00,426.1
2020-01-13 15:50:00,427.8
2020-01-13 16:00:00,428.8
2020-01-13 16:10:00,428.1
2020-01-13 16:20:00,428.8
2020-01-13 16:30:00,428.1
2020-01-13 16:40:00,427.8
2020-01-13 16:50:00,427.7
2020-01-13 17:00:00,427.4
2020-01-13 17:10:00,426.5
2020-01-13 17:20:00,426.9
2020-01-13 17:30:00,427.3
2020-01-13 17:40:00,426.4
2020-01-13 17:50:00,426.3
2020-01-13 18:00:00,426.7
2020-01-13 18:10:00,427.1
2020-01-13 18:20:00,427.4
2020-01-13 18:30:00,428.0
2020-01-13 18:40:00,428.2
2020-01-13 18:50:00,429.1
2020-01-13 19:00:00,429.6
2020-01-13 19:10:00,430.4
2020-01-13 19:20:00,431.1
2020-01-13 19:30:00,432.1
2020-01-13 19:40:00,432.6
2020-01-13 19:50:00,433.4
2020-01-13 20:00:00,432.6
2020-01-13 20:10:00,433.2
2020-01-13 20:20:00,432.8
2020-01-13 20:30:00,432.3
2020-01-13 20:40:00,432.1
2020-01-13 20:50:00,432.3
2020-01-13 21:00:00,432.8
2020-01-13 21:10:00,433.8
2020-01-13 21:20:00,433.6
2020-01-13 21:30:00,435.4
2020-01-13 21:40:00,436.1
2020-01-13 21:50:00,436.3
2020-01-13 22:00:00,436.6
2020-01-13 22:10:00,435.6
2020-01-13 22:20:00,434.4
2020-01-13 22:30:00,433.6
2020-01-13 22:40:00,433.0
2020-01-13 22:50:00,432.6
2020-01-13 23:00:00,433.6
2020-01-13 23:10:00,433.1
2020-01-13 23:20:00,432.1
2020-01-13 23:30:00,431.9
2020-01-13 23:40:00,431.8
2020-01-13 23:50:00,431.2
2020-01-14 00:00:00,430.5
2020-01-14 00:10:00,430.5
2020-01-14 00:20:00,429.8
2020-01-14 00:30:00,430.2
2020-01-14 00:40:00,430.3
2020-01-14 00:50:00,430.9
2020-01-14 01:00:00,430.9
2020-01-14 01:10:00,431.1
2020-01-14 01:20:00,432.0
2020-01-14 01:30:00,432.3
2020-01-14 01:40:00,432.5
2020-01-14 01:50:00,432.9
2020-01-14 02:00:00,432.6
2020-01-14 02:10:00,432.5
2020-01-14 02:20:00,431.9
2020-01-14 02:30:00,431.0
2020-01-14 02:40:00,430.0
2020-01-14 02:50:00,430.5
2020-01-14 03:00:00,430.3
2020-01-14 03:10:00,428.7
2020-01-14 03:20:00,428.7
2020-01-14 03:30:00,430.3
2020-01-14 03:40:00,430.2
2020-01-14 03:50:00,429.4
2020-01-14 04:00:00,429.6
2020-01-14 04:10:00,430.8
2020-01-14 04:20:00,429.9
2020-01-14 04:30:00,431.6
2020-01-14 04:40:00,432.0
2020-01-14 04:50:00,431.7
2020-01-14 05:00:00,431.2
2020-01-14 05:10:00,431.7
2020-01-14 05:20:00,431.2
2020-01-14 05:30:00,430.3
2020-01-14 05:40:00,430.1
2020-01-14 05:50:00,429.6
2020-01-14 06:00:00,430.2
2020-01-14 06:10:00,429.5
2020-01-14 06:20:00,429.7
2020-01-14 06:30:00,429.2
2020-01-14 06:40:00,429.0
2020-01-14 06:50:00,429.5
2020-01-14 07:00:00,428.6
2020-01-14 07:10:00,429.2
2020-01-14 07:20:00,429.3
2020-01-14 07:30:00,429.2
2020-01-14 07:40:00,429.9
2020-01-14 07:50:00,429.9
2020-01-14 08:00:00,430.3
2020-01-14 08:10:00,430.5
2020-01-14 08:20:00,430.6
2020-01-14 08:30:00,431.6
2020-01-14 08:40:00,431.6
2020-01-14 08:50:00,432.5
2020-01-14 09:00:00,432.0
2020-01-14 09:10:00,431.6
2020-01-14 09:20:00,431.0
2020-01-14 09:30:00,431.2
2020-01-14 09:40:00,430.2
2020-01-14 09:50:00,428.9
2020-01-14 10:00:00,428.8
2020-01-14 10:10:00,428.3
2020-01-14 10:20:00,427.7
2020-01-14 10:30:00,427.1
2020-01-14 10:40:00,427.3
2020-01-14 10:50:00,426.9
2020-01-14 11:00:00,427.9
2020-01-14 11:10:00,429.2
2020-01-14 11:20:00,429.1
2020-01-14 11:30:00,428.3
2020-01-14 11:40:00,428.1
2020-01-14 11:50:00,427.8
2020-01-14 12:00:00,428.6
2020-01-14 12:10:00,426.6
2020-01-14 12:20:00,424.3
2020-01-14 12:30:00,421.0
2020-01-14 12:40:00,420.0
2020-01-14 12:50:00,419.0
2020-01-14 13:00:00,418.4
2020-01-14 13:10:00,418.4
2020-01-14 13:20:00,418.8
2020-01-14 13:30:00,418.9
2020-01-14 13:40:00,418.7
2020-01-14 13:50:00,418.7
2020-01-14 14:00:00,419.3
2020-01-14 14:10:00,420.8
2020-01-14 14:20:00,421.0
2020-01-14 14:30:00,421.0
2020-01-14 14:40:00,421.3
2020-01-14 14:50:00,421.7
2020-01-14 15:00:00,422.5
2020-01-14 15:10:00,423.5
2020-01-14 15:20:00,425.0
2020-01-14 15:30:00,425.3
2020-01-14 15:40:00,425.7
2020-01-14 15:50:00,426.2
2020-01-14 16:00:00,426.4
2020-01-14 16:10:00,426.6
2020-01-14 16:20:00,427.1
2020-01-14 16:30:00,427.4
2020-01-14 16:40:00,427.3
2020-01-14 16:50:00,426.6
2020-01-14 17:00:00,426.7
2020-01-14 17:10:00,426.2
2020-01-14 17:20:00,426.7
2020-01-14 17:30:00,426.8
2020-01-14 17:40:00,427.3
2020-01-14 17:50:00,427.4
2020-01-14 18:00:00,427.1
2020-01-14 18:10:00,426.9
2020-01-14 18:20:00,427.1
2020-01-14 18:30:00,427.8
2020-01-14 18:40:00,426.8
2020-01-14 18:50:00,427.2
2020-01-14 19:00:00,427.3
2020-01-14 19:10:00,427.0
2020-01-14 19:20:00,427.5
2020-01-14 19:30:00,427.3
2020-01-14 19:40:00,427.3
2020-01-14 19:50:00,427.5
2020-01-14 20:00:00,427.9
2020-01-14 20:10:00,427.7
2020-01-14 20:20:00,426.9
2020-01-14 20:30:00,426.8
2020-01-14 20:40:00,425.7
2020-01-14 20:50:00,425.4
2020-01-14 21:00:00,425.4
2020-01-14 21:10:00,425.6
2020-01-14 21:20:00,425.7
2020-01-14 21:30:00,425.7
2020-01-14 21:40:00,425.6
2020-01-14 21:50:00,425.1
2020-01-14 22:00:00,425.0
2020-01-14 22:10:00,424.7
2020-01-14 22:20:00,424.8
2020-01-14 22:30:00,424.7
2020-01-14 22:40:00,424.6
2020-01-14 22:50:00,424.5
2020-01-14 23:00:00,425.3
2020-01-14 23:10:00,425.6
2020-01-14 23:20:00,425.0
2020-01-14 23:30:00,425.6
2020-01-14 23:40:00,425.9
2020-01-14 23:50:00,426.0
2020-01-15 00:00:00,425.0
2020-01-15 00:10:00,426.0
2020-01-15 00:20:00,425.8
2020-01-15 00:30:00,426.3
2020-01-15 00:40:00,426.1
2020-01-15 00:50:00,426.0
2020-01-15 01:00:00,426.2
2020-01-15 01:10:00,426.4
2020-01-15 01:20:00,426.9
2020-01-15 01:30:00,425.3
2020-01-15 01:40:00,425.6
2020-01-15 01:50:00,425.8
2020-01-15 02:00:00,426.6
2020-01-15 02:10:00,427.0
2020-01-15 02:20:00,426.6
2020-01-15 02:30:00,426.6
2020-01-15 02:40:00,425.0
2020-01-15 02:50:00,425.6
2020-01-15 03:00:00,425.2
2020-01-15 03:10:00,425.9
2020-01-15 03:20:00,425.3
2020-01-15 03:30:00,426.2
2020-01-15 03:40:00,427.1
2020-01-15 03:50:00,427.7
2020-01-15 04:00:00,428.4
2020-01-15 04:10:00,428.7
2020-01-15 04:20:00,428.2
2020-01-15 04:30:00,428.0
2020-01-15 04:40:00,427.1
2020-01-15 04:50:00,424.7
2020-01-15 05:00:00,424.4
2020-01-15 05:10:00,424.0
2020-01-15 05:20:00,423.9
2020-01-15 05:30:00,422.9
2020-01-15 05:40:00,422.5
2020-01-15 05:50:00,421.9
2020-01-15 06:00:00,421.9
2020-01-15 06:10:00,422.1
2020-01-15 06:20:00,422.3
2020-01-15 06:30:00,422.5
2020-01-15 06:40:00,422.9
2020-01-15 06:50:00,422.7
2020-01-15 07:00:00,422.2
2020-01-15 07:10:00,422.4
2020-01-15 07:20:00,423.4
2020-01-15 07:30:00,426.2
2020-01-15 07:40:00,424.6
2020-01-15 07:50:00,425.1
2020-01-15 08:00:00,426.7
2020-01-15 08:10:00,427.0
2020-01-15 08:20:00,428.1
2020-01-15 08:30:00,427.2
2020-01-15 08:40:00,428.1
2020-01-15 08:50:00,428.5
2020-01-15 09:00:00,429.2
2020-01-15 09:10:00,429.5
2020-01-15 09:20:00,429.8
2020-01-15 09:30:00,429.6
2020-01-15 09:40:00,429.9
2020-01-15 09:50:00,430.6
2020-01-15 10:00:00,430.6
2020-01-15 10:10:00,429.6
2020-01-15 10:20:00,429.2
2020-01-15 10:30:00,429.4
2020-01-15 10:40:00,428.7
2020-01-15 10:50:00,428.3
2020-01-15 11:00:00,428.2
2020-01-15 11:10:00,428.2
2020-01-15 11:20:00,428.6
2020-01-15 11:30:00,428.1
2020-01-15 11:40:00,428.4
2020-01-15 11:50:00,427.9
2020-01-15 12:00:00,426.1
2020-01-15 12:10:00,422.6
2020-01-15 12:20:00,422.3
2020-01-15 12:30:00,422.1
2020-01-15 12:40:00,421.9
2020-01-15 12:50:00,422.3
2020-01-15 13:00:00,422.2
2020-01-15 13:10:00,422.9
2020-01-15 13:20:00,423.2
2020-01-15 13:30:00,423.0
2020-01-15 13:40:00,422.1
2020-01-15 13:50:00,418.5
2020-01-15 14:00:00,418.4
2020-01-15 14:10:00,418.3
2020-01-15 14:20:00,418.1
2020-01-15 14:30:00,418.5
2020-01-15 14:40:00,418.7
2020-01-15 14:50:00,418.9
2020-01-15 15:00:00,419.3
2020-01-15 15:10:00,419.9
2020-01-15 15:20:00,420.1
2020-01-15 15:30:00,420.3
2020-01-15 15:40:00,420.7
2020-01-15 15:50:00,421.0
2020-01-15 16:00:00,421.3
2020-01-15 16:10:00,421.9
2020-01-15 16:20:00,422.9
2020-01-15 16:30:00,424.2
2020-01-15 16:40:00,424.5
2020-01-15 16:50:00,426.8
2020-01-15 17:00:00,429.1
2020-01-15 17:10:00,428.7
2020-01-15 17:20:00,426.3
2020-01-15 17:30:00,426.0
2020-01-15 17:40:00,426.1
2020-01-15 17:50:00,426.6
2020-01-15 18:00:00,427.9
2020-01-15 18:10:00,428.2
2020-01-15 18:20:00,428.4
2020-01-15 18:30:00,429.4
2020-01-15 18:40:00,429.8
2020-01-15 18:50:00,429.9
2020-01-15 19:00:00,430.3
2020-01-15 19:10:00,430.0
2020-01-15 19:20:00,431.0
2020-01-15 19:30:00,430.8
2020-01-15 19:40:00,430.9
2020-01-15 19:50:00,430.8
2020-01-15 20:00:00,431.3
2020-01-15 20:10:00,432.3
2020-01-15 20:20:00,433.9
2020-01-15 20:30:00,431.9
2020-01-15 20:40:00,429.4
2020-01-15 20:50:00,428.4
2020-01-15 21:00:00,427.4
2020-01-15 21:10:00,427.2
2020-01-15 21:20:00,427.0
2020-01-15 21:30:00,426.1
2020-01-15 21:40:00,426.1
2020-01-15 21:50:00,426.9
2020-01-15 22:00:00,427.9
2020-01-15 22:10:00,426.9
2020-01-15 22:20:00,425.2
2020-01-15 22:30:00,424.4
2020-01-15 22:40:00,423.8
2020-01-15 22:50:00,423.7
2020-01-15 23:00:00,423.3
2020-01-15 23:10:00,423.9
2020-01-15 23:20:00,423.1
2020-01-15 23:30:00,422.2
2020-01-15 23:40:00,422.2
2020-01-15 23:50:00,422.2
2020-01-16 00:00:00,422.0
2020-01-16 00:10:00,423.3
2020-01-16 00:20:00,423.0
2020-01-16 00:30:00,422.5
2020-01-16 00:40:00,422.3
2020-01-16 00:50:00,422.3
2020-01-16 01:00:00,422.3
2020-01-16 01:10:00,422.3
2020-01-16 01:20:00,422.6
2020-01-16 01:30:00,422.9
2020-01-16 01:40:00,423.1
2020-01-16 01:50:00,423.2
2020-01-16 02:00:00,423.3
2020-01-16 02:10:00,423.5
2020-01-16 02:20:00,423.3
2020-01-16 02:30:00,423.2
2020-01-16 02:40:00,423.5
2020-01-16 02:50:00,425.2
2020-01-16 03:00:00,426.6
2020-01-16 03:10:00,426.5
2020-01-16 03:20:00,425.3
2020-01-16 03:30:00,424.4
2020-01-16 03:40:00,427.5
2020-01-16 03:50:00,426.5
2020-01-16 04:00:00,427.5
2020-01-16 04:10:00,428.9
2020-01-16 04:20:00,427.5
2020-01-16 04:30:00,425.3
2020-01-16 04:40:00,423.6
2020-01-16 04:50:00,424.2
2020-01-16 05:00:00,423.3
2020-01-16 05:10:00,424.5
2020-01-16 05:20:00,425.3
2020-01-16 05:30:00,425.0
2020-01-16 05:40:00,425.5
2020-01-16 05:50:00,425.2
2020-01-16 06:00:00,425.8
2020-01-16 06:10:00,428.2
2020-01-16 06:20:00,428.7
2020-01-16 06:30:00,428.1
2020-01-16 06:40:00,429.4
2020-01-16 06:50:00,427.8
2020-01-16 07:00:00,428.4
2020-01-16 07:10:00,431.4
2020-01-16 07:20:00,430.9
2020-01-16 07:30:00,433.9
2020-01-16 07:40:00,434.5
2020-01-16 07:50:00,435.7
2020-01-16 08:00:00,435.9
2020-01-16 08:10:00,433.7
2020-01-16 08:20:00,438.3
2020-01-16 08:30:00,442.7
2020-01-16 08:40:00,437.3
2020-01-16 08:50:00,436.3
2020-01-16 09:00:00,437.3
2020-01-16 09:10:00,435.3
2020-01-16 09:20:00,435.2
2020-01-16 09:30:00,439.5
2020-01-16 09:40:00,439.2
2020-01-16 09:50:00,439.0
2020-01-16 10:00:00,440.8
2020-01-16 10:10:00,441.6
2020-01-16 10:20:00,437.9
2020-01-16 10:30:00,437.5
2020-01-16 10:40:00,439.1
2020-01-16 10:50:00,436.0
2020-01-16 11:00:00,436.1
2020-01-16 11:10:00,437.8
2020-01-16 11:20:00,439.5
2020-01-16 11:30:00,439.1
2020-01-16 11:40:00,440.6
2020-01-16 11:50:00,442.0
2020-01-16 12:00:00,442.9
2020-01-16 12:10:00,442.3
2020-01-16 12:20:00,443.2
2020-01-16 12:30:00,439.0
2020-01-16 12:40:00,435.8
2020-01-16 12:50:00,429.1
2020-01-16 13:00:00,426.9
2020-01-16 13:10:00,423.2
2020-01-16 13:20:00,420.5
2020-01-16 13:30:00,420.4
2020-01-16 13:40:00,421.8
2020-01-16 13:50:00,420.3
2020-01-16 14:00:00,419.2
2020-01-16 14:10:00,419.5
2020-01-16 14:20:00,419.7
2020-01-16 14:30:00,419.5
2020-01-16 14:40:00,419.5
2020-01-16 14:50:00,420.5
2020-01-16 15:00:00,420.6
2020-01-16 15:10:00,420.8
2020-01-16 15:20:00,421.2
2020-01-16 15:30:00,421.1
2020-01-16 15:40:00,421.2
2020-01-16 15:50:00,419.8
2020-01-16 16:00:00,419.5
2020-01-16 16:10:00,419.4
2020-01-16 16:20:00,418.6
2020-01-16 16:30:00,418.3
2020-01-16 16:40:00,418.0
2020-01-16 16:50:00,418.5
2020-01-16 17:00:00,418.9
2020-01-16 17:10:00,419.5
2020-01-16 17:20:00,420.1
2020-01-16 17:30:00,420.6
2020-01-16 17:40:00,420.8
2020-01-16 17:50:00,421.2
2020-01-16 18:00:00,421.6
2020-01-16 18:10:00,421.9
2020-01-16 18:20:00,422.2
2020-01-16 18:30:00,422.8
2020-01-16 18:40:00,424.3
2020-01-16 18:50:00,425.3
2020-01-16 19:00:00,425.4
2020-01-16 19:10:00,425.2
2020-01-16 19:20:00,424.4
2020-01-16 19:30:00,424.7
2020-01-16 19:40:00,425.9
2020-01-16 19:50:00,428.1
2020-01-16 20:00:00,431.6
2020-01-16 20:10:00,432.0
2020-01-16 20:20:00,429.6
2020-01-16 20:30:00,428.9
2020-01-16 20:40:00,428.3
2020-01-16 20:50:00,428.2
2020-01-16 21:00:00,429.4
2020-01-16 21:10:00,428.4
2020-01-16 21:20:00,428.7
2020-01-16 21:30:00,429.2
2020-01-16 21:40:00,430.9
2020-01-16 21:50:00,434.1
2020-01-16 22:00:00,435.5
2020-01-16 22:10:00,432.1
2020-01-16 22:20:00,431.4
2020-01-16 22:30:00,429.6
2020-01-16 22:40:00,429.9
2020-01-16 22:50:00,431.8
2020-01-16 23:00:00,429.5
2020-01-16 23:10:00,433.2
2020-01-16 23:20:00,432.6
2020-01-16 23:30:00,432.8
2020-01-16 23:40:00,434.2
2020-01-16 23:50:00,433.0
2020-01-17 00:00:00,432.0
2020-01-17 00:10:00,433.1
2020-01-17 00:20:00,432.7
2020-01-17 00:30:00,431.6
2020-01-17 00:40:00,431.2
2020-01-17 00:50:00,431.4
2020-01-17 01:00:00,432.1
2020-01-17 01:10:00,433.4
2020-01-17 01:20:00,432.8
2020-01-17 01:30:00,432.3
2020-01-17 01:40:00,432.9
2020-01-17 01:50:00,441.1
2020-01-17 02:00:00,441.4
2020-01-17 02:10:00,436.9
2020-01-17 02:20:00,437.9
2020-01-17 02:30:00,438.1
2020-01-17 02:40:00,437.9
2020-01-17 02:50:00,439.2
2020-01-17 03:00:00,438.9
2020-01-17 03:10:00,437.9
2020-01-17 03:20:00,436.7
2020-01-17 03:30:00,435.7
2020-01-17 03:40:00,436.3
2020-01-17 03:50:00,435.7
2020-01-17 04:00:00,434.9
2020-01-17 04:10:00,434.7
2020-01-17 04:20:00,437.1
2020-01-17 04:30:00,435.0
2020-01-17 04:40:00,433.8
2020-01-17 04:50:00,433.6
2020-01-17 05:00:00,434.1
2020-01-17 05:10:00,434.3
2020-01-17 05:20:00,434.7
2020-01-17 05:30:00,434.5
2020-01-17 05:40:00,434.7
2020-01-17 05:50:00,438.1
2020-01-17 06:00:00,436.6
2020-01-17 06:10:00,436.4
2020-01-17 06:20:00,436.0
2020-01-17 06:30:00,435.5
2020-01-17 06:40:00,435.5
2020-01-17 06:50:00,435.0
2020-01-17 07:00:00,435.3
2020-01-17 07:10:00,436.6
2020-01-17 07:20:00,437.4
2020-01-17 07:30:00,438.5
2020-01-17 07:40:00,437.0
2020-01-17 07:50:00,436.0
2020-01-17 08:00:00,435.2
2020-01-17 08:10:00,437.0
2020-01-17 08:20:00,438.8
2020-01-17 08:30:00,440.8
2020-01-17 08:40:00,438.8
2020-01-17 08:50:00,438.7
2020-01-17 09:00:00,438.8
2020-01-17 09:10:00,441.6
2020-01-17 09:20:00,446.9
2020-01-17 09:30:00,451.8
2020-01-17 09:40:00,460.5
2020-01-17 09:50:00,459.9
2020-01-17 10:00:00,457.1
2020-01-17 10:10:00,454.6
2020-01-17 10:20:00,456.2
2020-01-17 10:30:00,454.3
2020-01-17 10:40:00,454.5
2020-01-17 10:50:00,453.8
2020-01-17 11:00:00,451.3
2020-01-17 11:10:00,449.4
2020-01-17 11:20:00,451.7
2020-01-17 11:30:00,451.5
2020-01-17 11:40:00,452.7
2020-01-17 11:50:00,449.8
2020-01-17 12:00:00,444.6
2020-01-17 12:10:00,444.1
2020-01-17 12:20:00,442.5
2020-01-17 12:30:00,442.5
2020-01-17 12:40:00,441.7
2020-01-17 12:50:00,439.7
2020-01-17 13:00:00,437.7
2020-01-17 13:10:00,435.7
2020-01-17 13:20:00,435.5
2020-01-17 13:30:00,434.6
2020-01-17 13:40:00,433.0
2020-01-17 13:50:00,431.5
2020-01-17 14:00:00,432.1
2020-01-17 14:10:00,432.2
2020-01-17 14:20:00,431.7
2020-01-17 14:30:00,430.9
2020-01-17 14:40:00,429.2
2020-01-17 14:50:00,428.7
2020-01-17 15:00:00,429.7
2020-01-17 15:10:00,429.4
2020-01-17 15:20:00,430.3
2020-01-17 15:30:00,430.4
2020-01-17 15:40:00,430.7
2020-01-17 15:50:00,431.1
2020-01-17 16:00:00,431.7
2020-01-17 16:10:00,433.7
2020-01-17 16:20:00,435.2
2020-01-17 16:30:00,434.8
2020-01-17 16:40:00,434.2
2020-01-17 16:50:00,433.7
2020-01-17 17:00:00,434.7
2020-01-17 17:10:00,433.4
2020-01-17 17:20:00,434.2
2020-01-17 17:30:00,436.9
2020-01-17 17:40:00,437.4
2020-01-17 17:50:00,438.8
2020-01-17 18:00:00,435.6
2020-01-17 18:10:00,432.2
2020-01-17 18:20:00,433.1
2020-01-17 18:30:00,434.7
2020-01-17 18:40:00,438.0
2020-01-17 18:50:00,438.5
2020-01-17 19:00:00,433.8
2020-01-17 19:10:00,432.6
2020-01-17 19:20:00,437.9
2020-01-17 19:30:00,440.9
2020-01-17 19:40:00,443.4
2020-01-17 19:50:00,443.2
2020-01-17 20:00:00,442.7
2020-01-17 20:10:00,441.1
2020-01-17 20:20:00,441.0
2020-01-17 20:30:00,438.2
2020-01-17 20:40:00,441.7
2020-01-17 20:50:00,444.0
2020-01-17 21:00:00,442.2
2020-01-17 21:10:00,440.9
2020-01-17 21:20:00,441.4
2020-01-17 21:30:00,442.0
2020-01-17 21:40:00,443.1
2020-01-17 21:50:00,442.6
2020-01-17 22:00:00,442.1
2020-01-17 22:10:00,442.0
2020-01-17 22:20:00,442.9
2020-01-17 22:30:00,442.9
2020-01-17 22:40:00,442.3
2020-01-17 22:50:00,441.5
2020-01-17 23:00:00,442.8
2020-01-17 23:10:00,443.7
2020-01-17 23:20:00,443.3
2020-01-17 23:30:00,443.7
2020-01-17 23:40:00,441.9
2020-01-17 23:50:00,438.7
2020-01-18 00:00:00,433.0
2020-01-18 00:10:00,432.2
2020-01-18 00:20:00,431.2
2020-01-18 00:30:00,430.4
2020-01-18 00:40:00,430.2
2020-01-18 00:50:00,430.0
2020-01-18 01:00:00,429.9
2020-01-18 01:10:00,429.4
2020-01-18 01:20:00,428.7
2020-01-18 01:30:00,428.3
2020-01-18 01:40:00,428.5
2020-01-18 01:50:00,427.2
2020-01-18 02:00:00,427.3
2020-01-18 02:10:00,427.2
2020-01-18 02:20:00,426.8
2020-01-18 02:30:00,425.5
2020-01-18 02:40:00,425.3
2020-01-18 02:50:00,425.3
2020-01-18 03:00:00,425.7
2020-01-18 03:10:00,425.2
2020-01-18 03:20:00,425.8
2020-01-18 03:30:00,425.9
2020-01-18 03:40:00,425.7
2020-01-18 03:50:00,425.1
2020-01-18 04:00:00,423.7
2020-01-18 04:10:00,422.5
2020-01-18 04:20:00,422.3
2020-01-18 04:30:00,422.6
2020-01-18 04:40:00,422.7
2020-01-18 04:50:00,422.2
2020-01-18 05:00:00,422.9
2020-01-18 05:10:00,423.9
2020-01-18 05:20:00,423.7
2020-01-18 05:30:00,423.2
2020-01-18 05:40:00,423.9
2020-01-18 05:50:00,424.5
2020-01-18 06:00:00,424.7
2020-01-18 06:10:00,424.5
2020-01-18 06:20:00,425.1
2020-01-18 06:30:00,425.4
2020-01-18 06:40:00,424.1
2020-01-18 06:50:00,424.7
2020-01-18 07:00:00,426.4
2020-01-18 07:10:00,429.6
2020-01-18 07:20:00,426.1
2020-01-18 07:30:00,424.1
2020-01-18 07:40:00,424.1
2020-01-18 07:50:00,424.1
2020-01-18 08:00:00,424.1
2020-01-18 08:10:00,424.2
2020-01-18 08:20:00,424.7
2020-01-18 08:30:00,424.4
2020-01-18 08:40:00,424.1
2020-01-18 08:50:00,424.1
2020-01-18 09:00:00,423.5
2020-01-18 09:10:00,423.7
2020-01-18 09:20:00,424.3
2020-01-18 09:30:00,424.2
2020-01-18 09:40:00,430.1
2020-01-18 09:50:00,434.6
2020-01-18 10:00:00,435.2
2020-01-18 10:10:00,432.1
2020-01-18 10:20:00,430.8
2020-01-18 10:30:00,430.9
2020-01-18 10:40:00,433.6
2020-01-18 10:50:00,434.2
2020-01-18 11:00:00,431.4
2020-01-18 11:10:00,427.8
2020-01-18 11:20:00,423.1
2020-01-18 11:30:00,420.8
2020-01-18 11:40:00,420.5
2020-01-18 11:50:00,420.0
2020-01-18 12:00:00,419.8
2020-01-18 12:10:00,419.7
2020-01-18 12:20:00,419.4
2020-01-18 12:30:00,419.4
2020-01-18 12:40:00,419.3
2020-01-18 12:50:00,419.0
2020-01-18 13:00:00,419.2
2020-01-18 13:10:00,418.9
2020-01-18 13:20:00,418.9
2020-01-18 13:30:00,418.9
2020-01-18 13:40:00,418.3
2020-01-18 13:50:00,418.3
2020-01-18 14:00:00,418.1
2020-01-18 14:10:00,418.4
2020-01-18 14:20:00,418.3
2020-01-18 14:30:00,418.2
2020-01-18 14:40:00,418.2
2020-01-18 14:50:00,418.2
2020-01-18 15:00:00,418.2
2020-01-18 15:10:00,418.6
2020-01-18 15:20:00,418.9
2020-01-18 15:30:00,419.6
2020-01-18 15:40:00,419.3
2020-01-18 15:50:00,419.2
2020-01-18 16:00:00,419.2
2020-01-18 16:10:00,419.3
2020-01-18 16:20:00,419.4
2020-01-18 16:30:00,419.5
2020-01-18 16:40:00,420.4
2020-01-18 16:50:00,420.0
2020-01-18 17:00:00,419.9
2020-01-18 17:10:00,420.3
2020-01-18 17:20:00,420.3
2020-01-18 17:30:00,420.7
2020-01-18 17:40:00,420.9
2020-01-18 17:50:00,421.9
2020-01-18 18:00:00,421.9
2020-01-18 18:10:00,421.4
2020-01-18 18:20:00,422.0
2020-01-18 18:30:00,422.8
2020-01-18 18:40:00,422.4
2020-01-18 18:50:00,422.7
2020-01-18 19:00:00,422.8
2020-01-18 19:10:00,422.9
2020-01-18 19:20:00,422.6
2020-01-18 19:30:00,422.6
2020-01-18 19:40:00,422.2
2020-01-18 19:50:00,422.2
2020-01-18 20:00:00,422.2
2020-01-18 20:10:00,422.3
2020-01-18 20:20:00,422.3
2020-01-18 20:30:00,422.3
2020-01-18 20:40:00,422.2
2020-01-18 20:50:00,422.3
2020-01-18 21:00:00,422.3
2020-01-18 21:10:00,422.7
2020-01-18 21:20:00,422.8
2020-01-18 21:30:00,422.7
2020-01-18 21:40:00,422.7
2020-01-18 21:50:00,422.7
2020-01-18 22:00:00,422.7
2020-01-18 22:10:00,423.1
2020-01-18 22:20:00,423.2
2020-01-18 22:30:00,423.2
2020-01-18 22:40:00,423.2
2020-01-18 22:50:00,423.6
2020-01-18 23:00:00,423.6
2020-01-18 23:10:00,423.9
2020-01-18 23:20:00,424.1
2020-01-18 23:30:00,424.1
2020-01-18 23:40:00,424.1
2020-01-18 23:50:00,424.1
2020-01-19 00:00:00,424.1
2020-01-19 00:10:00,424.6
2020-01-19 00:20:00,424.2
2020-01-19 00:30:00,423.9
2020-01-19 00:40:00,423.6
2020-01-19 00:50:00,423.6
2020-01-19 01:00:00,423.6
2020-01-19 01:10:00,423.5
2020-01-19 01:20:00,423.6
2020-01-19 01:30:00,423.6
2020-01-19 01:40:00,423.7
2020-01-19 01:50:00,424.1
2020-01-19 02:00:00,423.9
2020-01-19 02:10:00,423.4
2020-01-19 02:20:00,423.5
2020-01-19 02:30:00,423.6
2020-01-19 02:40:00,424.0
2020-01-19 02:50:00,424.1
2020-01-19 03:00:00,424.6
2020-01-19 03:10:00,424.6
2020-01-19 03:20:00,425.1
2020-01-19 03:30:00,425.2
2020-01-19 03:40:00,426.7
2020-01-19 03:50:00,427.0
2020-01-19 04:00:00,426.3
2020-01-19 04:10:00,427.0
2020-01-19 04:20:00,425.6
2020-01-19 04:30:00,425.5
2020-01-19 04:40:00,425.6
2020-01-19 04:50:00,426.0
2020-01-19 05:00:00,426.0
2020-01-19 05:10:00,428.1
2020-01-19 05:20:00,427.3
2020-01-19 05:30:00,427.3
2020-01-19 05:40:00,427.4
2020-01-19 05:50:00,426.6
2020-01-19 06:00:00,427.5
2020-01-19 06:10:00,428.2
2020-01-19 06:20:00,429.4
2020-01-19 06:30:00,427.7
2020-01-19 06:40:00,425.2
2020-01-19 06:50:00,424.7
2020-01-19 07:00:00,424.6
2020-01-19 07:10:00,425.0
2020-01-19 07:20:00,425.4
2020-01-19 07:30:00,428.5
2020-01-19 07:40:00,429.6
2020-01-19 07:50:00,431.5
2020-01-19 08:00:00,432.9
2020-01-19 08:10:00,434.6
2020-01-19 08:20:00,432.9
2020-01-19 08:30:00,432.1
2020-01-19 08:40:00,433.2
2020-01-19 08:50:00,436.9
2020-01-19 09:00:00,434.4
2020-01-19 09:10:00,427.4
2020-01-19 09:20:00,425.7
2020-01-19 09:30:00,425.7
2020-01-19 09:40:00,425.1
2020-01-19 09:50:00,424.8
2020-01-19 10:00:00,424.6
2020-01-19 10:10:00,424.6
2020-01-19 10:20:00,424.3
2020-01-19 10:30:00,424.1
2020-01-19 10:40:00,424.1
2020-01-19 10:50:00,423.5
2020-01-19 11:00:00,423.6
2020-01-19 11:10:00,424.6
2020-01-19 11:20:00,424.1
2020-01-19 11:30:00,421.6
2020-01-19 11:40:00,421.0
2020-01-19 11:50:00,420.4
2020-01-19 12:00:00,420.2
2020-01-19 12:10:00,419.9
2020-01-19 12:20:00,419.8
2020-01-19 12:30:00,419.3
2020-01-19 12:40:00,419.3
2020-01-19 12:50:00,418.9
2020-01-19 13:00:00,418.4
2020-01-19 13:10:00,418.2
2020-01-19 13:20:00,417.7
2020-01-19 13:30:00,417.7
2020-01-19 13:40:00,417.8
2020-01-19 13:50:00,417.6
2020-01-19 14:00:00,417.5
2020-01-19 14:10:00,417.7
2020-01-19 14:20:00,417.5
2020-01-19 14:30:00,417.3
2020-01-19 14:40:00,417.3
2020-01-19 14:50:00,417.3
2020-01-19 15:00:00,417.4
2020-01-19 15:10:00,417.8
2020-01-19 15:20:00,417.8
2020-01-19 15:30:00,417.7
2020-01-19 15:40:00,417.7
2020-01-19 15:50:00,417.7
2020-01-19 16:00:00,417.6
2020-01-19 16:10:00,417.3
2020-01-19 16:20:00,417.3
2020-01-19 16:30:00,417.3
2020-01-19 16:40:00,417.3
2020-01-19 16:50:00,417.6
2020-01-19 17:00:00,417.6
2020-01-19 17:10:00,417.9
2020-01-19 17:20:00,418.2
2020-01-19 17:30:00,418.2
2020-01-19 17:40:00,418.7
2020-01-19 17:50:00,419.2
2020-01-19 18:00:00,419.6
2020-01-19 18:10:00,420.7
2020-01-19 18:20:00,421.3
2020-01-19 18:30:00,421.2
2020-01-19 18:40:00,421.5
2020-01-19 18:50:00,421.6
2020-01-19 19:00:00,421.6
2020-01-19 19:10:00,421.7
2020-01-19 19:20:00,421.7
2020-01-19 19:30:00,421.7
2020-01-19 19:40:00,422.2
2020-01-19 19:50:00,422.1
2020-01-19 20:00:00,422.0
2020-01-19 20:10:00,422.0
2020-01-19 20:20:00,421.8
2020-01-19 20:30:00,421.6
2020-01-19 20:40:00,421.5
2020-01-19 20:50:00,421.6
2020-01-19 21:00:00,421.5
2020-01-19 21:10:00,421.8
2020-01-19 21:20:00,421.9
2020-01-19 21:30:00,422.2
2020-01-19 21:40:00,422.3
2020-01-19 21:50:00,422.3
2020-01-19 22:00:00,422.8
2020-01-19 22:10:00,424.3
2020-01-19 22:20:00,425.6
2020-01-19 22:30:00,425.6
2020-01-19 22:40:00,425.7
2020-01-19 22:50:00,425.3
2020-01-19 23:00:00,424.4
2020-01-19 23:10:00,424.9
2020-01-19 23:20:00,425.4
2020-01-19 23:30:00,426.7
2020-01-19 23:40:00,426.8
2020-01-19 23:50:00,424.1
2020-01-20 00:00:00,425.6
2020-01-20 00:10:00,426.9
2020-01-20 00:20:00,425.3
2020-01-20 00:30:00,424.9
2020-01-20 00:40:00,425.0
2020-01-20 00:50:00,425.0
2020-01-20 01:00:00,424.6
2020-01-20 01:10:00,424.9
2020-01-20 01:20:00,425.8
2020-01-20 01:30:00,426.9
2020-01-20 01:40:00,430.4
2020-01-20 01:50:00,432.5
2020-01-20 02:00:00,431.4
2020-01-20 02:10:00,430.6
2020-01-20 02:20:00,429.6
2020-01-20 02:30:00,431.3
2020-01-20 02:40:00,431.5
2020-01-20 02:50:00,430.0
2020-01-20 03:00:00,431.4
2020-01-20 03:10:00,434.0
2020-01-20 03:20:00,434.0
2020-01-20 03:30:00,431.1
2020-01-20 03:40:00,430.9
2020-01-20 03:50:00,430.6
2020-01-20 04:00:00,430.6
2020-01-20 04:10:00,433.9
2020-01-20 04:20:00,434.7
2020-01-20 04:30:00,434.7
2020-01-20 04:40:00,435.7
2020-01-20 04:50:00,433.0
2020-01-20 05:00:00,432.8
2020-01-20 05:10:00,432.1
2020-01-20 05:20:00,433.4
2020-01-20 05:30:00,433.0
2020-01-20 05:40:00,431.9
2020-01-20 05:50:00,435.1
2020-01-20 06:00:00,431.8
2020-01-20 06:10:00,431.7
2020-01-20 06:20:00,434.2
2020-01-20 06:30:00,431.9
2020-01-20 06:40:00,430.0
2020-01-20 06:50:00,428.8
2020-01-20 07:00:00,424.9
2020-01-20 07:10:00,426.5
2020-01-20 07:20:00,441.2
2020-01-20 07:30:00,435.1
2020-01-20 07:40:00,428.2
2020-01-20 07:50:00,426.8
2020-01-20 08:00:00,426.0
2020-01-20 08:10:00,425.8
2020-01-20 08:20:00,426.7
2020-01-20 08:30:00,429.0
2020-01-20 08:40:00,433.1
2020-01-20 08:50:00,439.0
2020-01-20 09:00:00,436.0
2020-01-20 09:10:00,436.5
2020-01-20 09:20:00,433.4
2020-01-20 09:30:00,435.0
2020-01-20 09:40:00,433.5
2020-01-20 09:50:00,433.2
2020-01-20 10:00:00,431.4
2020-01-20 10:10:00,430.4
2020-01-20 10:20:00,428.0
2020-01-20 10:30:00,428.1
2020-01-20 10:40:00,426.2
2020-01-20 10:50:00,446.3
2020-01-20 11:00:00,423.6
2020-01-20 11:10:00,423.2
2020-01-20 11:20:00,422.9
2020-01-20 11:30:00,422.7
2020-01-20 11:40:00,422.4
2020-01-20 11:50:00,422.2
2020-01-20 12:00:00,422.5
2020-01-20 12:10:00,421.7
2020-01-20 12:20:00,420.9
2020-01-20 12:30:00,419.9
2020-01-20 12:40:00,418.9
2020-01-20 12:50:00,418.4
2020-01-20 13:00:00,418.5
2020-01-20 13:10:00,418.6
2020-01-20 13:20:00,418.5
2020-01-20 13:30:00,418.9
2020-01-20 13:40:00,419.1
2020-01-20 13:50:00,418.9
2020-01-20 14:00:00,419.1
2020-01-20 14:10:00,419.6
2020-01-20 14:20:00,421.2
2020-01-20 14:30:00,421.0
2020-01-20 14:40:00,420.5
2020-01-20 14:50:00,420.6
2020-01-20 15:00:00,420.7
2020-01-20 15:10:00,419.0
2020-01-20 15:20:00,419.0
2020-01-20 15:30:00,418.2
2020-01-20 15:40:00,418.3
2020-01-20 15:50:00,418.2
2020-01-20 16:00:00,418.5
2020-01-20 16:10:00,418.3
2020-01-20 16:20:00,418.0
2020-01-20 16:30:00,418.2
2020-01-20 16:40:00,418.7
2020-01-20 16:50:00,419.3
2020-01-20 17:00:00,419.1
2020-01-20 17:10:00,418.4
2020-01-20 17:20:00,418.4
2020-01-20 17:30:00,418.3
2020-01-20 17:40:00,418.4
2020-01-20 17:50:00,419.9
2020-01-20 18:00:00,420.0
2020-01-20 18:10:00,419.3
2020-01-20 18:20:00,419.1
2020-01-20 18:30:00,420.1
2020-01-20 18:40:00,422.5
2020-01-20 18:50:00,422.4
2020-01-20 19:00:00,421.6
2020-01-20 19:10:00,423.8
2020-01-20 19:20:00,421.2
2020-01-20 19:30:00,425.2
2020-01-20 19:40:00,426.8
2020-01-20 19:50:00,427.1
2020-01-20 20:00:00,428.1
2020-01-20 20:10:00,427.7
2020-01-20 20:20:00,427.9
2020-01-20 20:30:00,429.2
2020-01-20 20:40:00,429.5
2020-01-20 20:50:00,428.4
2020-01-20 21:00:00,429.9
2020-01-20 21:10:00,430.8
2020-01-20 21:20:00,431.4
2020-01-20 21:30:00,431.7
2020-01-20 21:40:00,431.5
2020-01-20 21:50:00,430.8
2020-01-20 22:00:00,432.1
2020-01-20 22:10:00,433.5
2020-01-20 22:20:00,432.9
2020-01-20 22:30:00,434.3
2020-01-20 22:40:00,434.5
2020-01-20 22:50:00,435.2
2020-01-20 23:00:00,435.6
2020-01-20 23:10:00,435.5
2020-01-20 23:20:00,435.1
2020-01-20 23:30:00,434.1
2020-01-20 23:40:00,434.0
2020-01-20 23:50:00,432.9
2020-01-21 00:00:00,432.5
2020-01-21 00:10:00,433.2
2020-01-21 00:20:00,432.9
2020-01-21 00:30:00,430.2
2020-01-21 00:40:00,431.0
2020-01-21 00:50:00,432.6
2020-01-21 01:00:00,433.4
2020-01-21 01:10:00,434.7
2020-01-21 01:20:00,435.5
2020-01-21 01:30:00,433.4
2020-01-21 01:40:00,433.6
2020-01-21 01:50:00,437.5
2020-01-21 02:00:00,438.1
2020-01-21 02:10:00,440.5
2020-01-21 02:20:00,440.5
2020-01-21 02:30:00,439.4
2020-01-21 02:40:00,440.9
2020-01-21 02:50:00,441.0
2020-01-21 03:00:00,440.6
2020-01-21 03:10:00,439.1
2020-01-21 03:20:00,439.5
2020-01-21 03:30:00,435.9
2020-01-21 03:40:00,438.0
2020-01-21 03:50:00,441.0
2020-01-21 04:00:00,441.8
2020-01-21 04:10:00,441.8
2020-01-21 04:20:00,441.8
2020-01-21 04:30:00,442.0
2020-01-21 04:40:00,443.5
2020-01-21 04:50:00,439.3
2020-01-21 05:00:00,441.5
2020-01-21 05:10:00,442.7
2020-01-21 05:20:00,441.7
2020-01-21 05:30:00,442.5
2020-01-21 05:40:00,446.9
2020-01-21 05:50:00,443.1
2020-01-21 06:00:00,438.1
2020-01-21 06:10:00,443.8
2020-01-21 06:20:00,448.0
2020-01-21 06:30:00,450.1
2020-01-21 06:40:00,449.0
2020-01-21 06:50:00,448.4
2020-01-21 07:00:00,453.7
2020-01-21 07:10:00,444.7
2020-01-21 07:20:00,447.6
2020-01-21 07:30:00,450.5
2020-01-21 07:40:00,453.0
2020-01-21 07:50:00,452.4
2020-01-21 08:00:00,453.9
2020-01-21 08:10:00,452.4
2020-01-21 08:20:00,451.5
2020-01-21 08:30:00,455.0
2020-01-21 08:40:00,456.1
2020-01-21 08:50:00,457.0
2020-01-21 09:00:00,454.8
2020-01-21 09:10:00,455.7
2020-01-21 09:20:00,455.2
2020-01-21 09:30:00,456.7
2020-01-21 09:40:00,456.1
2020-01-21 09:50:00,456.5
2020-01-21 10:00:00,454.9
2020-01-21 10:10:00,456.3
2020-01-21 10:20:00,453.4
2020-01-21 10:30:00,455.4
2020-01-21 10:40:00,454.7
2020-01-21 10:50:00,451.9
2020-01-21 11:00:00,451.4
2020-01-21 11:10:00,450.1
2020-01-21 11:20:00,448.2
2020-01-21 11:30:00,447.3
2020-01-21 11:40:00,447.3
2020-01-21 11:50:00,447.9
2020-01-21 12:00:00,447.4
2020-01-21 12:10:00,445.5
2020-01-21 12:20:00,444.0
2020-01-21 12:30:00,443.0
2020-01-21 12:40:00,442.1
2020-01-21 12:50:00,441.7
2020-01-21 13:00:00,441.4
2020-01-21 13:10:00,441.3
2020-01-21 13:20:00,440.6
2020-01-21 13:30:00,438.7
2020-01-21 13:40:00,438.5
2020-01-21 13:50:00,438.7
2020-01-21 14:00:00,439.3
2020-01-21 14:10:00,438.0
2020-01-21 14:20:00,434.4
2020-01-21 14:30:00,433.3
2020-01-21 14:40:00,429.1
2020-01-21 14:50:00,429.2
2020-01-21 15:00:00,429.7
2020-01-21 15:10:00,428.8
2020-01-21 15:20:00,429.4
2020-01-21 15:30:00,430.5
2020-01-21 15:40:00,430.9
2020-01-21 15:50:00,429.2
2020-01-21 16:00:00,427.5
2020-01-21 16:10:00,427.8
2020-01-21 16:20:00,429.5
2020-01-21 16:30:00,431.1
2020-01-21 16:40:00,425.1
2020-01-21 16:50:00,424.0
2020-01-21 17:00:00,425.0
2020-01-21 17:10:00,422.7
2020-01-21 17:20:00,425.4
2020-01-21 17:30:00,428.4
2020-01-21 17:40:00,430.7
2020-01-21 17:50:00,435.3
2020-01-21 18:00:00,440.1
2020-01-21 18:10:00,439.1
2020-01-21 18:20:00,437.7
2020-01-21 18:30:00,431.7
2020-01-21 18:40:00,433.9
2020-01-21 18:50:00,439.1
2020-01-21 19:00:00,438.8
2020-01-21 19:10:00,440.9
2020-01-21 19:20:00,438.1
2020-01-21 19:30:00,438.9
2020-01-21 19:40:00,437.2
2020-01-21 19:50:00,437.8
2020-01-21 20:00:00,434.2
2020-01-21 20:10:00,436.9
2020-01-21 20:20:00,440.9
2020-01-21 20:30:00,440.5
2020-01-21 20:40:00,442.4
2020-01-21 20:50:00,440.4
2020-01-21 21:00:00,439.0
2020-01-21 21:10:00,440.7
2020-01-21 21:20:00,436.4
2020-01-21 21:30:00,438.7
2020-01-21 21:40:00,442.5
2020-01-21 21:50:00,444.6
2020-01-21 22:00:00,445.6
2020-01-21 22:10:00,446.4
2020-01-21 22:20:00,446.3
2020-01-21 22:30:00,445.9
2020-01-21 22:40:00,447.0
2020-01-21 22:50:00,448.0
2020-01-21 23:00:00,446.7
2020-01-21 23:10:00,445.6
2020-01-21 23:20:00,444.1
2020-01-21 23:30:00,444.3
2020-01-21 23:40:00,443.3
2020-01-21 23:50:00,442.2
2020-01-22 00:00:00,442.1
2020-01-22 00:10:00,438.3
2020-01-22 00:20:00,437.8
2020-01-22 00:30:00,440.6
2020-01-22 00:40:00,441.0
2020-01-22 00:50:00,440.1
2020-01-22 01:00:00,439.9
2020-01-22 01:10:00,441.7
2020-01-22 01:20:00,442.0
2020-01-22 01:30:00,437.6
2020-01-22 01:40:00,435.0
2020-01-22 01:50:00,441.0
2020-01-22 02:00:00,445.4
2020-01-22 02:10:00,448.2
2020-01-22 02:20:00,449.7
2020-01-22 02:30:00,450.0
2020-01-22 02:40:00,443.6
2020-01-22 02:50:00,440.5
2020-01-22 03:00:00,440.1
2020-01-22 03:10:00,439.3
2020-01-22 03:20:00,440.8
2020-01-22 03:30:00,443.6
2020-01-22 03:40:00,448.8
2020-01-22 03:50:00,449.7
2020-01-22 04:00:00,449.9
2020-01-22 04:10:00,450.4
2020-01-22 04:20:00,450.8
2020-01-22 04:30:00,452.3
2020-01-22 04:40:00,452.3
2020-01-22 04:50:00,449.9
2020-01-22 05:00:00,452.0
2020-01-22 05:10:00,453.9
2020-01-22 05:20:00,446.7
2020-01-22 05:30:00,445.6
2020-01-22 05:40:00,448.6
2020-01-22 05:50:00,448.6
2020-01-22 06:00:00,448.6
2020-01-22 06:10:00,450.9
2020-01-22 06:20:00,453.2
2020-01-22 06:30:00,454.8
2020-01-22 06:40:00,455.7
2020-01-22 06:50:00,458.0
2020-01-22 07:00:00,456.1
2020-01-22 07:10:00,455.2
2020-01-22 07:20:00,455.0
2020-01-22 07:30:00,452.6
2020-01-22 07:40:00,453.0
2020-01-22 07:50:00,450.8
2020-01-22 08:00:00,450.3
2020-01-22 08:10:00,450.7
2020-01-22 08:20:00,450.7
2020-01-22 08:30:00,449.8
2020-01-22 08:40:00,446.7
2020-01-22 08:50:00,446.3
2020-01-22 09:00:00,457.9
2020-01-22 09:10:00,467.9
2020-01-22 09:20:00,472.9
2020-01-22 09:30:00,473.8
2020-01-22 09:40:00,462.2
2020-01-22 09:50:00,452.6
2020-01-22 10:00:00,456.8
2020-01-22 10:10:00,465.4
2020-01-22 10:20:00,457.0
2020-01-22 10:30:00,458.1
2020-01-22 10:40:00,455.2
2020-01-22 10:50:00,457.6
2020-01-22 11:00:00,456.9
2020-01-22 11:10:00,455.0
2020-01-22 11:20:00,455.0
2020-01-22 11:30:00,451.1
2020-01-22 11:40:00,453.1
2020-01-22 11:50:00,452.1
2020-01-22 12:00:00,455.2
2020-01-22 12:10:00,456.9
2020-01-22 12:20:00,458.1
2020-01-22 12:30:00,454.4
2020-01-22 12:40:00,452.6
2020-01-22 12:50:00,451.1
2020-01-22 13:00:00,449.5
2020-01-22 13:10:00,449.9
2020-01-22 13:20:00,445.9
2020-01-22 13:30:00,441.6
2020-01-22 13:40:00,440.1
2020-01-22 13:50:00,437.5
2020-01-22 14:00:00,435.9
2020-01-22 14:10:00,435.3
2020-01-22 14:20:00,435.8
2020-01-22 14:30:00,434.4
2020-01-22 14:40:00,433.6
2020-01-22 14:50:00,432.4
2020-01-22 15:00:00,432.2
2020-01-22 15:10:00,432.6
2020-01-22 15:20:00,432.4
2020-01-22 15:30:00,432.2
2020-01-22 15:40:00,432.2
2020-01-22 15:50:00,432.7
2020-01-22 16:00:00,433.9
2020-01-22 16:10:00,435.5
2020-01-22 16:20:00,434.6
2020-01-22 16:30:00,436.2
2020-01-22 16:40:00,437.3
2020-01-22 16:50:00,439.6
2020-01-22 17:00:00,440.8
2020-01-22 17:10:00,440.3
2020-01-22 17:20:00,439.1
2020-01-22 17:30:00,438.7
2020-01-22 17:40:00,439.9
2020-01-22 17:50:00,436.5
2020-01-22 18:00:00,435.9
2020-01-22 18:10:00,437.0
2020-01-22 18:20:00,439.7
2020-01-22 18:30:00,439.4
2020-01-22 18:40:00,443.3
2020-01-22 18:50:00,445.2
2020-01-22 19:00:00,442.4
2020-01-22 19:10:00,439.9
2020-01-22 19:20:00,442.8
2020-01-22 19:30:00,439.7
2020-01-22 19:40:00,438.9
2020-01-22 19:50:00,440.7
2020-01-22 20:00:00,440.5
2020-01-22 20:10:00,441.0
2020-01-22 20:20:00,442.8
2020-01-22 20:30:00,444.2
2020-01-22 20:40:00,446.6
2020-01-22 20:50:00,448.1
2020-01-22 21:00:00,450.6
2020-01-22 21:10:00,450.8
2020-01-22 21:20:00,449.4
2020-01-22 21:30:00,451.0
2020-01-22 21:40:00,447.2
2020-01-22 21:50:00,449.9
2020-01-22 22:00:00,447.7
2020-01-22 22:10:00,442.4
2020-01-22 22:20:00,438.7
2020-01-22 22:30:00,440.4
2020-01-22 22:40:00,442.8
2020-01-22 22:50:00,441.4
2020-01-22 23:00:00,444.3
2020-01-22 23:10:00,443.0
2020-01-22 23:20:00,446.1
2020-01-22 23:30:00,447.6
2020-01-22 23:40:00,449.7
2020-01-22 23:50:00,448.9
2020-01-23 00:00:00,448.6
2020-01-23 00:10:00,448.3
2020-01-23 00:20:00,450.0
2020-01-23 00:30:00,451.4
2020-01-23 00:40:00,451.0
2020-01-23 00:50:00,449.8
2020-01-23 01:00:00,445.3
2020-01-23 01:10:00,448.1
2020-01-23 01:20:00,451.6
2020-01-23 01:30:00,448.3
2020-01-23 01:40:00,450.6
2020-01-23 01:50:00,449.1
2020-01-23 02:00:00,451.8
2020-01-23 02:10:00,452.7
2020-01-23 02:20:00,454.3
2020-01-23 02:30:00,454.4
2020-01-23 02:40:00,449.8
2020-01-23 02:50:00,446.7
2020-01-23 03:00:00,449.8
2020-01-23 03:10:00,451.2
2020-01-23 03:20:00,453.4
2020-01-23 03:30:00,448.2
2020-01-23 03:40:00,449.0
2020-01-23 03:50:00,449.7
2020-01-23 04:00:00,446.0
2020-01-23 04:10:00,447.8
2020-01-23 04:20:00,452.2
2020-01-23 04:30:00,452.7
2020-01-23 04:40:00,456.1
2020-01-23 04:50:00,453.1
2020-01-23 05:00:00,450.9
2020-01-23 05:10:00,448.7
2020-01-23 05:20:00,454.2
2020-01-23 05:30:00,453.4
2020-01-23 05:40:00,454.1
2020-01-23 05:50:00,455.9
2020-01-23 06:00:00,460.1
2020-01-23 06:10:00,459.4
2020-01-23 06:20:00,451.5
2020-01-23 06:30:00,454.1
2020-01-23 06:40:00,467.9
2020-01-23 06:50:00,467.3
2020-01-23 07:00:00,454.7
2020-01-23 07:10:00,466.2
2020-01-23 07:20:00,462.7
2020-01-23 07:30:00,464.2
2020-01-23 07:40:00,457.8
2020-01-23 07:50:00,455.9
2020-01-23 08:00:00,458.1
2020-01-23 08:10:00,454.0
2020-01-23 08:20:00,450.4
2020-01-23 08:30:00,454.9
2020-01-23 08:40:00,471.5
2020-01-23 08:50:00,469.8
2020-01-23 09:00:00,462.8
2020-01-23 09:10:00,461.2
2020-01-23 09:20:00,452.5
2020-01-23 09:30:00,453.7
2020-01-23 09:40:00,462.4
2020-01-23 09:50:00,463.0
2020-01-23 10:00:00,456.0
2020-01-23 10:10:00,455.2
2020-01-23 10:20:00,449.5
2020-01-23 10:30:00,447.9
2020-01-23 10:40:00,450.9
2020-01-23 10:50:00,451.5
2020-01-23 11:00:00,451.3
2020-01-23 11:10:00,455.6
2020-01-23 11:20:00,451.8
2020-01-23 11:30:00,444.6
2020-01-23 11:40:00,443.7
2020-01-23 11:50:00,443.1
2020-01-23 12:00:00,440.4
2020-01-23 12:10:00,437.2
2020-01-23 12:20:00,436.0
2020-01-23 12:30:00,432.4
2020-01-23 12:40:00,429.8
2020-01-23 12:50:00,427.0
2020-01-23 13:00:00,425.4
2020-01-23 13:10:00,423.9
2020-01-23 13:20:00,423.6
2020-01-23 13:30:00,423.2
2020-01-23 13:40:00,424.1
2020-01-23 13:50:00,422.1
2020-01-23 14:00:00,422.5
2020-01-23 14:10:00,422.6
2020-01-23 14:20:00,422.9
2020-01-23 14:30:00,422.4
2020-01-23 14:40:00,422.9
2020-01-23 14:50:00,423.5
2020-01-23 15:00:00,424.3
2020-01-23 15:10:00,423.8
2020-01-23 15:20:00,423.1
2020-01-23 15:30:00,424.1
2020-01-23 15:40:00,424.7
2020-01-23 15:50:00,424.3
2020-01-23 16:00:00,424.7
2020-01-23 16:10:00,426.3
2020-01-23 16:20:00,426.4
2020-01-23 16:30:00,424.0
2020-01-23 16:40:00,423.7
2020-01-23 16:50:00,424.3
2020-01-23 17:00:00,425.0
2020-01-23 17:10:00,427.1
2020-01-23 17:20:00,427.0
2020-01-23 17:30:00,427.6
2020-01-23 17:40:00,432.2
2020-01-23 17:50:00,435.7
2020-01-23 18:00:00,438.3
2020-01-23 18:10:00,435.9
2020-01-23 18:20:00,433.6
2020-01-23 18:30:00,431.2
2020-01-23 18:40:00,430.2
2020-01-23 18:50:00,430.3
2020-01-23 19:00:00,428.5
2020-01-23 19:10:00,429.0
2020-01-23 19:20:00,429.6
2020-01-23 19:30:00,429.4
2020-01-23 19:40:00,430.4
2020-01-23 19:50:00,431.4
2020-01-23 20:00:00,433.3
2020-01-23 20:10:00,434.8
2020-01-23 20:20:00,433.9
2020-01-23 20:30:00,439.7
2020-01-23 20:40:00,449.1
2020-01-23 20:50:00,455.9
2020-01-23 21:00:00,443.7
2020-01-23 21:10:00,447.3
2020-01-23 21:20:00,441.8
2020-01-23 21:30:00,433.3
2020-01-23 21:40:00,431.6
2020-01-23 21:50:00,431.7
2020-01-23 22:00:00,435.5
2020-01-23 22:10:00,441.3
2020-01-23 22:20:00,449.8
2020-01-23 22:30:00,439.6
2020-01-23 22:40:00,438.3
2020-01-23 22:50:00,436.6
2020-01-23 23:00:00,437.4
2020-01-23 23:10:00,437.5
2020-01-23 23:20:00,437.9
2020-01-23 23:30:00,441.8
2020-01-23 23:40:00,441.5
2020-01-23 23:50:00,439.3
2020-01-24 00:00:00,441.8
2020-01-24 00:10:00,446.8
2020-01-24 00:20:00,445.6
2020-01-24 00:30:00,443.2
2020-01-24 00:40:00,442.5
2020-01-24 00:50:00,440.6
2020-01-24 01:00:00,442.5
2020-01-24 01:10:00,443.1
2020-01-24 01:20:00,442.4
2020-01-24 01:30:00,444.6
2020-01-24 01:40:00,446.5
2020-01-24 01:50:00,443.8
2020-01-24 02:00:00,442.6
2020-01-24 02:10:00,447.4
2020-01-24 02:20:00,446.3
2020-01-24 02:30:00,445.0
2020-01-24 02:40:00,445.0
2020-01-24 02:50:00,442.3
2020-01-24 03:00:00,444.2
2020-01-24 03:10:00,443.7
2020-01-24 03:20:00,446.3
2020-01-24 03:30:00,445.9
2020-01-24 03:40:00,447.1
2020-01-24 03:50:00,446.1
2020-01-24 04:00:00,446.9
2020-01-24 04:10:00,446.7
2020-01-24 04:20:00,449.0
2020-01-24 04:30:00,451.2
2020-01-24 04:40:00,450.9
2020-01-24 04:50:00,450.8
2020-01-24 05:00:00,452.3
2020-01-24 05:10:00,452.8
2020-01-24 05:20:00,453.1
2020-01-24 05:30:00,452.1
2020-01-24 05:40:00,452.5
2020-01-24 05:50:00,452.1
2020-01-24 06:00:00,461.9
2020-01-24 06:10:00,454.4
2020-01-24 06:20:00,455.7
2020-01-24 06:30:00,455.7
2020-01-24 06:40:00,455.5
2020-01-24 06:50:00,454.8
2020-01-24 07:00:00,455.4
2020-01-24 07:10:00,454.8
2020-01-24 07:20:00,452.7
2020-01-24 07:30:00,452.3
2020-01-24 07:40:00,451.4
2020-01-24 07:50:00,451.1
2020-01-24 08:00:00,457.2
2020-01-24 08:10:00,451.4
2020-01-24 08:20:00,446.6
2020-01-24 08:30:00,454.5
2020-01-24 08:40:00,457.4
2020-01-24 08:50:00,459.8
2020-01-24 09:00:00,466.8
2020-01-24 09:10:00,462.9
2020-01-24 09:20:00,466.6
2020-01-24 09:30:00,473.5
2020-01-24 09:40:00,470.1
2020-01-24 09:50:00,462.9
2020-01-24 10:00:00,464.2
2020-01-24 10:10:00,466.9
2020-01-24 10:20:00,463.4
2020-01-24 10:30:00,463.6
2020-01-24 10:40:00,464.5
2020-01-24 10:50:00,462.8
2020-01-24 11:00:00,462.4
2020-01-24 11:10:00,462.8
2020-01-24 11:20:00,458.8
2020-01-24 11:30:00,458.7
2020-01-24 11:40:00,458.3
2020-01-24 11:50:00,453.7
2020-01-24 12:00:00,448.4
2020-01-24 12:10:00,445.4
2020-01-24 12:20:00,443.2
2020-01-24 12:30:00,441.2
2020-01-24 12:40:00,439.3
2020-01-24 12:50:00,437.8
2020-01-24 13:00:00,435.8
2020-01-24 13:10:00,432.7
2020-01-24 13:20:00,431.6
2020-01-24 13:30:00,431.3
2020-01-24 13:40:00,431.2
2020-01-24 13:50:00,430.9
2020-01-24 14:00:00,430.9
2020-01-24 14:10:00,430.8
2020-01-24 14:20:00,430.7
2020-01-24 14:30:00,430.6
2020-01-24 14:40:00,430.1
2020-01-24 14:50:00,430.1
2020-01-24 15:00:00,429.8
2020-01-24 15:10:00,430.1
2020-01-24 15:20:00,432.1
2020-01-24 15:30:00,433.1
2020-01-24 15:40:00,433.2
2020-01-24 15:50:00,433.2
2020-01-24 16:00:00,433.7
2020-01-24 16:10:00,433.4
2020-01-24 16:20:00,432.6
2020-01-24 16:30:00,431.3
2020-01-24 16:40:00,432.7
2020-01-24 16:50:00,430.2
2020-01-24 17:00:00,429.9
2020-01-24 17:10:00,430.2
2020-01-24 17:20:00,430.7
2020-01-24 17:30:00,430.8
2020-01-24 17:40:00,431.4
2020-01-24 17:50:00,431.6
2020-01-24 18:00:00,432.5
2020-01-24 18:10:00,435.2
2020-01-24 18:20:00,434.2
2020-01-24 18:30:00,435.2
2020-01-24 18:40:00,435.9
2020-01-24 18:50:00,436.5
2020-01-24 19:00:00,435.9
2020-01-24 19:10:00,435.5
2020-01-24 19:20:00,435.6
2020-01-24 19:30:00,436.0
2020-01-24 19:40:00,437.1
2020-01-24 19:50:00,437.4
2020-01-24 20:00:00,437.7
2020-01-24 20:10:00,438.5
2020-01-24 20:20:00,438.6
2020-01-24 20:30:00,438.0
2020-01-24 20:40:00,439.4
2020-01-24 20:50:00,439.7
2020-01-24 21:00:00,441.0
2020-01-24 21:10:00,440.8
2020-01-24 21:20:00,442.2
2020-01-24 21:30:00,443.3
2020-01-24 21:40:00,443.6
2020-01-24 21:50:00,442.8
2020-01-24 22:00:00,441.7
2020-01-24 22:10:00,442.6
2020-01-24 22:20:00,442.6
2020-01-24 22:30:00,443.9
2020-01-24 22:40:00,443.6
2020-01-24 22:50:00,443.4
2020-01-24 23:00:00,442.9
2020-01-24 23:10:00,443.0
2020-01-24 23:20:00,445.2
2020-01-24 23:30:00,444.4
2020-01-24 23:40:00,444.2
2020-01-24 23:50:00,444.4
2020-01-25 00:00:00,444.2
2020-01-25 00:10:00,443.3
2020-01-25 00:20:00,442.3
2020-01-25 00:30:00,442.4
2020-01-25 00:40:00,444.5
2020-01-25 00:50:00,453.4
2020-01-25 01:00:00,456.8
2020-01-25 01:10:00,457.6
2020-01-25 01:20:00,456.2
2020-01-25 01:30:00,456.6
2020-01-25 01:40:00,451.4
2020-01-25 01:50:00,460.1
2020-01-25 02:00:00,442.7
2020-01-25 02:10:00,450.9
2020-01-25 02:20:00,449.0
2020-01-25 02:30:00,456.1
2020-01-25 02:40:00,438.6
2020-01-25 02:50:00,436.1
2020-01-25 03:00:00,436.2
2020-01-25 03:10:00,435.9
2020-01-25 03:20:00,435.7
2020-01-25 03:30:00,436.0
2020-01-25 03:40:00,436.0
2020-01-25 03:50:00,436.3
2020-01-25 04:00:00,436.6
2020-01-25 04:10:00,443.6
2020-01-25 04:20:00,450.5
2020-01-25 04:30:00,445.9
2020-01-25 04:40:00,449.5
2020-01-25 04:50:00,443.3
2020-01-25 05:00:00,441.1
2020-01-25 05:10:00,438.2
2020-01-25 05:20:00,437.6
2020-01-25 05:30:00,437.7
2020-01-25 05:40:00,437.9
2020-01-25 05:50:00,438.1
2020-01-25 06:00:00,437.4
2020-01-25 06:10:00,436.5
2020-01-25 06:20:00,436.9
2020-01-25 06:30:00,437.8
2020-01-25 06:40:00,438.4
2020-01-25 06:50:00,438.3
2020-01-25 07:00:00,438.6
2020-01-25 07:10:00,438.5
2020-01-25 07:20:00,438.3
2020-01-25 07:30:00,437.8
2020-01-25 07:40:00,438.2
2020-01-25 07:50:00,438.7
2020-01-25 08:00:00,439.1
2020-01-25 08:10:00,438.6
2020-01-25 08:20:00,438.8
2020-01-25 08:30:00,438.8
2020-01-25 08:40:00,438.1
2020-01-25 08:50:00,438.8
2020-01-25 09:00:00,438.3
2020-01-25 09:10:00,437.6
2020-01-25 09:20:00,437.6
2020-01-25 09:30:00,438.5
2020-01-25 09:40:00,438.3
2020-01-25 09:50:00,437.4
2020-01-25 10:00:00,437.5
2020-01-25 10:10:00,437.6
2020-01-25 10:20:00,437.7
2020-01-25 10:30:00,437.9
2020-01-25 10:40:00,438.0
2020-01-25 10:50:00,438.1
2020-01-25 11:00:00,438.6
2020-01-25 11:10:00,439.6
2020-01-25 11:20:00,441.7
2020-01-25 11:30:00,441.5
2020-01-25 11:40:00,442.1
2020-01-25 11:50:00,441.6
2020-01-25 12:00:00,440.8
2020-01-25 12:10:00,441.6
2020-01-25 12:20:00,441.2
2020-01-25 12:30:00,441.0
2020-01-25 12:40:00,440.4
2020-01-25 12:50:00,439.9
2020-01-25 13:00:00,440.8
2020-01-25 13:10:00,440.7
2020-01-25 13:20:00,440.2
2020-01-25 13:30:00,441.0
2020-01-25 13:40:00,441.6
2020-01-25 13:50:00,440.9
2020-01-25 14:00:00,440.1
2020-01-25 14:10:00,440.0
2020-01-25 14:20:00,439.3
2020-01-25 14:30:00,439.1
2020-01-25 14:40:00,438.0
2020-01-25 14:50:00,437.1
2020-01-25 15:00:00,437.1
2020-01-25 15:10:00,436.9
2020-01-25 15:20:00,436.3
2020-01-25 15:30:00,436.8
2020-01-25 15:40:00,436.9
2020-01-25 15:50:00,437.1
2020-01-25 16:00:00,437.3
2020-01-25 16:10:00,437.9
2020-01-25 16:20:00,436.6
2020-01-25 16:30:00,436.6
2020-01-25 16:40:00,436.8
2020-01-25 16:50:00,436.4
2020-01-25 17:00:00,436.4
2020-01-25 17:10:00,436.6
2020-01-25 17:20:00,436.9
2020-01-25 17:30:00,437.0
2020-01-25 17:40:00,437.3
2020-01-25 17:50:00,437.9
2020-01-25 18:00:00,438.6
2020-01-25 18:10:00,438.6
2020-01-25 18:20:00,441.0
2020-01-25 18:30:00,442.4
2020-01-25 18:40:00,441.7
2020-01-25 18:50:00,442.3
2020-01-25 19:00:00,442.2
2020-01-25 19:10:00,443.4
2020-01-25 19:20:00,443.9
2020-01-25 19:30:00,442.4
2020-01-25 19:40:00,443.1
2020-01-25 19:50:00,444.9
2020-01-25 20:00:00,444.9
2020-01-25 20:10:00,445.8
2020-01-25 20:20:00,446.0
2020-01-25 20:30:00,447.2
2020-01-25 20:40:00,446.7
2020-01-25 20:50:00,446.9
2020-01-25 21:00:00,450.0
2020-01-25 21:10:00,448.5
2020-01-25 21:20:00,449.4
2020-01-25 21:30:00,448.0
2020-01-25 21:40:00,448.1
2020-01-25 21:50:00,450.4
2020-01-25 22:00:00,452.3
2020-01-25 22:10:00,450.7
2020-01-25 22:20:00,455.2
2020-01-25 22:30:00,459.0
2020-01-25 22:40:00,457.9
2020-01-25 22:50:00,458.5
2020-01-25 23:00:00,459.1
2020-01-25 23:10:00,456.5
2020-01-25 23:20:00,460.9
2020-01-25 23:30:00,456.5
2020-01-25 23:40:00,457.5
2020-01-25 23:50:00,460.1
2020-01-26 00:00:00,461.2
2020-01-26 00:10:00,461.5
2020-01-26 00:20:00,461.4
2020-01-26 00:30:00,459.3
2020-01-26 00:40:00,457.9
2020-01-26 00:50:00,457.3
2020-01-26 01:00:00,453.8
2020-01-26 01:10:00,452.0
2020-01-26 01:20:00,452.8
2020-01-26 01:30:00,454.0
2020-01-26 01:40:00,453.9
2020-01-26 01:50:00,453.8
2020-01-26 02:00:00,460.9
2020-01-26 02:10:00,460.5
2020-01-26 02:20:00,462.2
2020-01-26 02:30:00,460.9
2020-01-26 02:40:00,458.0
2020-01-26 02:50:00,457.1
2020-01-26 03:00:00,458.0
2020-01-26 03:10:00,461.6
2020-01-26 03:20:00,464.0
2020-01-26 03:30:00,463.2
2020-01-26 03:40:00,463.0
2020-01-26 03:50:00,459.3
2020-01-26 04:00:00,464.1
2020-01-26 04:10:00,466.9
2020-01-26 04:20:00,466.4
2020-01-26 04:30:00,462.7
2020-01-26 04:40:00,466.9
2020-01-26 04:50:00,472.6
2020-01-26 05:00:00,473.2
2020-01-26 05:10:00,475.6
2020-01-26 05:20:00,475.1
2020-01-26 05:30:00,471.6
2020-01-26 05:40:00,468.1
2020-01-26 05:50:00,465.1
2020-01-26 06:00:00,464.0
2020-01-26 06:10:00,464.5
2020-01-26 06:20:00,464.4
2020-01-26 06:30:00,464.1
2020-01-26 06:40:00,475.5
2020-01-26 06:50:00,481.8
2020-01-26 07:00:00,480.2
2020-01-26 07:10:00,478.2
2020-01-26 07:20:00,478.6
2020-01-26 07:30:00,477.6
2020-01-26 07:40:00,470.7
2020-01-26 07:50:00,480.6
2020-01-26 08:00:00,477.1
2020-01-26 08:10:00,470.3
2020-01-26 08:20:00,460.5
2020-01-26 08:30:00,459.7
2020-01-26 08:40:00,462.2
2020-01-26 08:50:00,460.3
2020-01-26 09:00:00,459.8
2020-01-26 09:10:00,466.2
2020-01-26 09:20:00,478.5
2020-01-26 09:30:00,475.8
2020-01-26 09:40:00,476.1
2020-01-26 09:50:00,474.3
2020-01-26 10:00:00,467.4
2020-01-26 10:10:00,465.3
2020-01-26 10:20:00,466.0
2020-01-26 10:30:00,465.7
2020-01-26 10:40:00,467.1
2020-01-26 10:50:00,471.0
2020-01-26 11:00:00,465.8
2020-01-26 11:10:00,468.8
2020-01-26 11:20:00,470.4
2020-01-26 11:30:00,471.2
2020-01-26 11:40:00,470.9
2020-01-26 11:50:00,471.8
2020-01-26 12:00:00,470.7
2020-01-26 12:10:00,473.8
2020-01-26 12:20:00,471.0
2020-01-26 12:30:00,466.5
2020-01-26 12:40:00,466.7
2020-01-26 12:50:00,465.1
2020-01-26 13:00:00,460.8
2020-01-26 13:10:00,460.5
2020-01-26 13:20:00,463.9
2020-01-26 13:30:00,463.2
2020-01-26 13:40:00,463.6
2020-01-26 13:50:00,463.8
2020-01-26 14:00:00,460.6
2020-01-26 14:10:00,459.0
2020-01-26 14:20:00,461.0
2020-01-26 14:30:00,457.2
2020-01-26 14:40:00,454.7
2020-01-26 14:50:00,452.5
2020-01-26 15:00:00,451.4
2020-01-26 15:10:00,451.9
2020-01-26 15:20:00,451.4
2020-01-26 15:30:00,450.2
2020-01-26 15:40:00,449.3
2020-01-26 15:50:00,449.0
2020-01-26 16:00:00,451.2
2020-01-26 16:10:00,454.0
2020-01-26 16:20:00,459.8
2020-01-26 16:30:00,461.6
2020-01-26 16:40:00,462.5
2020-01-26 16:50:00,453.2
2020-01-26 17:00:00,452.3
2020-01-26 17:10:00,452.0
2020-01-26 17:20:00,450.9
2020-01-26 17:30:00,447.9
2020-01-26 17:40:00,448.2
2020-01-26 17:50:00,446.4
2020-01-26 18:00:00,445.8
2020-01-26 18:10:00,445.5
2020-01-26 18:20:00,447.3
2020-01-26 18:30:00,451.3
2020-01-26 18:40:00,456.3
2020-01-26 18:50:00,461.2
2020-01-26 19:00:00,459.9
2020-01-26 19:10:00,460.5
2020-01-26 19:20:00,458.3
2020-01-26 19:30:00,455.8
2020-01-26 19:40:00,455.9
2020-01-26 19:50:00,453.4
2020-01-26 20:00:00,452.8
2020-01-26 20:10:00,454.3
2020-01-26 20:20:00,455.4
2020-01-26 20:30:00,456.1
2020-01-26 20:40:00,457.5
2020-01-26 20:50:00,456.2
2020-01-26 21:00:00,454.7
2020-01-26 21:10:00,455.3
2020-01-26 21:20:00,453.1
2020-01-26 21:30:00,451.4
2020-01-26 21:40:00,452.4
2020-01-26 21:50:00,450.8
2020-01-26 22:00:00,448.7
2020-01-26 22:10:00,446.8
2020-01-26 22:20:00,445.5
2020-01-26 22:30:00,445.8
2020-01-26 22:40:00,447.2
2020-01-26 22:50:00,445.5
2020-01-26 23:00:00,445.1
2020-01-26 23:10:00,446.5
2020-01-26 23:20:00,447.0
2020-01-26 23:30:00,447.5
2020-01-26 23:40:00,444.4
2020-01-26 23:50:00,444.1
2020-01-27 00:00:00,447.0
2020-01-27 00:10:00,453.0
2020-01-27 00:20:00,454.0
2020-01-27 00:30:00,455.2
2020-01-27 00:40:00,454.5
2020-01-27 00:50:00,450.2
2020-01-27 01:00:00,449.2
2020-01-27 01:10:00,449.6
2020-01-27 01:20:00,450.2
2020-01-27 01:30:00,451.7
2020-01-27 01:40:00,453.1
2020-01-27 01:50:00,452.9
2020-01-27 02:00:00,449.7
2020-01-27 02:10:00,449.1
2020-01-27 02:20:00,450.1
2020-01-27 02:30:00,452.3
2020-01-27 02:40:00,453.5
2020-01-27 02:50:00,454.3
2020-01-27 03:00:00,453.4
2020-01-27 03:10:00,454.3
2020-01-27 03:20:00,455.2
2020-01-27 03:30:00,453.4
2020-01-27 03:40:00,451.8
2020-01-27 03:50:00,452.1
2020-01-27 04:00:00,447.8
2020-01-27 04:10:00,444.4
2020-01-27 04:20:00,442.4
2020-01-27 04:30:00,449.2
2020-01-27 04:40:00,452.8
2020-01-27 04:50:00,452.4
2020-01-27 05:00:00,448.0
2020-01-27 05:10:00,445.5
2020-01-27 05:20:00,446.3
2020-01-27 05:30:00,449.9
2020-01-27 05:40:00,450.8
2020-01-27 05:50:00,450.4
2020-01-27 06:00:00,450.7
2020-01-27 06:10:00,452.5
2020-01-27 06:20:00,453.8
2020-01-27 06:30:00,454.7
2020-01-27 06:40:00,454.1
2020-01-27 06:50:00,454.4
2020-01-27 07:00:00,452.8
2020-01-27 07:10:00,451.4
2020-01-27 07:20:00,451.9
2020-01-27 07:30:00,454.5
2020-01-27 07:40:00,460.0
2020-01-27 07:50:00,459.6
2020-01-27 08:00:00,459.8
2020-01-27 08:10:00,458.4
2020-01-27 08:20:00,453.0
2020-01-27 08:30:00,458.4
2020-01-27 08:40:00,454.9
2020-01-27 08:50:00,453.1
2020-01-27 09:00:00,450.7
2020-01-27 09:10:00,446.9
2020-01-27 09:20:00,438.4
2020-01-27 09:30:00,437.3
2020-01-27 09:40:00,442.7
2020-01-27 09:50:00,442.9
2020-01-27 10:00:00,443.6
2020-01-27 10:10:00,441.4
2020-01-27 10:20:00,443.2
2020-01-27 10:30:00,443.4
2020-01-27 10:40:00,441.1
2020-01-27 10:50:00,441.1
2020-01-27 11:00:00,439.2
2020-01-27 11:10:00,438.8
2020-01-27 11:20:00,438.9
2020-01-27 11:30:00,437.3
2020-01-27 11:40:00,435.8
2020-01-27 11:50:00,435.1
2020-01-27 12:00:00,434.5
2020-01-27 12:10:00,435.1
2020-01-27 12:20:00,434.7
2020-01-27 12:30:00,431.8
2020-01-27 12:40:00,428.0
2020-01-27 12:50:00,429.6
2020-01-27 13:00:00,430.3
2020-01-27 13:10:00,431.7
2020-01-27 13:20:00,431.7
2020-01-27 13:30:00,433.1
2020-01-27 13:40:00,431.6
2020-01-27 13:50:00,428.5
2020-01-27 14:00:00,426.2
2020-01-27 14:10:00,427.1
2020-01-27 14:20:00,428.7
2020-01-27 14:30:00,428.3
2020-01-27 14:40:00,429.2
2020-01-27 14:50:00,430.2
2020-01-27 15:00:00,430.0
2020-01-27 15:10:00,430.8
2020-01-27 15:20:00,431.3
2020-01-27 15:30:00,431.4
2020-01-27 15:40:00,431.5
2020-01-27 15:50:00,432.4
2020-01-27 16:00:00,432.2
2020-01-27 16:10:00,432.8
2020-01-27 16:20:00,433.7
2020-01-27 16:30:00,433.9
2020-01-27 16:40:00,433.5
2020-01-27 16:50:00,434.1
2020-01-27 17:00:00,434.2
2020-01-27 17:10:00,434.3
2020-01-27 17:20:00,434.8
2020-01-27 17:30:00,435.6
2020-01-27 17:40:00,435.3
2020-01-27 17:50:00,436.8
2020-01-27 18:00:00,435.3
2020-01-27 18:10:00,436.0
2020-01-27 18:20:00,435.7
2020-01-27 18:30:00,434.4
2020-01-27 18:40:00,434.4
2020-01-27 18:50:00,433.5
2020-01-27 19:00:00,432.5
2020-01-27 19:10:00,431.9
2020-01-27 19:20:00,431.9
2020-01-27 19:30:00,432.4
2020-01-27 19:40:00,432.3
2020-01-27 19:50:00,432.8
2020-01-27 20:00:00,433.0
2020-01-27 20:10:00,432.3
2020-01-27 20:20:00,432.6
2020-01-27 20:30:00,432.2
2020-01-27 20:40:00,432.0
2020-01-27 20:50:00,432.9
2020-01-27 21:00:00,433.0
2020-01-27 21:10:00,433.3
2020-01-27 21:20:00,433.6
2020-01-27 21:30:00,433.8
2020-01-27 21:40:00,433.4
2020-01-27 21:50:00,433.1
2020-01-27 22:00:00,431.5
2020-01-27 22:10:00,427.4
2020-01-27 22:20:00,423.4
2020-01-27 22:30:00,420.5
2020-01-27 22:40:00,420.3
2020-01-27 22:50:00,423.7
2020-01-27 23:00:00,421.3
2020-01-27 23:10:00,425.5
2020-01-27 23:20:00,426.9
2020-01-27 23:30:00,423.7
2020-01-27 23:40:00,421.4
2020-01-27 23:50:00,420.8
2020-01-28 00:00:00,420.7
2020-01-28 00:10:00,422.5
2020-01-28 00:20:00,422.7
2020-01-28 00:30:00,423.4
2020-01-28 00:40:00,423.1
2020-01-28 00:50:00,424.0
2020-01-28 01:00:00,425.0
2020-01-28 01:10:00,425.1
2020-01-28 01:20:00,425.0
2020-01-28 01:30:00,424.5
2020-01-28 01:40:00,423.8
2020-01-28 01:50:00,421.6
2020-01-28 02:00:00,420.9
2020-01-28 02:10:00,420.5
2020-01-28 02:20:00,420.4
2020-01-28 02:30:00,420.3
2020-01-28 02:40:00,420.5
2020-01-28 02:50:00,420.9
2020-01-28 03:00:00,420.7
2020-01-28 03:10:00,420.7
2020-01-28 03:20:00,421.2
2020-01-28 03:30:00,421.6
2020-01-28 03:40:00,421.9
2020-01-28 03:50:00,422.0
2020-01-28 04:00:00,421.4
2020-01-28 04:10:00,421.7
2020-01-28 04:20:00,422.1
2020-01-28 04:30:00,422.0
2020-01-28 04:40:00,422.2
2020-01-28 04:50:00,421.7
2020-01-28 05:00:00,421.4
2020-01-28 05:10:00,421.9
2020-01-28 05:20:00,422.4
2020-01-28 05:30:00,422.2
2020-01-28 05:40:00,421.7
2020-01-28 05:50:00,423.9
2020-01-28 06:00:00,424.7
2020-01-28 06:10:00,424.1
2020-01-28 06:20:00,423.2
2020-01-28 06:30:00,424.3
2020-01-28 06:40:00,425.2
2020-01-28 06:50:00,424.3
2020-01-28 07:00:00,424.3
2020-01-28 07:10:00,425.9
2020-01-28 07:20:00,423.5
2020-01-28 07:30:00,424.1
2020-01-28 07:40:00,423.9
2020-01-28 07:50:00,422.6
2020-01-28 08:00:00,422.7
2020-01-28 08:10:00,421.3
2020-01-28 08:20:00,421.1
2020-01-28 08:30:00,420.5
2020-01-28 08:40:00,420.7
2020-01-28 08:50:00,420.4
2020-01-28 09:00:00,421.1
2020-01-28 09:10:00,421.8
2020-01-28 09:20:00,423.0
2020-01-28 09:30:00,424.1
2020-01-28 09:40:00,425.3
2020-01-28 09:50:00,425.0
2020-01-28 10:00:00,423.9
2020-01-28 10:10:00,424.3
2020-01-28 10:20:00,423.4
2020-01-28 10:30:00,423.5
2020-01-28 10:40:00,423.4
2020-01-28 10:50:00,422.4
2020-01-28 11:00:00,420.8
2020-01-28 11:10:00,419.4
2020-01-28 11:20:00,419.8
2020-01-28 11:30:00,419.6
2020-01-28 11:40:00,418.8
2020-01-28 11:50:00,418.7
2020-01-28 12:00:00,418.7
2020-01-28 12:10:00,418.8
2020-01-28 12:20:00,418.7
2020-01-28 12:30:00,418.0
2020-01-28 12:40:00,418.2
2020-01-28 12:50:00,418.3
2020-01-28 13:00:00,417.7
2020-01-28 13:10:00,417.7
2020-01-28 13:20:00,416.8
2020-01-28 13:30:00,416.5
2020-01-28 13:40:00,416.7
2020-01-28 13:50:00,416.4
2020-01-28 14:00:00,416.6
2020-01-28 14:10:00,416.4
2020-01-28 14:20:00,416.3
2020-01-28 14:30:00,416.2
2020-01-28 14:40:00,416.2
2020-01-28 14:50:00,416.2
2020-01-28 15:00:00,416.3
2020-01-28 15:10:00,416.5
2020-01-28 15:20:00,416.7
2020-01-28 15:30:00,416.8
2020-01-28 15:40:00,416.9
2020-01-28 15:50:00,417.3
2020-01-28 16:00:00,417.3
2020-01-28 16:10:00,417.5
2020-01-28 16:20:00,417.4
2020-01-28 16:30:00,417.8
2020-01-28 16:40:00,418.2
2020-01-28 16:50:00,417.9
2020-01-28 17:00:00,418.3
2020-01-28 17:10:00,418.6
2020-01-28 17:20:00,419.8
2020-01-28 17:30:00,419.3
2020-01-28 17:40:00,419.0
2020-01-28 17:50:00,418.9
2020-01-28 18:00:00,418.6
2020-01-28 18:10:00,418.0
2020-01-28 18:20:00,419.2
2020-01-28 18:30:00,418.5
2020-01-28 18:40:00,418.6
2020-01-28 18:50:00,419.1
2020-01-28 19:00:00,418.8
2020-01-28 19:10:00,418.7
2020-01-28 19:20:00,419.2
2020-01-28 19:30:00,419.0
2020-01-28 19:40:00,419.0
2020-01-28 19:50:00,418.9
2020-01-28 20:00:00,418.9
2020-01-28 20:10:00,418.7
2020-01-28 20:20:00,418.7
2020-01-28 20:30:00,419.0
2020-01-28 20:40:00,419.3
2020-01-28 20:50:00,419.2
2020-01-28 21:00:00,419.4
2020-01-28 21:10:00,419.3
2020-01-28 21:20:00,419.6
2020-01-28 21:30:00,419.4
2020-01-28 21:40:00,419.3
2020-01-28 21:50:00,419.2
2020-01-28 22:00:00,419.6
2020-01-28 22:10:00,419.7
2020-01-28 22:20:00,419.3
2020-01-28 22:30:00,419.3
2020-01-28 22:40:00,419.5
2020-01-28 22:50:00,419.6
2020-01-28 23:00:00,419.7
2020-01-28 23:10:00,419.7
2020-01-28 23:20:00,419.7
2020-01-28 23:30:00,419.6
2020-01-28 23:40:00,419.8
2020-01-28 23:50:00,419.8
2020-01-29 00:00:00,420.1
2020-01-29 00:10:00,420.2
2020-01-29 00:20:00,420.0
2020-01-29 00:30:00,419.6
2020-01-29 00:40:00,419.3
2020-01-29 00:50:00,419.3
2020-01-29 01:00:00,419.3
2020-01-29 01:10:00,419.3
2020-01-29 01:20:00,419.3
2020-01-29 01:30:00,419.5
2020-01-29 01:40:00,419.9
2020-01-29 01:50:00,419.9
2020-01-29 02:00:00,419.7
2020-01-29 02:10:00,419.4
2020-01-29 02:20:00,419.5
2020-01-29 02:30:00,419.8
2020-01-29 02:40:00,419.8
2020-01-29 02:50:00,419.8
2020-01-29 03:00:00,419.9
2020-01-29 03:10:00,420.1
2020-01-29 03:20:00,420.0
2020-01-29 03:30:00,420.7
2020-01-29 03:40:00,420.5
2020-01-29 03:50:00,420.2
2020-01-29 04:00:00,419.9
2020-01-29 04:10:00,420.1
2020-01-29 04:20:00,420.0
2020-01-29 04:30:00,420.0
2020-01-29 04:40:00,420.1
2020-01-29 04:50:00,420.3
2020-01-29 05:00:00,419.8
2020-01-29 05:10:00,420.0
2020-01-29 05:20:00,420.0
2020-01-29 05:30:00,420.4
2020-01-29 05:40:00,421.5
2020-01-29 05:50:00,421.4
2020-01-29 06:00:00,421.8
2020-01-29 06:10:00,421.7
2020-01-29 06:20:00,421.7
2020-01-29 06:30:00,422.0
2020-01-29 06:40:00,421.9
2020-01-29 06:50:00,421.4
2020-01-29 07:00:00,421.7
2020-01-29 07:10:00,421.8
2020-01-29 07:20:00,421.9
2020-01-29 07:30:00,421.9
2020-01-29 07:40:00,422.9
2020-01-29 07:50:00,421.9
2020-01-29 08:00:00,421.9
2020-01-29 08:10:00,421.5
2020-01-29 08:20:00,421.6
2020-01-29 08:30:00,421.8
2020-01-29 08:40:00,421.2
2020-01-29 08:50:00,421.0
2020-01-29 09:00:00,421.3
2020-01-29 09:10:00,421.1
2020-01-29 09:20:00,421.5
2020-01-29 09:30:00,420.9
2020-01-29 09:40:00,421.0
2020-01-29 09:50:00,421.0
2020-01-29 10:00:00,421.4
2020-01-29 10:10:00,420.7
2020-01-29 10:20:00,420.7
2020-01-29 10:30:00,420.5
2020-01-29 10:40:00,420.1
2020-01-29 10:50:00,420.2
2020-01-29 11:00:00,419.8
2020-01-29 11:10:00,419.8
2020-01-29 11:20:00,419.8
2020-01-29 11:30:00,419.6
2020-01-29 11:40:00,419.3
2020-01-29 11:50:00,419.1
2020-01-29 12:00:00,418.8
2020-01-29 12:10:00,418.6
2020-01-29 12:20:00,418.4
2020-01-29 12:30:00,418.3
2020-01-29 12:40:00,418.0
2020-01-29 12:50:00,417.9
2020-01-29 13:00:00,417.8
2020-01-29 13:10:00,417.6
2020-01-29 13:20:00,417.3
2020-01-29 13:30:00,417.4
2020-01-29 13:40:00,417.1
2020-01-29 13:50:00,417.1
2020-01-29 14:00:00,417.2
2020-01-29 14:10:00,417.0
2020-01-29 14:20:00,417.3
2020-01-29 14:30:00,417.2
2020-01-29 14:40:00,417.2
2020-01-29 14:50:00,417.2
2020-01-29 15:00:00,417.2
2020-01-29 15:10:00,417.4
2020-01-29 15:20:00,417.4
2020-01-29 15:30:00,417.5
2020-01-29 15:40:00,417.7
2020-01-29 15:50:00,417.8
2020-01-29 16:00:00,417.6
2020-01-29 16:10:00,418.0
2020-01-29 16:20:00,418.2
2020-01-29 16:30:00,418.0
2020-01-29 16:40:00,418.2
2020-01-29 16:50:00,418.3
2020-01-29 17:00:00,418.3
2020-01-29 17:10:00,418.5
2020-01-29 17:20:00,418.8
2020-01-29 17:30:00,418.8
2020-01-29 17:40:00,418.9
2020-01-29 17:50:00,419.0
2020-01-29 18:00:00,419.0
2020-01-29 18:10:00,419.4
2020-01-29 18:20:00,419.1
2020-01-29 18:30:00,418.9
2020-01-29 18:40:00,418.8
2020-01-29 18:50:00,419.0
2020-01-29 19:00:00,419.3
2020-01-29 19:10:00,419.3
2020-01-29 19:20:00,419.4
2020-01-29 19:30:00,419.6
2020-01-29 19:40:00,419.8
2020-01-29 19:50:00,419.7
2020-01-29 20:00:00,419.7
2020-01-29 20:10:00,419.8
2020-01-29 20:20:00,419.7
2020-01-29 20:30:00,419.7
2020-01-29 20:40:00,419.8
2020-01-29 20:50:00,419.9
2020-01-29 21:00:00,419.8
2020-01-29 21:10:00,420.2
2020-01-29 21:20:00,420.2
2020-01-29 21:30:00,420.2
2020-01-29 21:40:00,420.5
2020-01-29 21:50:00,420.6
2020-01-29 22:00:00,420.7
2020-01-29 22:10:00,420.7
2020-01-29 22:20:00,420.8
2020-01-29 22:30:00,420.7
2020-01-29 22:40:00,420.9
2020-01-29 22:50:00,420.7
2020-01-29 23:00:00,420.8
2020-01-29 23:10:00,420.7
2020-01-29 23:20:00,420.8
2020-01-29 23:30:00,420.7
2020-01-29 23:40:00,420.5
2020-01-29 23:50:00,420.4
2020-01-30 00:00:00,420.6
2020-01-30 00:10:00,421.8
2020-01-30 00:20:00,421.7
2020-01-30 00:30:00,421.7
2020-01-30 00:40:00,421.7
2020-01-30 00:50:00,421.9
2020-01-30 01:00:00,422.1
2020-01-30 01:10:00,422.2
2020-01-30 01:20:00,422.2
2020-01-30 01:30:00,422.1
2020-01-30 01:40:00,422.0
2020-01-30 01:50:00,422.1
2020-01-30 02:00:00,422.0
2020-01-30 02:10:00,422.0
2020-01-30 02:20:00,422.2
2020-01-30 02:30:00,422.8
2020-01-30 02:40:00,423.2
2020-01-30 02:50:00,423.0
2020-01-30 03:00:00,423.4
2020-01-30 03:10:00,423.1
2020-01-30 03:20:00,423.2
2020-01-30 03:30:00,422.4
2020-01-30 03:40:00,422.2
2020-01-30 03:50:00,421.7
2020-01-30 04:00:00,421.6
2020-01-30 04:10:00,421.4
2020-01-30 04:20:00,421.2
2020-01-30 04:30:00,421.1
2020-01-30 04:40:00,421.1
2020-01-30 04:50:00,421.3
2020-01-30 05:00:00,421.6
2020-01-30 05:10:00,421.2
2020-01-30 05:20:00,420.8
2020-01-30 05:30:00,421.2
2020-01-30 05:40:00,421.1
2020-01-30 05:50:00,420.9
2020-01-30 06:00:00,420.8
2020-01-30 06:10:00,421.4
2020-01-30 06:20:00,421.1
2020-01-30 06:30:00,421.4
2020-01-30 06:40:00,421.2
2020-01-30 06:50:00,421.5
2020-01-30 07:00:00,421.8
2020-01-30 07:10:00,421.6
2020-01-30 07:20:00,421.6
2020-01-30 07:30:00,421.6
2020-01-30 07:40:00,421.8
2020-01-30 07:50:00,421.7
2020-01-30 08:00:00,422.3
2020-01-30 08:10:00,421.9
2020-01-30 08:20:00,421.6
2020-01-30 08:30:00,421.4
2020-01-30 08:40:00,421.2
2020-01-30 08:50:00,421.3
2020-01-30 09:00:00,421.2
2020-01-30 09:10:00,421.2
2020-01-30 09:20:00,420.9
2020-01-30 09:30:00,420.7
2020-01-30 09:40:00,420.7
2020-01-30 09:50:00,420.2
2020-01-30 10:00:00,419.9
2020-01-30 10:10:00,419.6
2020-01-30 10:20:00,419.5
2020-01-30 10:30:00,419.3
2020-01-30 10:40:00,419.2
2020-01-30 10:50:00,418.9
2020-01-30 11:00:00,418.8
2020-01-30 11:10:00,418.8
2020-01-30 11:20:00,418.5
2020-01-30 11:30:00,418.5
2020-01-30 11:40:00,418.1
2020-01-30 11:50:00,417.7
2020-01-30 12:00:00,417.7
2020-01-30 12:10:00,417.7
2020-01-30 12:20:00,417.7
2020-01-30 12:30:00,417.6
2020-01-30 12:40:00,417.3
2020-01-30 12:50:00,417.1
2020-01-30 13:00:00,416.9
2020-01-30 13:10:00,416.9
2020-01-30 13:20:00,416.7
2020-01-30 13:30:00,416.7
2020-01-30 13:40:00,416.5
2020-01-30 13:50:00,416.2
2020-01-30 14:00:00,416.3
2020-01-30 14:10:00,416.2
2020-01-30 14:20:00,415.9
2020-01-30 14:30:00,415.9
2020-01-30 14:40:00,415.8
2020-01-30 14:50:00,415.6
2020-01-30 15:00:00,415.9
2020-01-30 15:10:00,416.0
2020-01-30 15:20:00,415.9
2020-01-30 15:30:00,415.9
2020-01-30 15:40:00,415.9
2020-01-30 15:50:00,416.4
2020-01-30 16:00:00,416.9
2020-01-30 16:10:00,416.6
2020-01-30 16:20:00,416.2
2020-01-30 16:30:00,417.1
2020-01-30 16:40:00,417.0
2020-01-30 16:50:00,417.1
2020-01-30 17:00:00,418.4
2020-01-30 17:10:00,418.8
2020-01-30 17:20:00,418.5
2020-01-30 17:30:00,419.1
2020-01-30 17:40:00,418.7
2020-01-30 17:50:00,418.6
2020-01-30 18:00:00,419.1
2020-01-30 18:10:00,420.3
2020-01-30 18:20:00,420.1
2020-01-30 18:30:00,419.1
2020-01-30 18:40:00,420.7
2020-01-30 18:50:00,419.6
2020-01-30 19:00:00,419.0
2020-01-30 19:10:00,418.9
2020-01-30 19:20:00,418.9
2020-01-30 19:30:00,419.2
2020-01-30 19:40:00,419.4
2020-01-30 19:50:00,419.8
2020-01-30 20:00:00,420.1
2020-01-30 20:10:00,421.5
2020-01-30 20:20:00,420.5
2020-01-30 20:30:00,421.5
2020-01-30 20:40:00,420.7
2020-01-30 20:50:00,420.6
2020-01-30 21:00:00,421.0
2020-01-30 21:10:00,419.7
2020-01-30 21:20:00,418.5
2020-01-30 21:30:00,417.9
2020-01-30 21:40:00,417.2
2020-01-30 21:50:00,417.2
2020-01-30 22:00:00,416.9
2020-01-30 22:10:00,417.0
2020-01-30 22:20:00,416.9
2020-01-30 22:30:00,416.9
2020-01-30 22:40:00,417.2
2020-01-30 22:50:00,417.4
2020-01-30 23:00:00,417.7
2020-01-30 23:10:00,418.1
2020-01-30 23:20:00,418.3
2020-01-30 23:30:00,418.7
2020-01-30 23:40:00,419.3
2020-01-30 23:50:00,419.5
2020-01-31 00:00:00,419.8
2020-01-31 00:10:00,421.4
2020-01-31 00:20:00,421.0
2020-01-31 00:30:00,420.8
2020-01-31 00:40:00,420.8
2020-01-31 00:50:00,420.8
2020-01-31 01:00:00,420.9
2020-01-31 01:10:00,421.1
2020-01-31 01:20:00,421.2
2020-01-31 01:30:00,421.2
2020-01-31 01:40:00,421.1
2020-01-31 01:50:00,421.2
2020-01-31 02:00:00,421.2
2020-01-31 02:10:00,421.2
2020-01-31 02:20:00,421.2
2020-01-31 02:30:00,421.4
2020-01-31 02:40:00,421.5
2020-01-31 02:50:00,421.5
2020-01-31 03:00:00,421.7
2020-01-31 03:10:00,421.8
2020-01-31 03:20:00,421.7
2020-01-31 03:30:00,421.3
2020-01-31 03:40:00,421.2
2020-01-31 03:50:00,421.2
2020-01-31 04:00:00,421.2
2020-01-31 04:10:00,421.2
2020-01-31 04:20:00,421.2
2020-01-31 04:30:00,421.2
2020-01-31 04:40:00,421.0
2020-01-31 04:50:00,421.2
2020-01-31 05:00:00,421.2
2020-01-31 05:10:00,420.8
2020-01-31 05:20:00,420.2
2020-01-31 05:30:00,419.8
2020-01-31 05:40:00,419.4
2020-01-31 05:50:00,418.8
2020-01-31 06:00:00,418.8
2020-01-31 06:10:00,418.9
2020-01-31 06:20:00,418.8
2020-01-31 06:30:00,419.0
2020-01-31 06:40:00,419.2
2020-01-31 06:50:00,419.4
2020-01-31 07:00:00,419.3
2020-01-31 07:10:00,419.3
2020-01-31 07:20:00,419.0
2020-01-31 07:30:00,418.9
2020-01-31 07:40:00,418.8
2020-01-31 07:50:00,418.8
2020-01-31 08:00:00,418.8
2020-01-31 08:10:00,418.5
2020-01-31 08:20:00,418.3
2020-01-31 08:30:00,418.2
2020-01-31 08:40:00,418.3
2020-01-31 08:50:00,418.3
2020-01-31 09:00:00,418.4
2020-01-31 09:10:00,418.3
2020-01-31 09:20:00,417.9
2020-01-31 09:30:00,417.5
2020-01-31 09:40:00,417.4
2020-01-31 09:50:00,417.8
2020-01-31 10:00:00,417.8
2020-01-31 10:10:00,417.8
2020-01-31 10:20:00,417.4
2020-01-31 10:30:00,417.0
2020-01-31 10:40:00,416.8
2020-01-31 10:50:00,417.2
2020-01-31 11:00:00,417.1
2020-01-31 11:10:00,416.8
2020-01-31 11:20:00,416.8
2020-01-31 11:30:00,416.3
2020-01-31 11:40:00,416.3
2020-01-31 11:50:00,416.3
2020-01-31 12:00:00,416.3
2020-01-31 12:10:00,416.3
2020-01-31 12:20:00,416.3
2020-01-31 12:30:00,416.3
2020-01-31 12:40:00,416.3
2020-01-31 12:50:00,416.2
2020-01-31 13:00:00,416.1
2020-01-31 13:10:00,415.8
2020-01-31 13:20:00,415.8
2020-01-31 13:30:00,415.8
2020-01-31 13:40:00,415.8
2020-01-31 13:50:00,415.8
2020-01-31 14:00:00,415.8
2020-01-31 14:10:00,416.3
2020-01-31 14:20:00,416.3
2020-01-31 14:30:00,416.7
2020-01-31 14:40:00,416.6
2020-01-31 14:50:00,416.3
2020-01-31 15:00:00,416.3
2020-01-31 15:10:00,416.3
2020-01-31 15:20:00,416.3
2020-01-31 15:30:00,416.3
2020-01-31 15:40:00,416.4
2020-01-31 15:50:00,416.7
2020-01-31 16:00:00,416.7
2020-01-31 16:10:00,416.7
2020-01-31 16:20:00,416.8
2020-01-31 16:30:00,417.0
2020-01-31 16:40:00,417.6
2020-01-31 16:50:00,418.0
2020-01-31 17:00:00,418.5
2020-01-31 17:10:00,419.3
2020-01-31 17:20:00,419.0
2020-01-31 17:30:00,418.8
2020-01-31 17:40:00,419.0
2020-01-31 17:50:00,419.5
2020-01-31 18:00:00,421.0
2020-01-31 18:10:00,421.3
2020-01-31 18:20:00,421.4
2020-01-31 18:30:00,421.6
2020-01-31 18:40:00,421.2
2020-01-31 18:50:00,421.0
2020-01-31 19:00:00,422.8
2020-01-31 19:10:00,424.3
2020-01-31 19:20:00,423.0
2020-01-31 19:30:00,423.9
2020-01-31 19:40:00,423.4
2020-01-31 19:50:00,423.9
2020-01-31 20:00:00,425.1
2020-01-31 20:10:00,423.6
2020-01-31 20:20:00,420.7
2020-01-31 20:30:00,420.2
2020-01-31 20:40:00,421.3
2020-01-31 20:50:00,420.7
2020-01-31 21:00:00,420.5
2020-01-31 21:10:00,420.0
2020-01-31 21:20:00,420.2
2020-01-31 21:30:00,420.8
2020-01-31 21:40:00,422.2
2020-01-31 21:50:00,422.0
2020-01-31 22:00:00,421.8
2020-01-31 22:10:00,422.2
2020-01-31 22:20:00,421.6
2020-01-31 22:30:00,420.2
2020-01-31 22:40:00,420.0
2020-01-31 22:50:00,419.4
2020-01-31 23:00:00,419.3
2020-01-31 23:10:00,419.3
2020-01-31 23:20:00,419.5
2020-01-31 23:30:00,419.4
2020-01-31 23:40:00,419.6
2020-01-31 23:50:00,419.3
2020-02-01 00:00:00,419.5
2020-02-01 00:10:00,421.3
2020-02-01 00:20:00,421.1
2020-02-01 00:30:00,421.4
2020-02-01 00:40:00,422.1
2020-02-01 00:50:00,421.2
2020-02-01 01:00:00,420.9
2020-02-01 01:10:00,422.4
2020-02-01 01:20:00,422.2
2020-02-01 01:30:00,421.9
2020-02-01 01:40:00,422.8
2020-02-01 01:50:00,422.5
2020-02-01 02:00:00,422.0
2020-02-01 02:10:00,422.1
2020-02-01 02:20:00,421.8
2020-02-01 02:30:00,422.3
2020-02-01 02:40:00,420.9
2020-02-01 02:50:00,420.3
2020-02-01 03:00:00,420.0
2020-02-01 03:10:00,420.0
2020-02-01 03:20:00,420.0
2020-02-01 03:30:00,420.0
2020-02-01 03:40:00,420.1
2020-02-01 03:50:00,419.8
2020-02-01 04:00:00,419.8
2020-02-01 04:10:00,419.7
2020-02-01 04:20:00,419.3
2020-02-01 04:30:00,419.3
2020-02-01 04:40:00,419.3
2020-02-01 04:50:00,419.7
2020-02-01 05:00:00,420.1
2020-02-01 05:10:00,420.0
2020-02-01 05:20:00,419.9
2020-02-01 05:30:00,420.2
2020-02-01 05:40:00,420.7
2020-02-01 05:50:00,420.3
2020-02-01 06:00:00,419.6
2020-02-01 06:10:00,419.2
2020-02-01 06:20:00,419.1
2020-02-01 06:30:00,419.1
2020-02-01 06:40:00,419.7
2020-02-01 06:50:00,420.0
2020-02-01 07:00:00,420.4
2020-02-01 07:10:00,419.6
2020-02-01 07:20:00,419.6
2020-02-01 07:30:00,419.6
2020-02-01 07:40:00,419.6
2020-02-01 07:50:00,419.7
2020-02-01 08:00:00,419.1
2020-02-01 08:10:00,419.4
2020-02-01 08:20:00,419.1
2020-02-01 08:30:00,419.0
2020-02-01 08:40:00,418.8
2020-02-01 08:50:00,418.6
2020-02-01 09:00:00,418.5
2020-02-01 09:10:00,418.5
2020-02-01 09:20:00,418.5
2020-02-01 09:30:00,418.2
2020-02-01 09:40:00,418.2
2020-02-01 09:50:00,418.0
2020-02-01 10:00:00,418.0
2020-02-01 10:10:00,417.8
2020-02-01 10:20:00,417.4
2020-02-01 10:30:00,417.4
2020-02-01 10:40:00,417.0
2020-02-01 10:50:00,416.9
2020-02-01 11:00:00,417.0
2020-02-01 11:10:00,417.0
2020-02-01 11:20:00,417.1
2020-02-01 11:30:00,417.3
2020-02-01 11:40:00,417.2
2020-02-01 11:50:00,417.2
2020-02-01 12:00:00,417.3
2020-02-01 12:10:00,417.5
2020-02-01 12:20:00,417.7
2020-02-01 12:30:00,418.0
2020-02-01 12:40:00,418.1
2020-02-01 12:50:00,417.7
2020-02-01 13:00:00,417.9
2020-02-01 13:10:00,417.9
2020-02-01 13:20:00,417.9
2020-02-01 13:30:00,417.8
2020-02-01 13:40:00,417.7
2020-02-01 13:50:00,417.7
2020-02-01 14:00:00,417.5
2020-02-01 14:10:00,417.7
2020-02-01 14:20:00,417.4
2020-02-01 14:30:00,417.3
2020-02-01 14:40:00,417.4
2020-02-01 14:50:00,417.4
2020-02-01 15:00:00,417.4
2020-02-01 15:10:00,418.4
2020-02-01 15:20:00,418.4
2020-02-01 15:30:00,418.8
2020-02-01 15:40:00,419.0
2020-02-01 15:50:00,418.7
2020-02-01 16:00:00,419.1
2020-02-01 16:10:00,419.0
2020-02-01 16:20:00,419.2
2020-02-01 16:30:00,419.4
2020-02-01 16:40:00,419.3
2020-02-01 16:50:00,419.6
2020-02-01 17:00:00,419.8
2020-02-01 17:10:00,419.8
2020-02-01 17:20:00,420.3
2020-02-01 17:30:00,420.3
2020-02-01 17:40:00,420.3
2020-02-01 17:50:00,420.3
2020-02-01 18:00:00,420.1
2020-02-01 18:10:00,420.4
2020-02-01 18:20:00,420.8
2020-02-01 18:30:00,421.7
2020-02-01 18:40:00,421.4
2020-02-01 18:50:00,421.0
2020-02-01 19:00:00,420.9
2020-02-01 19:10:00,420.7
2020-02-01 19:20:00,421.0
2020-02-01 19:30:00,420.9
2020-02-01 19:40:00,421.0
2020-02-01 19:50:00,421.3
2020-02-01 20:00:00,421.3
2020-02-01 20:10:00,420.8
2020-02-01 20:20:00,420.5
2020-02-01 20:30:00,420.7
2020-02-01 20:40:00,421.1
2020-02-01 20:50:00,421.5
2020-02-01 21:00:00,420.5
2020-02-01 21:10:00,419.5
2020-02-01 21:20:00,418.9
2020-02-01 21:30:00,418.9
2020-02-01 21:40:00,419.2
2020-02-01 21:50:00,419.1
2020-02-01 22:00:00,418.8
2020-02-01 22:10:00,418.8
2020-02-01 22:20:00,418.7
2020-02-01 22:30:00,418.8
2020-02-01 22:40:00,418.8
2020-02-01 22:50:00,419.1
2020-02-01 23:00:00,419.0
2020-02-01 23:10:00,419.3
2020-02-01 23:20:00,419.2
2020-02-01 23:30:00,419.3
2020-02-01 23:40:00,419.2
2020-02-01 23:50:00,419.8
2020-02-02 00:00:00,419.8
2020-02-02 00:10:00,419.6
2020-02-02 00:20:00,418.6
2020-02-02 00:30:00,418.1
2020-02-02 00:40:00,418.1
2020-02-02 00:50:00,418.5
2020-02-02 01:00:00,418.9
2020-02-02 01:10:00,419.0
2020-02-02 01:20:00,419.4
2020-02-02 01:30:00,420.3
2020-02-02 01:40:00,420.4
2020-02-02 01:50:00,421.2
2020-02-02 02:00:00,420.6
2020-02-02 02:10:00,420.8
2020-02-02 02:20:00,419.9
2020-02-02 02:30:00,419.4
2020-02-02 02:40:00,419.1
2020-02-02 02:50:00,419.2
2020-02-02 03:00:00,419.5
2020-02-02 03:10:00,419.6
2020-02-02 03:20:00,419.7
2020-02-02 03:30:00,419.6
2020-02-02 03:40:00,419.6
2020-02-02 03:50:00,419.5
2020-02-02 04:00:00,419.1
2020-02-02 04:10:00,419.0
2020-02-02 04:20:00,419.0
2020-02-02 04:30:00,418.9
2020-02-02 04:40:00,418.9
2020-02-02 04:50:00,418.9
2020-02-02 05:00:00,419.1
2020-02-02 05:10:00,419.0
2020-02-02 05:20:00,419.6
2020-02-02 05:30:00,419.6
2020-02-02 05:40:00,419.6
2020-02-02 05:50:00,419.5
2020-02-02 06:00:00,419.5
2020-02-02 06:10:00,419.5
2020-02-02 06:20:00,419.5
2020-02-02 06:30:00,419.4
2020-02-02 06:40:00,419.5
2020-02-02 06:50:00,419.4
2020-02-02 07:00:00,419.4
2020-02-02 07:10:00,419.5
2020-02-02 07:20:00,419.4
2020-02-02 07:30:00,419.2
2020-02-02 07:40:00,419.3
2020-02-02 07:50:00,419.2
2020-02-02 08:00:00,419.1
2020-02-02 08:10:00,419.0
2020-02-02 08:20:00,419.2
2020-02-02 08:30:00,419.2
2020-02-02 08:40:00,419.3
2020-02-02 08:50:00,419.1
2020-02-02 09:00:00,419.0
2020-02-02 09:10:00,419.5
2020-02-02 09:20:00,419.4
2020-02-02 09:30:00,419.3
2020-02-02 09:40:00,419.2
2020-02-02 09:50:00,419.2
2020-02-02 10:00:00,419.0
2020-02-02 10:10:00,418.9
2020-02-02 10:20:00,419.4
2020-02-02 10:30:00,418.7
2020-02-02 10:40:00,418.6
2020-02-02 10:50:00,418.5
2020-02-02 11:00:00,418.4
2020-02-02 11:10:00,418.3
2020-02-02 11:20:00,418.3
2020-02-02 11:30:00,418.1
2020-02-02 11:40:00,418.3
2020-02-02 11:50:00,418.1
2020-02-02 12:00:00,418.2
2020-02-02 12:10:00,418.6
2020-02-02 12:20:00,417.7
2020-02-02 12:30:00,417.9
2020-02-02 12:40:00,419.5
2020-02-02 12:50:00,417.8
2020-02-02 13:00:00,417.9
2020-02-02 13:10:00,418.8
2020-02-02 13:20:00,417.9
2020-02-02 13:30:00,419.8
2020-02-02 13:40:00,421.1
2020-02-02 13:50:00,421.5
2020-02-02 14:00:00,422.2
2020-02-02 14:10:00,420.9
2020-02-02 14:20:00,420.7
2020-02-02 14:30:00,420.5
2020-02-02 14:40:00,420.1
2020-02-02 14:50:00,421.0
2020-02-02 15:00:00,421.5
2020-02-02 15:10:00,420.8
2020-02-02 15:20:00,422.0
2020-02-02 15:30:00,422.2
2020-02-02 15:40:00,421.9
2020-02-02 15:50:00,421.9
2020-02-02 16:00:00,422.3
2020-02-02 16:10:00,423.1
2020-02-02 16:20:00,424.3
2020-02-02 16:30:00,426.9
2020-02-02 16:40:00,426.1
2020-02-02 16:50:00,424.3
2020-02-02 17:00:00,426.0
2020-02-02 17:10:00,427.0
2020-02-02 17:20:00,427.7
2020-02-02 17:30:00,427.2
2020-02-02 17:40:00,433.1
2020-02-02 17:50:00,437.3
2020-02-02 18:00:00,434.0
2020-02-02 18:10:00,431.8
2020-02-02 18:20:00,427.7
2020-02-02 18:30:00,425.0
2020-02-02 18:40:00,423.9
2020-02-02 18:50:00,421.3
2020-02-02 19:00:00,420.3
2020-02-02 19:10:00,420.0
2020-02-02 19:20:00,420.0
2020-02-02 19:30:00,421.1
2020-02-02 19:40:00,423.3
2020-02-02 19:50:00,423.3
2020-02-02 20:00:00,422.4
2020-02-02 20:10:00,422.2
2020-02-02 20:20:00,422.3
2020-02-02 20:30:00,422.4
2020-02-02 20:40:00,421.6
2020-02-02 20:50:00,420.4
2020-02-02 21:00:00,418.9
2020-02-02 21:10:00,418.5
2020-02-02 21:20:00,418.4
2020-02-02 21:30:00,418.6
2020-02-02 21:40:00,418.6
2020-02-02 21:50:00,418.7
2020-02-02 22:00:00,418.4
2020-02-02 22:10:00,418.3
2020-02-02 22:20:00,418.1
2020-02-02 22:30:00,418.1
2020-02-02 22:40:00,418.1
2020-02-02 22:50:00,418.1
2020-02-02 23:00:00,418.3
2020-02-02 23:10:00,418.5
2020-02-02 23:20:00,418.5
2020-02-02 23:30:00,418.4
2020-02-02 23:40:00,418.4
2020-02-02 23:50:00,418.2
2020-02-03 00:00:00,418.4
2020-02-03 00:10:00,420.1
2020-02-03 00:20:00,419.6
2020-02-03 00:30:00,419.1
2020-02-03 00:40:00,419.3
2020-02-03 00:50:00,419.5
2020-02-03 01:00:00,419.7
2020-02-03 01:10:00,419.4
2020-02-03 01:20:00,419.2
2020-02-03 01:30:00,419.2
2020-02-03 01:40:00,419.3
2020-02-03 01:50:00,419.3
2020-02-03 02:00:00,419.5
2020-02-03 02:10:00,419.7
2020-02-03 02:20:00,419.7
2020-02-03 02:30:00,419.7
2020-02-03 02:40:00,419.7
2020-02-03 02:50:00,419.9
2020-02-03 03:00:00,419.7
2020-02-03 03:10:00,419.7
2020-02-03 03:20:00,419.7
2020-02-03 03:30:00,419.7
2020-02-03 03:40:00,419.8
2020-02-03 03:50:00,419.9
2020-02-03 04:00:00,419.7
2020-02-03 04:10:00,419.7
2020-02-03 04:20:00,419.8
2020-02-03 04:30:00,419.9
2020-02-03 04:40:00,419.8
2020-02-03 04:50:00,420.1
2020-02-03 05:00:00,419.8
2020-02-03 05:10:00,419.8
2020-02-03 05:20:00,419.6
2020-02-03 05:30:00,419.6
2020-02-03 05:40:00,419.5
2020-02-03 05:50:00,419.3
2020-02-03 06:00:00,419.0
2020-02-03 06:10:00,419.0
2020-02-03 06:20:00,419.2
2020-02-03 06:30:00,419.2
2020-02-03 06:40:00,419.1
2020-02-03 06:50:00,419.2
2020-02-03 07:00:00,419.2
2020-02-03 07:10:00,419.2
2020-02-03 07:20:00,419.3
2020-02-03 07:30:00,419.2
2020-02-03 07:40:00,419.5
2020-02-03 07:50:00,419.6
2020-02-03 08:00:00,419.7
2020-02-03 08:10:00,419.6
2020-02-03 08:20:00,419.6
2020-02-03 08:30:00,419.7
2020-02-03 08:40:00,419.7
2020-02-03 08:50:00,419.7
2020-02-03 09:00:00,419.7
2020-02-03 09:10:00,419.4
2020-02-03 09:20:00,419.3
2020-02-03 09:30:00,419.2
2020-02-03 09:40:00,418.9
2020-02-03 09:50:00,418.9
2020-02-03 10:00:00,418.9
2020-02-03 10:10:00,418.3
2020-02-03 10:20:00,418.3
2020-02-03 10:30:00,418.3
2020-02-03 10:40:00,417.9
2020-02-03 10:50:00,417.9
2020-02-03 11:00:00,418.1
2020-02-03 11:10:00,418.2
2020-02-03 11:20:00,418.1
2020-02-03 11:30:00,418.1
2020-02-03 11:40:00,418.0
2020-02-03 11:50:00,417.8
2020-02-03 12:00:00,417.8
2020-02-03 12:10:00,417.8
2020-02-03 12:20:00,417.7
2020-02-03 12:30:00,417.4
2020-02-03 12:40:00,417.2
2020-02-03 12:50:00,417.3
2020-02-03 13:00:00,417.2
2020-02-03 13:10:00,417.1
2020-02-03 13:20:00,416.8
2020-02-03 13:30:00,417.1
2020-02-03 13:40:00,417.1
2020-02-03 13:50:00,417.2
2020-02-03 14:00:00,417.0
2020-02-03 14:10:00,417.1
2020-02-03 14:20:00,417.1
2020-02-03 14:30:00,417.2
2020-02-03 14:40:00,417.1
2020-02-03 14:50:00,417.3
2020-02-03 15:00:00,417.3
2020-02-03 15:10:00,417.8
2020-02-03 15:20:00,418.2
2020-02-03 15:30:00,418.1
2020-02-03 15:40:00,418.5
2020-02-03 15:50:00,417.9
2020-02-03 16:00:00,418.2
2020-02-03 16:10:00,418.2
2020-02-03 16:20:00,418.3
2020-02-03 16:30:00,418.4
2020-02-03 16:40:00,418.5
2020-02-03 16:50:00,418.3
2020-02-03 17:00:00,418.5
2020-02-03 17:10:00,419.0
2020-02-03 17:20:00,420.1
2020-02-03 17:30:00,419.6
2020-02-03 17:40:00,419.4
2020-02-03 17:50:00,419.3
2020-02-03 18:00:00,419.5
2020-02-03 18:10:00,419.4
2020-02-03 18:20:00,419.5
2020-02-03 18:30:00,419.7
2020-02-03 18:40:00,419.7
2020-02-03 18:50:00,419.8
2020-02-03 19:00:00,419.9
2020-02-03 19:10:00,420.0
2020-02-03 19:20:00,420.1
2020-02-03 19:30:00,420.2
2020-02-03 19:40:00,420.2
2020-02-03 19:50:00,420.4
2020-02-03 20:00:00,420.3
2020-02-03 20:10:00,420.2
2020-02-03 20:20:00,420.3
2020-02-03 20:30:00,420.7
2020-02-03 20:40:00,420.7
2020-02-03 20:50:00,420.9
2020-02-03 21:00:00,421.0
2020-02-03 21:10:00,421.2
2020-02-03 21:20:00,421.2
2020-02-03 21:30:00,421.2
2020-02-03 21:40:00,421.9
2020-02-03 21:50:00,422.6
2020-02-03 22:00:00,422.7
2020-02-03 22:10:00,423.2
2020-02-03 22:20:00,422.6
2020-02-03 22:30:00,422.7
2020-02-03 22:40:00,422.0
2020-02-03 22:50:00,422.3
2020-02-03 23:00:00,423.3
2020-02-03 23:10:00,423.7
2020-02-03 23:20:00,424.4
2020-02-03 23:30:00,423.9
2020-02-03 23:40:00,424.2
2020-02-03 23:50:00,423.3
2020-02-04 00:00:00,423.1
2020-02-04 00:10:00,427.4
2020-02-04 00:20:00,424.3
2020-02-04 00:30:00,423.7
2020-02-04 00:40:00,421.4
2020-02-04 00:50:00,422.8
2020-02-04 01:00:00,422.9
2020-02-04 01:10:00,421.9
2020-02-04 01:20:00,419.0
2020-02-04 01:30:00,418.8
2020-02-04 01:40:00,420.0
2020-02-04 01:50:00,419.7
2020-02-04 02:00:00,419.1
2020-02-04 02:10:00,419.1
2020-02-04 02:20:00,418.4
2020-02-04 02:30:00,418.3
2020-02-04 02:40:00,418.4
2020-02-04 02:50:00,418.7
2020-02-04 03:00:00,418.8
2020-02-04 03:10:00,418.9
2020-02-04 03:20:00,418.8
2020-02-04 03:30:00,418.7
2020-02-04 03:40:00,418.8
2020-02-04 03:50:00,418.4
2020-02-04 04:00:00,418.5
2020-02-04 04:10:00,418.9
2020-02-04 04:20:00,419.3
2020-02-04 04:30:00,419.9
2020-02-04 04:40:00,420.6
2020-02-04 04:50:00,420.3
2020-02-04 05:00:00,420.3
2020-02-04 05:10:00,420.3
2020-02-04 05:20:00,420.7
2020-02-04 05:30:00,420.7
2020-02-04 05:40:00,420.7
2020-02-04 05:50:00,421.0
2020-02-04 06:00:00,421.1
2020-02-04 06:10:00,421.0
2020-02-04 06:20:00,420.8
2020-02-04 06:30:00,420.7
2020-02-04 06:40:00,420.4
2020-02-04 06:50:00,420.5
2020-02-04 07:00:00,421.3
2020-02-04 07:10:00,422.0
2020-02-04 07:20:00,422.2
2020-02-04 07:30:00,421.8
2020-02-04 07:40:00,421.4
2020-02-04 07:50:00,421.6
2020-02-04 08:00:00,421.8
2020-02-04 08:10:00,421.6
2020-02-04 08:20:00,421.4
2020-02-04 08:30:00,421.2
2020-02-04 08:40:00,421.5
2020-02-04 08:50:00,421.9
2020-02-04 09:00:00,421.7
2020-02-04 09:10:00,421.1
2020-02-04 09:20:00,420.7
2020-02-04 09:30:00,420.7
2020-02-04 09:40:00,420.6
2020-02-04 09:50:00,420.3
2020-02-04 10:00:00,420.1
2020-02-04 10:10:00,420.3
2020-02-04 10:20:00,420.4
2020-02-04 10:30:00,420.2
2020-02-04 10:40:00,419.8
2020-02-04 10:50:00,419.8
2020-02-04 11:00:00,419.7
2020-02-04 11:10:00,419.0
2020-02-04 11:20:00,418.9
2020-02-04 11:30:00,419.3
2020-02-04 11:40:00,419.4
2020-02-04 11:50:00,419.3
2020-02-04 12:00:00,419.4
2020-02-04 12:10:00,419.4
2020-02-04 12:20:00,419.4
2020-02-04 12:30:00,419.4
2020-02-04 12:40:00,419.5
2020-02-04 12:50:00,419.7
2020-02-04 13:00:00,419.3
2020-02-04 13:10:00,418.9
2020-02-04 13:20:00,418.8
2020-02-04 13:30:00,419.0
2020-02-04 13:40:00,418.8
2020-02-04 13:50:00,418.8
2020-02-04 14:00:00,418.8
2020-02-04 14:10:00,418.8
2020-02-04 14:20:00,419.0
2020-02-04 14:30:00,419.2
2020-02-04 14:40:00,419.4
2020-02-04 14:50:00,419.8
2020-02-04 15:00:00,419.9
2020-02-04 15:10:00,419.9
2020-02-04 15:20:00,419.9
2020-02-04 15:30:00,420.0
2020-02-04 15:40:00,420.3
2020-02-04 15:50:00,419.9
2020-02-04 16:00:00,419.8
2020-02-04 16:10:00,419.8
2020-02-04 16:20:00,419.8
2020-02-04 16:30:00,420.3
2020-02-04 16:40:00,420.3
2020-02-04 16:50:00,420.3
2020-02-04 17:00:00,419.8
2020-02-04 17:10:00,419.9
2020-02-04 17:20:00,419.8
2020-02-04 17:30:00,420.1
2020-02-04 17:40:00,419.9
2020-02-04 17:50:00,419.8
2020-02-04 18:00:00,420.0
2020-02-04 18:10:00,420.3
2020-02-04 18:20:00,420.3
2020-02-04 18:30:00,420.4
2020-02-04 18:40:00,420.4
2020-02-04 18:50:00,420.4
2020-02-04 19:00:00,421.0
2020-02-04 19:10:00,422.0
2020-02-04 19:20:00,421.8
2020-02-04 19:30:00,422.1
2020-02-04 19:40:00,422.4
2020-02-04 19:50:00,421.7
2020-02-04 20:00:00,421.8
2020-02-04 20:10:00,421.6
2020-02-04 20:20:00,421.8
2020-02-04 20:30:00,421.8
2020-02-04 20:40:00,421.8
2020-02-04 20:50:00,422.2
2020-02-04 21:00:00,422.1
2020-02-04 21:10:00,422.2
2020-02-04 21:20:00,421.8
2020-02-04 21:30:00,421.4
2020-02-04 21:40:00,420.9
2020-02-04 21:50:00,420.7
2020-02-04 22:00:00,420.5
2020-02-04 22:10:00,420.5
2020-02-04 22:20:00,420.5
2020-02-04 22:30:00,420.3
2020-02-04 22:40:00,420.3
2020-02-04 22:50:00,420.4
2020-02-04 23:00:00,420.3
2020-02-04 23:10:00,420.3
2020-02-04 23:20:00,420.3
2020-02-04 23:30:00,420.3
2020-02-04 23:40:00,420.3
2020-02-04 23:50:00,420.3
2020-02-05 00:00:00,420.3
2020-02-05 00:10:00,420.0
2020-02-05 00:20:00,419.6
2020-02-05 00:30:00,419.3
2020-02-05 00:40:00,419.3
2020-02-05 00:50:00,419.3
2020-02-05 01:00:00,419.2
2020-02-05 01:10:00,419.0
2020-02-05 01:20:00,418.9
2020-02-05 01:30:00,419.0
2020-02-05 01:40:00,419.3
2020-02-05 01:50:00,419.3
2020-02-05 02:00:00,419.3
2020-02-05 02:10:00,419.4
2020-02-05 02:20:00,419.7
2020-02-05 02:30:00,419.7
2020-02-05 02:40:00,419.8
2020-02-05 02:50:00,419.7
2020-02-05 03:00:00,419.7
2020-02-05 03:10:00,419.8
2020-02-05 03:20:00,420.1
2020-02-05 03:30:00,420.2
2020-02-05 03:40:00,420.2
2020-02-05 03:50:00,420.2
2020-02-05 04:00:00,420.2
2020-02-05 04:10:00,420.6
2020-02-05 04:20:00,420.7
2020-02-05 04:30:00,420.7
2020-02-05 04:40:00,420.8
2020-02-05 04:50:00,420.8
2020-02-05 05:00:00,421.0
2020-02-05 05:10:00,421.3
2020-02-05 05:20:00,421.3
2020-02-05 05:30:00,421.3
2020-02-05 05:40:00,421.5
2020-02-05 05:50:00,421.7
2020-02-05 06:00:00,421.7
2020-02-05 06:10:00,421.7
2020-02-05 06:20:00,421.9
2020-02-05 06:30:00,422.1
2020-02-05 06:40:00,422.2
2020-02-05 06:50:00,422.5
2020-02-05 07:00:00,422.2
2020-02-05 07:10:00,422.2
2020-02-05 07:20:00,422.2
2020-02-05 07:30:00,422.2
2020-02-05 07:40:00,422.3
2020-02-05 07:50:00,422.3
2020-02-05 08:00:00,422.3
2020-02-05 08:10:00,422.5
2020-02-05 08:20:00,422.7
2020-02-05 08:30:00,422.6
2020-02-05 08:40:00,422.3
2020-02-05 08:50:00,422.3
2020-02-05 09:00:00,422.2
2020-02-05 09:10:00,422.2
2020-02-05 09:20:00,422.1
2020-02-05 09:30:00,422.0
2020-02-05 09:40:00,421.8
2020-02-05 09:50:00,421.7
2020-02-05 10:00:00,421.8
2020-02-05 10:10:00,421.5
2020-02-05 10:20:00,421.4
2020-02-05 10:30:00,421.4
2020-02-05 10:40:00,421.3
2020-02-05 10:50:00,421.4
2020-02-05 11:00:00,421.4
2020-02-05 11:10:00,421.1
2020-02-05 11:20:00,420.8
2020-02-05 11:30:00,420.8
2020-02-05 11:40:00,421.1
2020-02-05 11:50:00,420.9
2020-02-05 12:00:00,420.7
2020-02-05 12:10:00,420.7
2020-02-05 12:20:00,420.9
2020-02-05 12:30:00,420.7
2020-02-05 12:40:00,420.7
2020-02-05 12:50:00,420.5
2020-02-05 13:00:00,420.2
2020-02-05 13:10:00,420.4
2020-02-05 13:20:00,420.3
2020-02-05 13:30:00,420.2
2020-02-05 13:40:00,420.2
2020-02-05 13:50:00,420.2
2020-02-05 14:00:00,420.1
2020-02-05 14:10:00,420.4
2020-02-05 14:20:00,419.8
2020-02-05 14:30:00,419.9
2020-02-05 14:40:00,419.8
2020-02-05 14:50:00,419.4
2020-02-05 15:00:00,419.4
2020-02-05 15:10:00,419.9
2020-02-05 15:20:00,419.5
2020-02-05 15:30:00,419.7
2020-02-05 15:40:00,419.8
2020-02-05 15:50:00,419.9
2020-02-05 16:00:00,420.0
2020-02-05 16:10:00,419.9
2020-02-05 16:20:00,420.0
2020-02-05 16:30:00,420.8
2020-02-05 16:40:00,420.0
2020-02-05 16:50:00,420.0
2020-02-05 17:00:00,419.9
2020-02-05 17:10:00,419.9
2020-02-05 17:20:00,419.8
2020-02-05 17:30:00,419.9
2020-02-05 17:40:00,420.1
2020-02-05 17:50:00,420.3
2020-02-05 18:00:00,421.3
2020-02-05 18:10:00,422.2
2020-02-05 18:20:00,422.6
2020-02-05 18:30:00,422.8
2020-02-05 18:40:00,423.3
2020-02-05 18:50:00,423.8
2020-02-05 19:00:00,424.3
2020-02-05 19:10:00,425.7
2020-02-05 19:20:00,427.0
2020-02-05 19:30:00,426.7
2020-02-05 19:40:00,427.5
2020-02-05 19:50:00,428.1
2020-02-05 20:00:00,430.6
2020-02-05 20:10:00,429.8
2020-02-05 20:20:00,429.1
2020-02-05 20:30:00,433.0
2020-02-05 20:40:00,428.5
2020-02-05 20:50:00,434.2
2020-02-05 21:00:00,435.7
2020-02-05 21:10:00,435.3
2020-02-05 21:20:00,436.4
2020-02-05 21:30:00,437.6
2020-02-05 21:40:00,437.0
2020-02-05 21:50:00,435.8
2020-02-05 22:00:00,436.7
2020-02-05 22:10:00,436.3
2020-02-05 22:20:00,437.3
2020-02-05 22:30:00,437.6
2020-02-05 22:40:00,437.5
2020-02-05 22:50:00,437.8
2020-02-05 23:00:00,437.7
2020-02-05 23:10:00,438.0
2020-02-05 23:20:00,438.1
2020-02-05 23:30:00,438.1
2020-02-05 23:40:00,438.3
2020-02-05 23:50:00,438.1
2020-02-06 00:00:00,438.3
2020-02-06 00:10:00,438.0
2020-02-06 00:20:00,437.9
2020-02-06 00:30:00,436.9
2020-02-06 00:40:00,437.4
2020-02-06 00:50:00,437.1
2020-02-06 01:00:00,436.5
2020-02-06 01:10:00,435.7
2020-02-06 01:20:00,435.3
2020-02-06 01:30:00,434.7
2020-02-06 01:40:00,434.6
2020-02-06 01:50:00,435.1
2020-02-06 02:00:00,437.6
2020-02-06 02:10:00,438.6
2020-02-06 02:20:00,438.5
2020-02-06 02:30:00,436.9
2020-02-06 02:40:00,437.0
2020-02-06 02:50:00,440.2
2020-02-06 03:00:00,439.2
2020-02-06 03:10:00,438.7
2020-02-06 03:20:00,438.7
2020-02-06 03:30:00,438.3
2020-02-06 03:40:00,438.8
2020-02-06 03:50:00,438.6
2020-02-06 04:00:00,438.4
2020-02-06 04:10:00,438.6
2020-02-06 04:20:00,438.3
2020-02-06 04:30:00,437.3
2020-02-06 04:40:00,436.5
2020-02-06 04:50:00,436.3
2020-02-06 05:00:00,436.6
2020-02-06 05:10:00,434.5
2020-02-06 05:20:00,433.5
2020-02-06 05:30:00,438.3
2020-02-06 05:40:00,438.4
2020-02-06 05:50:00,439.3
2020-02-06 06:00:00,441.3
2020-02-06 06:10:00,442.0
2020-02-06 06:20:00,435.7
2020-02-06 06:30:00,434.0
2020-02-06 06:40:00,430.8
2020-02-06 06:50:00,429.9
2020-02-06 07:00:00,429.5
2020-02-06 07:10:00,429.6
2020-02-06 07:20:00,429.4
2020-02-06 07:30:00,429.1
2020-02-06 07:40:00,428.8
2020-02-06 07:50:00,428.4
2020-02-06 08:00:00,428.4
2020-02-06 08:10:00,428.1
2020-02-06 08:20:00,427.9
2020-02-06 08:30:00,427.6
2020-02-06 08:40:00,427.5
2020-02-06 08:50:00,431.5
2020-02-06 09:00:00,434.2
2020-02-06 09:10:00,434.5
2020-02-06 09:20:00,430.5
2020-02-06 09:30:00,430.2
2020-02-06 09:40:00,431.8
2020-02-06 09:50:00,432.1
2020-02-06 10:00:00,429.0
2020-02-06 10:10:00,428.1
2020-02-06 10:20:00,428.9
2020-02-06 10:30:00,426.5
2020-02-06 10:40:00,425.0
2020-02-06 10:50:00,423.6
2020-02-06 11:00:00,423.6
2020-02-06 11:10:00,423.1
2020-02-06 11:20:00,422.9
2020-02-06 11:30:00,422.9
2020-02-06 11:40:00,422.9
2020-02-06 11:50:00,423.1
2020-02-06 12:00:00,423.4
2020-02-06 12:10:00,423.6
2020-02-06 12:20:00,422.5
2020-02-06 12:30:00,422.5
2020-02-06 12:40:00,422.3
2020-02-06 12:50:00,422.1
2020-02-06 13:00:00,422.2
2020-02-06 13:10:00,422.2
2020-02-06 13:20:00,422.4
2020-02-06 13:30:00,422.4
2020-02-06 13:40:00,422.5
2020-02-06 13:50:00,422.5
2020-02-06 14:00:00,422.4
2020-02-06 14:10:00,422.5
2020-02-06 14:20:00,422.4
2020-02-06 14:30:00,422.7
2020-02-06 14:40:00,422.7
2020-02-06 14:50:00,422.4
2020-02-06 15:00:00,422.4
2020-02-06 15:10:00,422.1
2020-02-06 15:20:00,422.2
2020-02-06 15:30:00,422.2
2020-02-06 15:40:00,422.4
2020-02-06 15:50:00,422.6
2020-02-06 16:00:00,423.0
2020-02-06 16:10:00,423.2
2020-02-06 16:20:00,423.4
2020-02-06 16:30:00,423.0
2020-02-06 16:40:00,423.6
2020-02-06 16:50:00,423.2
2020-02-06 17:00:00,422.2
2020-02-06 17:10:00,422.3
2020-02-06 17:20:00,422.0
2020-02-06 17:30:00,422.2
2020-02-06 17:40:00,422.4
2020-02-06 17:50:00,422.5
2020-02-06 18:00:00,422.9
2020-02-06 18:10:00,423.7
2020-02-06 18:20:00,424.1
2020-02-06 18:30:00,424.1
2020-02-06 18:40:00,424.2
2020-02-06 18:50:00,424.4
2020-02-06 19:00:00,424.3
2020-02-06 19:10:00,424.7
2020-02-06 19:20:00,424.8
2020-02-06 19:30:00,425.2
2020-02-06 19:40:00,425.8
2020-02-06 19:50:00,424.7
2020-02-06 20:00:00,424.9
2020-02-06 20:10:00,425.4
2020-02-06 20:20:00,426.4
2020-02-06 20:30:00,425.8
2020-02-06 20:40:00,425.0
2020-02-06 20:50:00,425.4
2020-02-06 21:00:00,425.6
2020-02-06 21:10:00,426.0
2020-02-06 21:20:00,426.3
2020-02-06 21:30:00,426.5
2020-02-06 21:40:00,426.7
2020-02-06 21:50:00,426.9
2020-02-06 22:00:00,427.4
2020-02-06 22:10:00,427.5
2020-02-06 22:20:00,427.6
2020-02-06 22:30:00,428.1
2020-02-06 22:40:00,428.3
2020-02-06 22:50:00,428.5
2020-02-06 23:00:00,428.8
2020-02-06 23:10:00,428.8
2020-02-06 23:20:00,428.0
2020-02-06 23:30:00,427.8
2020-02-06 23:40:00,428.0
2020-02-06 23:50:00,427.9
2020-02-07 00:00:00,428.1
2020-02-07 00:10:00,430.0
2020-02-07 00:20:00,429.1
2020-02-07 00:30:00,428.4
2020-02-07 00:40:00,427.8
2020-02-07 00:50:00,427.6
2020-02-07 01:00:00,427.3
2020-02-07 01:10:00,426.9
2020-02-07 01:20:00,427.1
2020-02-07 01:30:00,427.1
2020-02-07 01:40:00,427.4
2020-02-07 01:50:00,427.6
2020-02-07 02:00:00,427.4
2020-02-07 02:10:00,427.1
2020-02-07 02:20:00,426.9
2020-02-07 02:30:00,426.7
2020-02-07 02:40:00,425.9
2020-02-07 02:50:00,426.1
2020-02-07 03:00:00,426.0
2020-02-07 03:10:00,426.1
2020-02-07 03:20:00,425.8
2020-02-07 03:30:00,425.5
2020-02-07 03:40:00,425.8
2020-02-07 03:50:00,425.4
2020-02-07 04:00:00,424.7
2020-02-07 04:10:00,428.2
2020-02-07 04:20:00,431.3
2020-02-07 04:30:00,429.9
2020-02-07 04:40:00,433.2
2020-02-07 04:50:00,432.2
2020-02-07 05:00:00,431.3
2020-02-07 05:10:00,434.5
2020-02-07 05:20:00,437.3
2020-02-07 05:30:00,437.3
2020-02-07 05:40:00,437.7
2020-02-07 05:50:00,439.5
2020-02-07 06:00:00,439.9
2020-02-07 06:10:00,440.9
2020-02-07 06:20:00,441.1
2020-02-07 06:30:00,439.4
2020-02-07 06:40:00,442.4
2020-02-07 06:50:00,439.2
2020-02-07 07:00:00,436.7
2020-02-07 07:10:00,436.6
2020-02-07 07:20:00,437.6
2020-02-07 07:30:00,436.4
2020-02-07 07:40:00,437.1
2020-02-07 07:50:00,433.5
2020-02-07 08:00:00,432.7
2020-02-07 08:10:00,432.0
2020-02-07 08:20:00,432.3
2020-02-07 08:30:00,434.6
2020-02-07 08:40:00,439.8
2020-02-07 08:50:00,443.5
2020-02-07 09:00:00,443.3
2020-02-07 09:10:00,446.5
2020-02-07 09:20:00,451.0
2020-02-07 09:30:00,451.1
2020-02-07 09:40:00,448.3
2020-02-07 09:50:00,447.9
2020-02-07 10:00:00,447.8
2020-02-07 10:10:00,446.6
2020-02-07 10:20:00,446.2
2020-02-07 10:30:00,447.0
2020-02-07 10:40:00,450.1
2020-02-07 10:50:00,449.6
2020-02-07 11:00:00,446.7
2020-02-07 11:10:00,445.5
2020-02-07 11:20:00,444.4
2020-02-07 11:30:00,442.0
2020-02-07 11:40:00,440.6
2020-02-07 11:50:00,441.2
2020-02-07 12:00:00,437.2
2020-02-07 12:10:00,433.5
2020-02-07 12:20:00,426.5
2020-02-07 12:30:00,425.6
2020-02-07 12:40:00,423.1
2020-02-07 12:50:00,421.5
2020-02-07 13:00:00,419.9
2020-02-07 13:10:00,421.8
2020-02-07 13:20:00,420.6
2020-02-07 13:30:00,420.8
2020-02-07 13:40:00,420.6
2020-02-07 13:50:00,420.6
2020-02-07 14:00:00,421.0
2020-02-07 14:10:00,420.9
2020-02-07 14:20:00,421.9
2020-02-07 14:30:00,422.0
2020-02-07 14:40:00,421.3
2020-02-07 14:50:00,421.1
2020-02-07 15:00:00,421.3
2020-02-07 15:10:00,421.5
2020-02-07 15:20:00,421.1
2020-02-07 15:30:00,420.9
2020-02-07 15:40:00,421.1
2020-02-07 15:50:00,420.7
2020-02-07 16:00:00,420.9
2020-02-07 16:10:00,420.8
2020-02-07 16:20:00,420.7
2020-02-07 16:30:00,420.6
2020-02-07 16:40:00,422.2
2020-02-07 16:50:00,422.9
2020-02-07 17:00:00,422.8
2020-02-07 17:10:00,422.3
2020-02-07 17:20:00,422.5
2020-02-07 17:30:00,421.5
2020-02-07 17:40:00,421.6
2020-02-07 17:50:00,420.1
2020-02-07 18:00:00,420.4
2020-02-07 18:10:00,420.9
2020-02-07 18:20:00,421.1
2020-02-07 18:30:00,420.8
2020-02-07 18:40:00,421.7
2020-02-07 18:50:00,421.4
2020-02-07 19:00:00,422.0
2020-02-07 19:10:00,422.4
2020-02-07 19:20:00,423.2
2020-02-07 19:30:00,423.6
2020-02-07 19:40:00,424.3
2020-02-07 19:50:00,424.3
2020-02-07 20:00:00,424.2
2020-02-07 20:10:00,424.1
2020-02-07 20:20:00,424.0
2020-02-07 20:30:00,423.2
2020-02-07 20:40:00,423.0
2020-02-07 20:50:00,424.3
2020-02-07 21:00:00,424.6
2020-02-07 21:10:00,423.9
2020-02-07 21:20:00,423.8
2020-02-07 21:30:00,422.5
2020-02-07 21:40:00,421.9
2020-02-07 21:50:00,422.1
2020-02-07 22:00:00,422.5
2020-02-07 22:10:00,422.5
2020-02-07 22:20:00,422.6
2020-02-07 22:30:00,422.0
2020-02-07 22:40:00,422.5
2020-02-07 22:50:00,423.2
2020-02-07 23:00:00,422.5
2020-02-07 23:10:00,422.4
2020-02-07 23:20:00,422.3
2020-02-07 23:30:00,422.6
2020-02-07 23:40:00,423.1
2020-02-07 23:50:00,423.5
2020-02-08 00:00:00,423.9
2020-02-08 00:10:00,423.5
2020-02-08 00:20:00,423.3
2020-02-08 00:30:00,423.5
2020-02-08 00:40:00,423.6
2020-02-08 00:50:00,423.4
2020-02-08 01:00:00,423.8
2020-02-08 01:10:00,424.1
2020-02-08 01:20:00,424.3
2020-02-08 01:30:00,425.0
2020-02-08 01:40:00,426.1
2020-02-08 01:50:00,426.5
2020-02-08 02:00:00,425.7
2020-02-08 02:10:00,426.3
2020-02-08 02:20:00,426.8
2020-02-08 02:30:00,426.5
2020-02-08 02:40:00,426.7
2020-02-08 02:50:00,427.1
2020-02-08 03:00:00,427.9
2020-02-08 03:10:00,430.0
2020-02-08 03:20:00,430.8
2020-02-08 03:30:00,430.9
2020-02-08 03:40:00,433.3
2020-02-08 03:50:00,434.1
2020-02-08 04:00:00,431.5
2020-02-08 04:10:00,431.1
2020-02-08 04:20:00,431.6
2020-02-08 04:30:00,431.8
2020-02-08 04:40:00,432.7
2020-02-08 04:50:00,430.5
2020-02-08 05:00:00,430.5
2020-02-08 05:10:00,432.8
2020-02-08 05:20:00,431.9
2020-02-08 05:30:00,430.7
2020-02-08 05:40:00,431.0
2020-02-08 05:50:00,431.6
2020-02-08 06:00:00,431.7
2020-02-08 06:10:00,431.9
2020-02-08 06:20:00,431.7
2020-02-08 06:30:00,431.2
2020-02-08 06:40:00,430.2
2020-02-08 06:50:00,429.9
2020-02-08 07:00:00,431.2
2020-02-08 07:10:00,430.5
2020-02-08 07:20:00,431.9
2020-02-08 07:30:00,432.2
2020-02-08 07:40:00,432.1
2020-02-08 07:50:00,431.4
2020-02-08 08:00:00,431.1
2020-02-08 08:10:00,431.2
2020-02-08 08:20:00,431.1
2020-02-08 08:30:00,431.3
2020-02-08 08:40:00,432.5
2020-02-08 08:50:00,432.9
2020-02-08 09:00:00,430.2
2020-02-08 09:10:00,430.2
2020-02-08 09:20:00,431.9
2020-02-08 09:30:00,431.9
2020-02-08 09:40:00,431.6
2020-02-08 09:50:00,431.1
2020-02-08 10:00:00,429.9
2020-02-08 10:10:00,429.6
2020-02-08 10:20:00,428.2
2020-02-08 10:30:00,427.3
2020-02-08 10:40:00,425.8
2020-02-08 10:50:00,425.4
2020-02-08 11:00:00,424.4
2020-02-08 11:10:00,423.1
2020-02-08 11:20:00,423.6
2020-02-08 11:30:00,423.0
2020-02-08 11:40:00,422.6
2020-02-08 11:50:00,422.8
2020-02-08 12:00:00,423.2
2020-02-08 12:10:00,423.0
2020-02-08 12:20:00,422.7
2020-02-08 12:30:00,422.2
2020-02-08 12:40:00,422.0
2020-02-08 12:50:00,422.3
2020-02-08 13:00:00,422.1
2020-02-08 13:10:00,422.4
2020-02-08 13:20:00,422.2
2020-02-08 13:30:00,421.7
2020-02-08 13:40:00,422.0
2020-02-08 13:50:00,421.8
2020-02-08 14:00:00,422.0
2020-02-08 14:10:00,421.7
2020-02-08 14:20:00,421.9
2020-02-08 14:30:00,421.9
2020-02-08 14:40:00,421.7
2020-02-08 14:50:00,421.7
2020-02-08 15:00:00,422.6
2020-02-08 15:10:00,423.2
2020-02-08 15:20:00,422.6
2020-02-08 15:30:00,422.8
2020-02-08 15:40:00,423.1
2020-02-08 15:50:00,423.2
2020-02-08 16:00:00,422.9
2020-02-08 16:10:00,423.0
2020-02-08 16:20:00,423.4
2020-02-08 16:30:00,423.9
2020-02-08 16:40:00,424.1
2020-02-08 16:50:00,424.6
2020-02-08 17:00:00,423.0
2020-02-08 17:10:00,423.9
2020-02-08 17:20:00,425.0
2020-02-08 17:30:00,427.0
2020-02-08 17:40:00,426.9
2020-02-08 17:50:00,428.8
2020-02-08 18:00:00,428.4
2020-02-08 18:10:00,428.6
2020-02-08 18:20:00,428.1
2020-02-08 18:30:00,428.5
2020-02-08 18:40:00,429.1
2020-02-08 18:50:00,428.9
2020-02-08 19:00:00,429.6
2020-02-08 19:10:00,429.8
2020-02-08 19:20:00,432.1
2020-02-08 19:30:00,432.7
2020-02-08 19:40:00,432.4
2020-02-08 19:50:00,433.3
2020-02-08 20:00:00,432.6
2020-02-08 20:10:00,433.7
2020-02-08 20:20:00,434.0
2020-02-08 20:30:00,433.0
2020-02-08 20:40:00,432.8
2020-02-08 20:50:00,432.5
2020-02-08 21:00:00,434.1
2020-02-08 21:10:00,433.8
2020-02-08 21:20:00,433.0
2020-02-08 21:30:00,432.5
2020-02-08 21:40:00,432.3
2020-02-08 21:50:00,433.0
2020-02-08 22:00:00,433.0
2020-02-08 22:10:00,432.5
2020-02-08 22:20:00,432.1
2020-02-08 22:30:00,432.5
2020-02-08 22:40:00,432.3
2020-02-08 22:50:00,433.1
2020-02-08 23:00:00,433.1
2020-02-08 23:10:00,433.5
2020-02-08 23:20:00,433.7
2020-02-08 23:30:00,434.2
2020-02-08 23:40:00,434.0
2020-02-08 23:50:00,434.3
2020-02-09 00:00:00,434.5
2020-02-09 00:10:00,436.0
2020-02-09 00:20:00,435.5
2020-02-09 00:30:00,435.5
2020-02-09 00:40:00,435.9
2020-02-09 00:50:00,436.3
2020-02-09 01:00:00,436.4
2020-02-09 01:10:00,436.9
2020-02-09 01:20:00,436.5
2020-02-09 01:30:00,437.2
2020-02-09 01:40:00,436.9
2020-02-09 01:50:00,436.2
2020-02-09 02:00:00,435.8
2020-02-09 02:10:00,436.1
2020-02-09 02:20:00,436.5
2020-02-09 02:30:00,436.4
2020-02-09 02:40:00,436.6
2020-02-09 02:50:00,436.5
2020-02-09 03:00:00,435.9
2020-02-09 03:10:00,435.9
2020-02-09 03:20:00,435.7
2020-02-09 03:30:00,435.0
2020-02-09 03:40:00,434.5
2020-02-09 03:50:00,434.4
2020-02-09 04:00:00,433.7
2020-02-09 04:10:00,434.1
2020-02-09 04:20:00,435.4
2020-02-09 04:30:00,435.8
2020-02-09 04:40:00,435.6
2020-02-09 04:50:00,436.0
2020-02-09 05:00:00,436.5
2020-02-09 05:10:00,436.1
2020-02-09 05:20:00,436.0
2020-02-09 05:30:00,435.9
2020-02-09 05:40:00,435.6
2020-02-09 05:50:00,434.9
2020-02-09 06:00:00,435.6
2020-02-09 06:10:00,435.3
2020-02-09 06:20:00,433.3
2020-02-09 06:30:00,433.3
2020-02-09 06:40:00,433.3
2020-02-09 06:50:00,433.1
2020-02-09 07:00:00,433.9
2020-02-09 07:10:00,434.5
2020-02-09 07:20:00,434.8
2020-02-09 07:30:00,436.2
2020-02-09 07:40:00,437.7
2020-02-09 07:50:00,437.7
2020-02-09 08:00:00,437.2
2020-02-09 08:10:00,437.8
2020-02-09 08:20:00,437.5
2020-02-09 08:30:00,436.9
2020-02-09 08:40:00,435.5
2020-02-09 08:50:00,433.9
2020-02-09 09:00:00,434.4
2020-02-09 09:10:00,434.7
2020-02-09 09:20:00,433.7
2020-02-09 09:30:00,432.8
2020-02-09 09:40:00,432.3
2020-02-09 09:50:00,432.0
2020-02-09 10:00:00,431.4
2020-02-09 10:10:00,430.9
2020-02-09 10:20:00,430.2
2020-02-09 10:30:00,429.8
2020-02-09 10:40:00,429.5
2020-02-09 10:50:00,429.2
2020-02-09 11:00:00,428.5
2020-02-09 11:10:00,428.1
2020-02-09 11:20:00,427.7
2020-02-09 11:30:00,427.2
2020-02-09 11:40:00,427.0
2020-02-09 11:50:00,426.2
2020-02-09 12:00:00,423.9
2020-02-09 12:10:00,423.5
2020-02-09 12:20:00,423.4
2020-02-09 12:30:00,423.2
2020-02-09 12:40:00,417.9
2020-02-09 12:50:00,417.9
2020-02-09 13:00:00,418.4
2020-02-09 13:10:00,418.7
2020-02-09 13:20:00,418.8
2020-02-09 13:30:00,418.8
2020-02-09 13:40:00,418.6
2020-02-09 13:50:00,418.7
2020-02-09 14:00:00,419.5
2020-02-09 14:10:00,419.7
2020-02-09 14:20:00,419.7
2020-02-09 14:30:00,419.6
2020-02-09 14:40:00,419.7
2020-02-09 14:50:00,419.6
2020-02-09 15:00:00,419.4
2020-02-09 15:10:00,419.2
2020-02-09 15:20:00,419.2
2020-02-09 15:30:00,418.5
2020-02-09 15:40:00,418.1
2020-02-09 15:50:00,417.6
2020-02-09 16:00:00,417.4
2020-02-09 16:10:00,417.1
2020-02-09 16:20:00,416.9
2020-02-09 16:30:00,416.8
2020-02-09 16:40:00,416.8
2020-02-09 16:50:00,416.8
2020-02-09 17:00:00,416.9
2020-02-09 17:10:00,416.8
2020-02-09 17:20:00,417.0
2020-02-09 17:30:00,417.3
2020-02-09 17:40:00,417.5
2020-02-09 17:50:00,418.1
2020-02-09 18:00:00,418.2
2020-02-09 18:10:00,418.3
2020-02-09 18:20:00,418.3
2020-02-09 18:30:00,418.4
2020-02-09 18:40:00,418.1
2020-02-09 18:50:00,418.0
2020-02-09 19:00:00,417.9
2020-02-09 19:10:00,417.7
2020-02-09 19:20:00,417.7
2020-02-09 19:30:00,417.7
2020-02-09 19:40:00,417.7
2020-02-09 19:50:00,417.9
2020-02-09 20:00:00,417.7
2020-02-09 20:10:00,417.5
2020-02-09 20:20:00,417.7
2020-02-09 20:30:00,417.8
2020-02-09 20:40:00,417.8
2020-02-09 20:50:00,417.4
2020-02-09 21:00:00,417.3
2020-02-09 21:10:00,417.7
2020-02-09 21:20:00,417.9
2020-02-09 21:30:00,418.1
2020-02-09 21:40:00,418.5
2020-02-09 21:50:00,418.6
2020-02-09 22:00:00,418.7
2020-02-09 22:10:00,418.6
2020-02-09 22:20:00,418.4
2020-02-09 22:30:00,418.4
2020-02-09 22:40:00,418.2
2020-02-09 22:50:00,418.2
2020-02-09 23:00:00,417.8
2020-02-09 23:10:00,417.8
2020-02-09 23:20:00,417.8
2020-02-09 23:30:00,417.5
2020-02-09 23:40:00,417.3
2020-02-09 23:50:00,417.1
2020-02-10 00:00:00,417.2
2020-02-10 00:10:00,418.8
2020-02-10 00:20:00,418.1
2020-02-10 00:30:00,417.5
2020-02-10 00:40:00,417.5
2020-02-10 00:50:00,417.6
2020-02-10 01:00:00,417.7
2020-02-10 01:10:00,417.8
2020-02-10 01:20:00,417.9
2020-02-10 01:30:00,417.8
2020-02-10 01:40:00,418.0
2020-02-10 01:50:00,418.2
2020-02-10 02:00:00,418.0
2020-02-10 02:10:00,417.6
2020-02-10 02:20:00,417.4
2020-02-10 02:30:00,417.6
2020-02-10 02:40:00,417.6
2020-02-10 02:50:00,417.6
2020-02-10 03:00:00,417.7
2020-02-10 03:10:00,417.7
2020-02-10 03:20:00,417.5
2020-02-10 03:30:00,417.6
2020-02-10 03:40:00,417.7
2020-02-10 03:50:00,417.8
2020-02-10 04:00:00,417.6
2020-02-10 04:10:00,417.6
2020-02-10 04:20:00,417.7
2020-02-10 04:30:00,417.7
2020-02-10 04:40:00,417.7
2020-02-10 04:50:00,418.1
2020-02-10 05:00:00,418.3
2020-02-10 05:10:00,418.6
2020-02-10 05:20:00,419.0
2020-02-10 05:30:00,418.8
2020-02-10 05:40:00,419.0
2020-02-10 05:50:00,418.9
2020-02-10 06:00:00,419.0
2020-02-10 06:10:00,419.4
2020-02-10 06:20:00,419.7
2020-02-10 06:30:00,419.6
2020-02-10 06:40:00,419.6
2020-02-10 06:50:00,419.6
2020-02-10 07:00:00,419.6
2020-02-10 07:10:00,419.7
2020-02-10 07:20:00,420.1
2020-02-10 07:30:00,420.5
2020-02-10 07:40:00,422.4
2020-02-10 07:50:00,420.5
2020-02-10 08:00:00,420.1
2020-02-10 08:10:00,420.3
2020-02-10 08:20:00,420.1
2020-02-10 08:30:00,420.2
2020-02-10 08:40:00,420.3
2020-02-10 08:50:00,420.2
2020-02-10 09:00:00,420.4
2020-02-10 09:10:00,420.1
2020-02-10 09:20:00,420.1
2020-02-10 09:30:00,420.4
2020-02-10 09:40:00,420.3
2020-02-10 09:50:00,420.1
2020-02-10 10:00:00,419.7
2020-02-10 10:10:00,419.6
2020-02-10 10:20:00,419.5
2020-02-10 10:30:00,419.1
2020-02-10 10:40:00,418.9
2020-02-10 10:50:00,419.1
2020-02-10 11:00:00,419.1
2020-02-10 11:10:00,419.1
2020-02-10 11:20:00,419.1
2020-02-10 11:30:00,419.1
2020-02-10 11:40:00,419.0
2020-02-10 11:50:00,419.1
2020-02-10 12:00:00,418.8
2020-02-10 12:10:00,418.5
2020-02-10 12:20:00,418.5
2020-02-10 12:30:00,418.5
2020-02-10 12:40:00,418.6
2020-02-10 12:50:00,418.6
2020-02-10 13:00:00,418.6
2020-02-10 13:10:00,418.6
2020-02-10 13:20:00,418.6
2020-02-10 13:30:00,418.6
2020-02-10 13:40:00,419.3
2020-02-10 13:50:00,419.3
2020-02-10 14:00:00,419.1
2020-02-10 14:10:00,419.6
2020-02-10 14:20:00,419.5
2020-02-10 14:30:00,419.5
2020-02-10 14:40:00,419.4
2020-02-10 14:50:00,419.3
2020-02-10 15:00:00,418.4
2020-02-10 15:10:00,418.2
2020-02-10 15:20:00,417.8
2020-02-10 15:30:00,417.7
2020-02-10 15:40:00,417.8
2020-02-10 15:50:00,417.7
2020-02-10 16:00:00,417.7
2020-02-10 16:10:00,417.3
2020-02-10 16:20:00,417.5
2020-02-10 16:30:00,417.8
2020-02-10 16:40:00,417.8
2020-02-10 16:50:00,417.9
2020-02-10 17:00:00,417.8
2020-02-10 17:10:00,418.2
2020-02-10 17:20:00,418.3
2020-02-10 17:30:00,417.9
2020-02-10 17:40:00,418.1
2020-02-10 17:50:00,418.2
2020-02-10 18:00:00,419.9
2020-02-10 18:10:00,419.6
2020-02-10 18:20:00,419.9
2020-02-10 18:30:00,420.3
2020-02-10 18:40:00,420.4
2020-02-10 18:50:00,420.8
2020-02-10 19:00:00,420.7
2020-02-10 19:10:00,420.7
2020-02-10 19:20:00,420.9
2020-02-10 19:30:00,420.4
2020-02-10 19:40:00,420.4
2020-02-10 19:50:00,420.9
2020-02-10 20:00:00,420.5
2020-02-10 20:10:00,420.5
2020-02-10 20:20:00,420.3
2020-02-10 20:30:00,420.3
2020-02-10 20:40:00,420.1
2020-02-10 20:50:00,420.1
2020-02-10 21:00:00,419.7
2020-02-10 21:10:00,419.9
2020-02-10 21:20:00,420.1
2020-02-10 21:30:00,420.2
2020-02-10 21:40:00,420.4
2020-02-10 21:50:00,420.4
2020-02-10 22:00:00,420.5
2020-02-10 22:10:00,420.4
2020-02-10 22:20:00,420.5
2020-02-10 22:30:00,420.4
2020-02-10 22:40:00,420.4
2020-02-10 22:50:00,420.3
2020-02-10 23:00:00,420.1
2020-02-10 23:10:00,420.6
2020-02-10 23:20:00,420.9
2020-02-10 23:30:00,421.0
2020-02-10 23:40:00,421.1
2020-02-10 23:50:00,421.3
2020-02-11 00:00:00,421.4
2020-02-11 00:10:00,421.1
2020-02-11 00:20:00,420.3
2020-02-11 00:30:00,419.7
2020-02-11 00:40:00,419.7
2020-02-11 00:50:00,419.7
2020-02-11 01:00:00,419.7
2020-02-11 01:10:00,419.2
2020-02-11 01:20:00,418.9
2020-02-11 01:30:00,418.5
2020-02-11 01:40:00,418.0
2020-02-11 01:50:00,418.0
2020-02-11 02:00:00,418.1
2020-02-11 02:10:00,418.3
2020-02-11 02:20:00,418.1
2020-02-11 02:30:00,418.1
2020-02-11 02:40:00,418.1
2020-02-11 02:50:00,418.0
2020-02-11 03:00:00,418.3
2020-02-11 03:10:00,418.5
2020-02-11 03:20:00,418.5
2020-02-11 03:30:00,418.9
2020-02-11 03:40:00,419.0
2020-02-11 03:50:00,418.8
2020-02-11 04:00:00,418.6
2020-02-11 04:10:00,418.9
2020-02-11 04:20:00,419.0
2020-02-11 04:30:00,419.0
2020-02-11 04:40:00,419.1
2020-02-11 04:50:00,419.3
2020-02-11 05:00:00,419.6
2020-02-11 05:10:00,419.5
2020-02-11 05:20:00,419.5
2020-02-11 05:30:00,419.5
2020-02-11 05:40:00,419.7
2020-02-11 05:50:00,419.6
2020-02-11 06:00:00,419.7
2020-02-11 06:10:00,419.6
2020-02-11 06:20:00,419.6
2020-02-11 06:30:00,419.7
2020-02-11 06:40:00,419.5
2020-02-11 06:50:00,419.6
2020-02-11 07:00:00,419.5
2020-02-11 07:10:00,419.6
2020-02-11 07:20:00,419.6
2020-02-11 07:30:00,419.5
2020-02-11 07:40:00,419.5
2020-02-11 07:50:00,419.4
2020-02-11 08:00:00,419.3
2020-02-11 08:10:00,419.1
2020-02-11 08:20:00,419.2
2020-02-11 08:30:00,419.4
2020-02-11 08:40:00,419.4
2020-02-11 08:50:00,419.3
2020-02-11 09:00:00,419.3
2020-02-11 09:10:00,419.1
2020-02-11 09:20:00,419.1
2020-02-11 09:30:00,418.8
2020-02-11 09:40:00,418.5
2020-02-11 09:50:00,418.6
2020-02-11 10:00:00,418.5
2020-02-11 10:10:00,418.4
2020-02-11 10:20:00,418.1
2020-02-11 10:30:00,418.0
2020-02-11 10:40:00,418.0
2020-02-11 10:50:00,418.0
2020-02-11 11:00:00,417.7
2020-02-11 11:10:00,417.5
2020-02-11 11:20:00,417.5
2020-02-11 11:30:00,417.5
2020-02-11 11:40:00,417.9
2020-02-11 11:50:00,417.9
2020-02-11 12:00:00,417.6
2020-02-11 12:10:00,417.7
2020-02-11 12:20:00,417.7
2020-02-11 12:30:00,417.6
2020-02-11 12:40:00,417.4
2020-02-11 12:50:00,417.4
2020-02-11 13:00:00,417.4
2020-02-11 13:10:00,417.5
2020-02-11 13:20:00,417.5
2020-02-11 13:30:00,417.3
2020-02-11 13:40:00,417.2
2020-02-11 13:50:00,417.0
2020-02-11 14:00:00,417.1
2020-02-11 14:10:00,417.5
2020-02-11 14:20:00,417.1
2020-02-11 14:30:00,417.0
2020-02-11 14:40:00,417.0
2020-02-11 14:50:00,417.1
2020-02-11 15:00:00,417.1
2020-02-11 15:10:00,417.1
2020-02-11 15:20:00,417.1
2020-02-11 15:30:00,417.2
2020-02-11 15:40:00,417.2
2020-02-11 15:50:00,417.3
2020-02-11 16:00:00,417.1
2020-02-11 16:10:00,417.1
2020-02-11 16:20:00,417.0
2020-02-11 16:30:00,417.1
2020-02-11 16:40:00,417.2
2020-02-11 16:50:00,417.1
2020-02-11 17:00:00,417.4
2020-02-11 17:10:00,417.5
2020-02-11 17:20:00,417.5
2020-02-11 17:30:00,417.7
2020-02-11 17:40:00,417.9
2020-02-11 17:50:00,417.8
2020-02-11 18:00:00,417.9
2020-02-11 18:10:00,417.8
2020-02-11 18:20:00,417.9
2020-02-11 18:30:00,418.1
2020-02-11 18:40:00,418.0
2020-02-11 18:50:00,418.1
2020-02-11 19:00:00,418.4
2020-02-11 19:10:00,418.5
2020-02-11 19:20:00,418.6
2020-02-11 19:30:00,418.8
2020-02-11 19:40:00,418.9
2020-02-11 19:50:00,418.6
2020-02-11 20:00:00,418.5
2020-02-11 20:10:00,418.5
2020-02-11 20:20:00,418.6
2020-02-11 20:30:00,418.9
2020-02-11 20:40:00,418.7
2020-02-11 20:50:00,418.6
2020-02-11 21:00:00,418.6
2020-02-11 21:10:00,418.8
2020-02-11 21:20:00,418.7
2020-02-11 21:30:00,418.7
2020-02-11 21:40:00,419.0
2020-02-11 21:50:00,419.1
2020-02-11 22:00:00,419.3
2020-02-11 22:10:00,419.1
2020-02-11 22:20:00,419.1
2020-02-11 22:30:00,419.1
2020-02-11 22:40:00,419.1
2020-02-11 22:50:00,419.1
2020-02-11 23:00:00,419.5
2020-02-11 23:10:00,419.6
2020-02-11 23:20:00,419.5
2020-02-11 23:30:00,419.5
2020-02-11 23:40:00,419.5
2020-02-11 23:50:00,419.5
2020-02-12 00:00:00,419.6
2020-02-12 00:10:00,420.1
2020-02-12 00:20:00,419.5
2020-02-12 00:30:00,419.2
2020-02-12 00:40:00,419.2
2020-02-12 00:50:00,419.3
2020-02-12 01:00:00,419.4
2020-02-12 01:10:00,419.6
2020-02-12 01:20:00,419.6
2020-02-12 01:30:00,419.6
2020-02-12 01:40:00,419.6
2020-02-12 01:50:00,419.7
2020-02-12 02:00:00,419.6
2020-02-12 02:10:00,419.5
2020-02-12 02:20:00,419.2
2020-02-12 02:30:00,419.2
2020-02-12 02:40:00,419.3
2020-02-12 02:50:00,419.4
2020-02-12 03:00:00,419.2
2020-02-12 03:10:00,419.3
2020-02-12 03:20:00,419.2
2020-02-12 03:30:00,419.2
2020-02-12 03:40:00,419.2
2020-02-12 03:50:00,419.2
2020-02-12 04:00:00,419.2
2020-02-12 04:10:00,419.2
2020-02-12 04:20:00,419.3
2020-02-12 04:30:00,419.2
2020-02-12 04:40:00,419.2
2020-02-12 04:50:00,419.2
2020-02-12 05:00:00,419.2
2020-02-12 05:10:00,419.2
2020-02-12 05:20:00,419.3
2020-02-12 05:30:00,419.3
2020-02-12 05:40:00,419.4
2020-02-12 05:50:00,419.4
2020-02-12 06:00:00,419.7
2020-02-12 06:10:00,419.7
2020-02-12 06:20:00,419.9
2020-02-12 06:30:00,419.9
2020-02-12 06:40:00,419.8
2020-02-12 06:50:00,419.9
2020-02-12 07:00:00,420.0
2020-02-12 07:10:00,420.1
2020-02-12 07:20:00,420.2
2020-02-12 07:30:00,419.9
2020-02-12 07:40:00,420.2
2020-02-12 07:50:00,420.5
2020-02-12 08:00:00,420.0
2020-02-12 08:10:00,420.0
2020-02-12 08:20:00,420.1
2020-02-12 08:30:00,420.5
2020-02-12 08:40:00,420.1
2020-02-12 08:50:00,419.7
2020-02-12 09:00:00,419.8
2020-02-12 09:10:00,419.9
2020-02-12 09:20:00,419.6
2020-02-12 09:30:00,419.6
2020-02-12 09:40:00,419.2
2020-02-12 09:50:00,418.7
2020-02-12 10:00:00,418.7
2020-02-12 10:10:00,418.4
2020-02-12 10:20:00,418.2
2020-02-12 10:30:00,418.3
2020-02-12 10:40:00,418.5
2020-02-12 10:50:00,418.5
2020-02-12 11:00:00,418.3
2020-02-12 11:10:00,418.4
2020-02-12 11:20:00,418.2
2020-02-12 11:30:00,418.2
2020-02-12 11:40:00,418.1
2020-02-12 11:50:00,418.1
2020-02-12 12:00:00,418.1
2020-02-12 12:10:00,418.1
2020-02-12 12:20:00,418.0
2020-02-12 12:30:00,417.8
2020-02-12 12:40:00,417.9
2020-02-12 12:50:00,417.8
2020-02-12 13:00:00,417.9
2020-02-12 13:10:00,417.9
2020-02-12 13:20:00,418.1
2020-02-12 13:30:00,417.8
2020-02-12 13:40:00,417.6
2020-02-12 13:50:00,417.6
2020-02-12 14:00:00,417.6
2020-02-12 14:10:00,417.6
2020-02-12 14:20:00,417.6
2020-02-12 14:30:00,417.6
2020-02-12 14:40:00,417.5
2020-02-12 14:50:00,417.5
2020-02-12 15:00:00,417.2
2020-02-12 15:10:00,417.3
2020-02-12 15:20:00,417.2
2020-02-12 15:30:00,417.1
2020-02-12 15:40:00,417.1
2020-02-12 15:50:00,417.3
2020-02-12 16:00:00,417.6
2020-02-12 16:10:00,417.7
2020-02-12 16:20:00,417.6
2020-02-12 16:30:00,417.5
2020-02-12 16:40:00,417.4
2020-02-12 16:50:00,417.6
2020-02-12 17:00:00,417.6
2020-02-12 17:10:00,417.7
2020-02-12 17:20:00,418.1
2020-02-12 17:30:00,418.1
2020-02-12 17:40:00,418.7
2020-02-12 17:50:00,418.2
2020-02-12 18:00:00,418.4
2020-02-12 18:10:00,419.5
2020-02-12 18:20:00,419.4
2020-02-12 18:30:00,419.2
2020-02-12 18:40:00,420.0
2020-02-12 18:50:00,419.7
2020-02-12 19:00:00,419.5
2020-02-12 19:10:00,419.2
2020-02-12 19:20:00,419.1
2020-02-12 19:30:00,419.4
2020-02-12 19:40:00,419.4
2020-02-12 19:50:00,421.0
2020-02-12 20:00:00,420.1
2020-02-12 20:10:00,420.0
2020-02-12 20:20:00,419.9
2020-02-12 20:30:00,419.6
2020-02-12 20:40:00,419.8
2020-02-12 20:50:00,419.9
2020-02-12 21:00:00,420.0
2020-02-12 21:10:00,420.0
2020-02-12 21:20:00,420.1
2020-02-12 21:30:00,420.1
2020-02-12 21:40:00,420.1
2020-02-12 21:50:00,420.0
2020-02-12 22:00:00,420.1
2020-02-12 22:10:00,420.0
2020-02-12 22:20:00,420.0
2020-02-12 22:30:00,420.0
2020-02-12 22:40:00,419.7
2020-02-12 22:50:00,419.6
2020-02-12 23:00:00,419.7
2020-02-12 23:10:00,419.8
2020-02-12 23:20:00,420.0
2020-02-12 23:30:00,420.1
2020-02-12 23:40:00,420.1
2020-02-12 23:50:00,420.5
2020-02-13 00:00:00,420.6
2020-02-13 00:10:00,421.8
2020-02-13 00:20:00,421.4
2020-02-13 00:30:00,421.3
2020-02-13 00:40:00,421.3
2020-02-13 00:50:00,421.3
2020-02-13 01:00:00,421.4
2020-02-13 01:10:00,421.3
2020-02-13 01:20:00,421.6
2020-02-13 01:30:00,421.9
2020-02-13 01:40:00,422.2
2020-02-13 01:50:00,422.2
2020-02-13 02:00:00,422.3
2020-02-13 02:10:00,422.6
2020-02-13 02:20:00,422.4
2020-02-13 02:30:00,422.7
2020-02-13 02:40:00,423.1
2020-02-13 02:50:00,422.7
2020-02-13 03:00:00,422.7
2020-02-13 03:10:00,422.9
2020-02-13 03:20:00,423.4
2020-02-13 03:30:00,422.8
2020-02-13 03:40:00,422.5
2020-02-13 03:50:00,422.4
2020-02-13 04:00:00,422.5
2020-02-13 04:10:00,422.7
2020-02-13 04:20:00,422.9
2020-02-13 04:30:00,422.3
2020-02-13 04:40:00,422.3
2020-02-13 04:50:00,422.1
2020-02-13 05:00:00,422.9
2020-02-13 05:10:00,425.0
2020-02-13 05:20:00,425.4
2020-02-13 05:30:00,426.0
2020-02-13 05:40:00,426.6
2020-02-13 05:50:00,426.0
2020-02-13 06:00:00,426.4
2020-02-13 06:10:00,424.6
2020-02-13 06:20:00,424.8
2020-02-13 06:30:00,423.4
2020-02-13 06:40:00,423.8
2020-02-13 06:50:00,425.9
2020-02-13 07:00:00,422.6
2020-02-13 07:10:00,422.3
2020-02-13 07:20:00,422.3
2020-02-13 07:30:00,422.7
2020-02-13 07:40:00,422.0
2020-02-13 07:50:00,422.1
2020-02-13 08:00:00,422.2
2020-02-13 08:10:00,422.7
2020-02-13 08:20:00,422.4
2020-02-13 08:30:00,425.1
2020-02-13 08:40:00,430.0
2020-02-13 08:50:00,428.2
2020-02-13 09:00:00,428.2
2020-02-13 09:10:00,431.2
2020-02-13 09:20:00,430.1
2020-02-13 09:30:00,430.6
2020-02-13 09:40:00,430.1
2020-02-13 09:50:00,427.5
2020-02-13 10:00:00,425.2
2020-02-13 10:10:00,422.2
2020-02-13 10:20:00,421.6
2020-02-13 10:30:00,420.5
2020-02-13 10:40:00,420.8
2020-02-13 10:50:00,421.0
2020-02-13 11:00:00,420.2
2020-02-13 11:10:00,419.7
2020-02-13 11:20:00,419.3
2020-02-13 11:30:00,419.7
2020-02-13 11:40:00,419.3
2020-02-13 11:50:00,419.5
2020-02-13 12:00:00,419.8
2020-02-13 12:10:00,419.6
2020-02-13 12:20:00,420.2
2020-02-13 12:30:00,419.6
2020-02-13 12:40:00,419.6
2020-02-13 12:50:00,420.0
2020-02-13 13:00:00,419.8
2020-02-13 13:10:00,419.9
2020-02-13 13:20:00,419.7
2020-02-13 13:30:00,419.8
2020-02-13 13:40:00,419.3
2020-02-13 13:50:00,418.9
2020-02-13 14:00:00,418.1
2020-02-13 14:10:00,417.9
2020-02-13 14:20:00,418.0
2020-02-13 14:30:00,418.3
2020-02-13 14:40:00,418.0
2020-02-13 14:50:00,418.2
2020-02-13 15:00:00,418.8
2020-02-13 15:10:00,419.2
2020-02-13 15:20:00,420.3
2020-02-13 15:30:00,419.3
2020-02-13 15:40:00,419.4
2020-02-13 15:50:00,419.9
2020-02-13 16:00:00,419.2
2020-02-13 16:10:00,418.9
2020-02-13 16:20:00,419.3
2020-02-13 16:30:00,419.4
2020-02-13 16:40:00,420.0
2020-02-13 16:50:00,420.4
2020-02-13 17:00:00,420.3
2020-02-13 17:10:00,420.4
2020-02-13 17:20:00,420.3
2020-02-13 17:30:00,420.7
2020-02-13 17:40:00,420.9
2020-02-13 17:50:00,421.0
2020-02-13 18:00:00,421.2
2020-02-13 18:10:00,421.0
2020-02-13 18:20:00,421.5
2020-02-13 18:30:00,421.3
2020-02-13 18:40:00,421.6
2020-02-13 18:50:00,421.5
2020-02-13 19:00:00,421.6
2020-02-13 19:10:00,421.8
2020-02-13 19:20:00,422.1
2020-02-13 19:30:00,421.8
2020-02-13 19:40:00,422.4
2020-02-13 19:50:00,422.4
2020-02-13 20:00:00,422.3
2020-02-13 20:10:00,422.2
2020-02-13 20:20:00,422.5
2020-02-13 20:30:00,423.3
2020-02-13 20:40:00,423.2
2020-02-13 20:50:00,422.7
2020-02-13 21:00:00,422.7
2020-02-13 21:10:00,423.7
2020-02-13 21:20:00,423.0
2020-02-13 21:30:00,423.7
2020-02-13 21:40:00,423.8
2020-02-13 21:50:00,422.9
2020-02-13 22:00:00,423.1
2020-02-13 22:10:00,424.1
2020-02-13 22:20:00,424.9
2020-02-13 22:30:00,424.9
2020-02-13 22:40:00,425.1
2020-02-13 22:50:00,425.9
2020-02-13 23:00:00,425.7
2020-02-13 23:10:00,426.0
2020-02-13 23:20:00,423.0
2020-02-13 23:30:00,422.4
2020-02-13 23:40:00,424.0
2020-02-13 23:50:00,425.0
2020-02-14 00:00:00,426.8
2020-02-14 00:10:00,425.8
2020-02-14 00:20:00,424.3
2020-02-14 00:30:00,423.8
2020-02-14 00:40:00,423.0
2020-02-14 00:50:00,423.5
2020-02-14 01:00:00,425.4
2020-02-14 01:10:00,424.7
2020-02-14 01:20:00,424.1
2020-02-14 01:30:00,425.2
2020-02-14 01:40:00,427.4
2020-02-14 01:50:00,426.1
2020-02-14 02:00:00,426.1
2020-02-14 02:10:00,426.5
2020-02-14 02:20:00,425.8
2020-02-14 02:30:00,426.4
2020-02-14 02:40:00,426.0
2020-02-14 02:50:00,424.8
2020-02-14 03:00:00,424.2
2020-02-14 03:10:00,424.0
2020-02-14 03:20:00,424.2
2020-02-14 03:30:00,424.4
2020-02-14 03:40:00,429.2
2020-02-14 03:50:00,432.2
2020-02-14 04:00:00,429.9
2020-02-14 04:10:00,430.2
2020-02-14 04:20:00,430.5
2020-02-14 04:30:00,429.3
2020-02-14 04:40:00,427.2
2020-02-14 04:50:00,426.8
2020-02-14 05:00:00,432.6
2020-02-14 05:10:00,432.7
2020-02-14 05:20:00,425.9
2020-02-14 05:30:00,430.0
2020-02-14 05:40:00,434.9
2020-02-14 05:50:00,434.5
2020-02-14 06:00:00,430.7
2020-02-14 06:10:00,430.0
2020-02-14 06:20:00,425.4
2020-02-14 06:30:00,424.4
2020-02-14 06:40:00,424.3
2020-02-14 06:50:00,424.5
2020-02-14 07:00:00,424.3
2020-02-14 07:10:00,424.1
2020-02-14 07:20:00,424.0
2020-02-14 07:30:00,423.7
2020-02-14 07:40:00,423.7
2020-02-14 07:50:00,423.3
2020-02-14 08:00:00,422.3
2020-02-14 08:10:00,422.2
2020-02-14 08:20:00,422.7
2020-02-14 08:30:00,423.4
2020-02-14 08:40:00,423.7
2020-02-14 08:50:00,423.1
2020-02-14 09:00:00,422.4
2020-02-14 09:10:00,422.3
2020-02-14 09:20:00,422.3
2020-02-14 09:30:00,422.2
2020-02-14 09:40:00,422.2
2020-02-14 09:50:00,421.6
2020-02-14 10:00:00,420.6
2020-02-14 10:10:00,420.4
2020-02-14 10:20:00,420.2
2020-02-14 10:30:00,420.3
2020-02-14 10:40:00,420.8
2020-02-14 10:50:00,421.5
2020-02-14 11:00:00,421.1
2020-02-14 11:10:00,420.8
2020-02-14 11:20:00,420.4
2020-02-14 11:30:00,420.4
2020-02-14 11:40:00,420.3
2020-02-14 11:50:00,420.5
2020-02-14 12:00:00,420.6
2020-02-14 12:10:00,420.8
2020-02-14 12:20:00,420.9
2020-02-14 12:30:00,421.0
2020-02-14 12:40:00,421.3
2020-02-14 12:50:00,421.3
2020-02-14 13:00:00,421.3
2020-02-14 13:10:00,421.3
2020-02-14 13:20:00,421.3
2020-02-14 13:30:00,421.3
2020-02-14 13:40:00,421.3
2020-02-14 13:50:00,421.5
2020-02-14 14:00:00,421.3
2020-02-14 14:10:00,421.4
2020-02-14 14:20:00,421.3
2020-02-14 14:30:00,421.3
2020-02-14 14:40:00,421.4
2020-02-14 14:50:00,421.5
2020-02-14 15:00:00,421.7
2020-02-14 15:10:00,421.7
2020-02-14 15:20:00,422.0
2020-02-14 15:30:00,422.3
2020-02-14 15:40:00,422.7
2020-02-14 15:50:00,423.0
2020-02-14 16:00:00,422.8
2020-02-14 16:10:00,422.8
2020-02-14 16:20:00,422.9
2020-02-14 16:30:00,423.2
2020-02-14 16:40:00,423.6
2020-02-14 16:50:00,423.8
2020-02-14 17:00:00,424.4
2020-02-14 17:10:00,424.7
2020-02-14 17:20:00,424.8
2020-02-14 17:30:00,424.4
2020-02-14 17:40:00,424.3
2020-02-14 17:50:00,424.9
2020-02-14 18:00:00,424.8
2020-02-14 18:10:00,424.6
2020-02-14 18:20:00,424.4
2020-02-14 18:30:00,425.2
2020-02-14 18:40:00,425.9
2020-02-14 18:50:00,426.4
2020-02-14 19:00:00,426.5
2020-02-14 19:10:00,426.6
2020-02-14 19:20:00,426.5
2020-02-14 19:30:00,426.3
2020-02-14 19:40:00,426.6
2020-02-14 19:50:00,426.9
2020-02-14 20:00:00,427.1
2020-02-14 20:10:00,427.9
2020-02-14 20:20:00,428.0
2020-02-14 20:30:00,427.4
2020-02-14 20:40:00,427.1
2020-02-14 20:50:00,426.5
2020-02-14 21:00:00,426.1
2020-02-14 21:10:00,426.0
2020-02-14 21:20:00,426.3
2020-02-14 21:30:00,426.4
2020-02-14 21:40:00,426.6
2020-02-14 21:50:00,426.9
2020-02-14 22:00:00,427.0
2020-02-14 22:10:00,426.9
2020-02-14 22:20:00,426.6
2020-02-14 22:30:00,426.7
2020-02-14 22:40:00,426.7
2020-02-14 22:50:00,426.8
2020-02-14 23:00:00,427.3
2020-02-14 23:10:00,427.6
2020-02-14 23:20:00,428.5
2020-02-14 23:30:00,428.5
2020-02-14 23:40:00,428.2
2020-02-14 23:50:00,428.0
2020-02-15 00:00:00,427.7
2020-02-15 00:10:00,428.9
2020-02-15 00:20:00,428.2
2020-02-15 00:30:00,427.9
2020-02-15 00:40:00,427.9
2020-02-15 00:50:00,427.1
2020-02-15 01:00:00,426.9
2020-02-15 01:10:00,426.6
2020-02-15 01:20:00,426.5
2020-02-15 01:30:00,427.0
2020-02-15 01:40:00,428.2
2020-02-15 01:50:00,427.4
2020-02-15 02:00:00,427.5
2020-02-15 02:10:00,427.4
2020-02-15 02:20:00,426.7
2020-02-15 02:30:00,427.3
2020-02-15 02:40:00,427.3
2020-02-15 02:50:00,429.1
2020-02-15 03:00:00,432.2
2020-02-15 03:10:00,430.7
2020-02-15 03:20:00,430.6
2020-02-15 03:30:00,430.0
2020-02-15 03:40:00,429.2
2020-02-15 03:50:00,429.3
2020-02-15 04:00:00,428.5
2020-02-15 04:10:00,428.5
2020-02-15 04:20:00,431.3
2020-02-15 04:30:00,433.9
2020-02-15 04:40:00,434.9
2020-02-15 04:50:00,434.4
2020-02-15 05:00:00,437.6
2020-02-15 05:10:00,433.1
2020-02-15 05:20:00,434.0
2020-02-15 05:30:00,433.2
2020-02-15 05:40:00,432.1
2020-02-15 05:50:00,431.0
2020-02-15 06:00:00,430.7
2020-02-15 06:10:00,430.8
2020-02-15 06:20:00,430.1
2020-02-15 06:30:00,430.1
2020-02-15 06:40:00,430.1
2020-02-15 06:50:00,430.1
2020-02-15 07:00:00,430.9
2020-02-15 07:10:00,430.0
2020-02-15 07:20:00,429.5
2020-02-15 07:30:00,429.3
2020-02-15 07:40:00,429.4
2020-02-15 07:50:00,431.9
2020-02-15 08:00:00,434.0
2020-02-15 08:10:00,434.7
2020-02-15 08:20:00,433.1
2020-02-15 08:30:00,434.2
2020-02-15 08:40:00,434.0
2020-02-15 08:50:00,433.3
2020-02-15 09:00:00,432.1
2020-02-15 09:10:00,433.1
2020-02-15 09:20:00,436.8
2020-02-15 09:30:00,438.8
2020-02-15 09:40:00,439.6
2020-02-15 09:50:00,437.7
2020-02-15 10:00:00,436.6
2020-02-15 10:10:00,436.7
2020-02-15 10:20:00,436.9
2020-02-15 10:30:00,434.8
2020-02-15 10:40:00,435.0
2020-02-15 10:50:00,434.0
2020-02-15 11:00:00,433.4
2020-02-15 11:10:00,432.1
2020-02-15 11:20:00,431.5
2020-02-15 11:30:00,431.7
2020-02-15 11:40:00,430.4
2020-02-15 11:50:00,428.6
2020-02-15 12:00:00,425.5
2020-02-15 12:10:00,424.8
2020-02-15 12:20:00,423.7
2020-02-15 12:30:00,419.5
2020-02-15 12:40:00,418.0
2020-02-15 12:50:00,417.6
2020-02-15 13:00:00,417.1
2020-02-15 13:10:00,416.4
2020-02-15 13:20:00,416.3
2020-02-15 13:30:00,416.3
2020-02-15 13:40:00,416.7
2020-02-15 13:50:00,416.7
2020-02-15 14:00:00,416.6
2020-02-15 14:10:00,417.1
2020-02-15 14:20:00,417.7
2020-02-15 14:30:00,418.1
2020-02-15 14:40:00,418.3
2020-02-15 14:50:00,418.4
2020-02-15 15:00:00,418.6
2020-02-15 15:10:00,418.4
2020-02-15 15:20:00,418.0
2020-02-15 15:30:00,417.9
2020-02-15 15:40:00,418.0
2020-02-15 15:50:00,417.9
2020-02-15 16:00:00,418.0
2020-02-15 16:10:00,418.3
2020-02-15 16:20:00,418.5
2020-02-15 16:30:00,418.4
2020-02-15 16:40:00,418.5
2020-02-15 16:50:00,418.9
2020-02-15 17:00:00,419.4
2020-02-15 17:10:00,420.1
2020-02-15 17:20:00,421.3
2020-02-15 17:30:00,422.4
2020-02-15 17:40:00,421.6
2020-02-15 17:50:00,423.5
2020-02-15 18:00:00,424.4
2020-02-15 18:10:00,424.0
2020-02-15 18:20:00,423.3
2020-02-15 18:30:00,423.0
2020-02-15 18:40:00,423.2
2020-02-15 18:50:00,422.9
2020-02-15 19:00:00,422.9
2020-02-15 19:10:00,423.0
2020-02-15 19:20:00,422.5
2020-02-15 19:30:00,422.2
2020-02-15 19:40:00,423.6
2020-02-15 19:50:00,424.3
2020-02-15 20:00:00,425.3
2020-02-15 20:10:00,426.1
2020-02-15 20:20:00,424.8
2020-02-15 20:30:00,422.9
2020-02-15 20:40:00,422.6
2020-02-15 20:50:00,423.2
2020-02-15 21:00:00,422.1
2020-02-15 21:10:00,422.3
2020-02-15 21:20:00,422.4
2020-02-15 21:30:00,422.1
2020-02-15 21:40:00,422.5
2020-02-15 21:50:00,422.8
2020-02-15 22:00:00,423.4
2020-02-15 22:10:00,423.2
2020-02-15 22:20:00,423.9
2020-02-15 22:30:00,423.8
2020-02-15 22:40:00,423.8
2020-02-15 22:50:00,424.3
2020-02-15 23:00:00,424.8
2020-02-15 23:10:00,424.5
2020-02-15 23:20:00,424.0
2020-02-15 23:30:00,424.2
2020-02-15 23:40:00,424.4
2020-02-15 23:50:00,424.4
2020-02-16 00:00:00,424.5
2020-02-16 00:10:00,425.9
2020-02-16 00:20:00,425.3
2020-02-16 00:30:00,424.9
2020-02-16 00:40:00,425.4
2020-02-16 00:50:00,425.4
2020-02-16 01:00:00,425.1
2020-02-16 01:10:00,425.2
2020-02-16 01:20:00,424.8
2020-02-16 01:30:00,424.8
2020-02-16 01:40:00,425.0
2020-02-16 01:50:00,425.8
2020-02-16 02:00:00,426.0
2020-02-16 02:10:00,425.2
2020-02-16 02:20:00,424.9
2020-02-16 02:30:00,424.3
2020-02-16 02:40:00,423.8
2020-02-16 02:50:00,423.4
2020-02-16 03:00:00,423.3
2020-02-16 03:10:00,423.5
2020-02-16 03:20:00,423.5
2020-02-16 03:30:00,423.7
2020-02-16 03:40:00,424.3
2020-02-16 03:50:00,424.1
2020-02-16 04:00:00,424.3
2020-02-16 04:10:00,424.1
2020-02-16 04:20:00,424.2
2020-02-16 04:30:00,424.5
2020-02-16 04:40:00,424.3
2020-02-16 04:50:00,424.3
2020-02-16 05:00:00,424.7
2020-02-16 05:10:00,424.3
2020-02-16 05:20:00,424.3
2020-02-16 05:30:00,424.9
2020-02-16 05:40:00,425.6
2020-02-16 05:50:00,426.0
2020-02-16 06:00:00,426.2
2020-02-16 06:10:00,425.9
2020-02-16 06:20:00,426.3
2020-02-16 06:30:00,426.8
2020-02-16 06:40:00,427.2
2020-02-16 06:50:00,426.9
2020-02-16 07:00:00,426.1
2020-02-16 07:10:00,425.9
2020-02-16 07:20:00,425.9
2020-02-16 07:30:00,426.1
2020-02-16 07:40:00,426.1
2020-02-16 07:50:00,426.3
2020-02-16 08:00:00,426.5
2020-02-16 08:10:00,426.3
2020-02-16 08:20:00,425.7
2020-02-16 08:30:00,423.9
2020-02-16 08:40:00,424.0
2020-02-16 08:50:00,423.5
2020-02-16 09:00:00,422.9
2020-02-16 09:10:00,422.6
2020-02-16 09:20:00,422.8
2020-02-16 09:30:00,422.2
2020-02-16 09:40:00,421.4
2020-02-16 09:50:00,421.1
2020-02-16 10:00:00,421.2
2020-02-16 10:10:00,421.1
2020-02-16 10:20:00,421.1
2020-02-16 10:30:00,421.1
2020-02-16 10:40:00,419.7
2020-02-16 10:50:00,418.9
2020-02-16 11:00:00,418.3
2020-02-16 11:10:00,417.8
2020-02-16 11:20:00,417.4
2020-02-16 11:30:00,417.3
2020-02-16 11:40:00,416.8
2020-02-16 11:50:00,416.5
2020-02-16 12:00:00,416.3
2020-02-16 12:10:00,416.2
2020-02-16 12:20:00,416.2
2020-02-16 12:30:00,416.2
2020-02-16 12:40:00,416.0
2020-02-16 12:50:00,415.8
2020-02-16 13:00:00,415.9
2020-02-16 13:10:00,415.8
2020-02-16 13:20:00,415.9
2020-02-16 13:30:00,416.3
2020-02-16 13:40:00,416.5
2020-02-16 13:50:00,416.8
2020-02-16 14:00:00,416.8
2020-02-16 14:10:00,416.8
2020-02-16 14:20:00,416.8
2020-02-16 14:30:00,416.6
2020-02-16 14:40:00,416.6
2020-02-16 14:50:00,416.6
2020-02-16 15:00:00,416.8
2020-02-16 15:10:00,416.8
2020-02-16 15:20:00,416.9
2020-02-16 15:30:00,416.8
2020-02-16 15:40:00,416.9
2020-02-16 15:50:00,417.0
2020-02-16 16:00:00,417.1
2020-02-16 16:10:00,416.8
2020-02-16 16:20:00,417.0
2020-02-16 16:30:00,417.1
2020-02-16 16:40:00,417.3
2020-02-16 16:50:00,417.3
2020-02-16 17:00:00,417.3
2020-02-16 17:10:00,417.2
2020-02-16 17:20:00,417.1
2020-02-16 17:30:00,417.1
2020-02-16 17:40:00,417.1
2020-02-16 17:50:00,417.3
2020-02-16 18:00:00,417.3
2020-02-16 18:10:00,417.3
2020-02-16 18:20:00,417.4
2020-02-16 18:30:00,417.5
2020-02-16 18:40:00,417.4
2020-02-16 18:50:00,417.4
2020-02-16 19:00:00,417.5
2020-02-16 19:10:00,417.5
2020-02-16 19:20:00,417.8
2020-02-16 19:30:00,417.9
2020-02-16 19:40:00,418.0
2020-02-16 19:50:00,418.4
2020-02-16 20:00:00,418.3
2020-02-16 20:10:00,418.7
2020-02-16 20:20:00,419.0
2020-02-16 20:30:00,418.5
2020-02-16 20:40:00,418.3
2020-02-16 20:50:00,418.7
2020-02-16 21:00:00,418.1
2020-02-16 21:10:00,417.9
2020-02-16 21:20:00,416.6
2020-02-16 21:30:00,416.0
2020-02-16 21:40:00,415.7
2020-02-16 21:50:00,415.5
2020-02-16 22:00:00,415.7
2020-02-16 22:10:00,415.4
2020-02-16 22:20:00,415.5
2020-02-16 22:30:00,415.3
2020-02-16 22:40:00,415.3
2020-02-16 22:50:00,415.1
2020-02-16 23:00:00,415.1
2020-02-16 23:10:00,415.4
2020-02-16 23:20:00,415.8
2020-02-16 23:30:00,415.8
2020-02-16 23:40:00,415.8
2020-02-16 23:50:00,415.8
2020-02-17 00:00:00,415.8
2020-02-17 00:10:00,418.5
2020-02-17 00:20:00,417.6
2020-02-17 00:30:00,417.3
2020-02-17 00:40:00,417.1
2020-02-17 00:50:00,417.3
2020-02-17 01:00:00,417.3
2020-02-17 01:10:00,417.3
2020-02-17 01:20:00,417.1
2020-02-17 01:30:00,417.2
2020-02-17 01:40:00,417.5
2020-02-17 01:50:00,418.5
2020-02-17 02:00:00,418.6
2020-02-17 02:10:00,418.6
2020-02-17 02:20:00,418.3
2020-02-17 02:30:00,417.8
2020-02-17 02:40:00,417.5
2020-02-17 02:50:00,417.5
2020-02-17 03:00:00,417.5
2020-02-17 03:10:00,417.6
2020-02-17 03:20:00,418.0
2020-02-17 03:30:00,418.0
2020-02-17 03:40:00,418.0
2020-02-17 03:50:00,418.4
2020-02-17 04:00:00,418.2
2020-02-17 04:10:00,418.1
2020-02-17 04:20:00,418.0
2020-02-17 04:30:00,417.9
2020-02-17 04:40:00,418.2
2020-02-17 04:50:00,418.5
2020-02-17 05:00:00,418.3
2020-02-17 05:10:00,418.3
2020-02-17 05:20:00,418.2
2020-02-17 05:30:00,418.4
2020-02-17 05:40:00,418.4
2020-02-17 05:50:00,419.3
2020-02-17 06:00:00,419.3
2020-02-17 06:10:00,419.9
2020-02-17 06:20:00,419.9
2020-02-17 06:30:00,419.7
2020-02-17 06:40:00,420.4
2020-02-17 06:50:00,420.6
2020-02-17 07:00:00,420.4
2020-02-17 07:10:00,420.8
2020-02-17 07:20:00,420.9
2020-02-17 07:30:00,420.5
2020-02-17 07:40:00,420.6
2020-02-17 07:50:00,420.7
2020-02-17 08:00:00,420.7
2020-02-17 08:10:00,420.6
2020-02-17 08:20:00,420.5
2020-02-17 08:30:00,421.4
2020-02-17 08:40:00,421.5
2020-02-17 08:50:00,420.5
2020-02-17 09:00:00,420.4
2020-02-17 09:10:00,420.7
2020-02-17 09:20:00,420.0
2020-02-17 09:30:00,420.1
2020-02-17 09:40:00,420.1
2020-02-17 09:50:00,420.0
2020-02-17 10:00:00,420.9
2020-02-17 10:10:00,420.8
2020-02-17 10:20:00,420.2
2020-02-17 10:30:00,420.1
2020-02-17 10:40:00,419.9
2020-02-17 10:50:00,419.8
2020-02-17 11:00:00,419.5
2020-02-17 11:10:00,419.2
2020-02-17 11:20:00,419.2
2020-02-17 11:30:00,419.4
2020-02-17 11:40:00,419.5
2020-02-17 11:50:00,419.4
2020-02-17 12:00:00,419.2
2020-02-17 12:10:00,419.1
2020-02-17 12:20:00,418.7
2020-02-17 12:30:00,418.8
2020-02-17 12:40:00,418.7
2020-02-17 12:50:00,419.0
2020-02-17 13:00:00,418.9
2020-02-17 13:10:00,419.0
2020-02-17 13:20:00,418.7
2020-02-17 13:30:00,418.4
2020-02-17 13:40:00,418.8
2020-02-17 13:50:00,418.6
2020-02-17 14:00:00,418.9
2020-02-17 14:10:00,419.2
2020-02-17 14:20:00,419.3
2020-02-17 14:30:00,419.1
2020-02-17 14:40:00,419.1
2020-02-17 14:50:00,419.2
2020-02-17 15:00:00,418.8
2020-02-17 15:10:00,418.7
2020-02-17 15:20:00,418.6
2020-02-17 15:30:00,418.5
2020-02-17 15:40:00,418.7
2020-02-17 15:50:00,419.0
2020-02-17 16:00:00,419.2
2020-02-17 16:10:00,419.1
2020-02-17 16:20:00,419.5
2020-02-17 16:30:00,419.5
2020-02-17 16:40:00,419.8
2020-02-17 16:50:00,419.7
2020-02-17 17:00:00,419.9
2020-02-17 17:10:00,420.4
2020-02-17 17:20:00,420.5
2020-02-17 17:30:00,420.6
2020-02-17 17:40:00,420.4
2020-02-17 17:50:00,420.5
2020-02-17 18:00:00,420.9
2020-02-17 18:10:00,421.7
2020-02-17 18:20:00,422.0
2020-02-17 18:30:00,421.6
2020-02-17 18:40:00,422.9
2020-02-17 18:50:00,422.6
2020-02-17 19:00:00,422.5
2020-02-17 19:10:00,423.2
2020-02-17 19:20:00,422.9
2020-02-17 19:30:00,423.8
2020-02-17 19:40:00,424.0
2020-02-17 19:50:00,423.8
2020-02-17 20:00:00,423.5
2020-02-17 20:10:00,423.5
2020-02-17 20:20:00,423.6
2020-02-17 20:30:00,423.1
2020-02-17 20:40:00,422.6
2020-02-17 20:50:00,422.8
2020-02-17 21:00:00,422.4
2020-02-17 21:10:00,422.1
2020-02-17 21:20:00,421.5
2020-02-17 21:30:00,421.3
2020-02-17 21:40:00,421.5
2020-02-17 21:50:00,421.7
2020-02-17 22:00:00,422.0
2020-02-17 22:10:00,422.0
2020-02-17 22:20:00,422.1
2020-02-17 22:30:00,422.0
2020-02-17 22:40:00,421.8
2020-02-17 22:50:00,421.6
2020-02-17 23:00:00,421.9
2020-02-17 23:10:00,421.7
2020-02-17 23:20:00,421.7
2020-02-17 23:30:00,421.6
2020-02-17 23:40:00,421.2
2020-02-17 23:50:00,421.4
2020-02-18 00:00:00,421.5
2020-02-18 00:10:00,421.3
2020-02-18 00:20:00,420.3
2020-02-18 00:30:00,420.1
2020-02-18 00:40:00,420.1
2020-02-18 00:50:00,420.0
2020-02-18 01:00:00,419.7
2020-02-18 01:10:00,420.2
2020-02-18 01:20:00,420.8
2020-02-18 01:30:00,421.6
2020-02-18 01:40:00,420.8
2020-02-18 01:50:00,420.3
2020-02-18 02:00:00,420.0
2020-02-18 02:10:00,420.3
2020-02-18 02:20:00,421.0
2020-02-18 02:30:00,421.4
2020-02-18 02:40:00,421.4
2020-02-18 02:50:00,421.2
2020-02-18 03:00:00,421.5
2020-02-18 03:10:00,421.8
2020-02-18 03:20:00,421.6
2020-02-18 03:30:00,421.6
2020-02-18 03:40:00,421.3
2020-02-18 03:50:00,421.8
2020-02-18 04:00:00,421.8
2020-02-18 04:10:00,422.0
2020-02-18 04:20:00,422.1
2020-02-18 04:30:00,421.4
2020-02-18 04:40:00,421.4
2020-02-18 04:50:00,421.9
2020-02-18 05:00:00,422.0
2020-02-18 05:10:00,421.7
2020-02-18 05:20:00,422.4
2020-02-18 05:30:00,423.1
2020-02-18 05:40:00,423.1
2020-02-18 05:50:00,423.0
2020-02-18 06:00:00,423.0
2020-02-18 06:10:00,423.0
2020-02-18 06:20:00,423.0
2020-02-18 06:30:00,424.3
2020-02-18 06:40:00,425.0
2020-02-18 06:50:00,424.9
2020-02-18 07:00:00,425.0
2020-02-18 07:10:00,424.3
2020-02-18 07:20:00,423.1
2020-02-18 07:30:00,423.4
2020-02-18 07:40:00,424.3
2020-02-18 07:50:00,424.8
2020-02-18 08:00:00,424.3
2020-02-18 08:10:00,423.4
2020-02-18 08:20:00,422.4
2020-02-18 08:30:00,422.6
2020-02-18 08:40:00,421.6
2020-02-18 08:50:00,421.4
2020-02-18 09:00:00,420.8
2020-02-18 09:10:00,420.6
2020-02-18 09:20:00,420.4
2020-02-18 09:30:00,420.2
2020-02-18 09:40:00,419.7
2020-02-18 09:50:00,419.1
2020-02-18 10:00:00,418.8
2020-02-18 10:10:00,418.8
2020-02-18 10:20:00,418.6
2020-02-18 10:30:00,418.6
2020-02-18 10:40:00,418.6
2020-02-18 10:50:00,418.3
2020-02-18 11:00:00,418.1
2020-02-18 11:10:00,418.1
2020-02-18 11:20:00,418.1
2020-02-18 11:30:00,418.1
2020-02-18 11:40:00,418.1
2020-02-18 11:50:00,418.1
2020-02-18 12:00:00,417.9
2020-02-18 12:10:00,418.1
2020-02-18 12:20:00,418.1
2020-02-18 12:30:00,418.3
2020-02-18 12:40:00,418.4
2020-02-18 12:50:00,418.3
2020-02-18 13:00:00,418.3
2020-02-18 13:10:00,418.1
2020-02-18 13:20:00,418.1
2020-02-18 13:30:00,418.3
2020-02-18 13:40:00,418.6
2020-02-18 13:50:00,418.6
2020-02-18 14:00:00,418.6
2020-02-18 14:10:00,418.1
2020-02-18 14:20:00,417.8
2020-02-18 14:30:00,417.7
2020-02-18 14:40:00,417.9
2020-02-18 14:50:00,418.2
2020-02-18 15:00:00,418.1
2020-02-18 15:10:00,418.2
2020-02-18 15:20:00,418.4
2020-02-18 15:30:00,418.2
2020-02-18 15:40:00,418.6
2020-02-18 15:50:00,418.7
2020-02-18 16:00:00,418.6
2020-02-18 16:10:00,418.7
2020-02-18 16:20:00,418.9
2020-02-18 16:30:00,418.7
2020-02-18 16:40:00,419.0
2020-02-18 16:50:00,419.0
2020-02-18 17:00:00,419.1
2020-02-18 17:10:00,419.3
2020-02-18 17:20:00,419.3
2020-02-18 17:30:00,419.5
2020-02-18 17:40:00,419.5
2020-02-18 17:50:00,419.7
2020-02-18 18:00:00,419.8
2020-02-18 18:10:00,419.8
2020-02-18 18:20:00,420.2
2020-02-18 18:30:00,420.4
2020-02-18 18:40:00,420.7
2020-02-18 18:50:00,420.9
2020-02-18 19:00:00,420.7
2020-02-18 19:10:00,420.6
2020-02-18 19:20:00,420.5
2020-02-18 19:30:00,420.5
2020-02-18 19:40:00,420.6
2020-02-18 19:50:00,420.8
2020-02-18 20:00:00,420.8
2020-02-18 20:10:00,420.9
2020-02-18 20:20:00,420.6
2020-02-18 20:30:00,420.8
2020-02-18 20:40:00,420.8
2020-02-18 20:50:00,420.9
2020-02-18 21:00:00,421.1
2020-02-18 21:10:00,421.4
2020-02-18 21:20:00,421.1
2020-02-18 21:30:00,420.9
2020-02-18 21:40:00,421.0
2020-02-18 21:50:00,421.5
2020-02-18 22:00:00,421.9
2020-02-18 22:10:00,421.6
2020-02-18 22:20:00,422.1
2020-02-18 22:30:00,422.1
2020-02-18 22:40:00,422.7
2020-02-18 22:50:00,422.3
2020-02-18 23:00:00,422.7
2020-02-18 23:10:00,422.5
2020-02-18 23:20:00,422.2
2020-02-18 23:30:00,421.8
2020-02-18 23:40:00,422.2
2020-02-18 23:50:00,423.6
2020-02-19 00:00:00,423.5
2020-02-19 00:10:00,423.2
2020-02-19 00:20:00,422.1
2020-02-19 00:30:00,421.5
2020-02-19 00:40:00,421.2
2020-02-19 00:50:00,421.4
2020-02-19 01:00:00,421.4
2020-02-19 01:10:00,421.5
2020-02-19 01:20:00,422.4
2020-02-19 01:30:00,422.4
2020-02-19 01:40:00,422.1
2020-02-19 01:50:00,421.9
2020-02-19 02:00:00,421.6
2020-02-19 02:10:00,421.5
2020-02-19 02:20:00,421.4
2020-02-19 02:30:00,421.1
2020-02-19 02:40:00,421.0
2020-02-19 02:50:00,420.9
2020-02-19 03:00:00,420.9
2020-02-19 03:10:00,420.6
2020-02-19 03:20:00,420.5
2020-02-19 03:30:00,420.7
2020-02-19 03:40:00,420.4
2020-02-19 03:50:00,420.8
2020-02-19 04:00:00,420.4
2020-02-19 04:10:00,421.1
2020-02-19 04:20:00,420.9
2020-02-19 04:30:00,420.6
2020-02-19 04:40:00,420.8
2020-02-19 04:50:00,420.6
2020-02-19 05:00:00,420.5
2020-02-19 05:10:00,420.7
2020-02-19 05:20:00,420.5
2020-02-19 05:30:00,420.6
2020-02-19 05:40:00,420.6
2020-02-19 05:50:00,420.9
2020-02-19 06:00:00,420.3
2020-02-19 06:10:00,420.5
2020-02-19 06:20:00,420.8
2020-02-19 06:30:00,420.9
2020-02-19 06:40:00,421.1
2020-02-19 06:50:00,421.0
2020-02-19 07:00:00,420.5
2020-02-19 07:10:00,420.9
2020-02-19 07:20:00,420.6
2020-02-19 07:30:00,420.7
2020-02-19 07:40:00,420.8
2020-02-19 07:50:00,420.9
2020-02-19 08:00:00,420.4
2020-02-19 08:10:00,420.8
2020-02-19 08:20:00,420.5
2020-02-19 08:30:00,420.4
2020-02-19 08:40:00,420.4
2020-02-19 08:50:00,420.4
2020-02-19 09:00:00,420.6
2020-02-19 09:10:00,420.3
2020-02-19 09:20:00,420.4
2020-02-19 09:30:00,420.8
2020-02-19 09:40:00,420.8
2020-02-19 09:50:00,420.5
2020-02-19 10:00:00,420.3
2020-02-19 10:10:00,420.2
2020-02-19 10:20:00,419.8
2020-02-19 10:30:00,419.4
2020-02-19 10:40:00,419.5
2020-02-19 10:50:00,419.4
2020-02-19 11:00:00,419.4
2020-02-19 11:10:00,419.3
2020-02-19 11:20:00,419.3
2020-02-19 11:30:00,419.3
2020-02-19 11:40:00,419.6
2020-02-19 11:50:00,419.8
2020-02-19 12:00:00,419.9
2020-02-19 12:10:00,420.2
2020-02-19 12:20:00,419.9
2020-02-19 12:30:00,419.9
2020-02-19 12:40:00,419.9
2020-02-19 12:50:00,419.9
2020-02-19 13:00:00,419.9
2020-02-19 13:10:00,419.8
2020-02-19 13:20:00,419.7
2020-02-19 13:30:00,419.9
2020-02-19 13:40:00,419.9
2020-02-19 13:50:00,419.9
2020-02-19 14:00:00,419.9
2020-02-19 14:10:00,420.0
2020-02-19 14:20:00,419.9
2020-02-19 14:30:00,419.9
2020-02-19 14:40:00,419.9
2020-02-19 14:50:00,419.9
2020-02-19 15:00:00,419.9
2020-02-19 15:10:00,420.4
2020-02-19 15:20:00,420.4
2020-02-19 15:30:00,420.6
2020-02-19 15:40:00,420.4
2020-02-19 15:50:00,420.4
2020-02-19 16:00:00,420.6
2020-02-19 16:10:00,420.6
2020-02-19 16:20:00,420.6
2020-02-19 16:30:00,420.4
2020-02-19 16:40:00,420.7
2020-02-19 16:50:00,420.8
2020-02-19 17:00:00,420.8
2020-02-19 17:10:00,421.1
2020-02-19 17:20:00,421.1
2020-02-19 17:30:00,421.3
2020-02-19 17:40:00,421.3
2020-02-19 17:50:00,421.6
2020-02-19 18:00:00,421.7
2020-02-19 18:10:00,421.8
2020-02-19 18:20:00,421.8
2020-02-19 18:30:00,421.8
2020-02-19 18:40:00,421.8
2020-02-19 18:50:00,422.2
2020-02-19 19:00:00,422.3
2020-02-19 19:10:00,422.3
2020-02-19 19:20:00,422.5
2020-02-19 19:30:00,422.7
2020-02-19 19:40:00,422.6
2020-02-19 19:50:00,422.7
2020-02-19 20:00:00,422.7
2020-02-19 20:10:00,422.8
2020-02-19 20:20:00,423.1
2020-02-19 20:30:00,423.2
2020-02-19 20:40:00,423.4
2020-02-19 20:50:00,423.4
2020-02-19 21:00:00,423.5
2020-02-19 21:10:00,423.8
2020-02-19 21:20:00,424.0
2020-02-19 21:30:00,424.2
2020-02-19 21:40:00,424.2
2020-02-19 21:50:00,424.5
2020-02-19 22:00:00,424.9
2020-02-19 22:10:00,424.5
2020-02-19 22:20:00,424.9
2020-02-19 22:30:00,425.0
2020-02-19 22:40:00,425.4
2020-02-19 22:50:00,425.4
2020-02-19 23:00:00,425.4
2020-02-19 23:10:00,425.4
2020-02-19 23:20:00,425.2
2020-02-19 23:30:00,425.9
2020-02-19 23:40:00,425.3
2020-02-19 23:50:00,425.2
2020-02-20 00:00:00,425.2
2020-02-20 00:10:00,426.4
2020-02-20 00:20:00,426.0
2020-02-20 00:30:00,425.4
2020-02-20 00:40:00,425.0
2020-02-20 00:50:00,425.4
2020-02-20 01:00:00,425.0
2020-02-20 01:10:00,425.1
2020-02-20 01:20:00,425.6
2020-02-20 01:30:00,426.0
2020-02-20 01:40:00,425.8
2020-02-20 01:50:00,426.3
2020-02-20 02:00:00,426.1
2020-02-20 02:10:00,425.8
2020-02-20 02:20:00,425.7
2020-02-20 02:30:00,425.6
2020-02-20 02:40:00,425.6
2020-02-20 02:50:00,425.8
2020-02-20 03:00:00,426.1
2020-02-20 03:10:00,426.6
2020-02-20 03:20:00,427.7
2020-02-20 03:30:00,428.7
2020-02-20 03:40:00,429.0
2020-02-20 03:50:00,431.4
2020-02-20 04:00:00,432.9
2020-02-20 04:10:00,433.1
2020-02-20 04:20:00,432.8
2020-02-20 04:30:00,431.6
2020-02-20 04:40:00,431.5
2020-02-20 04:50:00,431.8
2020-02-20 05:00:00,433.4
2020-02-20 05:10:00,430.9
2020-02-20 05:20:00,432.9
2020-02-20 05:30:00,434.8
2020-02-20 05:40:00,436.3
2020-02-20 05:50:00,437.2
2020-02-20 06:00:00,437.5
2020-02-20 06:10:00,435.1
2020-02-20 06:20:00,435.8
2020-02-20 06:30:00,435.6
2020-02-20 06:40:00,434.8
2020-02-20 06:50:00,435.1
2020-02-20 07:00:00,437.4
2020-02-20 07:10:00,438.7
2020-02-20 07:20:00,436.2
2020-02-20 07:30:00,-9999.0
2020-02-20 07:40:00,-9999.0
2020-02-20 07:50:00,-9999.0
2020-02-20 08:00:00,-9999.0
2020-02-20 08:10:00,-9999.0
2020-02-20 08:20:00,-9999.0
2020-02-20 08:30:00,-9999.0
2020-02-20 08:40:00,-9999.0
2020-02-20 08:50:00,-9999.0
2020-02-20 09:00:00,-9999.0
2020-02-20 09:10:00,-9999.0
2020-02-20 09:20:00,-9999.0
2020-02-20 09:30:00,-9999.0
2020-02-20 09:40:00,-9999.0
2020-02-20 09:50:00,-9999.0
2020-02-20 10:00:00,-9999.0
2020-02-20 10:10:00,-9999.0
2020-02-20 10:20:00,-9999.0
2020-02-20 10:30:00,-9999.0
2020-02-20 10:40:00,-9999.0
2020-02-20 10:50:00,-9999.0
2020-02-20 11:00:00,-9999.0
2020-02-20 11:10:00,-9999.0
2020-02-20 11:20:00,-9999.0
2020-02-20 11:30:00,-9999.0
2020-02-20 11:40:00,-9999.0
2020-02-20 11:50:00,-9999.0
2020-02-20 12:00:00,-9999.0
2020-02-20 12:10:00,-9999.0
2020-02-20 12:20:00,-9999.0
2020-02-20 12:30:00,-9999.0
2020-02-20 12:40:00,-9999.0
2020-02-20 12:50:00,-9999.0
2020-02-20 13:00:00,-9999.0
2020-02-20 13:10:00,422.9
2020-02-20 13:20:00,422.7
2020-02-20 13:30:00,422.3
2020-02-20 13:40:00,422.1
2020-02-20 13:50:00,421.5
2020-02-20 14:00:00,422.0
2020-02-20 14:10:00,422.1
2020-02-20 14:20:00,422.6
2020-02-20 14:30:00,422.9
2020-02-20 14:40:00,423.2
2020-02-20 14:50:00,423.2
2020-02-20 15:00:00,423.2
2020-02-20 15:10:00,422.9
2020-02-20 15:20:00,422.9
2020-02-20 15:30:00,423.1
2020-02-20 15:40:00,422.3
2020-02-20 15:50:00,421.9
2020-02-20 16:00:00,422.0
2020-02-20 16:10:00,421.5
2020-02-20 16:20:00,421.3
2020-02-20 16:30:00,421.3
2020-02-20 16:40:00,420.8
2020-02-20 16:50:00,420.3
2020-02-20 17:00:00,421.2
2020-02-20 17:10:00,420.9
2020-02-20 17:20:00,421.2
2020-02-20 17:30:00,421.7
2020-02-20 17:40:00,421.4
2020-02-20 17:50:00,421.7
2020-02-20 18:00:00,421.7
2020-02-20 18:10:00,421.6
2020-02-20 18:20:00,422.8
2020-02-20 18:30:00,422.2
2020-02-20 18:40:00,423.0
2020-02-20 18:50:00,422.6
2020-02-20 19:00:00,421.2
2020-02-20 19:10:00,420.4
2020-02-20 19:20:00,420.5
2020-02-20 19:30:00,419.4
2020-02-20 19:40:00,419.3
2020-02-20 19:50:00,419.0
2020-02-20 20:00:00,419.0
2020-02-20 20:10:00,419.0
2020-02-20 20:20:00,418.7
2020-02-20 20:30:00,419.2
2020-02-20 20:40:00,419.0
2020-02-20 20:50:00,419.2
2020-02-20 21:00:00,419.9
2020-02-20 21:10:00,419.8
2020-02-20 21:20:00,419.5
2020-02-20 21:30:00,419.0
2020-02-20 21:40:00,418.8
2020-02-20 21:50:00,418.8
2020-02-20 22:00:00,418.7
2020-02-20 22:10:00,419.1
2020-02-20 22:20:00,418.8
2020-02-20 22:30:00,418.9
2020-02-20 22:40:00,418.8
2020-02-20 22:50:00,418.9
2020-02-20 23:00:00,419.0
2020-02-20 23:10:00,418.9
2020-02-20 23:20:00,418.8
2020-02-20 23:30:00,418.4
2020-02-20 23:40:00,418.4
2020-02-20 23:50:00,418.3
2020-02-21 00:00:00,418.0
2020-02-21 00:10:00,419.7
2020-02-21 00:20:00,418.9
2020-02-21 00:30:00,418.7
2020-02-21 00:40:00,418.8
2020-02-21 00:50:00,418.8
2020-02-21 01:00:00,419.1
2020-02-21 01:10:00,419.4
2020-02-21 01:20:00,419.5
2020-02-21 01:30:00,419.6
2020-02-21 01:40:00,419.8
2020-02-21 01:50:00,419.8
2020-02-21 02:00:00,419.8
2020-02-21 02:10:00,419.9
2020-02-21 02:20:00,419.9
2020-02-21 02:30:00,419.9
2020-02-21 02:40:00,419.9
2020-02-21 02:50:00,419.9
2020-02-21 03:00:00,420.2
2020-02-21 03:10:00,420.4
2020-02-21 03:20:00,420.4
2020-02-21 03:30:00,420.6
2020-02-21 03:40:00,420.7
2020-02-21 03:50:00,420.5
2020-02-21 04:00:00,420.8
2020-02-21 04:10:00,420.6
2020-02-21 04:20:00,420.3
2020-02-21 04:30:00,420.3
2020-02-21 04:40:00,420.3
2020-02-21 04:50:00,420.4
2020-02-21 05:00:00,420.4
2020-02-21 05:10:00,420.4
2020-02-21 05:20:00,420.7
2020-02-21 05:30:00,420.9
2020-02-21 05:40:00,421.3
2020-02-21 05:50:00,421.3
2020-02-21 06:00:00,421.3
2020-02-21 06:10:00,421.4
2020-02-21 06:20:00,421.6
2020-02-21 06:30:00,421.7
2020-02-21 06:40:00,422.0
2020-02-21 06:50:00,422.0
2020-02-21 07:00:00,422.4
2020-02-21 07:10:00,422.2
2020-02-21 07:20:00,422.3
2020-02-21 07:30:00,422.3
2020-02-21 07:40:00,422.3
2020-02-21 07:50:00,422.3
2020-02-21 08:00:00,422.3
2020-02-21 08:10:00,422.3
2020-02-21 08:20:00,422.1
2020-02-21 08:30:00,421.9
2020-02-21 08:40:00,421.8
2020-02-21 08:50:00,421.8
2020-02-21 09:00:00,421.8
2020-02-21 09:10:00,421.6
2020-02-21 09:20:00,421.3
2020-02-21 09:30:00,421.0
2020-02-21 09:40:00,420.8
2020-02-21 09:50:00,420.8
2020-02-21 10:00:00,420.8
2020-02-21 10:10:00,420.6
2020-02-21 10:20:00,420.4
2020-02-21 10:30:00,420.4
2020-02-21 10:40:00,420.3
2020-02-21 10:50:00,420.2
2020-02-21 11:00:00,420.1
2020-02-21 11:10:00,419.9
2020-02-21 11:20:00,419.8
2020-02-21 11:30:00,419.8
2020-02-21 11:40:00,419.7
2020-02-21 11:50:00,419.7
2020-02-21 12:00:00,419.8
2020-02-21 12:10:00,419.4
2020-02-21 12:20:00,419.4
2020-02-21 12:30:00,419.4
2020-02-21 12:40:00,419.4
2020-02-21 12:50:00,419.5
2020-02-21 13:00:00,419.3
2020-02-21 13:10:00,419.2
2020-02-21 13:20:00,419.3
2020-02-21 13:30:00,419.1
2020-02-21 13:40:00,419.1
2020-02-21 13:50:00,419.2
2020-02-21 14:00:00,418.9
2020-02-21 14:10:00,418.8
2020-02-21 14:20:00,418.7
2020-02-21 14:30:00,418.5
2020-02-21 14:40:00,418.4
2020-02-21 14:50:00,418.4
2020-02-21 15:00:00,418.3
2020-02-21 15:10:00,418.0
2020-02-21 15:20:00,418.0
2020-02-21 15:30:00,418.1
2020-02-21 15:40:00,417.9
2020-02-21 15:50:00,417.8
2020-02-21 16:00:00,417.6
2020-02-21 16:10:00,417.6
2020-02-21 16:20:00,418.1
2020-02-21 16:30:00,418.0
2020-02-21 16:40:00,418.2
2020-02-21 16:50:00,418.1
2020-02-21 17:00:00,418.2
2020-02-21 17:10:00,418.7
2020-02-21 17:20:00,418.7
2020-02-21 17:30:00,418.8
2020-02-21 17:40:00,419.1
2020-02-21 17:50:00,420.0
2020-02-21 18:00:00,420.5
2020-02-21 18:10:00,420.3
2020-02-21 18:20:00,420.4
2020-02-21 18:30:00,421.5
2020-02-21 18:40:00,421.6
2020-02-21 18:50:00,422.1
2020-02-21 19:00:00,421.2
2020-02-21 19:10:00,422.3
2020-02-21 19:20:00,422.9
2020-02-21 19:30:00,422.0
2020-02-21 19:40:00,422.0
2020-02-21 19:50:00,422.0
2020-02-21 20:00:00,422.5
2020-02-21 20:10:00,422.0
2020-02-21 20:20:00,422.1
2020-02-21 20:30:00,421.4
2020-02-21 20:40:00,421.6
2020-02-21 20:50:00,421.4
2020-02-21 21:00:00,421.6
2020-02-21 21:10:00,421.5
2020-02-21 21:20:00,421.3
2020-02-21 21:30:00,421.7
2020-02-21 21:40:00,421.5
2020-02-21 21:50:00,421.6
2020-02-21 22:00:00,422.1
2020-02-21 22:10:00,422.4
2020-02-21 22:20:00,422.3
2020-02-21 22:30:00,422.0
2020-02-21 22:40:00,421.8
2020-02-21 22:50:00,421.8
2020-02-21 23:00:00,421.8
2020-02-21 23:10:00,422.1
2020-02-21 23:20:00,422.4
2020-02-21 23:30:00,422.4
2020-02-21 23:40:00,422.1
2020-02-21 23:50:00,422.3
2020-02-22 00:00:00,422.3
2020-02-22 00:10:00,423.6
2020-02-22 00:20:00,423.6
2020-02-22 00:30:00,423.0
2020-02-22 00:40:00,422.4
2020-02-22 00:50:00,422.7
2020-02-22 01:00:00,422.8
2020-02-22 01:10:00,423.0
2020-02-22 01:20:00,423.0
2020-02-22 01:30:00,423.2
2020-02-22 01:40:00,423.4
2020-02-22 01:50:00,423.3
2020-02-22 02:00:00,423.3
2020-02-22 02:10:00,423.4
2020-02-22 02:20:00,424.0
2020-02-22 02:30:00,423.6
2020-02-22 02:40:00,423.9
2020-02-22 02:50:00,424.5
2020-02-22 03:00:00,423.9
2020-02-22 03:10:00,423.7
2020-02-22 03:20:00,424.1
2020-02-22 03:30:00,423.6
2020-02-22 03:40:00,424.2
2020-02-22 03:50:00,424.6
2020-02-22 04:00:00,425.0
2020-02-22 04:10:00,424.3
2020-02-22 04:20:00,424.0
2020-02-22 04:30:00,423.7
2020-02-22 04:40:00,424.4
2020-02-22 04:50:00,423.8
2020-02-22 05:00:00,423.0
2020-02-22 05:10:00,423.0
2020-02-22 05:20:00,424.3
2020-02-22 05:30:00,423.4
2020-02-22 05:40:00,423.6
2020-02-22 05:50:00,423.0
2020-02-22 06:00:00,423.4
2020-02-22 06:10:00,423.4
2020-02-22 06:20:00,422.8
2020-02-22 06:30:00,422.3
2020-02-22 06:40:00,422.2
2020-02-22 06:50:00,422.2
2020-02-22 07:00:00,422.3
2020-02-22 07:10:00,422.2
2020-02-22 07:20:00,422.3
2020-02-22 07:30:00,422.2
2020-02-22 07:40:00,422.3
2020-02-22 07:50:00,422.1
2020-02-22 08:00:00,421.9
2020-02-22 08:10:00,422.0
2020-02-22 08:20:00,421.9
2020-02-22 08:30:00,421.7
2020-02-22 08:40:00,421.5
2020-02-22 08:50:00,421.1
2020-02-22 09:00:00,421.0
2020-02-22 09:10:00,420.7
2020-02-22 09:20:00,420.3
2020-02-22 09:30:00,420.2
2020-02-22 09:40:00,419.9
2020-02-22 09:50:00,420.1
2020-02-22 10:00:00,419.9
2020-02-22 10:10:00,419.8
2020-02-22 10:20:00,419.6
2020-02-22 10:30:00,419.8
2020-02-22 10:40:00,419.8
2020-02-22 10:50:00,419.9
2020-02-22 11:00:00,420.1
2020-02-22 11:10:00,419.9
2020-02-22 11:20:00,419.8
2020-02-22 11:30:00,419.7
2020-02-22 11:40:00,419.4
2020-02-22 11:50:00,418.9
2020-02-22 12:00:00,418.3
2020-02-22 12:10:00,417.9
2020-02-22 12:20:00,418.3
2020-02-22 12:30:00,418.4
2020-02-22 12:40:00,418.2
2020-02-22 12:50:00,418.1
2020-02-22 13:00:00,417.8
2020-02-22 13:10:00,417.7
2020-02-22 13:20:00,417.7
2020-02-22 13:30:00,417.6
2020-02-22 13:40:00,417.6
2020-02-22 13:50:00,417.4
2020-02-22 14:00:00,417.2
2020-02-22 14:10:00,417.0
2020-02-22 14:20:00,416.9
2020-02-22 14:30:00,416.7
2020-02-22 14:40:00,416.3
2020-02-22 14:50:00,416.3
2020-02-22 15:00:00,416.2
2020-02-22 15:10:00,416.0
2020-02-22 15:20:00,416.1
2020-02-22 15:30:00,416.1
2020-02-22 15:40:00,416.2
2020-02-22 15:50:00,416.3
2020-02-22 16:00:00,416.3
2020-02-22 16:10:00,416.5
2020-02-22 16:20:00,416.4
2020-02-22 16:30:00,416.7
2020-02-22 16:40:00,416.8
2020-02-22 16:50:00,416.9
2020-02-22 17:00:00,416.9
2020-02-22 17:10:00,416.9
2020-02-22 17:20:00,417.0
2020-02-22 17:30:00,417.1
2020-02-22 17:40:00,417.4
2020-02-22 17:50:00,417.6
2020-02-22 18:00:00,417.9
2020-02-22 18:10:00,417.7
2020-02-22 18:20:00,417.9
2020-02-22 18:30:00,418.0
2020-02-22 18:40:00,417.7
2020-02-22 18:50:00,417.9
2020-02-22 19:00:00,417.9
2020-02-22 19:10:00,417.8
2020-02-22 19:20:00,417.9
2020-02-22 19:30:00,418.0
2020-02-22 19:40:00,418.0
2020-02-22 19:50:00,418.0
2020-02-22 20:00:00,418.2
2020-02-22 20:10:00,418.0
2020-02-22 20:20:00,418.2
2020-02-22 20:30:00,418.1
2020-02-22 20:40:00,418.3
2020-02-22 20:50:00,418.4
2020-02-22 21:00:00,418.4
2020-02-22 21:10:00,418.3
2020-02-22 21:20:00,418.5
2020-02-22 21:30:00,418.6
2020-02-22 21:40:00,418.7
2020-02-22 21:50:00,418.6
2020-02-22 22:00:00,418.6
2020-02-22 22:10:00,418.8
2020-02-22 22:20:00,418.8
2020-02-22 22:30:00,418.8
2020-02-22 22:40:00,418.8
2020-02-22 22:50:00,419.0
2020-02-22 23:00:00,419.1
2020-02-22 23:10:00,419.1
2020-02-22 23:20:00,418.8
2020-02-22 23:30:00,419.0
2020-02-22 23:40:00,418.9
2020-02-22 23:50:00,419.1
2020-02-23 00:00:00,419.2
2020-02-23 00:10:00,420.8
2020-02-23 00:20:00,420.2
2020-02-23 00:30:00,419.8
2020-02-23 00:40:00,419.5
2020-02-23 00:50:00,419.4
2020-02-23 01:00:00,419.5
2020-02-23 01:10:00,419.5
2020-02-23 01:20:00,419.6
2020-02-23 01:30:00,419.7
2020-02-23 01:40:00,419.7
2020-02-23 01:50:00,419.7
2020-02-23 02:00:00,419.8
2020-02-23 02:10:00,419.9
2020-02-23 02:20:00,420.1
2020-02-23 02:30:00,419.9
2020-02-23 02:40:00,419.9
2020-02-23 02:50:00,419.7
2020-02-23 03:00:00,419.9
2020-02-23 03:10:00,419.7
2020-02-23 03:20:00,419.9
2020-02-23 03:30:00,419.9
2020-02-23 03:40:00,419.7
2020-02-23 03:50:00,419.7
2020-02-23 04:00:00,419.8
2020-02-23 04:10:00,420.0
2020-02-23 04:20:00,419.9
2020-02-23 04:30:00,420.1
2020-02-23 04:40:00,420.3
2020-02-23 04:50:00,420.3
2020-02-23 05:00:00,419.3
2020-02-23 05:10:00,419.1
2020-02-23 05:20:00,419.3
2020-02-23 05:30:00,419.6
2020-02-23 05:40:00,420.0
2020-02-23 05:50:00,419.7
2020-02-23 06:00:00,419.3
2020-02-23 06:10:00,419.8
2020-02-23 06:20:00,419.6
2020-02-23 06:30:00,419.6
2020-02-23 06:40:00,419.7
2020-02-23 06:50:00,419.9
2020-02-23 07:00:00,420.2
2020-02-23 07:10:00,420.3
2020-02-23 07:20:00,420.3
2020-02-23 07:30:00,420.4
2020-02-23 07:40:00,420.4
2020-02-23 07:50:00,420.8
2020-02-23 08:00:00,420.9
2020-02-23 08:10:00,420.8
2020-02-23 08:20:00,420.6
2020-02-23 08:30:00,420.1
2020-02-23 08:40:00,419.6
2020-02-23 08:50:00,419.2
2020-02-23 09:00:00,419.2
2020-02-23 09:10:00,419.2
2020-02-23 09:20:00,419.6
2020-02-23 09:30:00,419.5
2020-02-23 09:40:00,419.9
2020-02-23 09:50:00,419.9
2020-02-23 10:00:00,419.9
2020-02-23 10:10:00,419.8
2020-02-23 10:20:00,419.9
2020-02-23 10:30:00,420.5
2020-02-23 10:40:00,419.7
2020-02-23 10:50:00,419.6
2020-02-23 11:00:00,419.8
2020-02-23 11:10:00,419.4
2020-02-23 11:20:00,419.1
2020-02-23 11:30:00,419.2
2020-02-23 11:40:00,419.3
2020-02-23 11:50:00,419.2
2020-02-23 12:00:00,419.1
2020-02-23 12:10:00,418.9
2020-02-23 12:20:00,418.7
2020-02-23 12:30:00,418.7
2020-02-23 12:40:00,418.6
2020-02-23 12:50:00,418.4
2020-02-23 13:00:00,418.0
2020-02-23 13:10:00,417.8
2020-02-23 13:20:00,417.8
2020-02-23 13:30:00,417.8
2020-02-23 13:40:00,417.7
2020-02-23 13:50:00,417.8
2020-02-23 14:00:00,417.8
2020-02-23 14:10:00,417.8
2020-02-23 14:20:00,417.7
2020-02-23 14:30:00,417.6
2020-02-23 14:40:00,417.5
2020-02-23 14:50:00,417.2
2020-02-23 15:00:00,417.2
2020-02-23 15:10:00,417.1
2020-02-23 15:20:00,416.8
2020-02-23 15:30:00,416.7
2020-02-23 15:40:00,416.8
2020-02-23 15:50:00,416.8
2020-02-23 16:00:00,417.1
2020-02-23 16:10:00,417.0
2020-02-23 16:20:00,417.0
2020-02-23 16:30:00,417.1
2020-02-23 16:40:00,417.0
2020-02-23 16:50:00,417.1
2020-02-23 17:00:00,417.2
2020-02-23 17:10:00,417.2
2020-02-23 17:20:00,417.5
2020-02-23 17:30:00,417.7
2020-02-23 17:40:00,417.6
2020-02-23 17:50:00,417.7
2020-02-23 18:00:00,417.9
2020-02-23 18:10:00,417.9
2020-02-23 18:20:00,417.9
2020-02-23 18:30:00,418.0
2020-02-23 18:40:00,417.9
2020-02-23 18:50:00,417.8
2020-02-23 19:00:00,418.0
2020-02-23 19:10:00,418.0
2020-02-23 19:20:00,417.6
2020-02-23 19:30:00,417.8
2020-02-23 19:40:00,417.9
2020-02-23 19:50:00,418.2
2020-02-23 20:00:00,418.4
2020-02-23 20:10:00,418.7
2020-02-23 20:20:00,418.7
2020-02-23 20:30:00,418.9
2020-02-23 20:40:00,419.2
2020-02-23 20:50:00,419.2
2020-02-23 21:00:00,419.2
2020-02-23 21:10:00,419.6
2020-02-23 21:20:00,419.5
2020-02-23 21:30:00,419.6
2020-02-23 21:40:00,419.6
2020-02-23 21:50:00,419.6
2020-02-23 22:00:00,419.7
2020-02-23 22:10:00,419.9
2020-02-23 22:20:00,420.2
2020-02-23 22:30:00,420.4
2020-02-23 22:40:00,420.5
2020-02-23 22:50:00,420.4
2020-02-23 23:00:00,420.2
2020-02-23 23:10:00,419.7
2020-02-23 23:20:00,419.6
2020-02-23 23:30:00,419.6
2020-02-23 23:40:00,419.7
2020-02-23 23:50:00,420.0
2020-02-24 00:00:00,420.1
2020-02-24 00:10:00,420.6
2020-02-24 00:20:00,420.1
2020-02-24 00:30:00,419.7
2020-02-24 00:40:00,419.6
2020-02-24 00:50:00,419.6
2020-02-24 01:00:00,419.6
2020-02-24 01:10:00,420.1
2020-02-24 01:20:00,420.5
2020-02-24 01:30:00,420.6
2020-02-24 01:40:00,420.3
2020-02-24 01:50:00,420.3
2020-02-24 02:00:00,420.5
2020-02-24 02:10:00,420.6
2020-02-24 02:20:00,420.5
2020-02-24 02:30:00,420.6
2020-02-24 02:40:00,420.6
2020-02-24 02:50:00,420.5
2020-02-24 03:00:00,420.5
2020-02-24 03:10:00,420.9
2020-02-24 03:20:00,421.0
2020-02-24 03:30:00,420.9
2020-02-24 03:40:00,421.0
2020-02-24 03:50:00,420.8
2020-02-24 04:00:00,420.6
2020-02-24 04:10:00,420.7
2020-02-24 04:20:00,420.9
2020-02-24 04:30:00,421.0
2020-02-24 04:40:00,421.0
2020-02-24 04:50:00,421.0
2020-02-24 05:00:00,421.0
2020-02-24 05:10:00,421.0
2020-02-24 05:20:00,421.0
2020-02-24 05:30:00,421.2
2020-02-24 05:40:00,422.2
2020-02-24 05:50:00,421.5
2020-02-24 06:00:00,421.5
2020-02-24 06:10:00,421.5
2020-02-24 06:20:00,421.5
2020-02-24 06:30:00,421.7
2020-02-24 06:40:00,422.1
2020-02-24 06:50:00,422.1
2020-02-24 07:00:00,422.0
2020-02-24 07:10:00,423.2
2020-02-24 07:20:00,422.9
2020-02-24 07:30:00,422.9
2020-02-24 07:40:00,423.5
2020-02-24 07:50:00,424.1
2020-02-24 08:00:00,424.5
2020-02-24 08:10:00,424.7
2020-02-24 08:20:00,424.8
2020-02-24 08:30:00,424.8
2020-02-24 08:40:00,423.4
2020-02-24 08:50:00,424.0
2020-02-24 09:00:00,423.5
2020-02-24 09:10:00,423.8
2020-02-24 09:20:00,422.9
2020-02-24 09:30:00,423.2
2020-02-24 09:40:00,422.9
2020-02-24 09:50:00,422.8
2020-02-24 10:00:00,422.3
2020-02-24 10:10:00,421.9
2020-02-24 10:20:00,421.8
2020-02-24 10:30:00,422.7
2020-02-24 10:40:00,421.2
2020-02-24 10:50:00,422.9
2020-02-24 11:00:00,423.6
2020-02-24 11:10:00,423.4
2020-02-24 11:20:00,423.4
2020-02-24 11:30:00,422.8
2020-02-24 11:40:00,421.1
2020-02-24 11:50:00,421.1
2020-02-24 12:00:00,421.3
2020-02-24 12:10:00,420.7
2020-02-24 12:20:00,420.9
2020-02-24 12:30:00,420.5
2020-02-24 12:40:00,420.4
2020-02-24 12:50:00,419.7
2020-02-24 13:00:00,419.6
2020-02-24 13:10:00,419.2
2020-02-24 13:20:00,419.4
2020-02-24 13:30:00,418.9
2020-02-24 13:40:00,418.9
2020-02-24 13:50:00,419.2
2020-02-24 14:00:00,419.2
2020-02-24 14:10:00,419.7
2020-02-24 14:20:00,419.6
2020-02-24 14:30:00,418.5
2020-02-24 14:40:00,418.7
2020-02-24 14:50:00,419.6
2020-02-24 15:00:00,420.2
2020-02-24 15:10:00,420.7
2020-02-24 15:20:00,421.4
2020-02-24 15:30:00,421.5
2020-02-24 15:40:00,421.9
2020-02-24 15:50:00,422.1
2020-02-24 16:00:00,422.1
2020-02-24 16:10:00,421.7
2020-02-24 16:20:00,421.8
2020-02-24 16:30:00,421.9
2020-02-24 16:40:00,421.6
2020-02-24 16:50:00,421.3
2020-02-24 17:00:00,420.9
2020-02-24 17:10:00,421.2
2020-02-24 17:20:00,421.3
2020-02-24 17:30:00,421.6
2020-02-24 17:40:00,422.2
2020-02-24 17:50:00,422.6
2020-02-24 18:00:00,422.4
2020-02-24 18:10:00,423.0
2020-02-24 18:20:00,422.8
2020-02-24 18:30:00,422.4
2020-02-24 18:40:00,422.8
2020-02-24 18:50:00,423.0
2020-02-24 19:00:00,423.7
2020-02-24 19:10:00,424.3
2020-02-24 19:20:00,425.6
2020-02-24 19:30:00,425.7
2020-02-24 19:40:00,424.8
2020-02-24 19:50:00,424.2
2020-02-24 20:00:00,423.7
2020-02-24 20:10:00,421.3
2020-02-24 20:20:00,421.9
2020-02-24 20:30:00,421.3
2020-02-24 20:40:00,420.8
2020-02-24 20:50:00,420.6
2020-02-24 21:00:00,420.2
2020-02-24 21:10:00,420.3
2020-02-24 21:20:00,420.4
2020-02-24 21:30:00,420.5
2020-02-24 21:40:00,420.7
2020-02-24 21:50:00,420.4
2020-02-24 22:00:00,420.5
2020-02-24 22:10:00,420.0
2020-02-24 22:20:00,419.8
2020-02-24 22:30:00,419.3
2020-02-24 22:40:00,418.9
2020-02-24 22:50:00,418.8
2020-02-24 23:00:00,418.8
2020-02-24 23:10:00,418.5
2020-02-24 23:20:00,418.3
2020-02-24 23:30:00,418.3
2020-02-24 23:40:00,418.2
2020-02-24 23:50:00,418.3
2020-02-25 00:00:00,418.2
2020-02-25 00:10:00,419.5
2020-02-25 00:20:00,418.7
2020-02-25 00:30:00,418.4
2020-02-25 00:40:00,418.2
2020-02-25 00:50:00,418.2
2020-02-25 01:00:00,418.3
2020-02-25 01:10:00,418.2
2020-02-25 01:20:00,418.2
2020-02-25 01:30:00,418.0
2020-02-25 01:40:00,417.8
2020-02-25 01:50:00,417.7
2020-02-25 02:00:00,417.7
2020-02-25 02:10:00,417.6
2020-02-25 02:20:00,417.6
2020-02-25 02:30:00,417.8
2020-02-25 02:40:00,417.9
2020-02-25 02:50:00,418.0
2020-02-25 03:00:00,418.0
2020-02-25 03:10:00,418.1
2020-02-25 03:20:00,418.1
2020-02-25 03:30:00,418.1
2020-02-25 03:40:00,418.1
2020-02-25 03:50:00,417.9
2020-02-25 04:00:00,418.0
2020-02-25 04:10:00,418.1
2020-02-25 04:20:00,418.1
2020-02-25 04:30:00,418.1
2020-02-25 04:40:00,418.1
2020-02-25 04:50:00,418.2
2020-02-25 05:00:00,418.2
2020-02-25 05:10:00,418.2
2020-02-25 05:20:00,418.4
2020-02-25 05:30:00,418.5
2020-02-25 05:40:00,418.8
2020-02-25 05:50:00,419.2
2020-02-25 06:00:00,419.2
2020-02-25 06:10:00,419.4
2020-02-25 06:20:00,419.1
2020-02-25 06:30:00,419.6
2020-02-25 06:40:00,419.6
2020-02-25 06:50:00,419.5
2020-02-25 07:00:00,420.0
2020-02-25 07:10:00,419.8
2020-02-25 07:20:00,420.0
2020-02-25 07:30:00,420.1
2020-02-25 07:40:00,420.7
2020-02-25 07:50:00,420.1
2020-02-25 08:00:00,420.4
2020-02-25 08:10:00,420.6
2020-02-25 08:20:00,423.3
2020-02-25 08:30:00,422.5
2020-02-25 08:40:00,422.1
2020-02-25 08:50:00,421.1
2020-02-25 09:00:00,420.3
2020-02-25 09:10:00,419.3
2020-02-25 09:20:00,419.0
2020-02-25 09:30:00,419.1
2020-02-25 09:40:00,419.1
2020-02-25 09:50:00,419.1
2020-02-25 10:00:00,419.0
2020-02-25 10:10:00,419.0
2020-02-25 10:20:00,419.2
2020-02-25 10:30:00,419.3
2020-02-25 10:40:00,419.4
2020-02-25 10:50:00,419.6
2020-02-25 11:00:00,419.7
2020-02-25 11:10:00,419.5
2020-02-25 11:20:00,419.5
2020-02-25 11:30:00,419.7
2020-02-25 11:40:00,419.5
2020-02-25 11:50:00,419.7
2020-02-25 12:00:00,419.5
2020-02-25 12:10:00,419.3
2020-02-25 12:20:00,419.3
2020-02-25 12:30:00,419.3
2020-02-25 12:40:00,419.1
2020-02-25 12:50:00,419.7
2020-02-25 13:00:00,419.8
2020-02-25 13:10:00,419.0
2020-02-25 13:20:00,418.5
2020-02-25 13:30:00,417.7
2020-02-25 13:40:00,417.5
2020-02-25 13:50:00,416.8
2020-02-25 14:00:00,416.3
2020-02-25 14:10:00,416.2
2020-02-25 14:20:00,416.3
2020-02-25 14:30:00,416.1
2020-02-25 14:40:00,416.1
2020-02-25 14:50:00,415.9
2020-02-25 15:00:00,416.1
2020-02-25 15:10:00,416.0
2020-02-25 15:20:00,415.8
2020-02-25 15:30:00,415.7
2020-02-25 15:40:00,415.6
2020-02-25 15:50:00,415.6
2020-02-25 16:00:00,415.9
2020-02-25 16:10:00,416.1
2020-02-25 16:20:00,416.0
2020-02-25 16:30:00,416.2
2020-02-25 16:40:00,416.0
2020-02-25 16:50:00,416.2
2020-02-25 17:00:00,416.1
2020-02-25 17:10:00,416.6
2020-02-25 17:20:00,416.9
2020-02-25 17:30:00,416.6
2020-02-25 17:40:00,417.8
2020-02-25 17:50:00,417.8
2020-02-25 18:00:00,417.4
2020-02-25 18:10:00,416.7
2020-02-25 18:20:00,417.5
2020-02-25 18:30:00,419.0
2020-02-25 18:40:00,419.8
2020-02-25 18:50:00,419.2
2020-02-25 19:00:00,420.1
2020-02-25 19:10:00,420.8
2020-02-25 19:20:00,421.3
2020-02-25 19:30:00,420.4
2020-02-25 19:40:00,420.4
2020-02-25 19:50:00,420.1
2020-02-25 20:00:00,420.4
2020-02-25 20:10:00,421.8
2020-02-25 20:20:00,421.3
2020-02-25 20:30:00,420.9
2020-02-25 20:40:00,420.4
2020-02-25 20:50:00,420.1
2020-02-25 21:00:00,420.5
2020-02-25 21:10:00,420.8
2020-02-25 21:20:00,420.9
2020-02-25 21:30:00,421.0
2020-02-25 21:40:00,421.4
2020-02-25 21:50:00,423.0
2020-02-25 22:00:00,424.1
2020-02-25 22:10:00,423.4
2020-02-25 22:20:00,423.7
2020-02-25 22:30:00,422.9
2020-02-25 22:40:00,423.5
2020-02-25 22:50:00,424.3
2020-02-25 23:00:00,425.5
2020-02-25 23:10:00,426.8
2020-02-25 23:20:00,427.1
2020-02-25 23:30:00,427.1
2020-02-25 23:40:00,428.0
2020-02-25 23:50:00,427.9
2020-02-26 00:00:00,426.2
2020-02-26 00:10:00,420.3
2020-02-26 00:20:00,419.2
2020-02-26 00:30:00,418.9
2020-02-26 00:40:00,418.4
2020-02-26 00:50:00,418.3
2020-02-26 01:00:00,418.3
2020-02-26 01:10:00,418.7
2020-02-26 01:20:00,418.9
2020-02-26 01:30:00,419.2
2020-02-26 01:40:00,419.4
2020-02-26 01:50:00,419.5
2020-02-26 02:00:00,419.4
2020-02-26 02:10:00,419.8
2020-02-26 02:20:00,419.8
2020-02-26 02:30:00,419.5
2020-02-26 02:40:00,419.8
2020-02-26 02:50:00,419.9
2020-02-26 03:00:00,419.9
2020-02-26 03:10:00,420.2
2020-02-26 03:20:00,420.7
2020-02-26 03:30:00,420.4
2020-02-26 03:40:00,421.2
2020-02-26 03:50:00,421.5
2020-02-26 04:00:00,421.9
2020-02-26 04:10:00,423.2
2020-02-26 04:20:00,423.4
2020-02-26 04:30:00,423.2
2020-02-26 04:40:00,423.0
2020-02-26 04:50:00,423.5
2020-02-26 05:00:00,422.7
2020-02-26 05:10:00,422.9
2020-02-26 05:20:00,422.6
2020-02-26 05:30:00,426.4
2020-02-26 05:40:00,426.5
2020-02-26 05:50:00,425.1
2020-02-26 06:00:00,424.3
2020-02-26 06:10:00,422.7
2020-02-26 06:20:00,421.7
2020-02-26 06:30:00,421.0
2020-02-26 06:40:00,421.1
2020-02-26 06:50:00,420.4
2020-02-26 07:00:00,420.2
2020-02-26 07:10:00,420.3
2020-02-26 07:20:00,420.8
2020-02-26 07:30:00,420.9
2020-02-26 07:40:00,421.2
2020-02-26 07:50:00,421.2
2020-02-26 08:00:00,420.9
2020-02-26 08:10:00,420.8
2020-02-26 08:20:00,420.6
2020-02-26 08:30:00,420.6
2020-02-26 08:40:00,420.7
2020-02-26 08:50:00,420.9
2020-02-26 09:00:00,421.4
2020-02-26 09:10:00,421.2
2020-02-26 09:20:00,421.5
2020-02-26 09:30:00,422.0
2020-02-26 09:40:00,420.5
2020-02-26 09:50:00,420.1
2020-02-26 10:00:00,420.0
2020-02-26 10:10:00,419.8
2020-02-26 10:20:00,419.5
2020-02-26 10:30:00,419.5
2020-02-26 10:40:00,419.4
2020-02-26 10:50:00,419.4
2020-02-26 11:00:00,419.4
2020-02-26 11:10:00,419.7
2020-02-26 11:20:00,419.9
2020-02-26 11:30:00,419.7
2020-02-26 11:40:00,419.9
2020-02-26 11:50:00,419.8
2020-02-26 12:00:00,419.7
2020-02-26 12:10:00,419.7
2020-02-26 12:20:00,419.5
2020-02-26 12:30:00,419.5
2020-02-26 12:40:00,419.4
2020-02-26 12:50:00,419.8
2020-02-26 13:00:00,419.7
2020-02-26 13:10:00,419.7
2020-02-26 13:20:00,419.4
2020-02-26 13:30:00,419.8
2020-02-26 13:40:00,420.0
2020-02-26 13:50:00,420.6
2020-02-26 14:00:00,420.7
2020-02-26 14:10:00,421.1
2020-02-26 14:20:00,421.4
2020-02-26 14:30:00,421.8
2020-02-26 14:40:00,422.3
2020-02-26 14:50:00,422.7
2020-02-26 15:00:00,422.9
2020-02-26 15:10:00,423.3
2020-02-26 15:20:00,423.2
2020-02-26 15:30:00,422.8
2020-02-26 15:40:00,422.7
2020-02-26 15:50:00,422.6
2020-02-26 16:00:00,422.8
2020-02-26 16:10:00,422.7
2020-02-26 16:20:00,422.5
2020-02-26 16:30:00,422.7
2020-02-26 16:40:00,422.9
2020-02-26 16:50:00,423.1
2020-02-26 17:00:00,423.2
2020-02-26 17:10:00,423.6
2020-02-26 17:20:00,423.8
2020-02-26 17:30:00,423.7
2020-02-26 17:40:00,423.7
2020-02-26 17:50:00,424.3
2020-02-26 18:00:00,423.8
2020-02-26 18:10:00,423.3
2020-02-26 18:20:00,423.6
2020-02-26 18:30:00,423.7
2020-02-26 18:40:00,423.6
2020-02-26 18:50:00,423.7
2020-02-26 19:00:00,423.7
2020-02-26 19:10:00,424.0
2020-02-26 19:20:00,424.7
2020-02-26 19:30:00,424.7
2020-02-26 19:40:00,424.7
2020-02-26 19:50:00,424.8
2020-02-26 20:00:00,424.9
2020-02-26 20:10:00,425.4
2020-02-26 20:20:00,425.5
2020-02-26 20:30:00,425.4
2020-02-26 20:40:00,425.1
2020-02-26 20:50:00,425.3
2020-02-26 21:00:00,424.6
2020-02-26 21:10:00,424.0
2020-02-26 21:20:00,423.9
2020-02-26 21:30:00,423.8
2020-02-26 21:40:00,424.2
2020-02-26 21:50:00,424.3
2020-02-26 22:00:00,424.7
2020-02-26 22:10:00,424.3
2020-02-26 22:20:00,424.5
2020-02-26 22:30:00,424.3
2020-02-26 22:40:00,424.2
2020-02-26 22:50:00,424.2
2020-02-26 23:00:00,424.3
2020-02-26 23:10:00,424.3
2020-02-26 23:20:00,424.6
2020-02-26 23:30:00,424.5
2020-02-26 23:40:00,424.5
2020-02-26 23:50:00,424.6
2020-02-27 00:00:00,424.7
2020-02-27 00:10:00,425.2
2020-02-27 00:20:00,424.8
2020-02-27 00:30:00,424.6
2020-02-27 00:40:00,424.3
2020-02-27 00:50:00,424.2
2020-02-27 01:00:00,423.9
2020-02-27 01:10:00,423.9
2020-02-27 01:20:00,424.0
2020-02-27 01:30:00,423.9
2020-02-27 01:40:00,424.0
2020-02-27 01:50:00,423.9
2020-02-27 02:00:00,424.1
2020-02-27 02:10:00,424.1
2020-02-27 02:20:00,424.1
2020-02-27 02:30:00,424.3
2020-02-27 02:40:00,424.4
2020-02-27 02:50:00,424.7
2020-02-27 03:00:00,424.6
2020-02-27 03:10:00,424.7
2020-02-27 03:20:00,424.6
2020-02-27 03:30:00,424.6
2020-02-27 03:40:00,424.8
2020-02-27 03:50:00,424.8
2020-02-27 04:00:00,424.9
2020-02-27 04:10:00,424.9
2020-02-27 04:20:00,424.9
2020-02-27 04:30:00,424.9
2020-02-27 04:40:00,424.7
2020-02-27 04:50:00,424.8
2020-02-27 05:00:00,424.6
2020-02-27 05:10:00,424.5
2020-02-27 05:20:00,424.6
2020-02-27 05:30:00,424.6
2020-02-27 05:40:00,424.7
2020-02-27 05:50:00,425.1
2020-02-27 06:00:00,425.1
2020-02-27 06:10:00,425.8
2020-02-27 06:20:00,425.3
2020-02-27 06:30:00,425.1
2020-02-27 06:40:00,425.2
2020-02-27 06:50:00,425.5
2020-02-27 07:00:00,425.7
2020-02-27 07:10:00,425.8
2020-02-27 07:20:00,426.2
2020-02-27 07:30:00,427.2
2020-02-27 07:40:00,427.9
2020-02-27 07:50:00,428.0
2020-02-27 08:00:00,428.0
2020-02-27 08:10:00,428.8
2020-02-27 08:20:00,427.8
2020-02-27 08:30:00,426.6
2020-02-27 08:40:00,425.7
2020-02-27 08:50:00,425.5
2020-02-27 09:00:00,425.2
2020-02-27 09:10:00,425.5
2020-02-27 09:20:00,424.7
2020-02-27 09:30:00,425.2
2020-02-27 09:40:00,424.8
2020-02-27 09:50:00,423.5
2020-02-27 10:00:00,423.1
2020-02-27 10:10:00,422.2
2020-02-27 10:20:00,421.7
2020-02-27 10:30:00,421.7
2020-02-27 10:40:00,421.8
2020-02-27 10:50:00,421.8
2020-02-27 11:00:00,421.8
2020-02-27 11:10:00,421.4
2020-02-27 11:20:00,421.3
2020-02-27 11:30:00,421.6
2020-02-27 11:40:00,421.7
2020-02-27 11:50:00,421.4
2020-02-27 12:00:00,421.1
2020-02-27 12:10:00,421.1
2020-02-27 12:20:00,421.1
2020-02-27 12:30:00,420.8
2020-02-27 12:40:00,420.3
2020-02-27 12:50:00,420.2
2020-02-27 13:00:00,420.5
2020-02-27 13:10:00,421.1
2020-02-27 13:20:00,420.7
2020-02-27 13:30:00,420.5
2020-02-27 13:40:00,420.3
2020-02-27 13:50:00,420.4
2020-02-27 14:00:00,420.3
2020-02-27 14:10:00,420.7
2020-02-27 14:20:00,420.6
2020-02-27 14:30:00,420.7
2020-02-27 14:40:00,420.3
2020-02-27 14:50:00,420.3
2020-02-27 15:00:00,420.6
2020-02-27 15:10:00,420.4
2020-02-27 15:20:00,420.4
2020-02-27 15:30:00,420.3
2020-02-27 15:40:00,420.8
2020-02-27 15:50:00,420.6
2020-02-27 16:00:00,419.9
2020-02-27 16:10:00,419.7
2020-02-27 16:20:00,419.6
2020-02-27 16:30:00,419.5
2020-02-27 16:40:00,419.7
2020-02-27 16:50:00,420.5
2020-02-27 17:00:00,419.9
2020-02-27 17:10:00,419.7
2020-02-27 17:20:00,420.1
2020-02-27 17:30:00,419.3
2020-02-27 17:40:00,418.5
2020-02-27 17:50:00,418.6
2020-02-27 18:00:00,419.7
2020-02-27 18:10:00,421.3
2020-02-27 18:20:00,421.6
2020-02-27 18:30:00,422.9
2020-02-27 18:40:00,424.0
2020-02-27 18:50:00,424.1
2020-02-27 19:00:00,425.0
2020-02-27 19:10:00,425.5
2020-02-27 19:20:00,424.3
2020-02-27 19:30:00,422.1
2020-02-27 19:40:00,422.9
2020-02-27 19:50:00,426.7
2020-02-27 20:00:00,428.7
2020-02-27 20:10:00,427.8
2020-02-27 20:20:00,427.2
2020-02-27 20:30:00,426.2
2020-02-27 20:40:00,425.8
2020-02-27 20:50:00,424.9
2020-02-27 21:00:00,423.1
2020-02-27 21:10:00,423.0
2020-02-27 21:20:00,423.4
2020-02-27 21:30:00,423.0
2020-02-27 21:40:00,422.6
2020-02-27 21:50:00,422.7
2020-02-27 22:00:00,423.7
2020-02-27 22:10:00,423.1
2020-02-27 22:20:00,423.0
2020-02-27 22:30:00,423.0
2020-02-27 22:40:00,422.7
2020-02-27 22:50:00,422.3
2020-02-27 23:00:00,421.9
2020-02-27 23:10:00,421.7
2020-02-27 23:20:00,421.7
2020-02-27 23:30:00,422.4
2020-02-27 23:40:00,424.1
2020-02-27 23:50:00,424.2
2020-02-28 00:00:00,422.9
2020-02-28 00:10:00,422.6
2020-02-28 00:20:00,422.3
2020-02-28 00:30:00,422.0
2020-02-28 00:40:00,422.0
2020-02-28 00:50:00,422.7
2020-02-28 01:00:00,423.1
2020-02-28 01:10:00,422.8
2020-02-28 01:20:00,422.8
2020-02-28 01:30:00,422.9
2020-02-28 01:40:00,424.0
2020-02-28 01:50:00,424.9
2020-02-28 02:00:00,424.8
2020-02-28 02:10:00,424.8
2020-02-28 02:20:00,424.4
2020-02-28 02:30:00,423.6
2020-02-28 02:40:00,423.1
2020-02-28 02:50:00,422.6
2020-02-28 03:00:00,422.3
2020-02-28 03:10:00,422.3
2020-02-28 03:20:00,422.3
2020-02-28 03:30:00,422.3
2020-02-28 03:40:00,422.3
2020-02-28 03:50:00,422.3
2020-02-28 04:00:00,422.3
2020-02-28 04:10:00,422.9
2020-02-28 04:20:00,423.6
2020-02-28 04:30:00,424.4
2020-02-28 04:40:00,425.4
2020-02-28 04:50:00,426.0
2020-02-28 05:00:00,426.3
2020-02-28 05:10:00,426.1
2020-02-28 05:20:00,425.7
2020-02-28 05:30:00,425.5
2020-02-28 05:40:00,425.7
2020-02-28 05:50:00,425.7
2020-02-28 06:00:00,425.5
2020-02-28 06:10:00,425.2
2020-02-28 06:20:00,424.6
2020-02-28 06:30:00,424.3
2020-02-28 06:40:00,423.7
2020-02-28 06:50:00,423.3
2020-02-28 07:00:00,423.4
2020-02-28 07:10:00,423.7
2020-02-28 07:20:00,423.5
2020-02-28 07:30:00,423.3
2020-02-28 07:40:00,423.3
2020-02-28 07:50:00,423.4
2020-02-28 08:00:00,423.4
2020-02-28 08:10:00,423.4
2020-02-28 08:20:00,423.0
2020-02-28 08:30:00,422.2
2020-02-28 08:40:00,421.8
2020-02-28 08:50:00,421.4
2020-02-28 09:00:00,421.2
2020-02-28 09:10:00,421.3
2020-02-28 09:20:00,421.4
2020-02-28 09:30:00,421.2
2020-02-28 09:40:00,421.2
2020-02-28 09:50:00,420.3
2020-02-28 10:00:00,420.3
2020-02-28 10:10:00,420.4
2020-02-28 10:20:00,419.9
2020-02-28 10:30:00,419.8
2020-02-28 10:40:00,419.8
2020-02-28 10:50:00,419.4
2020-02-28 11:00:00,419.3
2020-02-28 11:10:00,419.1
2020-02-28 11:20:00,419.2
2020-02-28 11:30:00,419.0
2020-02-28 11:40:00,419.1
2020-02-28 11:50:00,419.0
2020-02-28 12:00:00,419.6
2020-02-28 12:10:00,419.3
2020-02-28 12:20:00,418.8
2020-02-28 12:30:00,418.6
2020-02-28 12:40:00,418.8
2020-02-28 12:50:00,418.7
2020-02-28 13:00:00,419.0
2020-02-28 13:10:00,419.0
2020-02-28 13:20:00,419.4
2020-02-28 13:30:00,419.4
2020-02-28 13:40:00,419.4
2020-02-28 13:50:00,419.9
2020-02-28 14:00:00,419.7
2020-02-28 14:10:00,419.6
2020-02-28 14:20:00,419.5
2020-02-28 14:30:00,419.8
2020-02-28 14:40:00,420.2
2020-02-28 14:50:00,420.5
2020-02-28 15:00:00,420.8
2020-02-28 15:10:00,420.9
2020-02-28 15:20:00,420.8
2020-02-28 15:30:00,420.4
2020-02-28 15:40:00,420.5
2020-02-28 15:50:00,420.3
2020-02-28 16:00:00,420.2
2020-02-28 16:10:00,420.0
2020-02-28 16:20:00,420.2
2020-02-28 16:30:00,420.1
2020-02-28 16:40:00,420.0
2020-02-28 16:50:00,420.4
2020-02-28 17:00:00,420.7
2020-02-28 17:10:00,420.9
2020-02-28 17:20:00,420.7
2020-02-28 17:30:00,420.8
2020-02-28 17:40:00,421.8
2020-02-28 17:50:00,422.1
2020-02-28 18:00:00,423.0
2020-02-28 18:10:00,423.3
2020-02-28 18:20:00,423.0
2020-02-28 18:30:00,424.4
2020-02-28 18:40:00,424.9
2020-02-28 18:50:00,424.2
2020-02-28 19:00:00,423.7
2020-02-28 19:10:00,424.7
2020-02-28 19:20:00,424.7
2020-02-28 19:30:00,425.6
2020-02-28 19:40:00,425.3
2020-02-28 19:50:00,425.9
2020-02-28 20:00:00,426.4
2020-02-28 20:10:00,425.8
2020-02-28 20:20:00,425.1
2020-02-28 20:30:00,426.2
2020-02-28 20:40:00,424.9
2020-02-28 20:50:00,424.4
2020-02-28 21:00:00,424.7
2020-02-28 21:10:00,424.8
2020-02-28 21:20:00,424.4
2020-02-28 21:30:00,424.2
2020-02-28 21:40:00,424.0
2020-02-28 21:50:00,423.9
2020-02-28 22:00:00,424.3
2020-02-28 22:10:00,423.4
2020-02-28 22:20:00,424.1
2020-02-28 22:30:00,423.5
2020-02-28 22:40:00,422.9
2020-02-28 22:50:00,423.4
2020-02-28 23:00:00,423.4
2020-02-28 23:10:00,422.1
2020-02-28 23:20:00,421.7
2020-02-28 23:30:00,421.7
2020-02-28 23:40:00,421.6
2020-02-28 23:50:00,421.8
2020-02-29 00:00:00,421.9
2020-02-29 00:10:00,423.1
2020-02-29 00:20:00,422.3
2020-02-29 00:30:00,422.2
2020-02-29 00:40:00,422.2
2020-02-29 00:50:00,422.4
2020-02-29 01:00:00,422.7
2020-02-29 01:10:00,423.1
2020-02-29 01:20:00,423.2
2020-02-29 01:30:00,423.1
2020-02-29 01:40:00,423.2
2020-02-29 01:50:00,423.0
2020-02-29 02:00:00,422.7
2020-02-29 02:10:00,422.9
2020-02-29 02:20:00,422.3
2020-02-29 02:30:00,421.8
2020-02-29 02:40:00,421.6
2020-02-29 02:50:00,422.0
2020-02-29 03:00:00,421.9
2020-02-29 03:10:00,422.1
2020-02-29 03:20:00,422.0
2020-02-29 03:30:00,422.1
2020-02-29 03:40:00,422.2
2020-02-29 03:50:00,422.3
2020-02-29 04:00:00,422.3
2020-02-29 04:10:00,422.6
2020-02-29 04:20:00,422.5
2020-02-29 04:30:00,422.6
2020-02-29 04:40:00,423.1
2020-02-29 04:50:00,423.2
2020-02-29 05:00:00,422.9
2020-02-29 05:10:00,422.9
2020-02-29 05:20:00,423.2
2020-02-29 05:30:00,423.1
2020-02-29 05:40:00,422.9
2020-02-29 05:50:00,422.8
2020-02-29 06:00:00,423.2
2020-02-29 06:10:00,422.9
2020-02-29 06:20:00,423.5
2020-02-29 06:30:00,424.5
2020-02-29 06:40:00,423.9
2020-02-29 06:50:00,423.7
2020-02-29 07:00:00,424.0
2020-02-29 07:10:00,424.4
2020-02-29 07:20:00,424.7
2020-02-29 07:30:00,424.2
2020-02-29 07:40:00,423.7
2020-02-29 07:50:00,423.0
2020-02-29 08:00:00,423.7
2020-02-29 08:10:00,424.0
2020-02-29 08:20:00,423.6
2020-02-29 08:30:00,423.9
2020-02-29 08:40:00,423.3
2020-02-29 08:50:00,423.6
2020-02-29 09:00:00,423.6
2020-02-29 09:10:00,424.0
2020-02-29 09:20:00,423.2
2020-02-29 09:30:00,423.5
2020-02-29 09:40:00,422.9
2020-02-29 09:50:00,422.4
2020-02-29 10:00:00,421.2
2020-02-29 10:10:00,421.5
2020-02-29 10:20:00,421.9
2020-02-29 10:30:00,422.0
2020-02-29 10:40:00,421.0
2020-02-29 10:50:00,419.7
2020-02-29 11:00:00,419.0
2020-02-29 11:10:00,419.1
2020-02-29 11:20:00,418.8
2020-02-29 11:30:00,419.0
2020-02-29 11:40:00,418.9
2020-02-29 11:50:00,418.8
2020-02-29 12:00:00,418.7
2020-02-29 12:10:00,418.5
2020-02-29 12:20:00,418.2
2020-02-29 12:30:00,418.1
2020-02-29 12:40:00,418.1
2020-02-29 12:50:00,418.5
2020-02-29 13:00:00,417.7
2020-02-29 13:10:00,417.4
2020-02-29 13:20:00,417.2
2020-02-29 13:30:00,416.9
2020-02-29 13:40:00,416.7
2020-02-29 13:50:00,416.8
2020-02-29 14:00:00,416.6
2020-02-29 14:10:00,416.8
2020-02-29 14:20:00,416.8
2020-02-29 14:30:00,416.7
2020-02-29 14:40:00,416.7
2020-02-29 14:50:00,416.7
2020-02-29 15:00:00,416.9
2020-02-29 15:10:00,417.0
2020-02-29 15:20:00,417.2
2020-02-29 15:30:00,417.2
2020-02-29 15:40:00,416.9
2020-02-29 15:50:00,417.4
2020-02-29 16:00:00,417.5
2020-02-29 16:10:00,417.7
2020-02-29 16:20:00,417.9
2020-02-29 16:30:00,418.1
2020-02-29 16:40:00,417.8
2020-02-29 16:50:00,418.5
2020-02-29 17:00:00,418.5
2020-02-29 17:10:00,417.9
2020-02-29 17:20:00,417.8
2020-02-29 17:30:00,417.8
2020-02-29 17:40:00,418.0
2020-02-29 17:50:00,418.4
2020-02-29 18:00:00,418.6
2020-02-29 18:10:00,418.8
2020-02-29 18:20:00,418.8
2020-02-29 18:30:00,419.2
2020-02-29 18:40:00,419.1
2020-02-29 18:50:00,419.7
2020-02-29 19:00:00,419.6
2020-02-29 19:10:00,419.1
2020-02-29 19:20:00,418.8
2020-02-29 19:30:00,419.2
2020-02-29 19:40:00,419.6
2020-02-29 19:50:00,419.9
2020-02-29 20:00:00,419.9
2020-02-29 20:10:00,419.1
2020-02-29 20:20:00,419.4
2020-02-29 20:30:00,419.1
2020-02-29 20:40:00,418.6
2020-02-29 20:50:00,418.7
2020-02-29 21:00:00,418.1
2020-02-29 21:10:00,418.8
2020-02-29 21:20:00,418.6
2020-02-29 21:30:00,418.3
2020-02-29 21:40:00,418.1
2020-02-29 21:50:00,418.5
2020-02-29 22:00:00,418.6
2020-02-29 22:10:00,419.0
2020-02-29 22:20:00,418.9
2020-02-29 22:30:00,418.6
2020-02-29 22:40:00,418.8
2020-02-29 22:50:00,418.8
2020-02-29 23:00:00,418.5
2020-02-29 23:10:00,418.9
2020-02-29 23:20:00,418.9
2020-02-29 23:30:00,419.3
2020-02-29 23:40:00,418.8
2020-02-29 23:50:00,418.9
2020-03-01 00:00:00,419.1
2020-03-01 00:10:00,420.6
2020-03-01 00:20:00,420.2
2020-03-01 00:30:00,420.3
2020-03-01 00:40:00,420.7
2020-03-01 00:50:00,420.3
2020-03-01 01:00:00,420.3
2020-03-01 01:10:00,419.9
2020-03-01 01:20:00,420.2
2020-03-01 01:30:00,420.1
2020-03-01 01:40:00,420.1
2020-03-01 01:50:00,419.9
2020-03-01 02:00:00,420.2
2020-03-01 02:10:00,420.4
2020-03-01 02:20:00,420.7
2020-03-01 02:30:00,421.3
2020-03-01 02:40:00,421.6
2020-03-01 02:50:00,421.6
2020-03-01 03:00:00,422.6
2020-03-01 03:10:00,422.8
2020-03-01 03:20:00,422.5
2020-03-01 03:30:00,421.5
2020-03-01 03:40:00,421.5
2020-03-01 03:50:00,421.3
2020-03-01 04:00:00,421.7
2020-03-01 04:10:00,421.8
2020-03-01 04:20:00,421.6
2020-03-01 04:30:00,421.1
2020-03-01 04:40:00,421.5
2020-03-01 04:50:00,421.4
2020-03-01 05:00:00,421.4
2020-03-01 05:10:00,421.5
2020-03-01 05:20:00,421.4
2020-03-01 05:30:00,421.3
2020-03-01 05:40:00,421.3
2020-03-01 05:50:00,421.1
2020-03-01 06:00:00,421.1
2020-03-01 06:10:00,420.9
2020-03-01 06:20:00,420.6
2020-03-01 06:30:00,420.7
2020-03-01 06:40:00,420.8
2020-03-01 06:50:00,420.9
2020-03-01 07:00:00,421.2
2020-03-01 07:10:00,421.2
2020-03-01 07:20:00,420.9
2020-03-01 07:30:00,420.8
2020-03-01 07:40:00,420.7
2020-03-01 07:50:00,420.8
2020-03-01 08:00:00,420.6
2020-03-01 08:10:00,420.5
2020-03-01 08:20:00,420.2
2020-03-01 08:30:00,420.3
2020-03-01 08:40:00,420.2
2020-03-01 08:50:00,420.3
2020-03-01 09:00:00,420.2
2020-03-01 09:10:00,420.3
2020-03-01 09:20:00,420.3
2020-03-01 09:30:00,420.1
2020-03-01 09:40:00,420.0
2020-03-01 09:50:00,420.1
2020-03-01 10:00:00,420.4
2020-03-01 10:10:00,420.3
2020-03-01 10:20:00,420.0
2020-03-01 10:30:00,419.7
2020-03-01 10:40:00,419.4
2020-03-01 10:50:00,419.3
2020-03-01 11:00:00,419.1
2020-03-01 11:10:00,418.9
2020-03-01 11:20:00,418.8
2020-03-01 11:30:00,418.4
2020-03-01 11:40:00,418.6
2020-03-01 11:50:00,418.5
2020-03-01 12:00:00,418.3
2020-03-01 12:10:00,418.5
2020-03-01 12:20:00,418.2
2020-03-01 12:30:00,418.2
2020-03-01 12:40:00,418.0
2020-03-01 12:50:00,417.9
2020-03-01 13:00:00,417.7
2020-03-01 13:10:00,417.7
2020-03-01 13:20:00,417.7
2020-03-01 13:30:00,417.6
2020-03-01 13:40:00,417.5
2020-03-01 13:50:00,417.3
2020-03-01 14:00:00,417.3
2020-03-01 14:10:00,417.3
2020-03-01 14:20:00,417.3
2020-03-01 14:30:00,416.8
2020-03-01 14:40:00,416.9
2020-03-01 14:50:00,416.7
2020-03-01 15:00:00,416.5
2020-03-01 15:10:00,416.5
2020-03-01 15:20:00,416.4
2020-03-01 15:30:00,416.4
2020-03-01 15:40:00,416.2
2020-03-01 15:50:00,416.1
2020-03-01 16:00:00,416.4
2020-03-01 16:10:00,416.4
2020-03-01 16:20:00,416.3
2020-03-01 16:30:00,416.1
2020-03-01 16:40:00,416.1
2020-03-01 16:50:00,416.6
2020-03-01 17:00:00,416.7
2020-03-01 17:10:00,416.9
2020-03-01 17:20:00,417.4
2020-03-01 17:30:00,417.7
2020-03-01 17:40:00,417.4
2020-03-01 17:50:00,417.7
2020-03-01 18:00:00,418.0
2020-03-01 18:10:00,419.2
2020-03-01 18:20:00,419.7
2020-03-01 18:30:00,419.3
2020-03-01 18:40:00,420.0
2020-03-01 18:50:00,419.3
2020-03-01 19:00:00,418.6
2020-03-01 19:10:00,418.8
2020-03-01 19:20:00,418.7
2020-03-01 19:30:00,418.5
2020-03-01 19:40:00,418.6
2020-03-01 19:50:00,418.9
2020-03-01 20:00:00,420.0
2020-03-01 20:10:00,423.4
2020-03-01 20:20:00,422.9
2020-03-01 20:30:00,424.3
2020-03-01 20:40:00,425.5
2020-03-01 20:50:00,423.6
2020-03-01 21:00:00,423.2
2020-03-01 21:10:00,423.8
2020-03-01 21:20:00,423.1
2020-03-01 21:30:00,424.1
2020-03-01 21:40:00,425.4
2020-03-01 21:50:00,425.3
2020-03-01 22:00:00,426.1
2020-03-01 22:10:00,427.3
2020-03-01 22:20:00,426.7
2020-03-01 22:30:00,426.1
2020-03-01 22:40:00,426.0
2020-03-01 22:50:00,425.9
2020-03-01 23:00:00,425.4
2020-03-01 23:10:00,424.7
2020-03-01 23:20:00,423.4
2020-03-01 23:30:00,423.3
2020-03-01 23:40:00,425.3
2020-03-01 23:50:00,427.4
2020-03-02 00:00:00,429.4
2020-03-02 00:10:00,429.3
2020-03-02 00:20:00,424.4
2020-03-02 00:30:00,422.1
2020-03-02 00:40:00,421.4
2020-03-02 00:50:00,421.2
2020-03-02 01:00:00,421.0
2020-03-02 01:10:00,421.3
2020-03-02 01:20:00,421.3
2020-03-02 01:30:00,421.8
2020-03-02 01:40:00,422.0
2020-03-02 01:50:00,422.6
2020-03-02 02:00:00,422.7
2020-03-02 02:10:00,422.9
2020-03-02 02:20:00,422.3
2020-03-02 02:30:00,421.3
2020-03-02 02:40:00,419.7
2020-03-02 02:50:00,419.3
2020-03-02 03:00:00,418.9
2020-03-02 03:10:00,419.0
2020-03-02 03:20:00,419.3
2020-03-02 03:30:00,419.4
2020-03-02 03:40:00,419.7
2020-03-02 03:50:00,419.8
2020-03-02 04:00:00,419.9
2020-03-02 04:10:00,420.1
2020-03-02 04:20:00,420.3
2020-03-02 04:30:00,420.4
2020-03-02 04:40:00,420.5
2020-03-02 04:50:00,420.9
2020-03-02 05:00:00,421.1
2020-03-02 05:10:00,421.5
2020-03-02 05:20:00,421.8
2020-03-02 05:30:00,421.9
2020-03-02 05:40:00,422.1
2020-03-02 05:50:00,421.7
2020-03-02 06:00:00,421.0
2020-03-02 06:10:00,420.8
2020-03-02 06:20:00,420.7
2020-03-02 06:30:00,420.7
2020-03-02 06:40:00,420.9
2020-03-02 06:50:00,420.9
2020-03-02 07:00:00,421.3
2020-03-02 07:10:00,421.9
2020-03-02 07:20:00,422.4
2020-03-02 07:30:00,422.3
2020-03-02 07:40:00,422.3
2020-03-02 07:50:00,422.6
2020-03-02 08:00:00,424.1
2020-03-02 08:10:00,422.8
2020-03-02 08:20:00,423.4
2020-03-02 08:30:00,421.7
2020-03-02 08:40:00,421.4
2020-03-02 08:50:00,420.7
2020-03-02 09:00:00,420.6
2020-03-02 09:10:00,420.3
2020-03-02 09:20:00,420.0
2020-03-02 09:30:00,419.5
2020-03-02 09:40:00,419.5
2020-03-02 09:50:00,419.4
2020-03-02 10:00:00,419.1
2020-03-02 10:10:00,418.7
2020-03-02 10:20:00,418.2
2020-03-02 10:30:00,418.2
2020-03-02 10:40:00,417.8
2020-03-02 10:50:00,417.6
2020-03-02 11:00:00,417.0
2020-03-02 11:10:00,416.9
2020-03-02 11:20:00,416.9
2020-03-02 11:30:00,416.9
2020-03-02 11:40:00,416.8
2020-03-02 11:50:00,416.6
2020-03-02 12:00:00,416.0
2020-03-02 12:10:00,416.2
2020-03-02 12:20:00,415.8
2020-03-02 12:30:00,415.8
2020-03-02 12:40:00,419.5
2020-03-02 12:50:00,416.9
2020-03-02 13:00:00,416.4
2020-03-02 13:10:00,419.2
2020-03-02 13:20:00,416.6
2020-03-02 13:30:00,416.6
2020-03-02 13:40:00,416.1
2020-03-02 13:50:00,418.4
2020-03-02 14:00:00,414.8
2020-03-02 14:10:00,414.6
2020-03-02 14:20:00,413.8
2020-03-02 14:30:00,413.5
2020-03-02 14:40:00,413.0
2020-03-02 14:50:00,413.3
2020-03-02 15:00:00,412.9
2020-03-02 15:10:00,413.2
2020-03-02 15:20:00,413.2
2020-03-02 15:30:00,413.7
2020-03-02 15:40:00,413.7
2020-03-02 15:50:00,414.0
2020-03-02 16:00:00,414.2
2020-03-02 16:10:00,414.6
2020-03-02 16:20:00,414.5
2020-03-02 16:30:00,414.4
2020-03-02 16:40:00,414.5
2020-03-02 16:50:00,414.9
2020-03-02 17:00:00,415.2
2020-03-02 17:10:00,415.4
2020-03-02 17:20:00,414.8
2020-03-02 17:30:00,416.0
2020-03-02 17:40:00,417.3
2020-03-02 17:50:00,417.4
2020-03-02 18:00:00,416.2
2020-03-02 18:10:00,415.8
2020-03-02 18:20:00,416.2
2020-03-02 18:30:00,416.7
2020-03-02 18:40:00,419.6
2020-03-02 18:50:00,420.3
2020-03-02 19:00:00,419.2
2020-03-02 19:10:00,421.3
2020-03-02 19:20:00,423.6
2020-03-02 19:30:00,425.1
2020-03-02 19:40:00,423.9
2020-03-02 19:50:00,424.3
2020-03-02 20:00:00,423.5
2020-03-02 20:10:00,423.4
2020-03-02 20:20:00,422.1
2020-03-02 20:30:00,420.8
2020-03-02 20:40:00,424.3
2020-03-02 20:50:00,425.4
2020-03-02 21:00:00,422.1
2020-03-02 21:10:00,420.1
2020-03-02 21:20:00,421.1
2020-03-02 21:30:00,423.2
2020-03-02 21:40:00,427.0
2020-03-02 21:50:00,430.7
2020-03-02 22:00:00,427.6
2020-03-02 22:10:00,425.6
2020-03-02 22:20:00,428.5
2020-03-02 22:30:00,430.0
2020-03-02 22:40:00,428.9
2020-03-02 22:50:00,427.0
2020-03-02 23:00:00,425.1
2020-03-02 23:10:00,425.4
2020-03-02 23:20:00,426.1
2020-03-02 23:30:00,428.8
2020-03-02 23:40:00,428.6
2020-03-02 23:50:00,431.6
2020-03-03 00:00:00,436.8
2020-03-03 00:10:00,436.2
2020-03-03 00:20:00,433.9
2020-03-03 00:30:00,431.7
2020-03-03 00:40:00,428.4
2020-03-03 00:50:00,427.8
2020-03-03 01:00:00,430.1
2020-03-03 01:10:00,432.6
2020-03-03 01:20:00,431.5
2020-03-03 01:30:00,431.6
2020-03-03 01:40:00,431.1
2020-03-03 01:50:00,432.1
2020-03-03 02:00:00,432.6
2020-03-03 02:10:00,434.4
2020-03-03 02:20:00,432.5
2020-03-03 02:30:00,431.0
2020-03-03 02:40:00,430.6
2020-03-03 02:50:00,430.7
2020-03-03 03:00:00,432.2
2020-03-03 03:10:00,432.4
2020-03-03 03:20:00,433.4
2020-03-03 03:30:00,433.3
2020-03-03 03:40:00,435.1
2020-03-03 03:50:00,435.3
2020-03-03 04:00:00,436.4
2020-03-03 04:10:00,436.6
2020-03-03 04:20:00,435.8
2020-03-03 04:30:00,434.6
2020-03-03 04:40:00,433.6
2020-03-03 04:50:00,433.1
2020-03-03 05:00:00,433.1
2020-03-03 05:10:00,432.5
2020-03-03 05:20:00,432.3
2020-03-03 05:30:00,432.1
2020-03-03 05:40:00,431.8
2020-03-03 05:50:00,431.2
2020-03-03 06:00:00,430.7
2020-03-03 06:10:00,430.1
2020-03-03 06:20:00,430.0
2020-03-03 06:30:00,430.2
2020-03-03 06:40:00,430.2
2020-03-03 06:50:00,429.5
2020-03-03 07:00:00,427.9
2020-03-03 07:10:00,426.1
2020-03-03 07:20:00,424.7
2020-03-03 07:30:00,423.8
2020-03-03 07:40:00,423.4
2020-03-03 07:50:00,423.1
2020-03-03 08:00:00,422.9
2020-03-03 08:10:00,422.9
2020-03-03 08:20:00,423.0
2020-03-03 08:30:00,424.2
2020-03-03 08:40:00,425.4
2020-03-03 08:50:00,426.3
2020-03-03 09:00:00,427.1
2020-03-03 09:10:00,427.3
2020-03-03 09:20:00,427.7
2020-03-03 09:30:00,427.7
2020-03-03 09:40:00,427.2
2020-03-03 09:50:00,427.1
2020-03-03 10:00:00,427.1
2020-03-03 10:10:00,426.9
2020-03-03 10:20:00,424.9
2020-03-03 10:30:00,423.6
2020-03-03 10:40:00,422.2
2020-03-03 10:50:00,421.5
2020-03-03 11:00:00,420.6
2020-03-03 11:10:00,420.1
2020-03-03 11:20:00,420.1
2020-03-03 11:30:00,420.3
2020-03-03 11:40:00,420.4
2020-03-03 11:50:00,420.2
2020-03-03 12:00:00,420.3
2020-03-03 12:10:00,420.0
2020-03-03 12:20:00,420.3
2020-03-03 12:30:00,420.3
2020-03-03 12:40:00,420.6
2020-03-03 12:50:00,420.5
2020-03-03 13:00:00,420.6
2020-03-03 13:10:00,420.5
2020-03-03 13:20:00,420.2
2020-03-03 13:30:00,420.3
2020-03-03 13:40:00,420.3
2020-03-03 13:50:00,420.5
2020-03-03 14:00:00,420.4
2020-03-03 14:10:00,420.0
2020-03-03 14:20:00,419.9
2020-03-03 14:30:00,419.6
2020-03-03 14:40:00,419.4
2020-03-03 14:50:00,419.4
2020-03-03 15:00:00,419.7
2020-03-03 15:10:00,419.4
2020-03-03 15:20:00,419.0
2020-03-03 15:30:00,418.9
2020-03-03 15:40:00,418.6
2020-03-03 15:50:00,418.9
2020-03-03 16:00:00,418.9
2020-03-03 16:10:00,419.0
2020-03-03 16:20:00,419.2
2020-03-03 16:30:00,419.1
2020-03-03 16:40:00,419.4
2020-03-03 16:50:00,419.5
2020-03-03 17:00:00,419.4
2020-03-03 17:10:00,419.5
2020-03-03 17:20:00,419.5
2020-03-03 17:30:00,419.9
2020-03-03 17:40:00,420.0
2020-03-03 17:50:00,419.9
2020-03-03 18:00:00,420.0
2020-03-03 18:10:00,420.5
2020-03-03 18:20:00,420.5
2020-03-03 18:30:00,420.5
2020-03-03 18:40:00,420.6
2020-03-03 18:50:00,420.9
2020-03-03 19:00:00,420.9
2020-03-03 19:10:00,421.2
2020-03-03 19:20:00,421.5
2020-03-03 19:30:00,422.0
2020-03-03 19:40:00,422.5
2020-03-03 19:50:00,422.2
2020-03-03 20:00:00,423.0
2020-03-03 20:10:00,423.3
2020-03-03 20:20:00,423.4
2020-03-03 20:30:00,424.0
2020-03-03 20:40:00,423.0
2020-03-03 20:50:00,423.4
2020-03-03 21:00:00,423.6
2020-03-03 21:10:00,429.1
2020-03-03 21:20:00,431.4
2020-03-03 21:30:00,431.8
2020-03-03 21:40:00,432.4
2020-03-03 21:50:00,431.4
2020-03-03 22:00:00,430.1
2020-03-03 22:10:00,426.9
2020-03-03 22:20:00,424.3
2020-03-03 22:30:00,425.1
2020-03-03 22:40:00,425.9
2020-03-03 22:50:00,426.3
2020-03-03 23:00:00,429.4
2020-03-03 23:10:00,432.8
2020-03-03 23:20:00,434.4
2020-03-03 23:30:00,434.5
2020-03-03 23:40:00,433.7
2020-03-03 23:50:00,434.1
2020-03-04 00:00:00,435.5
2020-03-04 00:10:00,437.7
2020-03-04 00:20:00,438.3
2020-03-04 00:30:00,437.6
2020-03-04 00:40:00,437.9
2020-03-04 00:50:00,438.8
2020-03-04 01:00:00,437.2
2020-03-04 01:10:00,436.4
2020-03-04 01:20:00,436.4
2020-03-04 01:30:00,436.3
2020-03-04 01:40:00,435.3
2020-03-04 01:50:00,434.5
2020-03-04 02:00:00,435.7
2020-03-04 02:10:00,436.3
2020-03-04 02:20:00,439.3
2020-03-04 02:30:00,439.9
2020-03-04 02:40:00,439.6
2020-03-04 02:50:00,439.2
2020-03-04 03:00:00,439.2
2020-03-04 03:10:00,438.6
2020-03-04 03:20:00,438.4
2020-03-04 03:30:00,438.5
2020-03-04 03:40:00,438.1
2020-03-04 03:50:00,438.5
2020-03-04 04:00:00,438.3
2020-03-04 04:10:00,437.2
2020-03-04 04:20:00,438.2
2020-03-04 04:30:00,438.1
2020-03-04 04:40:00,438.4
2020-03-04 04:50:00,438.1
2020-03-04 05:00:00,438.1
2020-03-04 05:10:00,438.7
2020-03-04 05:20:00,439.7
2020-03-04 05:30:00,439.3
2020-03-04 05:40:00,438.2
2020-03-04 05:50:00,438.0
2020-03-04 06:00:00,437.5
2020-03-04 06:10:00,437.3
2020-03-04 06:20:00,438.5
2020-03-04 06:30:00,438.7
2020-03-04 06:40:00,439.6
2020-03-04 06:50:00,440.3
2020-03-04 07:00:00,440.6
2020-03-04 07:10:00,442.9
2020-03-04 07:20:00,444.0
2020-03-04 07:30:00,443.3
2020-03-04 07:40:00,442.3
2020-03-04 07:50:00,440.2
2020-03-04 08:00:00,440.9
2020-03-04 08:10:00,443.3
2020-03-04 08:20:00,442.5
2020-03-04 08:30:00,443.3
2020-03-04 08:40:00,441.9
2020-03-04 08:50:00,441.6
2020-03-04 09:00:00,441.8
2020-03-04 09:10:00,440.9
2020-03-04 09:20:00,439.3
2020-03-04 09:30:00,438.7
2020-03-04 09:40:00,438.8
2020-03-04 09:50:00,440.2
2020-03-04 10:00:00,439.9
2020-03-04 10:10:00,435.4
2020-03-04 10:20:00,425.5
2020-03-04 10:30:00,422.8
2020-03-04 10:40:00,422.5
2020-03-04 10:50:00,421.9
2020-03-04 11:00:00,421.5
2020-03-04 11:10:00,420.2
2020-03-04 11:20:00,419.9
2020-03-04 11:30:00,419.9
2020-03-04 11:40:00,419.7
2020-03-04 11:50:00,420.0
2020-03-04 12:00:00,420.5
2020-03-04 12:10:00,420.4
2020-03-04 12:20:00,420.4
2020-03-04 12:30:00,420.0
2020-03-04 12:40:00,419.7
2020-03-04 12:50:00,419.2
2020-03-04 13:00:00,418.9
2020-03-04 13:10:00,419.5
2020-03-04 13:20:00,420.0
2020-03-04 13:30:00,420.3
2020-03-04 13:40:00,420.9
2020-03-04 13:50:00,421.4
2020-03-04 14:00:00,421.8
2020-03-04 14:10:00,422.3
2020-03-04 14:20:00,422.7
2020-03-04 14:30:00,422.9
2020-03-04 14:40:00,423.3
2020-03-04 14:50:00,423.9
2020-03-04 15:00:00,424.4
2020-03-04 15:10:00,424.8
2020-03-04 15:20:00,425.1
2020-03-04 15:30:00,425.5
2020-03-04 15:40:00,425.6
2020-03-04 15:50:00,425.7
2020-03-04 16:00:00,426.3
2020-03-04 16:10:00,426.4
2020-03-04 16:20:00,426.7
2020-03-04 16:30:00,426.4
2020-03-04 16:40:00,426.7
2020-03-04 16:50:00,425.5
2020-03-04 17:00:00,424.8
2020-03-04 17:10:00,424.7
2020-03-04 17:20:00,425.1
2020-03-04 17:30:00,425.7
2020-03-04 17:40:00,425.9
2020-03-04 17:50:00,426.4
2020-03-04 18:00:00,426.6
2020-03-04 18:10:00,426.6
2020-03-04 18:20:00,426.9
2020-03-04 18:30:00,427.4
2020-03-04 18:40:00,427.9
2020-03-04 18:50:00,429.1
2020-03-04 19:00:00,430.1
2020-03-04 19:10:00,429.3
2020-03-04 19:20:00,429.1
2020-03-04 19:30:00,430.0
2020-03-04 19:40:00,430.7
2020-03-04 19:50:00,430.6
2020-03-04 20:00:00,431.4
2020-03-04 20:10:00,431.3
2020-03-04 20:20:00,431.4
2020-03-04 20:30:00,431.0
2020-03-04 20:40:00,430.1
2020-03-04 20:50:00,429.0
2020-03-04 21:00:00,429.5
2020-03-04 21:10:00,430.2
2020-03-04 21:20:00,429.1
2020-03-04 21:30:00,428.9
2020-03-04 21:40:00,429.3
2020-03-04 21:50:00,429.3
2020-03-04 22:00:00,430.1
2020-03-04 22:10:00,431.7
2020-03-04 22:20:00,432.9
2020-03-04 22:30:00,435.5
2020-03-04 22:40:00,436.5
2020-03-04 22:50:00,435.6
2020-03-04 23:00:00,437.4
2020-03-04 23:10:00,437.8
2020-03-04 23:20:00,436.9
2020-03-04 23:30:00,437.0
2020-03-04 23:40:00,436.9
2020-03-04 23:50:00,434.9
2020-03-05 00:00:00,436.1
2020-03-05 00:10:00,438.1
2020-03-05 00:20:00,438.2
2020-03-05 00:30:00,438.1
2020-03-05 00:40:00,437.3
2020-03-05 00:50:00,436.8
2020-03-05 01:00:00,435.5
2020-03-05 01:10:00,437.3
2020-03-05 01:20:00,435.7
2020-03-05 01:30:00,436.8
2020-03-05 01:40:00,437.9
2020-03-05 01:50:00,439.7
2020-03-05 02:00:00,444.0
2020-03-05 02:10:00,449.3
2020-03-05 02:20:00,450.8
2020-03-05 02:30:00,447.1
2020-03-05 02:40:00,445.6
2020-03-05 02:50:00,442.7
2020-03-05 03:00:00,440.4
2020-03-05 03:10:00,439.0
2020-03-05 03:20:00,437.6
2020-03-05 03:30:00,435.2
2020-03-05 03:40:00,434.1
2020-03-05 03:50:00,434.2
2020-03-05 04:00:00,432.0
2020-03-05 04:10:00,431.6
2020-03-05 04:20:00,431.6
2020-03-05 04:30:00,431.1
2020-03-05 04:40:00,431.6
2020-03-05 04:50:00,434.7
2020-03-05 05:00:00,435.5
2020-03-05 05:10:00,435.6
2020-03-05 05:20:00,435.7
2020-03-05 05:30:00,435.2
2020-03-05 05:40:00,434.8
2020-03-05 05:50:00,436.3
2020-03-05 06:00:00,436.6
2020-03-05 06:10:00,437.3
2020-03-05 06:20:00,436.1
2020-03-05 06:30:00,435.8
2020-03-05 06:40:00,434.7
2020-03-05 06:50:00,435.8
2020-03-05 07:00:00,445.4
2020-03-05 07:10:00,451.8
2020-03-05 07:20:00,450.2
2020-03-05 07:30:00,451.5
2020-03-05 07:40:00,447.5
2020-03-05 07:50:00,444.2
2020-03-05 08:00:00,437.5
2020-03-05 08:10:00,440.7
2020-03-05 08:20:00,439.7
2020-03-05 08:30:00,443.3
2020-03-05 08:40:00,450.0
2020-03-05 08:50:00,446.6
2020-03-05 09:00:00,447.6
2020-03-05 09:10:00,442.5
2020-03-05 09:20:00,442.4
2020-03-05 09:30:00,440.3
2020-03-05 09:40:00,439.0
2020-03-05 09:50:00,435.8
2020-03-05 10:00:00,436.3
2020-03-05 10:10:00,435.5
2020-03-05 10:20:00,432.5
2020-03-05 10:30:00,430.9
2020-03-05 10:40:00,430.2
2020-03-05 10:50:00,428.1
2020-03-05 11:00:00,424.9
2020-03-05 11:10:00,422.0
2020-03-05 11:20:00,420.7
2020-03-05 11:30:00,419.7
2020-03-05 11:40:00,418.9
2020-03-05 11:50:00,418.4
2020-03-05 12:00:00,418.3
2020-03-05 12:10:00,417.8
2020-03-05 12:20:00,417.7
2020-03-05 12:30:00,417.6
2020-03-05 12:40:00,417.7
2020-03-05 12:50:00,418.0
2020-03-05 13:00:00,418.8
2020-03-05 13:10:00,417.1
2020-03-05 13:20:00,417.1
2020-03-05 13:30:00,417.3
2020-03-05 13:40:00,416.3
2020-03-05 13:50:00,416.3
2020-03-05 14:00:00,416.6
2020-03-05 14:10:00,416.5
2020-03-05 14:20:00,416.4
2020-03-05 14:30:00,416.2
2020-03-05 14:40:00,416.4
2020-03-05 14:50:00,416.4
2020-03-05 15:00:00,416.1
2020-03-05 15:10:00,416.0
2020-03-05 15:20:00,416.4
2020-03-05 15:30:00,416.6
2020-03-05 15:40:00,416.5
2020-03-05 15:50:00,417.0
2020-03-05 16:00:00,417.1
2020-03-05 16:10:00,417.0
2020-03-05 16:20:00,417.1
2020-03-05 16:30:00,417.2
2020-03-05 16:40:00,417.0
2020-03-05 16:50:00,417.3
2020-03-05 17:00:00,419.1
2020-03-05 17:10:00,419.2
2020-03-05 17:20:00,420.0
2020-03-05 17:30:00,420.5
2020-03-05 17:40:00,419.8
2020-03-05 17:50:00,419.6
2020-03-05 18:00:00,420.5
2020-03-05 18:10:00,423.3
2020-03-05 18:20:00,422.8
2020-03-05 18:30:00,420.8
2020-03-05 18:40:00,420.7
2020-03-05 18:50:00,420.2
2020-03-05 19:00:00,420.8
2020-03-05 19:10:00,420.9
2020-03-05 19:20:00,421.5
2020-03-05 19:30:00,420.9
2020-03-05 19:40:00,418.0
2020-03-05 19:50:00,417.9
2020-03-05 20:00:00,417.5
2020-03-05 20:10:00,418.1
2020-03-05 20:20:00,418.5
2020-03-05 20:30:00,419.3
2020-03-05 20:40:00,421.4
2020-03-05 20:50:00,421.0
2020-03-05 21:00:00,422.1
2020-03-05 21:10:00,423.0
2020-03-05 21:20:00,423.7
2020-03-05 21:30:00,423.7
2020-03-05 21:40:00,424.2
2020-03-05 21:50:00,424.6
2020-03-05 22:00:00,424.0
2020-03-05 22:10:00,424.2
2020-03-05 22:20:00,424.0
2020-03-05 22:30:00,423.2
2020-03-05 22:40:00,422.4
2020-03-05 22:50:00,423.8
2020-03-05 23:00:00,423.4
2020-03-05 23:10:00,423.1
2020-03-05 23:20:00,423.3
2020-03-05 23:30:00,423.1
2020-03-05 23:40:00,423.3
2020-03-05 23:50:00,422.8
2020-03-06 00:00:00,422.6
2020-03-06 00:10:00,423.6
2020-03-06 00:20:00,423.6
2020-03-06 00:30:00,423.6
2020-03-06 00:40:00,423.0
2020-03-06 00:50:00,423.1
2020-03-06 01:00:00,423.3
2020-03-06 01:10:00,423.5
2020-03-06 01:20:00,423.8
2020-03-06 01:30:00,424.2
2020-03-06 01:40:00,424.2
2020-03-06 01:50:00,423.9
2020-03-06 02:00:00,424.9
2020-03-06 02:10:00,425.4
2020-03-06 02:20:00,424.4
2020-03-06 02:30:00,423.9
2020-03-06 02:40:00,424.4
2020-03-06 02:50:00,425.1
2020-03-06 03:00:00,424.8
2020-03-06 03:10:00,425.9
2020-03-06 03:20:00,425.4
2020-03-06 03:30:00,427.0
2020-03-06 03:40:00,426.8
2020-03-06 03:50:00,427.4
2020-03-06 04:00:00,425.9
2020-03-06 04:10:00,425.6
2020-03-06 04:20:00,426.9
2020-03-06 04:30:00,427.9
2020-03-06 04:40:00,427.9
2020-03-06 04:50:00,428.4
2020-03-06 05:00:00,428.7
2020-03-06 05:10:00,428.7
2020-03-06 05:20:00,429.3
2020-03-06 05:30:00,429.3
2020-03-06 05:40:00,428.7
2020-03-06 05:50:00,429.1
2020-03-06 06:00:00,429.4
2020-03-06 06:10:00,431.0
2020-03-06 06:20:00,432.7
2020-03-06 06:30:00,433.3
2020-03-06 06:40:00,433.4
2020-03-06 06:50:00,434.2
2020-03-06 07:00:00,433.5
2020-03-06 07:10:00,432.4
2020-03-06 07:20:00,429.7
2020-03-06 07:30:00,427.7
2020-03-06 07:40:00,427.9
2020-03-06 07:50:00,426.9
2020-03-06 08:00:00,426.5
2020-03-06 08:10:00,426.5
2020-03-06 08:20:00,426.0
2020-03-06 08:30:00,426.0
2020-03-06 08:40:00,426.1
2020-03-06 08:50:00,425.5
2020-03-06 09:00:00,426.1
2020-03-06 09:10:00,426.0
2020-03-06 09:20:00,425.3
2020-03-06 09:30:00,424.9
2020-03-06 09:40:00,425.1
2020-03-06 09:50:00,425.1
2020-03-06 10:00:00,425.2
2020-03-06 10:10:00,425.6
2020-03-06 10:20:00,425.8
2020-03-06 10:30:00,426.0
2020-03-06 10:40:00,426.0
2020-03-06 10:50:00,426.2
2020-03-06 11:00:00,426.2
2020-03-06 11:10:00,426.6
2020-03-06 11:20:00,426.7
2020-03-06 11:30:00,427.0
2020-03-06 11:40:00,427.1
2020-03-06 11:50:00,427.4
2020-03-06 12:00:00,427.7
2020-03-06 12:10:00,428.5
2020-03-06 12:20:00,428.6
2020-03-06 12:30:00,429.0
2020-03-06 12:40:00,429.3
2020-03-06 12:50:00,430.1
2020-03-06 13:00:00,430.0
2020-03-06 13:10:00,430.1
2020-03-06 13:20:00,430.5
2020-03-06 13:30:00,431.1
2020-03-06 13:40:00,431.2
2020-03-06 13:50:00,431.3
2020-03-06 14:00:00,431.7
2020-03-06 14:10:00,432.4
2020-03-06 14:20:00,433.0
2020-03-06 14:30:00,433.2
2020-03-06 14:40:00,433.5
2020-03-06 14:50:00,434.0
2020-03-06 15:00:00,434.3
2020-03-06 15:10:00,434.0
2020-03-06 15:20:00,434.0
2020-03-06 15:30:00,434.2
2020-03-06 15:40:00,434.3
2020-03-06 15:50:00,434.4
2020-03-06 16:00:00,434.6
2020-03-06 16:10:00,435.0
2020-03-06 16:20:00,433.3
2020-03-06 16:30:00,432.5
2020-03-06 16:40:00,430.9
2020-03-06 16:50:00,430.4
2020-03-06 17:00:00,429.7
2020-03-06 17:10:00,428.6
2020-03-06 17:20:00,427.9
2020-03-06 17:30:00,428.1
2020-03-06 17:40:00,428.1
2020-03-06 17:50:00,428.5
2020-03-06 18:00:00,428.6
2020-03-06 18:10:00,429.0
2020-03-06 18:20:00,429.1
2020-03-06 18:30:00,429.2
2020-03-06 18:40:00,429.3
2020-03-06 18:50:00,429.7
2020-03-06 19:00:00,430.0
2020-03-06 19:10:00,429.5
2020-03-06 19:20:00,429.4
2020-03-06 19:30:00,429.5
2020-03-06 19:40:00,429.5
2020-03-06 19:50:00,429.6
2020-03-06 20:00:00,429.7
2020-03-06 20:10:00,429.5
2020-03-06 20:20:00,429.5
2020-03-06 20:30:00,429.7
2020-03-06 20:40:00,429.5
2020-03-06 20:50:00,429.4
2020-03-06 21:00:00,429.2
2020-03-06 21:10:00,429.0
2020-03-06 21:20:00,428.8
2020-03-06 21:30:00,428.7
2020-03-06 21:40:00,428.5
2020-03-06 21:50:00,428.1
2020-03-06 22:00:00,427.9
2020-03-06 22:10:00,427.7
2020-03-06 22:20:00,427.7
2020-03-06 22:30:00,427.6
2020-03-06 22:40:00,427.7
2020-03-06 22:50:00,428.1
2020-03-06 23:00:00,428.4
2020-03-06 23:10:00,428.6
2020-03-06 23:20:00,428.3
2020-03-06 23:30:00,428.3
2020-03-06 23:40:00,428.3
2020-03-06 23:50:00,428.3
2020-03-07 00:00:00,428.3
2020-03-07 00:10:00,429.0
2020-03-07 00:20:00,428.3
2020-03-07 00:30:00,427.7
2020-03-07 00:40:00,427.5
2020-03-07 00:50:00,427.2
2020-03-07 01:00:00,427.2
2020-03-07 01:10:00,427.2
2020-03-07 01:20:00,427.2
2020-03-07 01:30:00,427.1
2020-03-07 01:40:00,427.1
2020-03-07 01:50:00,427.2
2020-03-07 02:00:00,427.2
2020-03-07 02:10:00,427.2
2020-03-07 02:20:00,427.2
2020-03-07 02:30:00,427.2
2020-03-07 02:40:00,427.2
2020-03-07 02:50:00,427.3
2020-03-07 03:00:00,427.6
2020-03-07 03:10:00,427.7
2020-03-07 03:20:00,427.7
2020-03-07 03:30:00,427.7
2020-03-07 03:40:00,427.7
2020-03-07 03:50:00,427.8
2020-03-07 04:00:00,428.0
2020-03-07 04:10:00,428.1
2020-03-07 04:20:00,428.1
2020-03-07 04:30:00,427.7
2020-03-07 04:40:00,427.7
2020-03-07 04:50:00,427.7
2020-03-07 05:00:00,427.7
2020-03-07 05:10:00,427.6
2020-03-07 05:20:00,427.6
2020-03-07 05:30:00,427.7
2020-03-07 05:40:00,427.6
2020-03-07 05:50:00,427.1
2020-03-07 06:00:00,427.2
2020-03-07 06:10:00,427.2
2020-03-07 06:20:00,426.9
2020-03-07 06:30:00,426.2
2020-03-07 06:40:00,426.2
2020-03-07 06:50:00,425.9
2020-03-07 07:00:00,425.7
2020-03-07 07:10:00,425.7
2020-03-07 07:20:00,425.5
2020-03-07 07:30:00,425.7
2020-03-07 07:40:00,425.7
2020-03-07 07:50:00,425.5
2020-03-07 08:00:00,425.2
2020-03-07 08:10:00,425.5
2020-03-07 08:20:00,425.7
2020-03-07 08:30:00,425.6
2020-03-07 08:40:00,425.2
2020-03-07 08:50:00,424.7
2020-03-07 09:00:00,424.7
2020-03-07 09:10:00,424.6
2020-03-07 09:20:00,424.3
2020-03-07 09:30:00,424.0
2020-03-07 09:40:00,423.3
2020-03-07 09:50:00,422.8
2020-03-07 10:00:00,422.5
2020-03-07 10:10:00,422.1
2020-03-07 10:20:00,421.7
2020-03-07 10:30:00,421.4
2020-03-07 10:40:00,421.3
2020-03-07 10:50:00,420.9
2020-03-07 11:00:00,420.7
2020-03-07 11:10:00,421.2
2020-03-07 11:20:00,422.0
2020-03-07 11:30:00,422.3
2020-03-07 11:40:00,421.9
2020-03-07 11:50:00,421.8
2020-03-07 12:00:00,421.1
2020-03-07 12:10:00,420.3
2020-03-07 12:20:00,420.5
2020-03-07 12:30:00,420.4
2020-03-07 12:40:00,420.1
2020-03-07 12:50:00,420.0
2020-03-07 13:00:00,419.9
2020-03-07 13:10:00,419.9
2020-03-07 13:20:00,419.9
2020-03-07 13:30:00,419.8
2020-03-07 13:40:00,419.6
2020-03-07 13:50:00,419.6
2020-03-07 14:00:00,419.5
2020-03-07 14:10:00,419.7
2020-03-07 14:20:00,419.4
2020-03-07 14:30:00,419.6
2020-03-07 14:40:00,420.9
2020-03-07 14:50:00,421.7
2020-03-07 15:00:00,421.8
2020-03-07 15:10:00,421.7
2020-03-07 15:20:00,421.2
2020-03-07 15:30:00,420.8
2020-03-07 15:40:00,420.9
2020-03-07 15:50:00,421.1
2020-03-07 16:00:00,420.9
2020-03-07 16:10:00,420.6
2020-03-07 16:20:00,420.4
2020-03-07 16:30:00,420.4
2020-03-07 16:40:00,420.2
2020-03-07 16:50:00,419.9
2020-03-07 17:00:00,419.9
2020-03-07 17:10:00,420.0
2020-03-07 17:20:00,419.9
2020-03-07 17:30:00,419.9
2020-03-07 17:40:00,419.9
2020-03-07 17:50:00,420.3
2020-03-07 18:00:00,420.4
2020-03-07 18:10:00,420.5
2020-03-07 18:20:00,420.5
2020-03-07 18:30:00,420.7
2020-03-07 18:40:00,421.0
2020-03-07 18:50:00,421.4
2020-03-07 19:00:00,422.3
2020-03-07 19:10:00,422.5
2020-03-07 19:20:00,422.5
2020-03-07 19:30:00,422.3
2020-03-07 19:40:00,422.9
2020-03-07 19:50:00,423.4
2020-03-07 20:00:00,422.6
2020-03-07 20:10:00,423.1
2020-03-07 20:20:00,423.1
2020-03-07 20:30:00,422.8
2020-03-07 20:40:00,422.7
2020-03-07 20:50:00,422.2
2020-03-07 21:00:00,422.2
2020-03-07 21:10:00,422.0
2020-03-07 21:20:00,422.1
2020-03-07 21:30:00,422.2
2020-03-07 21:40:00,422.3
2020-03-07 21:50:00,422.0
2020-03-07 22:00:00,422.2
2020-03-07 22:10:00,422.6
2020-03-07 22:20:00,423.0
2020-03-07 22:30:00,423.1
2020-03-07 22:40:00,423.2
2020-03-07 22:50:00,423.3
2020-03-07 23:00:00,423.6
2020-03-07 23:10:00,423.7
2020-03-07 23:20:00,423.7
2020-03-07 23:30:00,424.0
2020-03-07 23:40:00,423.9
2020-03-07 23:50:00,424.1
2020-03-08 00:00:00,424.2
2020-03-08 00:10:00,425.6
2020-03-08 00:20:00,425.1
2020-03-08 00:30:00,425.5
2020-03-08 00:40:00,425.4
2020-03-08 00:50:00,426.1
2020-03-08 01:00:00,426.8
2020-03-08 01:10:00,426.6
2020-03-08 01:20:00,426.0
2020-03-08 01:30:00,425.8
2020-03-08 01:40:00,426.0
2020-03-08 01:50:00,425.9
2020-03-08 02:00:00,425.9
2020-03-08 02:10:00,426.4
2020-03-08 02:20:00,428.4
2020-03-08 02:30:00,429.4
2020-03-08 02:40:00,428.4
2020-03-08 02:50:00,428.5
2020-03-08 03:00:00,430.1
2020-03-08 03:10:00,432.5
2020-03-08 03:20:00,433.4
2020-03-08 03:30:00,434.6
2020-03-08 03:40:00,435.4
2020-03-08 03:50:00,436.6
2020-03-08 04:00:00,437.2
2020-03-08 04:10:00,437.0
2020-03-08 04:20:00,437.8
2020-03-08 04:30:00,437.2
2020-03-08 04:40:00,436.9
2020-03-08 04:50:00,436.9
2020-03-08 05:00:00,437.6
2020-03-08 05:10:00,438.4
2020-03-08 05:20:00,438.9
2020-03-08 05:30:00,438.5
2020-03-08 05:40:00,438.5
2020-03-08 05:50:00,438.2
2020-03-08 06:00:00,438.2
2020-03-08 06:10:00,440.3
2020-03-08 06:20:00,441.1
2020-03-08 06:30:00,440.3
2020-03-08 06:40:00,439.9
2020-03-08 06:50:00,440.4
2020-03-08 07:00:00,439.8
2020-03-08 07:10:00,438.5
2020-03-08 07:20:00,438.2
2020-03-08 07:30:00,438.0
2020-03-08 07:40:00,438.1
2020-03-08 07:50:00,438.4
2020-03-08 08:00:00,438.3
2020-03-08 08:10:00,439.7
2020-03-08 08:20:00,439.1
2020-03-08 08:30:00,437.7
2020-03-08 08:40:00,435.9
2020-03-08 08:50:00,435.2
2020-03-08 09:00:00,435.1
2020-03-08 09:10:00,434.1
2020-03-08 09:20:00,433.6
2020-03-08 09:30:00,432.8
2020-03-08 09:40:00,430.8
2020-03-08 09:50:00,429.7
2020-03-08 10:00:00,430.6
2020-03-08 10:10:00,428.8
2020-03-08 10:20:00,427.5
2020-03-08 10:30:00,426.9
2020-03-08 10:40:00,426.4
2020-03-08 10:50:00,425.7
2020-03-08 11:00:00,425.8
2020-03-08 11:10:00,422.6
2020-03-08 11:20:00,421.1
2020-03-08 11:30:00,420.7
2020-03-08 11:40:00,420.3
2020-03-08 11:50:00,419.9
2020-03-08 12:00:00,419.6
2020-03-08 12:10:00,419.5
2020-03-08 12:20:00,419.4
2020-03-08 12:30:00,418.7
2020-03-08 12:40:00,418.8
2020-03-08 12:50:00,418.4
2020-03-08 13:00:00,418.4
2020-03-08 13:10:00,418.2
2020-03-08 13:20:00,417.9
2020-03-08 13:30:00,417.8
2020-03-08 13:40:00,417.9
2020-03-08 13:50:00,418.1
2020-03-08 14:00:00,418.5
2020-03-08 14:10:00,418.7
2020-03-08 14:20:00,418.9
2020-03-08 14:30:00,419.1
2020-03-08 14:40:00,419.3
2020-03-08 14:50:00,419.2
2020-03-08 15:00:00,419.1
2020-03-08 15:10:00,419.1
2020-03-08 15:20:00,419.1
2020-03-08 15:30:00,419.1
2020-03-08 15:40:00,418.9
2020-03-08 15:50:00,418.6
2020-03-08 16:00:00,418.3
2020-03-08 16:10:00,418.3
2020-03-08 16:20:00,418.2
2020-03-08 16:30:00,418.1
2020-03-08 16:40:00,417.8
2020-03-08 16:50:00,417.6
2020-03-08 17:00:00,417.7
2020-03-08 17:10:00,417.7
2020-03-08 17:20:00,417.8
2020-03-08 17:30:00,418.2
2020-03-08 17:40:00,418.4
2020-03-08 17:50:00,418.5
2020-03-08 18:00:00,418.7
2020-03-08 18:10:00,419.1
2020-03-08 18:20:00,418.3
2020-03-08 18:30:00,420.3
2020-03-08 18:40:00,420.3
2020-03-08 18:50:00,421.1
2020-03-08 19:00:00,422.1
2020-03-08 19:10:00,422.7
2020-03-08 19:20:00,422.8
2020-03-08 19:30:00,422.4
2020-03-08 19:40:00,422.1
2020-03-08 19:50:00,423.0
2020-03-08 20:00:00,424.0
2020-03-08 20:10:00,422.6
2020-03-08 20:20:00,420.8
2020-03-08 20:30:00,421.4
2020-03-08 20:40:00,421.4
2020-03-08 20:50:00,419.9
2020-03-08 21:00:00,420.5
2020-03-08 21:10:00,420.4
2020-03-08 21:20:00,420.4
2020-03-08 21:30:00,421.4
2020-03-08 21:40:00,420.3
2020-03-08 21:50:00,420.8
2020-03-08 22:00:00,422.6
2020-03-08 22:10:00,423.1
2020-03-08 22:20:00,426.4
2020-03-08 22:30:00,428.7
2020-03-08 22:40:00,429.2
2020-03-08 22:50:00,429.2
2020-03-08 23:00:00,429.6
2020-03-08 23:10:00,430.5
2020-03-08 23:20:00,431.0
2020-03-08 23:30:00,429.4
2020-03-08 23:40:00,429.2
2020-03-08 23:50:00,426.2
2020-03-09 00:00:00,425.9
2020-03-09 00:10:00,424.8
2020-03-09 00:20:00,424.5
2020-03-09 00:30:00,424.7
2020-03-09 00:40:00,424.3
2020-03-09 00:50:00,424.8
2020-03-09 01:00:00,424.6
2020-03-09 01:10:00,425.5
2020-03-09 01:20:00,425.0
2020-03-09 01:30:00,425.1
2020-03-09 01:40:00,425.0
2020-03-09 01:50:00,424.3
2020-03-09 02:00:00,424.7
2020-03-09 02:10:00,424.7
2020-03-09 02:20:00,426.3
2020-03-09 02:30:00,426.5
2020-03-09 02:40:00,425.5
2020-03-09 02:50:00,426.7
2020-03-09 03:00:00,427.5
2020-03-09 03:10:00,426.2
2020-03-09 03:20:00,426.8
2020-03-09 03:30:00,425.0
2020-03-09 03:40:00,424.9
2020-03-09 03:50:00,426.3
2020-03-09 04:00:00,428.5
2020-03-09 04:10:00,430.0
2020-03-09 04:20:00,429.2
2020-03-09 04:30:00,429.7
2020-03-09 04:40:00,430.4
2020-03-09 04:50:00,431.0
2020-03-09 05:00:00,431.1
2020-03-09 05:10:00,431.5
2020-03-09 05:20:00,431.2
2020-03-09 05:30:00,430.7
2020-03-09 05:40:00,430.4
2020-03-09 05:50:00,430.2
2020-03-09 06:00:00,430.9
2020-03-09 06:10:00,429.6
2020-03-09 06:20:00,429.7
2020-03-09 06:30:00,431.4
2020-03-09 06:40:00,432.1
2020-03-09 06:50:00,436.5
2020-03-09 07:00:00,437.3
2020-03-09 07:10:00,435.7
2020-03-09 07:20:00,436.4
2020-03-09 07:30:00,436.6
2020-03-09 07:40:00,435.3
2020-03-09 07:50:00,434.4
2020-03-09 08:00:00,436.6
2020-03-09 08:10:00,436.5
2020-03-09 08:20:00,440.4
2020-03-09 08:30:00,437.6
2020-03-09 08:40:00,436.3
2020-03-09 08:50:00,435.1
2020-03-09 09:00:00,434.3
2020-03-09 09:10:00,434.2
2020-03-09 09:20:00,430.6
2020-03-09 09:30:00,428.9
2020-03-09 09:40:00,421.6
2020-03-09 09:50:00,420.4
2020-03-09 10:00:00,419.8
2020-03-09 10:10:00,419.8
2020-03-09 10:20:00,419.5
2020-03-09 10:30:00,419.2
2020-03-09 10:40:00,418.9
2020-03-09 10:50:00,418.8
2020-03-09 11:00:00,418.4
2020-03-09 11:10:00,418.4
2020-03-09 11:20:00,418.6
2020-03-09 11:30:00,418.6
2020-03-09 11:40:00,418.9
2020-03-09 11:50:00,418.7
2020-03-09 12:00:00,418.9
2020-03-09 12:10:00,418.8
2020-03-09 12:20:00,419.1
2020-03-09 12:30:00,419.4
2020-03-09 12:40:00,418.8
2020-03-09 12:50:00,418.6
2020-03-09 13:00:00,418.7
2020-03-09 13:10:00,418.5
2020-03-09 13:20:00,418.2
2020-03-09 13:30:00,418.2
2020-03-09 13:40:00,418.3
2020-03-09 13:50:00,418.2
2020-03-09 14:00:00,418.3
2020-03-09 14:10:00,418.3
2020-03-09 14:20:00,418.2
2020-03-09 14:30:00,418.2
2020-03-09 14:40:00,418.6
2020-03-09 14:50:00,418.7
2020-03-09 15:00:00,418.7
2020-03-09 15:10:00,418.6
2020-03-09 15:20:00,418.4
2020-03-09 15:30:00,418.2
2020-03-09 15:40:00,418.2
2020-03-09 15:50:00,418.5
2020-03-09 16:00:00,418.2
2020-03-09 16:10:00,418.4
2020-03-09 16:20:00,418.2
2020-03-09 16:30:00,418.5
2020-03-09 16:40:00,417.8
2020-03-09 16:50:00,417.7
2020-03-09 17:00:00,417.9
2020-03-09 17:10:00,418.3
2020-03-09 17:20:00,418.4
2020-03-09 17:30:00,418.7
2020-03-09 17:40:00,418.5
2020-03-09 17:50:00,418.6
2020-03-09 18:00:00,418.7
2020-03-09 18:10:00,418.7
2020-03-09 18:20:00,418.8
2020-03-09 18:30:00,419.0
2020-03-09 18:40:00,419.2
2020-03-09 18:50:00,420.2
2020-03-09 19:00:00,421.3
2020-03-09 19:10:00,421.4
2020-03-09 19:20:00,422.2
2020-03-09 19:30:00,422.3
2020-03-09 19:40:00,422.1
2020-03-09 19:50:00,422.2
2020-03-09 20:00:00,422.2
2020-03-09 20:10:00,422.2
2020-03-09 20:20:00,423.1
2020-03-09 20:30:00,424.1
2020-03-09 20:40:00,423.6
2020-03-09 20:50:00,424.1
2020-03-09 21:00:00,423.3
2020-03-09 21:10:00,423.6
2020-03-09 21:20:00,424.0
2020-03-09 21:30:00,423.8
2020-03-09 21:40:00,423.4
2020-03-09 21:50:00,423.5
2020-03-09 22:00:00,423.9
2020-03-09 22:10:00,423.8
2020-03-09 22:20:00,424.2
2020-03-09 22:30:00,425.3
2020-03-09 22:40:00,425.1
2020-03-09 22:50:00,424.8
2020-03-09 23:00:00,424.2
2020-03-09 23:10:00,424.7
2020-03-09 23:20:00,424.9
2020-03-09 23:30:00,425.4
2020-03-09 23:40:00,425.7
2020-03-09 23:50:00,426.5
2020-03-10 00:00:00,427.0
2020-03-10 00:10:00,427.0
2020-03-10 00:20:00,426.7
2020-03-10 00:30:00,425.7
2020-03-10 00:40:00,425.4
2020-03-10 00:50:00,424.5
2020-03-10 01:00:00,424.1
2020-03-10 01:10:00,426.7
2020-03-10 01:20:00,427.2
2020-03-10 01:30:00,426.6
2020-03-10 01:40:00,426.5
2020-03-10 01:50:00,424.8
2020-03-10 02:00:00,425.4
2020-03-10 02:10:00,425.5
2020-03-10 02:20:00,426.1
2020-03-10 02:30:00,425.4
2020-03-10 02:40:00,425.6
2020-03-10 02:50:00,425.3
2020-03-10 03:00:00,425.2
2020-03-10 03:10:00,425.6
2020-03-10 03:20:00,425.6
2020-03-10 03:30:00,425.6
2020-03-10 03:40:00,425.8
2020-03-10 03:50:00,426.6
2020-03-10 04:00:00,427.4
2020-03-10 04:10:00,426.5
2020-03-10 04:20:00,426.3
2020-03-10 04:30:00,425.9
2020-03-10 04:40:00,426.5
2020-03-10 04:50:00,426.4
2020-03-10 05:00:00,426.1
2020-03-10 05:10:00,427.6
2020-03-10 05:20:00,428.4
2020-03-10 05:30:00,431.3
2020-03-10 05:40:00,432.0
2020-03-10 05:50:00,432.8
2020-03-10 06:00:00,434.0
2020-03-10 06:10:00,434.2
2020-03-10 06:20:00,434.5
2020-03-10 06:30:00,434.5
2020-03-10 06:40:00,435.9
2020-03-10 06:50:00,433.1
2020-03-10 07:00:00,431.5
2020-03-10 07:10:00,430.0
2020-03-10 07:20:00,429.0
2020-03-10 07:30:00,428.9
2020-03-10 07:40:00,427.8
2020-03-10 07:50:00,427.1
2020-03-10 08:00:00,425.9
2020-03-10 08:10:00,425.3
2020-03-10 08:20:00,425.1
2020-03-10 08:30:00,425.1
2020-03-10 08:40:00,425.1
2020-03-10 08:50:00,424.2
2020-03-10 09:00:00,423.5
2020-03-10 09:10:00,423.3
2020-03-10 09:20:00,422.6
2020-03-10 09:30:00,422.2
2020-03-10 09:40:00,422.7
2020-03-10 09:50:00,422.8
2020-03-10 10:00:00,423.2
2020-03-10 10:10:00,423.0
2020-03-10 10:20:00,423.2
2020-03-10 10:30:00,423.2
2020-03-10 10:40:00,423.2
2020-03-10 10:50:00,423.2
2020-03-10 11:00:00,422.8
2020-03-10 11:10:00,422.8
2020-03-10 11:20:00,422.2
2020-03-10 11:30:00,421.9
2020-03-10 11:40:00,421.4
2020-03-10 11:50:00,421.4
2020-03-10 12:00:00,421.3
2020-03-10 12:10:00,421.2
2020-03-10 12:20:00,421.1
2020-03-10 12:30:00,421.1
2020-03-10 12:40:00,421.1
2020-03-10 12:50:00,421.0
2020-03-10 13:00:00,421.0
2020-03-10 13:10:00,420.8
2020-03-10 13:20:00,420.7
2020-03-10 13:30:00,420.9
2020-03-10 13:40:00,420.7
2020-03-10 13:50:00,420.7
2020-03-10 14:00:00,420.7
2020-03-10 14:10:00,420.7
2020-03-10 14:20:00,420.8
2020-03-10 14:30:00,420.9
2020-03-10 14:40:00,421.1
2020-03-10 14:50:00,421.3
2020-03-10 15:00:00,421.2
2020-03-10 15:10:00,421.2
2020-03-10 15:20:00,421.5
2020-03-10 15:30:00,421.5
2020-03-10 15:40:00,421.4
2020-03-10 15:50:00,421.6
2020-03-10 16:00:00,421.9
2020-03-10 16:10:00,422.5
2020-03-10 16:20:00,422.9
2020-03-10 16:30:00,423.2
2020-03-10 16:40:00,423.3
2020-03-10 16:50:00,423.3
2020-03-10 17:00:00,423.1
2020-03-10 17:10:00,423.1
2020-03-10 17:20:00,423.3
2020-03-10 17:30:00,423.7
2020-03-10 17:40:00,424.0
2020-03-10 17:50:00,423.7
2020-03-10 18:00:00,424.4
2020-03-10 18:10:00,424.4
2020-03-10 18:20:00,424.1
2020-03-10 18:30:00,424.5
2020-03-10 18:40:00,424.3
2020-03-10 18:50:00,424.0
2020-03-10 19:00:00,424.1
2020-03-10 19:10:00,423.8
2020-03-10 19:20:00,423.8
2020-03-10 19:30:00,423.9
2020-03-10 19:40:00,423.9
2020-03-10 19:50:00,424.5
2020-03-10 20:00:00,424.2
2020-03-10 20:10:00,424.0
2020-03-10 20:20:00,424.1
2020-03-10 20:30:00,424.1
2020-03-10 20:40:00,424.3
2020-03-10 20:50:00,424.3
2020-03-10 21:00:00,424.1
2020-03-10 21:10:00,424.2
2020-03-10 21:20:00,424.2
2020-03-10 21:30:00,424.1
2020-03-10 21:40:00,423.9
2020-03-10 21:50:00,423.9
2020-03-10 22:00:00,424.1
2020-03-10 22:10:00,423.9
2020-03-10 22:20:00,423.7
2020-03-10 22:30:00,423.9
2020-03-10 22:40:00,423.7
2020-03-10 22:50:00,423.2
2020-03-10 23:00:00,423.2
2020-03-10 23:10:00,422.9
2020-03-10 23:20:00,422.8
2020-03-10 23:30:00,422.6
2020-03-10 23:40:00,422.3
2020-03-10 23:50:00,422.2
2020-03-11 00:00:00,422.1
2020-03-11 00:10:00,423.4
2020-03-11 00:20:00,423.1
2020-03-11 00:30:00,422.4
2020-03-11 00:40:00,422.2
2020-03-11 00:50:00,422.0
2020-03-11 01:00:00,422.1
2020-03-11 01:10:00,421.8
2020-03-11 01:20:00,421.1
2020-03-11 01:30:00,421.0
2020-03-11 01:40:00,420.9
2020-03-11 01:50:00,421.1
2020-03-11 02:00:00,421.1
2020-03-11 02:10:00,420.7
2020-03-11 02:20:00,419.8
2020-03-11 02:30:00,419.5
2020-03-11 02:40:00,419.3
2020-03-11 02:50:00,419.6
2020-03-11 03:00:00,419.6
2020-03-11 03:10:00,419.3
2020-03-11 03:20:00,419.1
2020-03-11 03:30:00,418.8
2020-03-11 03:40:00,418.9
2020-03-11 03:50:00,418.5
2020-03-11 04:00:00,418.0
2020-03-11 04:10:00,417.9
2020-03-11 04:20:00,418.3
2020-03-11 04:30:00,419.1
2020-03-11 04:40:00,418.7
2020-03-11 04:50:00,417.6
2020-03-11 05:00:00,417.9
2020-03-11 05:10:00,418.1
2020-03-11 05:20:00,418.0
2020-03-11 05:30:00,418.1
2020-03-11 05:40:00,418.3
2020-03-11 05:50:00,418.7
2020-03-11 06:00:00,418.9
2020-03-11 06:10:00,419.2
2020-03-11 06:20:00,419.1
2020-03-11 06:30:00,418.9
2020-03-11 06:40:00,419.1
2020-03-11 06:50:00,419.3
2020-03-11 07:00:00,419.7
2020-03-11 07:10:00,419.4
2020-03-11 07:20:00,419.3
2020-03-11 07:30:00,419.2
2020-03-11 07:40:00,419.3
2020-03-11 07:50:00,419.2
2020-03-11 08:00:00,419.5
2020-03-11 08:10:00,419.7
2020-03-11 08:20:00,419.6
2020-03-11 08:30:00,419.8
2020-03-11 08:40:00,420.1
2020-03-11 08:50:00,421.6
2020-03-11 09:00:00,421.6
2020-03-11 09:10:00,420.5
2020-03-11 09:20:00,419.6
2020-03-11 09:30:00,419.8
2020-03-11 09:40:00,420.2
2020-03-11 09:50:00,421.7
2020-03-11 10:00:00,421.8
2020-03-11 10:10:00,419.1
2020-03-11 10:20:00,417.2
2020-03-11 10:30:00,417.7
2020-03-11 10:40:00,417.9
2020-03-11 10:50:00,417.8
2020-03-11 11:00:00,419.0
2020-03-11 11:10:00,420.4
2020-03-11 11:20:00,422.1
2020-03-11 11:30:00,423.7
2020-03-11 11:40:00,422.8
2020-03-11 11:50:00,422.7
2020-03-11 12:00:00,422.1
2020-03-11 12:10:00,421.8
2020-03-11 12:20:00,421.1
2020-03-11 12:30:00,421.8
2020-03-11 12:40:00,419.0
2020-03-11 12:50:00,416.7
2020-03-11 13:00:00,416.4
2020-03-11 13:10:00,416.3
2020-03-11 13:20:00,416.4
2020-03-11 13:30:00,416.2
2020-03-11 13:40:00,416.2
2020-03-11 13:50:00,416.3
2020-03-11 14:00:00,416.3
2020-03-11 14:10:00,416.4
2020-03-11 14:20:00,416.5
2020-03-11 14:30:00,416.6
2020-03-11 14:40:00,416.6
2020-03-11 14:50:00,416.4
2020-03-11 15:00:00,416.6
2020-03-11 15:10:00,416.6
2020-03-11 15:20:00,416.8
2020-03-11 15:30:00,417.0
2020-03-11 15:40:00,417.7
2020-03-11 15:50:00,418.2
2020-03-11 16:00:00,419.4
2020-03-11 16:10:00,420.3
2020-03-11 16:20:00,420.6
2020-03-11 16:30:00,421.2
2020-03-11 16:40:00,420.8
2020-03-11 16:50:00,420.4
2020-03-11 17:00:00,422.3
2020-03-11 17:10:00,420.6
2020-03-11 17:20:00,420.2
2020-03-11 17:30:00,423.2
2020-03-11 17:40:00,424.6
2020-03-11 17:50:00,424.4
2020-03-11 18:00:00,426.5
2020-03-11 18:10:00,425.4
2020-03-11 18:20:00,428.1
2020-03-11 18:30:00,428.2
2020-03-11 18:40:00,427.6
2020-03-11 18:50:00,428.8
2020-03-11 19:00:00,428.1
2020-03-11 19:10:00,428.9
2020-03-11 19:20:00,429.1
2020-03-11 19:30:00,430.2
2020-03-11 19:40:00,428.8
2020-03-11 19:50:00,427.7
2020-03-11 20:00:00,424.2
2020-03-11 20:10:00,424.5
2020-03-11 20:20:00,422.7
2020-03-11 20:30:00,422.0
2020-03-11 20:40:00,421.4
2020-03-11 20:50:00,420.5
2020-03-11 21:00:00,420.1
2020-03-11 21:10:00,420.4
2020-03-11 21:20:00,420.2
2020-03-11 21:30:00,419.6
2020-03-11 21:40:00,419.6
2020-03-11 21:50:00,420.0
2020-03-11 22:00:00,420.8
2020-03-11 22:10:00,421.2
2020-03-11 22:20:00,421.1
2020-03-11 22:30:00,423.4
2020-03-11 22:40:00,424.5
2020-03-11 22:50:00,428.2
2020-03-11 23:00:00,428.0
2020-03-11 23:10:00,426.7
2020-03-11 23:20:00,426.4
2020-03-11 23:30:00,427.8
2020-03-11 23:40:00,426.4
2020-03-11 23:50:00,424.5
2020-03-12 00:00:00,423.8
2020-03-12 00:10:00,424.2
2020-03-12 00:20:00,422.9
2020-03-12 00:30:00,421.9
2020-03-12 00:40:00,421.4
2020-03-12 00:50:00,420.9
2020-03-12 01:00:00,420.0
2020-03-12 01:10:00,420.0
2020-03-12 01:20:00,420.0
2020-03-12 01:30:00,419.7
2020-03-12 01:40:00,419.7
2020-03-12 01:50:00,419.7
2020-03-12 02:00:00,419.5
2020-03-12 02:10:00,419.2
2020-03-12 02:20:00,419.1
2020-03-12 02:30:00,419.2
2020-03-12 02:40:00,419.4
2020-03-12 02:50:00,419.4
2020-03-12 03:00:00,419.3
2020-03-12 03:10:00,419.3
2020-03-12 03:20:00,419.5
2020-03-12 03:30:00,419.4
2020-03-12 03:40:00,419.7
2020-03-12 03:50:00,419.8
2020-03-12 04:00:00,420.1
2020-03-12 04:10:00,419.8
2020-03-12 04:20:00,419.3
2020-03-12 04:30:00,418.8
2020-03-12 04:40:00,418.5
2020-03-12 04:50:00,418.2
2020-03-12 05:00:00,418.2
2020-03-12 05:10:00,418.2
2020-03-12 05:20:00,418.3
2020-03-12 05:30:00,418.7
2020-03-12 05:40:00,418.7
2020-03-12 05:50:00,419.1
2020-03-12 06:00:00,418.9
2020-03-12 06:10:00,419.0
2020-03-12 06:20:00,418.9
2020-03-12 06:30:00,418.7
2020-03-12 06:40:00,418.9
2020-03-12 06:50:00,419.1
2020-03-12 07:00:00,419.6
2020-03-12 07:10:00,419.9
2020-03-12 07:20:00,419.4
2020-03-12 07:30:00,419.3
2020-03-12 07:40:00,419.0
2020-03-12 07:50:00,418.0
2020-03-12 08:00:00,417.4
2020-03-12 08:10:00,416.8
2020-03-12 08:20:00,416.3
2020-03-12 08:30:00,416.0
2020-03-12 08:40:00,415.8
2020-03-12 08:50:00,415.5
2020-03-12 09:00:00,415.5
2020-03-12 09:10:00,415.5
2020-03-12 09:20:00,415.5
2020-03-12 09:30:00,415.5
2020-03-12 09:40:00,415.5
2020-03-12 09:50:00,415.5
2020-03-12 10:00:00,415.5
2020-03-12 10:10:00,415.5
2020-03-12 10:20:00,415.5
2020-03-12 10:30:00,415.5
2020-03-12 10:40:00,415.8
2020-03-12 10:50:00,415.9
2020-03-12 11:00:00,415.8
2020-03-12 11:10:00,416.1
2020-03-12 11:20:00,416.5
2020-03-12 11:30:00,417.1
2020-03-12 11:40:00,416.9
2020-03-12 11:50:00,416.8
2020-03-12 12:00:00,416.5
2020-03-12 12:10:00,416.3
2020-03-12 12:20:00,416.4
2020-03-12 12:30:00,416.4
2020-03-12 12:40:00,416.1
2020-03-12 12:50:00,416.2
2020-03-12 13:00:00,416.8
2020-03-12 13:10:00,416.9
2020-03-12 13:20:00,416.8
2020-03-12 13:30:00,417.3
2020-03-12 13:40:00,417.1
2020-03-12 13:50:00,416.9
2020-03-12 14:00:00,416.9
2020-03-12 14:10:00,416.4
2020-03-12 14:20:00,416.3
2020-03-12 14:30:00,416.0
2020-03-12 14:40:00,416.3
2020-03-12 14:50:00,416.3
2020-03-12 15:00:00,416.4
2020-03-12 15:10:00,416.3
2020-03-12 15:20:00,416.5
2020-03-12 15:30:00,416.9
2020-03-12 15:40:00,416.9
2020-03-12 15:50:00,416.9
2020-03-12 16:00:00,416.9
2020-03-12 16:10:00,417.0
2020-03-12 16:20:00,417.1
2020-03-12 16:30:00,417.4
2020-03-12 16:40:00,417.4
2020-03-12 16:50:00,417.8
2020-03-12 17:00:00,417.7
2020-03-12 17:10:00,417.9
2020-03-12 17:20:00,418.1
2020-03-12 17:30:00,418.3
2020-03-12 17:40:00,418.1
2020-03-12 17:50:00,418.3
2020-03-12 18:00:00,418.2
2020-03-12 18:10:00,418.9
2020-03-12 18:20:00,418.9
2020-03-12 18:30:00,419.5
2020-03-12 18:40:00,419.8
2020-03-12 18:50:00,419.6
2020-03-12 19:00:00,420.2
2020-03-12 19:10:00,421.5
2020-03-12 19:20:00,421.7
2020-03-12 19:30:00,422.1
2020-03-12 19:40:00,421.8
2020-03-12 19:50:00,422.1
2020-03-12 20:00:00,422.2
2020-03-12 20:10:00,422.2
2020-03-12 20:20:00,423.0
2020-03-12 20:30:00,423.2
2020-03-12 20:40:00,423.4
2020-03-12 20:50:00,422.1
2020-03-12 21:00:00,422.0
2020-03-12 21:10:00,421.9
2020-03-12 21:20:00,421.7
2020-03-12 21:30:00,422.0
2020-03-12 21:40:00,422.4
2020-03-12 21:50:00,422.1
2020-03-12 22:00:00,422.3
2020-03-12 22:10:00,422.6
2020-03-12 22:20:00,422.6
2020-03-12 22:30:00,422.1
2020-03-12 22:40:00,421.8
2020-03-12 22:50:00,422.1
2020-03-12 23:00:00,422.2
2020-03-12 23:10:00,422.5
2020-03-12 23:20:00,422.7
2020-03-12 23:30:00,422.6
2020-03-12 23:40:00,422.3
2020-03-12 23:50:00,422.8
2020-03-13 00:00:00,423.2
2020-03-13 00:10:00,423.9
2020-03-13 00:20:00,423.1
2020-03-13 00:30:00,422.6
2020-03-13 00:40:00,422.6
2020-03-13 00:50:00,423.0
2020-03-13 01:00:00,422.9
2020-03-13 01:10:00,422.6
2020-03-13 01:20:00,422.4
2020-03-13 01:30:00,422.0
2020-03-13 01:40:00,422.0
2020-03-13 01:50:00,423.0
2020-03-13 02:00:00,423.0
2020-03-13 02:10:00,423.3
2020-03-13 02:20:00,423.6
2020-03-13 02:30:00,420.7
2020-03-13 02:40:00,420.2
2020-03-13 02:50:00,420.1
2020-03-13 03:00:00,420.2
2020-03-13 03:10:00,420.4
2020-03-13 03:20:00,420.7
2020-03-13 03:30:00,420.9
2020-03-13 03:40:00,420.9
2020-03-13 03:50:00,420.5
2020-03-13 04:00:00,420.7
2020-03-13 04:10:00,420.8
2020-03-13 04:20:00,421.1
2020-03-13 04:30:00,421.7
2020-03-13 04:40:00,421.8
2020-03-13 04:50:00,422.2
2020-03-13 05:00:00,422.3
2020-03-13 05:10:00,422.3
2020-03-13 05:20:00,422.9
2020-03-13 05:30:00,423.2
2020-03-13 05:40:00,423.0
2020-03-13 05:50:00,422.7
2020-03-13 06:00:00,422.9
2020-03-13 06:10:00,423.4
2020-03-13 06:20:00,423.0
2020-03-13 06:30:00,421.9
2020-03-13 06:40:00,421.6
2020-03-13 06:50:00,421.8
2020-03-13 07:00:00,421.8
2020-03-13 07:10:00,421.7
2020-03-13 07:20:00,421.7
2020-03-13 07:30:00,421.4
2020-03-13 07:40:00,421.2
2020-03-13 07:50:00,421.0
2020-03-13 08:00:00,420.9
2020-03-13 08:10:00,420.8
2020-03-13 08:20:00,420.5
2020-03-13 08:30:00,419.8
2020-03-13 08:40:00,419.3
2020-03-13 08:50:00,419.2
2020-03-13 09:00:00,419.1
2020-03-13 09:10:00,419.0
2020-03-13 09:20:00,418.9
2020-03-13 09:30:00,419.0
2020-03-13 09:40:00,419.0
2020-03-13 09:50:00,418.9
2020-03-13 10:00:00,418.9
2020-03-13 10:10:00,418.7
2020-03-13 10:20:00,418.7
2020-03-13 10:30:00,418.4
2020-03-13 10:40:00,418.6
2020-03-13 10:50:00,418.7
2020-03-13 11:00:00,418.6
2020-03-13 11:10:00,418.5
2020-03-13 11:20:00,418.5
2020-03-13 11:30:00,418.5
2020-03-13 11:40:00,418.5
2020-03-13 11:50:00,418.4
2020-03-13 12:00:00,418.6
2020-03-13 12:10:00,418.5
2020-03-13 12:20:00,418.6
2020-03-13 12:30:00,418.6
2020-03-13 12:40:00,418.5
2020-03-13 12:50:00,418.6
2020-03-13 13:00:00,418.6
2020-03-13 13:10:00,418.5
2020-03-13 13:20:00,418.4
2020-03-13 13:30:00,418.2
2020-03-13 13:40:00,418.1
2020-03-13 13:50:00,418.2
2020-03-13 14:00:00,418.3
2020-03-13 14:10:00,417.9
2020-03-13 14:20:00,417.7
2020-03-13 14:30:00,418.0
2020-03-13 14:40:00,417.9
2020-03-13 14:50:00,417.7
2020-03-13 15:00:00,417.7
2020-03-13 15:10:00,417.4
2020-03-13 15:20:00,417.4
2020-03-13 15:30:00,417.3
2020-03-13 15:40:00,417.0
2020-03-13 15:50:00,417.0
2020-03-13 16:00:00,417.0
2020-03-13 16:10:00,416.9
2020-03-13 16:20:00,417.0
2020-03-13 16:30:00,416.8
2020-03-13 16:40:00,416.8
2020-03-13 16:50:00,416.8
2020-03-13 17:00:00,417.0
2020-03-13 17:10:00,417.3
2020-03-13 17:20:00,417.4
2020-03-13 17:30:00,417.5
2020-03-13 17:40:00,417.9
2020-03-13 17:50:00,418.3
2020-03-13 18:00:00,418.4
2020-03-13 18:10:00,418.6
2020-03-13 18:20:00,418.8
2020-03-13 18:30:00,418.9
2020-03-13 18:40:00,420.3
2020-03-13 18:50:00,420.6
2020-03-13 19:00:00,421.2
2020-03-13 19:10:00,421.5
2020-03-13 19:20:00,422.0
2020-03-13 19:30:00,421.8
2020-03-13 19:40:00,421.8
2020-03-13 19:50:00,420.4
2020-03-13 20:00:00,420.0
2020-03-13 20:10:00,420.2
2020-03-13 20:20:00,420.2
2020-03-13 20:30:00,420.9
2020-03-13 20:40:00,420.8
2020-03-13 20:50:00,420.8
2020-03-13 21:00:00,421.0
2020-03-13 21:10:00,420.9
2020-03-13 21:20:00,421.0
2020-03-13 21:30:00,421.3
2020-03-13 21:40:00,421.7
2020-03-13 21:50:00,421.7
2020-03-13 22:00:00,421.7
2020-03-13 22:10:00,421.8
2020-03-13 22:20:00,422.1
2020-03-13 22:30:00,422.2
2020-03-13 22:40:00,422.3
2020-03-13 22:50:00,422.3
2020-03-13 23:00:00,422.4
2020-03-13 23:10:00,422.7
2020-03-13 23:20:00,422.8
2020-03-13 23:30:00,423.1
2020-03-13 23:40:00,423.6
2020-03-13 23:50:00,423.9
2020-03-14 00:00:00,424.1
2020-03-14 00:10:00,424.4
2020-03-14 00:20:00,424.2
2020-03-14 00:30:00,424.1
2020-03-14 00:40:00,424.4
2020-03-14 00:50:00,424.3
2020-03-14 01:00:00,423.8
2020-03-14 01:10:00,423.6
2020-03-14 01:20:00,423.3
2020-03-14 01:30:00,423.3
2020-03-14 01:40:00,423.2
2020-03-14 01:50:00,423.0
2020-03-14 02:00:00,422.8
2020-03-14 02:10:00,422.5
2020-03-14 02:20:00,422.7
2020-03-14 02:30:00,422.8
2020-03-14 02:40:00,422.8
2020-03-14 02:50:00,422.8
2020-03-14 03:00:00,423.2
2020-03-14 03:10:00,423.6
2020-03-14 03:20:00,423.2
2020-03-14 03:30:00,421.7
2020-03-14 03:40:00,421.4
2020-03-14 03:50:00,421.5
2020-03-14 04:00:00,421.5
2020-03-14 04:10:00,421.9
2020-03-14 04:20:00,422.7
2020-03-14 04:30:00,425.8
2020-03-14 04:40:00,424.8
2020-03-14 04:50:00,426.4
2020-03-14 05:00:00,427.5
2020-03-14 05:10:00,428.4
2020-03-14 05:20:00,426.4
2020-03-14 05:30:00,423.4
2020-03-14 05:40:00,422.9
2020-03-14 05:50:00,423.4
2020-03-14 06:00:00,423.7
2020-03-14 06:10:00,424.0
2020-03-14 06:20:00,423.1
2020-03-14 06:30:00,423.0
2020-03-14 06:40:00,423.0
2020-03-14 06:50:00,423.5
2020-03-14 07:00:00,423.9
2020-03-14 07:10:00,423.8
2020-03-14 07:20:00,424.8
2020-03-14 07:30:00,425.0
2020-03-14 07:40:00,424.4
2020-03-14 07:50:00,422.9
2020-03-14 08:00:00,423.2
2020-03-14 08:10:00,423.9
2020-03-14 08:20:00,425.2
2020-03-14 08:30:00,425.4
2020-03-14 08:40:00,425.3
2020-03-14 08:50:00,424.8
2020-03-14 09:00:00,424.7
2020-03-14 09:10:00,424.0
2020-03-14 09:20:00,422.7
2020-03-14 09:30:00,422.1
2020-03-14 09:40:00,421.3
2020-03-14 09:50:00,422.6
2020-03-14 10:00:00,422.2
2020-03-14 10:10:00,422.0
2020-03-14 10:20:00,423.3
2020-03-14 10:30:00,424.6
2020-03-14 10:40:00,423.4
2020-03-14 10:50:00,425.4
2020-03-14 11:00:00,424.0
2020-03-14 11:10:00,420.9
2020-03-14 11:20:00,420.5
2020-03-14 11:30:00,420.0
2020-03-14 11:40:00,419.3
2020-03-14 11:50:00,419.1
2020-03-14 12:00:00,418.2
2020-03-14 12:10:00,417.9
2020-03-14 12:20:00,417.6
2020-03-14 12:30:00,417.0
2020-03-14 12:40:00,417.0
2020-03-14 12:50:00,416.9
2020-03-14 13:00:00,417.1
2020-03-14 13:10:00,418.9
2020-03-14 13:20:00,416.5
2020-03-14 13:30:00,416.4
2020-03-14 13:40:00,418.4
2020-03-14 13:50:00,415.5
2020-03-14 14:00:00,415.6
2020-03-14 14:10:00,415.0
2020-03-14 14:20:00,416.6
2020-03-14 14:30:00,415.7
2020-03-14 14:40:00,416.1
2020-03-14 14:50:00,414.4
2020-03-14 15:00:00,414.2
2020-03-14 15:10:00,414.0
2020-03-14 15:20:00,414.9
2020-03-14 15:30:00,414.7
2020-03-14 15:40:00,414.0
2020-03-14 15:50:00,414.2
2020-03-14 16:00:00,414.2
2020-03-14 16:10:00,414.6
2020-03-14 16:20:00,414.3
2020-03-14 16:30:00,414.1
2020-03-14 16:40:00,413.9
2020-03-14 16:50:00,414.4
2020-03-14 17:00:00,414.5
2020-03-14 17:10:00,415.1
2020-03-14 17:20:00,414.9
2020-03-14 17:30:00,415.4
2020-03-14 17:40:00,415.3
2020-03-14 17:50:00,415.3
2020-03-14 18:00:00,416.4
2020-03-14 18:10:00,417.6
2020-03-14 18:20:00,417.7
2020-03-14 18:30:00,418.8
2020-03-14 18:40:00,417.6
2020-03-14 18:50:00,417.0
2020-03-14 19:00:00,416.7
2020-03-14 19:10:00,418.1
2020-03-14 19:20:00,419.5
2020-03-14 19:30:00,420.3
2020-03-14 19:40:00,421.0
2020-03-14 19:50:00,421.4
2020-03-14 20:00:00,421.9
2020-03-14 20:10:00,421.1
2020-03-14 20:20:00,421.2
2020-03-14 20:30:00,421.1
2020-03-14 20:40:00,420.1
2020-03-14 20:50:00,420.0
2020-03-14 21:00:00,420.6
2020-03-14 21:10:00,421.5
2020-03-14 21:20:00,421.4
2020-03-14 21:30:00,422.0
2020-03-14 21:40:00,422.8
2020-03-14 21:50:00,423.0
2020-03-14 22:00:00,422.6
2020-03-14 22:10:00,422.7
2020-03-14 22:20:00,422.8
2020-03-14 22:30:00,422.7
2020-03-14 22:40:00,423.4
2020-03-14 22:50:00,424.2
2020-03-14 23:00:00,425.1
2020-03-14 23:10:00,426.4
2020-03-14 23:20:00,427.8
2020-03-14 23:30:00,430.4
2020-03-14 23:40:00,430.3
2020-03-14 23:50:00,431.0
2020-03-15 00:00:00,430.2
2020-03-15 00:10:00,430.9
2020-03-15 00:20:00,430.4
2020-03-15 00:30:00,429.0
2020-03-15 00:40:00,428.5
2020-03-15 00:50:00,428.9
2020-03-15 01:00:00,429.3
2020-03-15 01:10:00,428.5
2020-03-15 01:20:00,428.8
2020-03-15 01:30:00,432.3
2020-03-15 01:40:00,432.4
2020-03-15 01:50:00,433.5
2020-03-15 02:00:00,432.4
2020-03-15 02:10:00,431.7
2020-03-15 02:20:00,432.9
2020-03-15 02:30:00,433.0
2020-03-15 02:40:00,431.8
2020-03-15 02:50:00,431.2
2020-03-15 03:00:00,430.3
2020-03-15 03:10:00,430.7
2020-03-15 03:20:00,431.1
2020-03-15 03:30:00,431.9
2020-03-15 03:40:00,432.2
2020-03-15 03:50:00,433.0
2020-03-15 04:00:00,432.8
2020-03-15 04:10:00,431.7
2020-03-15 04:20:00,431.5
2020-03-15 04:30:00,431.5
2020-03-15 04:40:00,431.0
2020-03-15 04:50:00,430.5
2020-03-15 05:00:00,430.1
2020-03-15 05:10:00,429.7
2020-03-15 05:20:00,429.2
2020-03-15 05:30:00,429.5
2020-03-15 05:40:00,429.1
2020-03-15 05:50:00,429.1
2020-03-15 06:00:00,429.4
2020-03-15 06:10:00,430.1
2020-03-15 06:20:00,430.1
2020-03-15 06:30:00,432.2
2020-03-15 06:40:00,434.9
2020-03-15 06:50:00,436.6
2020-03-15 07:00:00,437.7
2020-03-15 07:10:00,438.1
2020-03-15 07:20:00,437.8
2020-03-15 07:30:00,437.8
2020-03-15 07:40:00,436.3
2020-03-15 07:50:00,435.9
2020-03-15 08:00:00,435.1
2020-03-15 08:10:00,434.5
2020-03-15 08:20:00,433.6
2020-03-15 08:30:00,433.3
2020-03-15 08:40:00,431.4
2020-03-15 08:50:00,428.1
2020-03-15 09:00:00,425.2
2020-03-15 09:10:00,423.8
2020-03-15 09:20:00,423.0
2020-03-15 09:30:00,422.4
2020-03-15 09:40:00,421.5
2020-03-15 09:50:00,420.7
2020-03-15 10:00:00,419.9
2020-03-15 10:10:00,419.7
2020-03-15 10:20:00,418.8
2020-03-15 10:30:00,418.1
2020-03-15 10:40:00,417.5
2020-03-15 10:50:00,417.0
2020-03-15 11:00:00,416.4
2020-03-15 11:10:00,416.2
2020-03-15 11:20:00,416.3
2020-03-15 11:30:00,416.3
2020-03-15 11:40:00,416.3
2020-03-15 11:50:00,416.3
2020-03-15 12:00:00,416.1
2020-03-15 12:10:00,416.2
2020-03-15 12:20:00,416.0
2020-03-15 12:30:00,415.7
2020-03-15 12:40:00,415.7
2020-03-15 12:50:00,415.8
2020-03-15 13:00:00,415.7
2020-03-15 13:10:00,415.5
2020-03-15 13:20:00,415.3
2020-03-15 13:30:00,415.3
2020-03-15 13:40:00,415.3
2020-03-15 13:50:00,415.1
2020-03-15 14:00:00,415.0
2020-03-15 14:10:00,414.9
2020-03-15 14:20:00,414.8
2020-03-15 14:30:00,414.8
2020-03-15 14:40:00,414.7
2020-03-15 14:50:00,414.4
2020-03-15 15:00:00,414.4
2020-03-15 15:10:00,414.3
2020-03-15 15:20:00,414.4
2020-03-15 15:30:00,414.4
2020-03-15 15:40:00,414.2
2020-03-15 15:50:00,413.9
2020-03-15 16:00:00,413.8
2020-03-15 16:10:00,413.9
2020-03-15 16:20:00,413.8
2020-03-15 16:30:00,413.9
2020-03-15 16:40:00,413.9
2020-03-15 16:50:00,414.4
2020-03-15 17:00:00,414.2
2020-03-15 17:10:00,414.3
2020-03-15 17:20:00,414.4
2020-03-15 17:30:00,414.7
2020-03-15 17:40:00,415.4
2020-03-15 17:50:00,414.8
2020-03-15 18:00:00,415.5
2020-03-15 18:10:00,415.5
2020-03-15 18:20:00,415.4
2020-03-15 18:30:00,415.7
2020-03-15 18:40:00,416.2
2020-03-15 18:50:00,416.3
2020-03-15 19:00:00,416.1
2020-03-15 19:10:00,415.7
2020-03-15 19:20:00,418.1
2020-03-15 19:30:00,419.4
2020-03-15 19:40:00,419.9
2020-03-15 19:50:00,420.9
2020-03-15 20:00:00,422.4
2020-03-15 20:10:00,422.7
2020-03-15 20:20:00,421.7
2020-03-15 20:30:00,421.4
2020-03-15 20:40:00,421.8
2020-03-15 20:50:00,420.9
2020-03-15 21:00:00,420.6
2020-03-15 21:10:00,421.0
2020-03-15 21:20:00,422.6
2020-03-15 21:30:00,421.6
2020-03-15 21:40:00,420.9
2020-03-15 21:50:00,421.6
2020-03-15 22:00:00,421.9
2020-03-15 22:10:00,422.3
2020-03-15 22:20:00,423.5
2020-03-15 22:30:00,425.1
2020-03-15 22:40:00,425.3
2020-03-15 22:50:00,424.4
2020-03-15 23:00:00,424.6
2020-03-15 23:10:00,425.0
2020-03-15 23:20:00,424.7
2020-03-15 23:30:00,423.8
2020-03-15 23:40:00,423.9
2020-03-15 23:50:00,423.8
2020-03-16 00:00:00,423.9
2020-03-16 00:10:00,425.8
2020-03-16 00:20:00,425.1
2020-03-16 00:30:00,424.4
2020-03-16 00:40:00,423.8
2020-03-16 00:50:00,424.2
2020-03-16 01:00:00,424.8
2020-03-16 01:10:00,424.7
2020-03-16 01:20:00,425.0
2020-03-16 01:30:00,424.8
2020-03-16 01:40:00,425.1
2020-03-16 01:50:00,425.4
2020-03-16 02:00:00,425.4
2020-03-16 02:10:00,424.8
2020-03-16 02:20:00,424.7
2020-03-16 02:30:00,424.7
2020-03-16 02:40:00,424.7
2020-03-16 02:50:00,424.7
2020-03-16 03:00:00,424.9
2020-03-16 03:10:00,425.3
2020-03-16 03:20:00,426.3
2020-03-16 03:30:00,427.2
2020-03-16 03:40:00,426.4
2020-03-16 03:50:00,427.1
2020-03-16 04:00:00,428.8
2020-03-16 04:10:00,427.5
2020-03-16 04:20:00,427.5
2020-03-16 04:30:00,427.1
2020-03-16 04:40:00,426.7
2020-03-16 04:50:00,427.2
2020-03-16 05:00:00,427.9
2020-03-16 05:10:00,428.9
2020-03-16 05:20:00,428.9
2020-03-16 05:30:00,429.7
2020-03-16 05:40:00,431.5
2020-03-16 05:50:00,434.5
2020-03-16 06:00:00,437.8
2020-03-16 06:10:00,438.2
2020-03-16 06:20:00,437.1
2020-03-16 06:30:00,439.5
2020-03-16 06:40:00,443.1
2020-03-16 06:50:00,441.3
2020-03-16 07:00:00,439.0
2020-03-16 07:10:00,438.8
2020-03-16 07:20:00,440.2
2020-03-16 07:30:00,441.0
2020-03-16 07:40:00,440.6
2020-03-16 07:50:00,439.7
2020-03-16 08:00:00,440.7
2020-03-16 08:10:00,438.6
2020-03-16 08:20:00,439.2
2020-03-16 08:30:00,438.8
2020-03-16 08:40:00,438.8
2020-03-16 08:50:00,438.2
2020-03-16 09:00:00,436.2
2020-03-16 09:10:00,435.2
2020-03-16 09:20:00,433.9
2020-03-16 09:30:00,432.7
2020-03-16 09:40:00,431.9
2020-03-16 09:50:00,432.5
2020-03-16 10:00:00,435.0
2020-03-16 10:10:00,427.6
2020-03-16 10:20:00,426.0
2020-03-16 10:30:00,424.9
2020-03-16 10:40:00,426.1
2020-03-16 10:50:00,424.7
2020-03-16 11:00:00,423.3
2020-03-16 11:10:00,422.0
2020-03-16 11:20:00,420.9
2020-03-16 11:30:00,421.1
2020-03-16 11:40:00,420.0
2020-03-16 11:50:00,419.8
2020-03-16 12:00:00,418.9
2020-03-16 12:10:00,416.0
2020-03-16 12:20:00,415.2
2020-03-16 12:30:00,415.2
2020-03-16 12:40:00,415.4
2020-03-16 12:50:00,414.7
2020-03-16 13:00:00,414.3
2020-03-16 13:10:00,414.0
2020-03-16 13:20:00,413.4
2020-03-16 13:30:00,412.4
2020-03-16 13:40:00,412.6
2020-03-16 13:50:00,412.9
2020-03-16 14:00:00,413.4
2020-03-16 14:10:00,413.5
2020-03-16 14:20:00,413.5
2020-03-16 14:30:00,413.5
2020-03-16 14:40:00,413.2
2020-03-16 14:50:00,413.1
2020-03-16 15:00:00,413.2
2020-03-16 15:10:00,413.0
2020-03-16 15:20:00,413.3
2020-03-16 15:30:00,413.4
2020-03-16 15:40:00,413.1
2020-03-16 15:50:00,412.7
2020-03-16 16:00:00,412.5
2020-03-16 16:10:00,412.7
2020-03-16 16:20:00,412.9
2020-03-16 16:30:00,413.1
2020-03-16 16:40:00,413.1
2020-03-16 16:50:00,413.5
2020-03-16 17:00:00,413.6
2020-03-16 17:10:00,413.5
2020-03-16 17:20:00,413.6
2020-03-16 17:30:00,413.8
2020-03-16 17:40:00,414.1
2020-03-16 17:50:00,414.2
2020-03-16 18:00:00,414.5
2020-03-16 18:10:00,415.0
2020-03-16 18:20:00,415.0
2020-03-16 18:30:00,414.4
2020-03-16 18:40:00,414.4
2020-03-16 18:50:00,414.5
2020-03-16 19:00:00,414.8
2020-03-16 19:10:00,414.4
2020-03-16 19:20:00,415.1
2020-03-16 19:30:00,415.8
2020-03-16 19:40:00,427.3
2020-03-16 19:50:00,423.6
2020-03-16 20:00:00,421.7
2020-03-16 20:10:00,426.9
2020-03-16 20:20:00,429.0
2020-03-16 20:30:00,432.1
2020-03-16 20:40:00,437.6
2020-03-16 20:50:00,435.8
2020-03-16 21:00:00,432.8
2020-03-16 21:10:00,433.1
2020-03-16 21:20:00,440.0
2020-03-16 21:30:00,435.9
2020-03-16 21:40:00,437.2
2020-03-16 21:50:00,441.2
2020-03-16 22:00:00,440.9
2020-03-16 22:10:00,440.2
2020-03-16 22:20:00,435.7
2020-03-16 22:30:00,434.0
2020-03-16 22:40:00,439.5
2020-03-16 22:50:00,448.3
2020-03-16 23:00:00,447.3
2020-03-16 23:10:00,441.2
2020-03-16 23:20:00,436.1
2020-03-16 23:30:00,434.4
2020-03-16 23:40:00,441.1
2020-03-16 23:50:00,449.9
2020-03-17 00:00:00,453.1
2020-03-17 00:10:00,451.5
2020-03-17 00:20:00,447.3
2020-03-17 00:30:00,456.8
2020-03-17 00:40:00,455.3
2020-03-17 00:50:00,456.6
2020-03-17 01:00:00,456.2
2020-03-17 01:10:00,455.0
2020-03-17 01:20:00,450.9
2020-03-17 01:30:00,451.6
2020-03-17 01:40:00,457.4
2020-03-17 01:50:00,453.4
2020-03-17 02:00:00,451.2
2020-03-17 02:10:00,448.6
2020-03-17 02:20:00,449.0
2020-03-17 02:30:00,448.0
2020-03-17 02:40:00,448.2
2020-03-17 02:50:00,444.5
2020-03-17 03:00:00,452.5
2020-03-17 03:10:00,454.8
2020-03-17 03:20:00,461.4
2020-03-17 03:30:00,461.7
2020-03-17 03:40:00,467.1
2020-03-17 03:50:00,452.9
2020-03-17 04:00:00,455.5
2020-03-17 04:10:00,456.0
2020-03-17 04:20:00,456.0
2020-03-17 04:30:00,458.2
2020-03-17 04:40:00,456.1
2020-03-17 04:50:00,461.0
2020-03-17 05:00:00,464.2
2020-03-17 05:10:00,466.7
2020-03-17 05:20:00,471.0
2020-03-17 05:30:00,468.6
2020-03-17 05:40:00,471.2
2020-03-17 05:50:00,474.5
2020-03-17 06:00:00,470.9
2020-03-17 06:10:00,474.7
2020-03-17 06:20:00,474.9
2020-03-17 06:30:00,470.3
2020-03-17 06:40:00,469.2
2020-03-17 06:50:00,475.7
2020-03-17 07:00:00,467.9
2020-03-17 07:10:00,470.2
2020-03-17 07:20:00,474.4
2020-03-17 07:30:00,475.2
2020-03-17 07:40:00,474.0
2020-03-17 07:50:00,470.4
2020-03-17 08:00:00,466.2
2020-03-17 08:10:00,467.8
2020-03-17 08:20:00,468.3
2020-03-17 08:30:00,470.5
2020-03-17 08:40:00,465.6
2020-03-17 08:50:00,465.5
2020-03-17 09:00:00,466.9
2020-03-17 09:10:00,466.1
2020-03-17 09:20:00,466.4
2020-03-17 09:30:00,469.1
2020-03-17 09:40:00,473.5
2020-03-17 09:50:00,471.0
2020-03-17 10:00:00,468.6
2020-03-17 10:10:00,470.1
2020-03-17 10:20:00,469.2
2020-03-17 10:30:00,468.8
2020-03-17 10:40:00,467.3
2020-03-17 10:50:00,468.1
2020-03-17 11:00:00,464.5
2020-03-17 11:10:00,462.5
2020-03-17 11:20:00,460.0
2020-03-17 11:30:00,453.9
2020-03-17 11:40:00,442.4
2020-03-17 11:50:00,428.7
2020-03-17 12:00:00,427.8
2020-03-17 12:10:00,428.2
2020-03-17 12:20:00,429.4
2020-03-17 12:30:00,429.7
2020-03-17 12:40:00,430.5
2020-03-17 12:50:00,428.2
2020-03-17 13:00:00,427.5
2020-03-17 13:10:00,428.3
2020-03-17 13:20:00,429.0
2020-03-17 13:30:00,427.9
2020-03-17 13:40:00,428.1
2020-03-17 13:50:00,426.4
2020-03-17 14:00:00,426.1
2020-03-17 14:10:00,426.8
2020-03-17 14:20:00,426.1
2020-03-17 14:30:00,427.7
2020-03-17 14:40:00,428.0
2020-03-17 14:50:00,427.3
2020-03-17 15:00:00,426.3
2020-03-17 15:10:00,424.6
2020-03-17 15:20:00,424.7
2020-03-17 15:30:00,424.4
2020-03-17 15:40:00,423.2
2020-03-17 15:50:00,422.9
2020-03-17 16:00:00,422.3
2020-03-17 16:10:00,421.8
2020-03-17 16:20:00,421.6
2020-03-17 16:30:00,421.9
2020-03-17 16:40:00,421.6
2020-03-17 16:50:00,421.7
2020-03-17 17:00:00,421.2
2020-03-17 17:10:00,421.1
2020-03-17 17:20:00,420.9
2020-03-17 17:30:00,420.0
2020-03-17 17:40:00,419.9
2020-03-17 17:50:00,420.5
2020-03-17 18:00:00,420.3
2020-03-17 18:10:00,421.7
2020-03-17 18:20:00,422.6
2020-03-17 18:30:00,420.0
2020-03-17 18:40:00,420.0
2020-03-17 18:50:00,420.8
2020-03-17 19:00:00,421.1
2020-03-17 19:10:00,421.6
2020-03-17 19:20:00,423.0
2020-03-17 19:30:00,424.6
2020-03-17 19:40:00,425.0
2020-03-17 19:50:00,423.9
2020-03-17 20:00:00,427.4
2020-03-17 20:10:00,429.6
2020-03-17 20:20:00,432.4
2020-03-17 20:30:00,431.5
2020-03-17 20:40:00,432.6
2020-03-17 20:50:00,434.0
2020-03-17 21:00:00,436.7
2020-03-17 21:10:00,438.7
2020-03-17 21:20:00,439.0
2020-03-17 21:30:00,442.3
2020-03-17 21:40:00,440.9
2020-03-17 21:50:00,438.8
2020-03-17 22:00:00,438.2
2020-03-17 22:10:00,445.1
2020-03-17 22:20:00,445.6
2020-03-17 22:30:00,444.6
2020-03-17 22:40:00,443.5
2020-03-17 22:50:00,443.8
2020-03-17 23:00:00,447.3
2020-03-17 23:10:00,447.4
2020-03-17 23:20:00,447.2
2020-03-17 23:30:00,454.3
2020-03-17 23:40:00,454.5
2020-03-17 23:50:00,455.4
2020-03-18 00:00:00,453.9
2020-03-18 00:10:00,456.9
2020-03-18 00:20:00,452.9
2020-03-18 00:30:00,457.8
2020-03-18 00:40:00,459.5
2020-03-18 00:50:00,458.6
2020-03-18 01:00:00,460.4
2020-03-18 01:10:00,457.9
2020-03-18 01:20:00,460.6
2020-03-18 01:30:00,453.6
2020-03-18 01:40:00,453.3
2020-03-18 01:50:00,456.1
2020-03-18 02:00:00,459.6
2020-03-18 02:10:00,460.2
2020-03-18 02:20:00,463.1
2020-03-18 02:30:00,464.8
2020-03-18 02:40:00,466.0
2020-03-18 02:50:00,463.6
2020-03-18 03:00:00,462.9
2020-03-18 03:10:00,460.7
2020-03-18 03:20:00,459.2
2020-03-18 03:30:00,458.0
2020-03-18 03:40:00,459.8
2020-03-18 03:50:00,463.0
2020-03-18 04:00:00,463.2
2020-03-18 04:10:00,462.6
2020-03-18 04:20:00,462.3
2020-03-18 04:30:00,462.8
2020-03-18 04:40:00,463.6
2020-03-18 04:50:00,464.0
2020-03-18 05:00:00,465.2
2020-03-18 05:10:00,465.9
2020-03-18 05:20:00,465.8
2020-03-18 05:30:00,466.2
2020-03-18 05:40:00,466.2
2020-03-18 05:50:00,467.8
2020-03-18 06:00:00,469.1
2020-03-18 06:10:00,469.5
2020-03-18 06:20:00,469.3
2020-03-18 06:30:00,469.6
2020-03-18 06:40:00,470.6
2020-03-18 06:50:00,471.4
2020-03-18 07:00:00,471.3
2020-03-18 07:10:00,472.1
2020-03-18 07:20:00,473.2
2020-03-18 07:30:00,473.2
2020-03-18 07:40:00,475.5
2020-03-18 07:50:00,477.0
2020-03-18 08:00:00,476.1
2020-03-18 08:10:00,475.5
2020-03-18 08:20:00,475.0
2020-03-18 08:30:00,472.3
2020-03-18 08:40:00,468.9
2020-03-18 08:50:00,468.5
2020-03-18 09:00:00,468.9
2020-03-18 09:10:00,465.0
2020-03-18 09:20:00,463.8
2020-03-18 09:30:00,462.5
2020-03-18 09:40:00,459.1
2020-03-18 09:50:00,453.6
2020-03-18 10:00:00,450.0
2020-03-18 10:10:00,444.1
2020-03-18 10:20:00,438.3
2020-03-18 10:30:00,434.5
2020-03-18 10:40:00,431.8
2020-03-18 10:50:00,430.5
2020-03-18 11:00:00,430.1
2020-03-18 11:10:00,427.0
2020-03-18 11:20:00,419.2
2020-03-18 11:30:00,420.4
2020-03-18 11:40:00,415.9
2020-03-18 11:50:00,414.9
2020-03-18 12:00:00,414.3
2020-03-18 12:10:00,414.3
2020-03-18 12:20:00,414.1
2020-03-18 12:30:00,413.7
2020-03-18 12:40:00,413.9
2020-03-18 12:50:00,413.7
2020-03-18 13:00:00,413.8
2020-03-18 13:10:00,413.7
2020-03-18 13:20:00,413.1
2020-03-18 13:30:00,413.5
2020-03-18 13:40:00,413.6
2020-03-18 13:50:00,413.8
2020-03-18 14:00:00,413.5
2020-03-18 14:10:00,413.3
2020-03-18 14:20:00,413.7
2020-03-18 14:30:00,413.5
2020-03-18 14:40:00,413.7
2020-03-18 14:50:00,413.9
2020-03-18 15:00:00,413.9
2020-03-18 15:10:00,414.0
2020-03-18 15:20:00,414.1
2020-03-18 15:30:00,414.2
2020-03-18 15:40:00,414.0
2020-03-18 15:50:00,414.4
2020-03-18 16:00:00,415.0
2020-03-18 16:10:00,415.2
2020-03-18 16:20:00,415.3
2020-03-18 16:30:00,415.4
2020-03-18 16:40:00,415.6
2020-03-18 16:50:00,416.1
2020-03-18 17:00:00,416.2
2020-03-18 17:10:00,416.8
2020-03-18 17:20:00,417.3
2020-03-18 17:30:00,417.8
2020-03-18 17:40:00,418.2
2020-03-18 17:50:00,418.5
2020-03-18 18:00:00,418.9
2020-03-18 18:10:00,419.7
2020-03-18 18:20:00,420.1
2020-03-18 18:30:00,420.9
2020-03-18 18:40:00,421.9
2020-03-18 18:50:00,422.9
2020-03-18 19:00:00,422.8
2020-03-18 19:10:00,421.4
2020-03-18 19:20:00,421.0
2020-03-18 19:30:00,420.0
2020-03-18 19:40:00,420.0
2020-03-18 19:50:00,419.3
2020-03-18 20:00:00,418.8
2020-03-18 20:10:00,418.9
2020-03-18 20:20:00,418.3
2020-03-18 20:30:00,418.3
2020-03-18 20:40:00,418.9
2020-03-18 20:50:00,419.1
2020-03-18 21:00:00,419.3
2020-03-18 21:10:00,421.6
2020-03-18 21:20:00,422.5
2020-03-18 21:30:00,423.2
2020-03-18 21:40:00,422.3
2020-03-18 21:50:00,424.3
2020-03-18 22:00:00,428.1
2020-03-18 22:10:00,423.9
2020-03-18 22:20:00,425.9
2020-03-18 22:30:00,426.5
2020-03-18 22:40:00,432.1
2020-03-18 22:50:00,432.1
2020-03-18 23:00:00,431.1
2020-03-18 23:10:00,433.6
2020-03-18 23:20:00,432.1
2020-03-18 23:30:00,434.7
2020-03-18 23:40:00,438.2
2020-03-18 23:50:00,443.6
2020-03-19 00:00:00,450.7
2020-03-19 00:10:00,455.1
2020-03-19 00:20:00,453.4
2020-03-19 00:30:00,446.2
2020-03-19 00:40:00,449.4
2020-03-19 00:50:00,448.2
2020-03-19 01:00:00,448.1
2020-03-19 01:10:00,452.2
2020-03-19 01:20:00,449.8
2020-03-19 01:30:00,456.1
2020-03-19 01:40:00,456.3
2020-03-19 01:50:00,457.1
2020-03-19 02:00:00,453.9
2020-03-19 02:10:00,450.3
2020-03-19 02:20:00,459.0
2020-03-19 02:30:00,459.0
2020-03-19 02:40:00,462.2
2020-03-19 02:50:00,458.8
2020-03-19 03:00:00,456.5
2020-03-19 03:10:00,454.4
2020-03-19 03:20:00,454.4
2020-03-19 03:30:00,453.2
2020-03-19 03:40:00,454.0
2020-03-19 03:50:00,456.2
2020-03-19 04:00:00,459.1
2020-03-19 04:10:00,459.3
2020-03-19 04:20:00,460.9
2020-03-19 04:30:00,460.6
2020-03-19 04:40:00,455.1
2020-03-19 04:50:00,457.6
2020-03-19 05:00:00,458.6
2020-03-19 05:10:00,457.9
2020-03-19 05:20:00,459.6
2020-03-19 05:30:00,458.0
2020-03-19 05:40:00,455.2
2020-03-19 05:50:00,458.5
2020-03-19 06:00:00,454.0
2020-03-19 06:10:00,459.7
2020-03-19 06:20:00,461.5
2020-03-19 06:30:00,462.7
2020-03-19 06:40:00,459.3
2020-03-19 06:50:00,461.9
2020-03-19 07:00:00,460.7
2020-03-19 07:10:00,464.0
2020-03-19 07:20:00,467.1
2020-03-19 07:30:00,475.8
2020-03-19 07:40:00,479.4
2020-03-19 07:50:00,477.3
2020-03-19 08:00:00,476.3
2020-03-19 08:10:00,472.1
2020-03-19 08:20:00,469.4
2020-03-19 08:30:00,471.1
2020-03-19 08:40:00,465.9
2020-03-19 08:50:00,467.6
2020-03-19 09:00:00,467.8
2020-03-19 09:10:00,466.5
2020-03-19 09:20:00,463.8
2020-03-19 09:30:00,460.6
2020-03-19 09:40:00,463.4
2020-03-19 09:50:00,456.4
2020-03-19 10:00:00,453.0
2020-03-19 10:10:00,447.3
2020-03-19 10:20:00,439.9
2020-03-19 10:30:00,436.7
2020-03-19 10:40:00,434.1
2020-03-19 10:50:00,429.4
2020-03-19 11:00:00,418.6
2020-03-19 11:10:00,415.9
2020-03-19 11:20:00,414.6
2020-03-19 11:30:00,414.3
2020-03-19 11:40:00,414.7
2020-03-19 11:50:00,415.0
2020-03-19 12:00:00,414.9
2020-03-19 12:10:00,414.9
2020-03-19 12:20:00,414.9
2020-03-19 12:30:00,414.6
2020-03-19 12:40:00,415.1
2020-03-19 12:50:00,415.0
2020-03-19 13:00:00,415.2
2020-03-19 13:10:00,414.8
2020-03-19 13:20:00,415.0
2020-03-19 13:30:00,414.9
2020-03-19 13:40:00,414.4
2020-03-19 13:50:00,415.1
2020-03-19 14:00:00,414.0
2020-03-19 14:10:00,413.8
2020-03-19 14:20:00,414.3
2020-03-19 14:30:00,414.5
2020-03-19 14:40:00,414.2
2020-03-19 14:50:00,414.4
2020-03-19 15:00:00,414.5
2020-03-19 15:10:00,414.5
2020-03-19 15:20:00,414.8
2020-03-19 15:30:00,415.8
2020-03-19 15:40:00,414.5
2020-03-19 15:50:00,414.5
2020-03-19 16:00:00,414.7
2020-03-19 16:10:00,414.7
2020-03-19 16:20:00,414.9
2020-03-19 16:30:00,414.6
2020-03-19 16:40:00,414.3
2020-03-19 16:50:00,414.2
2020-03-19 17:00:00,414.2
2020-03-19 17:10:00,414.4
2020-03-19 17:20:00,414.6
2020-03-19 17:30:00,415.2
2020-03-19 17:40:00,415.3
2020-03-19 17:50:00,415.7
2020-03-19 18:00:00,415.9
2020-03-19 18:10:00,418.0
2020-03-19 18:20:00,419.8
2020-03-19 18:30:00,420.6
2020-03-19 18:40:00,420.9
2020-03-19 18:50:00,421.1
2020-03-19 19:00:00,421.3
2020-03-19 19:10:00,421.7
2020-03-19 19:20:00,422.2
2020-03-19 19:30:00,421.8
2020-03-19 19:40:00,420.6
2020-03-19 19:50:00,419.6
2020-03-19 20:00:00,420.0
2020-03-19 20:10:00,419.9
2020-03-19 20:20:00,420.9
2020-03-19 20:30:00,421.2
2020-03-19 20:40:00,422.1
2020-03-19 20:50:00,422.2
2020-03-19 21:00:00,423.3
2020-03-19 21:10:00,422.1
2020-03-19 21:20:00,422.3
2020-03-19 21:30:00,423.8
2020-03-19 21:40:00,425.4
2020-03-19 21:50:00,426.3
2020-03-19 22:00:00,431.5
2020-03-19 22:10:00,432.2
2020-03-19 22:20:00,429.7
2020-03-19 22:30:00,431.2
2020-03-19 22:40:00,431.6
2020-03-19 22:50:00,432.1
2020-03-19 23:00:00,432.7
2020-03-19 23:10:00,432.7
2020-03-19 23:20:00,433.2
2020-03-19 23:30:00,434.5
2020-03-19 23:40:00,436.2
2020-03-19 23:50:00,435.7
2020-03-20 00:00:00,435.6
2020-03-20 00:10:00,435.9
2020-03-20 00:20:00,435.0
2020-03-20 00:30:00,434.2
2020-03-20 00:40:00,433.7
2020-03-20 00:50:00,432.9
2020-03-20 01:00:00,433.3
2020-03-20 01:10:00,433.8
2020-03-20 01:20:00,433.6
2020-03-20 01:30:00,432.9
2020-03-20 01:40:00,432.8
2020-03-20 01:50:00,433.2
2020-03-20 02:00:00,433.2
2020-03-20 02:10:00,433.4
2020-03-20 02:20:00,433.8
2020-03-20 02:30:00,434.8
2020-03-20 02:40:00,435.7
2020-03-20 02:50:00,435.4
2020-03-20 03:00:00,435.1
2020-03-20 03:10:00,434.4
2020-03-20 03:20:00,433.5
2020-03-20 03:30:00,434.0
2020-03-20 03:40:00,439.7
2020-03-20 03:50:00,440.2
2020-03-20 04:00:00,442.0
2020-03-20 04:10:00,440.1
2020-03-20 04:20:00,438.9
2020-03-20 04:30:00,439.0
2020-03-20 04:40:00,440.1
2020-03-20 04:50:00,441.8
2020-03-20 05:00:00,441.7
2020-03-20 05:10:00,442.6
2020-03-20 05:20:00,444.3
2020-03-20 05:30:00,444.2
2020-03-20 05:40:00,443.0
2020-03-20 05:50:00,442.9
2020-03-20 06:00:00,441.4
2020-03-20 06:10:00,440.9
2020-03-20 06:20:00,441.0
2020-03-20 06:30:00,440.5
2020-03-20 06:40:00,440.2
2020-03-20 06:50:00,440.7
2020-03-20 07:00:00,440.7
2020-03-20 07:10:00,440.6
2020-03-20 07:20:00,440.8
2020-03-20 07:30:00,441.2
2020-03-20 07:40:00,441.4
2020-03-20 07:50:00,441.4
2020-03-20 08:00:00,442.1
2020-03-20 08:10:00,442.4
2020-03-20 08:20:00,442.2
2020-03-20 08:30:00,442.8
2020-03-20 08:40:00,443.3
2020-03-20 08:50:00,443.0
2020-03-20 09:00:00,442.6
2020-03-20 09:10:00,442.4
2020-03-20 09:20:00,442.1
2020-03-20 09:30:00,441.1
2020-03-20 09:40:00,442.3
2020-03-20 09:50:00,442.0
2020-03-20 10:00:00,441.6
2020-03-20 10:10:00,440.4
2020-03-20 10:20:00,440.4
2020-03-20 10:30:00,438.3
2020-03-20 10:40:00,437.8
2020-03-20 10:50:00,436.6
2020-03-20 11:00:00,435.5
2020-03-20 11:10:00,435.6
2020-03-20 11:20:00,433.9
2020-03-20 11:30:00,433.1
2020-03-20 11:40:00,433.3
2020-03-20 11:50:00,433.0
2020-03-20 12:00:00,432.9
2020-03-20 12:10:00,431.8
2020-03-20 12:20:00,431.1
2020-03-20 12:30:00,429.6
2020-03-20 12:40:00,429.4
2020-03-20 12:50:00,430.2
2020-03-20 13:00:00,430.7
2020-03-20 13:10:00,429.2
2020-03-20 13:20:00,428.5
2020-03-20 13:30:00,428.3
2020-03-20 13:40:00,429.0
2020-03-20 13:50:00,429.5
2020-03-20 14:00:00,429.1
2020-03-20 14:10:00,428.0
2020-03-20 14:20:00,428.2
2020-03-20 14:30:00,427.5
2020-03-20 14:40:00,426.0
2020-03-20 14:50:00,425.3
2020-03-20 15:00:00,425.7
2020-03-20 15:10:00,426.5
2020-03-20 15:20:00,426.7
2020-03-20 15:30:00,427.7
2020-03-20 15:40:00,427.4
2020-03-20 15:50:00,428.2
2020-03-20 16:00:00,427.2
2020-03-20 16:10:00,426.5
2020-03-20 16:20:00,426.7
2020-03-20 16:30:00,426.7
2020-03-20 16:40:00,426.8
2020-03-20 16:50:00,426.5
2020-03-20 17:00:00,425.8
2020-03-20 17:10:00,426.3
2020-03-20 17:20:00,426.4
2020-03-20 17:30:00,425.4
2020-03-20 17:40:00,425.0
2020-03-20 17:50:00,424.9
2020-03-20 18:00:00,425.0
2020-03-20 18:10:00,423.6
2020-03-20 18:20:00,423.7
2020-03-20 18:30:00,424.2
2020-03-20 18:40:00,424.4
2020-03-20 18:50:00,425.2
2020-03-20 19:00:00,424.8
2020-03-20 19:10:00,423.8
2020-03-20 19:20:00,424.4
2020-03-20 19:30:00,423.9
2020-03-20 19:40:00,425.0
2020-03-20 19:50:00,424.6
2020-03-20 20:00:00,425.0
2020-03-20 20:10:00,425.3
2020-03-20 20:20:00,425.9
2020-03-20 20:30:00,426.4
2020-03-20 20:40:00,427.0
2020-03-20 20:50:00,427.6
2020-03-20 21:00:00,427.7
2020-03-20 21:10:00,428.7
2020-03-20 21:20:00,428.2
2020-03-20 21:30:00,428.1
2020-03-20 21:40:00,426.7
2020-03-20 21:50:00,426.0
2020-03-20 22:00:00,425.4
2020-03-20 22:10:00,424.4
2020-03-20 22:20:00,423.9
2020-03-20 22:30:00,425.6
2020-03-20 22:40:00,425.8
2020-03-20 22:50:00,426.6
2020-03-20 23:00:00,427.9
2020-03-20 23:10:00,427.0
2020-03-20 23:20:00,425.3
2020-03-20 23:30:00,425.4
2020-03-20 23:40:00,424.6
2020-03-20 23:50:00,424.2
2020-03-21 00:00:00,425.3
2020-03-21 00:10:00,424.6
2020-03-21 00:20:00,424.6
2020-03-21 00:30:00,424.2
2020-03-21 00:40:00,423.8
2020-03-21 00:50:00,424.1
2020-03-21 01:00:00,424.3
2020-03-21 01:10:00,425.1
2020-03-21 01:20:00,426.5
2020-03-21 01:30:00,428.4
2020-03-21 01:40:00,427.9
2020-03-21 01:50:00,427.3
2020-03-21 02:00:00,427.8
2020-03-21 02:10:00,428.3
2020-03-21 02:20:00,428.3
2020-03-21 02:30:00,428.4
2020-03-21 02:40:00,428.9
2020-03-21 02:50:00,428.9
2020-03-21 03:00:00,428.5
2020-03-21 03:10:00,427.8
2020-03-21 03:20:00,428.1
2020-03-21 03:30:00,429.3
2020-03-21 03:40:00,430.7
2020-03-21 03:50:00,431.5
2020-03-21 04:00:00,431.0
2020-03-21 04:10:00,430.7
2020-03-21 04:20:00,430.9
2020-03-21 04:30:00,431.2
2020-03-21 04:40:00,430.4
2020-03-21 04:50:00,430.0
2020-03-21 05:00:00,428.8
2020-03-21 05:10:00,429.1
2020-03-21 05:20:00,428.1
2020-03-21 05:30:00,428.7
2020-03-21 05:40:00,428.2
2020-03-21 05:50:00,427.6
2020-03-21 06:00:00,427.5
2020-03-21 06:10:00,427.1
2020-03-21 06:20:00,427.4
2020-03-21 06:30:00,426.9
2020-03-21 06:40:00,426.8
2020-03-21 06:50:00,426.8
2020-03-21 07:00:00,426.0
2020-03-21 07:10:00,426.9
2020-03-21 07:20:00,426.2
2020-03-21 07:30:00,426.0
2020-03-21 07:40:00,426.2
2020-03-21 07:50:00,425.6
2020-03-21 08:00:00,425.0
2020-03-21 08:10:00,426.1
2020-03-21 08:20:00,426.0
2020-03-21 08:30:00,425.5
2020-03-21 08:40:00,426.0
2020-03-21 08:50:00,426.2
2020-03-21 09:00:00,425.5
2020-03-21 09:10:00,425.8
2020-03-21 09:20:00,425.9
2020-03-21 09:30:00,425.5
2020-03-21 09:40:00,425.4
2020-03-21 09:50:00,425.0
2020-03-21 10:00:00,424.4
2020-03-21 10:10:00,424.3
2020-03-21 10:20:00,423.3
2020-03-21 10:30:00,422.2
2020-03-21 10:40:00,421.8
2020-03-21 10:50:00,421.9
2020-03-21 11:00:00,421.2
2020-03-21 11:10:00,420.0
2020-03-21 11:20:00,419.4
2020-03-21 11:30:00,419.3
2020-03-21 11:40:00,419.9
2020-03-21 11:50:00,419.8
2020-03-21 12:00:00,419.3
2020-03-21 12:10:00,419.3
2020-03-21 12:20:00,418.8
2020-03-21 12:30:00,418.7
2020-03-21 12:40:00,418.5
2020-03-21 12:50:00,418.6
2020-03-21 13:00:00,418.4
2020-03-21 13:10:00,418.3
2020-03-21 13:20:00,419.0
2020-03-21 13:30:00,418.4
2020-03-21 13:40:00,418.4
2020-03-21 13:50:00,418.5
2020-03-21 14:00:00,418.5
2020-03-21 14:10:00,419.4
2020-03-21 14:20:00,418.9
2020-03-21 14:30:00,418.8
2020-03-21 14:40:00,418.8
2020-03-21 14:50:00,419.0
2020-03-21 15:00:00,419.4
2020-03-21 15:10:00,418.8
2020-03-21 15:20:00,419.1
2020-03-21 15:30:00,419.4
2020-03-21 15:40:00,419.3
2020-03-21 15:50:00,419.2
2020-03-21 16:00:00,419.1
2020-03-21 16:10:00,418.8
2020-03-21 16:20:00,418.7
2020-03-21 16:30:00,418.6
2020-03-21 16:40:00,419.1
2020-03-21 16:50:00,419.4
2020-03-21 17:00:00,419.2
2020-03-21 17:10:00,419.2
2020-03-21 17:20:00,419.5
2020-03-21 17:30:00,419.5
2020-03-21 17:40:00,419.9
2020-03-21 17:50:00,420.1
2020-03-21 18:00:00,419.5
2020-03-21 18:10:00,419.5
2020-03-21 18:20:00,420.0
2020-03-21 18:30:00,419.8
2020-03-21 18:40:00,420.1
2020-03-21 18:50:00,420.3
2020-03-21 19:00:00,420.1
2020-03-21 19:10:00,420.4
2020-03-21 19:20:00,420.8
2020-03-21 19:30:00,421.0
2020-03-21 19:40:00,421.2
2020-03-21 19:50:00,421.2
2020-03-21 20:00:00,421.6
2020-03-21 20:10:00,421.8
2020-03-21 20:20:00,421.5
2020-03-21 20:30:00,421.6
2020-03-21 20:40:00,421.7
2020-03-21 20:50:00,422.1
2020-03-21 21:00:00,422.3
2020-03-21 21:10:00,423.3
2020-03-21 21:20:00,424.1
2020-03-21 21:30:00,425.3
2020-03-21 21:40:00,425.3
2020-03-21 21:50:00,424.4
2020-03-21 22:00:00,424.2
2020-03-21 22:10:00,423.8
2020-03-21 22:20:00,423.7
2020-03-21 22:30:00,422.7
2020-03-21 22:40:00,423.1
2020-03-21 22:50:00,422.8
2020-03-21 23:00:00,423.2
2020-03-21 23:10:00,423.8
2020-03-21 23:20:00,423.8
2020-03-21 23:30:00,424.1
2020-03-21 23:40:00,424.2
2020-03-21 23:50:00,424.3
2020-03-22 00:00:00,424.3
2020-03-22 00:10:00,424.9
2020-03-22 00:20:00,424.5
2020-03-22 00:30:00,424.1
2020-03-22 00:40:00,424.0
2020-03-22 00:50:00,424.0
2020-03-22 01:00:00,424.3
2020-03-22 01:10:00,424.4
2020-03-22 01:20:00,425.0
2020-03-22 01:30:00,424.9
2020-03-22 01:40:00,426.1
2020-03-22 01:50:00,427.1
2020-03-22 02:00:00,427.5
2020-03-22 02:10:00,430.5
2020-03-22 02:20:00,432.8
2020-03-22 02:30:00,432.4
2020-03-22 02:40:00,431.9
2020-03-22 02:50:00,431.6
2020-03-22 03:00:00,432.3
2020-03-22 03:10:00,432.9
2020-03-22 03:20:00,430.8
2020-03-22 03:30:00,430.1
2020-03-22 03:40:00,430.3
2020-03-22 03:50:00,429.8
2020-03-22 04:00:00,429.4
2020-03-22 04:10:00,429.6
2020-03-22 04:20:00,429.7
2020-03-22 04:30:00,430.3
2020-03-22 04:40:00,430.9
2020-03-22 04:50:00,431.4
2020-03-22 05:00:00,431.7
2020-03-22 05:10:00,432.2
2020-03-22 05:20:00,432.5
2020-03-22 05:30:00,433.5
2020-03-22 05:40:00,433.4
2020-03-22 05:50:00,432.8
2020-03-22 06:00:00,432.1
2020-03-22 06:10:00,432.4
2020-03-22 06:20:00,432.7
2020-03-22 06:30:00,432.4
2020-03-22 06:40:00,432.4
2020-03-22 06:50:00,432.2
2020-03-22 07:00:00,432.2
2020-03-22 07:10:00,431.8
2020-03-22 07:20:00,431.7
2020-03-22 07:30:00,431.6
2020-03-22 07:40:00,431.2
2020-03-22 07:50:00,430.3
2020-03-22 08:00:00,429.5
2020-03-22 08:10:00,429.0
2020-03-22 08:20:00,428.3
2020-03-22 08:30:00,427.4
2020-03-22 08:40:00,427.0
2020-03-22 08:50:00,426.5
2020-03-22 09:00:00,425.2
2020-03-22 09:10:00,424.1
2020-03-22 09:20:00,423.2
2020-03-22 09:30:00,422.6
2020-03-22 09:40:00,422.1
2020-03-22 09:50:00,422.0
2020-03-22 10:00:00,422.0
2020-03-22 10:10:00,421.8
2020-03-22 10:20:00,421.2
2020-03-22 10:30:00,420.9
2020-03-22 10:40:00,420.8
2020-03-22 10:50:00,420.8
2020-03-22 11:00:00,420.9
2020-03-22 11:10:00,420.5
2020-03-22 11:20:00,420.4
2020-03-22 11:30:00,419.9
2020-03-22 11:40:00,419.9
2020-03-22 11:50:00,420.5
2020-03-22 12:00:00,420.0
2020-03-22 12:10:00,419.9
2020-03-22 12:20:00,419.6
2020-03-22 12:30:00,419.5
2020-03-22 12:40:00,419.7
2020-03-22 12:50:00,419.6
2020-03-22 13:00:00,419.5
2020-03-22 13:10:00,419.6
2020-03-22 13:20:00,419.4
2020-03-22 13:30:00,419.1
2020-03-22 13:40:00,419.0
2020-03-22 13:50:00,418.7
2020-03-22 14:00:00,418.5
2020-03-22 14:10:00,418.4
2020-03-22 14:20:00,418.3
2020-03-22 14:30:00,418.0
2020-03-22 14:40:00,418.0
2020-03-22 14:50:00,418.0
2020-03-22 15:00:00,418.0
2020-03-22 15:10:00,418.0
2020-03-22 15:20:00,418.0
2020-03-22 15:30:00,418.0
2020-03-22 15:40:00,418.0
2020-03-22 15:50:00,418.0
2020-03-22 16:00:00,418.0
2020-03-22 16:10:00,418.0
2020-03-22 16:20:00,418.0
2020-03-22 16:30:00,418.0
2020-03-22 16:40:00,418.0
2020-03-22 16:50:00,418.0
2020-03-22 17:00:00,418.1
2020-03-22 17:10:00,417.9
2020-03-22 17:20:00,417.9
2020-03-22 17:30:00,418.0
2020-03-22 17:40:00,417.9
2020-03-22 17:50:00,418.0
2020-03-22 18:00:00,418.0
2020-03-22 18:10:00,418.1
2020-03-22 18:20:00,418.4
2020-03-22 18:30:00,418.5
2020-03-22 18:40:00,418.9
2020-03-22 18:50:00,419.0
2020-03-22 19:00:00,419.5
2020-03-22 19:10:00,419.3
2020-03-22 19:20:00,419.7
2020-03-22 19:30:00,419.8
2020-03-22 19:40:00,420.0
2020-03-22 19:50:00,420.2
2020-03-22 20:00:00,420.3
2020-03-22 20:10:00,420.7
2020-03-22 20:20:00,420.9
2020-03-22 20:30:00,421.5
2020-03-22 20:40:00,421.7
2020-03-22 20:50:00,422.0
2020-03-22 21:00:00,422.3
2020-03-22 21:10:00,421.7
2020-03-22 21:20:00,421.8
2020-03-22 21:30:00,421.9
2020-03-22 21:40:00,422.9
2020-03-22 21:50:00,423.6
2020-03-22 22:00:00,424.2
2020-03-22 22:10:00,425.7
2020-03-22 22:20:00,426.6
2020-03-22 22:30:00,425.7
2020-03-22 22:40:00,427.5
2020-03-22 22:50:00,426.7
2020-03-22 23:00:00,427.5
2020-03-22 23:10:00,426.7
2020-03-22 23:20:00,433.1
2020-03-22 23:30:00,432.6
2020-03-22 23:40:00,433.9
2020-03-22 23:50:00,436.8
2020-03-23 00:00:00,437.0
2020-03-23 00:10:00,433.2
2020-03-23 00:20:00,435.1
2020-03-23 00:30:00,432.6
2020-03-23 00:40:00,430.9
2020-03-23 00:50:00,430.6
2020-03-23 01:00:00,430.5
2020-03-23 01:10:00,430.1
2020-03-23 01:20:00,429.1
2020-03-23 01:30:00,429.0
2020-03-23 01:40:00,431.3
2020-03-23 01:50:00,431.6
2020-03-23 02:00:00,436.4
2020-03-23 02:10:00,434.8
2020-03-23 02:20:00,433.8
2020-03-23 02:30:00,433.9
2020-03-23 02:40:00,436.8
2020-03-23 02:50:00,435.0
2020-03-23 03:00:00,434.8
2020-03-23 03:10:00,432.4
2020-03-23 03:20:00,432.2
2020-03-23 03:30:00,431.6
2020-03-23 03:40:00,431.1
2020-03-23 03:50:00,432.3
2020-03-23 04:00:00,431.6
2020-03-23 04:10:00,431.6
2020-03-23 04:20:00,431.5
2020-03-23 04:30:00,430.8
2020-03-23 04:40:00,430.9
2020-03-23 04:50:00,431.3
2020-03-23 05:00:00,431.7
2020-03-23 05:10:00,432.9
2020-03-23 05:20:00,431.8
2020-03-23 05:30:00,431.3
2020-03-23 05:40:00,432.4
2020-03-23 05:50:00,436.2
2020-03-23 06:00:00,433.6
2020-03-23 06:10:00,434.6
2020-03-23 06:20:00,445.2
2020-03-23 06:30:00,451.1
2020-03-23 06:40:00,452.4
2020-03-23 06:50:00,455.2
2020-03-23 07:00:00,459.1
2020-03-23 07:10:00,460.3
2020-03-23 07:20:00,459.1
2020-03-23 07:30:00,459.5
2020-03-23 07:40:00,459.7
2020-03-23 07:50:00,457.2
2020-03-23 08:00:00,458.1
2020-03-23 08:10:00,453.7
2020-03-23 08:20:00,458.1
2020-03-23 08:30:00,460.6
2020-03-23 08:40:00,461.2
2020-03-23 08:50:00,455.5
2020-03-23 09:00:00,448.2
2020-03-23 09:10:00,442.6
2020-03-23 09:20:00,437.4
2020-03-23 09:30:00,434.6
2020-03-23 09:40:00,430.3
2020-03-23 09:50:00,423.3
2020-03-23 10:00:00,422.7
2020-03-23 10:10:00,422.8
2020-03-23 10:20:00,422.0
2020-03-23 10:30:00,421.8
2020-03-23 10:40:00,421.7
2020-03-23 10:50:00,422.0
2020-03-23 11:00:00,422.0
2020-03-23 11:10:00,422.0
2020-03-23 11:20:00,421.7
2020-03-23 11:30:00,421.2
2020-03-23 11:40:00,421.8
2020-03-23 11:50:00,421.9
2020-03-23 12:00:00,421.8
2020-03-23 12:10:00,422.1
2020-03-23 12:20:00,421.9
2020-03-23 12:30:00,421.6
2020-03-23 12:40:00,421.0
2020-03-23 12:50:00,421.0
2020-03-23 13:00:00,420.5
2020-03-23 13:10:00,420.0
2020-03-23 13:20:00,420.2
2020-03-23 13:30:00,420.1
2020-03-23 13:40:00,419.6
2020-03-23 13:50:00,419.1
2020-03-23 14:00:00,418.6
2020-03-23 14:10:00,418.7
2020-03-23 14:20:00,418.6
2020-03-23 14:30:00,418.6
2020-03-23 14:40:00,419.0
2020-03-23 14:50:00,419.0
2020-03-23 15:00:00,418.7
2020-03-23 15:10:00,419.1
2020-03-23 15:20:00,419.5
2020-03-23 15:30:00,419.5
2020-03-23 15:40:00,419.9
2020-03-23 15:50:00,419.9
2020-03-23 16:00:00,419.6
2020-03-23 16:10:00,419.8
2020-03-23 16:20:00,420.5
2020-03-23 16:30:00,420.6
2020-03-23 16:40:00,420.5
2020-03-23 16:50:00,419.6
2020-03-23 17:00:00,419.1
2020-03-23 17:10:00,419.0
2020-03-23 17:20:00,418.9
2020-03-23 17:30:00,419.0
2020-03-23 17:40:00,419.1
2020-03-23 17:50:00,419.1
2020-03-23 18:00:00,419.2
2020-03-23 18:10:00,419.3
2020-03-23 18:20:00,419.6
2020-03-23 18:30:00,419.7
2020-03-23 18:40:00,420.3
2020-03-23 18:50:00,420.5
2020-03-23 19:00:00,420.9
2020-03-23 19:10:00,422.1
2020-03-23 19:20:00,422.2
2020-03-23 19:30:00,422.6
2020-03-23 19:40:00,422.7
2020-03-23 19:50:00,422.7
2020-03-23 20:00:00,422.6
2020-03-23 20:10:00,423.0
2020-03-23 20:20:00,423.6
2020-03-23 20:30:00,423.6
2020-03-23 20:40:00,424.9
2020-03-23 20:50:00,424.2
2020-03-23 21:00:00,425.5
2020-03-23 21:10:00,425.5
2020-03-23 21:20:00,425.8
2020-03-23 21:30:00,426.3
2020-03-23 21:40:00,425.7
2020-03-23 21:50:00,425.7
2020-03-23 22:00:00,426.2
2020-03-23 22:10:00,427.1
2020-03-23 22:20:00,427.1
2020-03-23 22:30:00,428.0
2020-03-23 22:40:00,427.9
2020-03-23 22:50:00,427.6
2020-03-23 23:00:00,427.3
2020-03-23 23:10:00,428.7
2020-03-23 23:20:00,429.2
2020-03-23 23:30:00,429.8
2020-03-23 23:40:00,430.4
2020-03-23 23:50:00,430.5
2020-03-24 00:00:00,430.6
2020-03-24 00:10:00,429.9
2020-03-24 00:20:00,430.7
2020-03-24 00:30:00,434.4
2020-03-24 00:40:00,439.2
2020-03-24 00:50:00,434.3
2020-03-24 01:00:00,439.1
2020-03-24 01:10:00,440.0
2020-03-24 01:20:00,438.0
2020-03-24 01:30:00,434.8
2020-03-24 01:40:00,436.0
2020-03-24 01:50:00,437.4
2020-03-24 02:00:00,435.3
2020-03-24 02:10:00,435.5
2020-03-24 02:20:00,431.0
2020-03-24 02:30:00,429.8
2020-03-24 02:40:00,430.9
2020-03-24 02:50:00,434.9
2020-03-24 03:00:00,437.4
2020-03-24 03:10:00,440.3
2020-03-24 03:20:00,443.1
2020-03-24 03:30:00,443.2
2020-03-24 03:40:00,435.0
2020-03-24 03:50:00,434.1
2020-03-24 04:00:00,432.4
2020-03-24 04:10:00,433.8
2020-03-24 04:20:00,435.3
2020-03-24 04:30:00,437.7
2020-03-24 04:40:00,439.6
2020-03-24 04:50:00,443.4
2020-03-24 05:00:00,452.4
2020-03-24 05:10:00,459.3
2020-03-24 05:20:00,455.5
2020-03-24 05:30:00,451.6
2020-03-24 05:40:00,454.8
2020-03-24 05:50:00,457.4
2020-03-24 06:00:00,454.8
2020-03-24 06:10:00,456.2
2020-03-24 06:20:00,463.5
2020-03-24 06:30:00,466.6
2020-03-24 06:40:00,460.5
2020-03-24 06:50:00,459.0
2020-03-24 07:00:00,456.6
2020-03-24 07:10:00,449.6
2020-03-24 07:20:00,453.2
2020-03-24 07:30:00,458.0
2020-03-24 07:40:00,467.0
2020-03-24 07:50:00,465.7
2020-03-24 08:00:00,463.3
2020-03-24 08:10:00,456.2
2020-03-24 08:20:00,456.5
2020-03-24 08:30:00,454.2
2020-03-24 08:40:00,449.5
2020-03-24 08:50:00,451.0
2020-03-24 09:00:00,447.2
2020-03-24 09:10:00,446.5
2020-03-24 09:20:00,444.2
2020-03-24 09:30:00,444.3
2020-03-24 09:40:00,442.0
2020-03-24 09:50:00,440.5
2020-03-24 10:00:00,436.8
2020-03-24 10:10:00,433.5
2020-03-24 10:20:00,433.3
2020-03-24 10:30:00,433.8
2020-03-24 10:40:00,426.2
2020-03-24 10:50:00,424.3
2020-03-24 11:00:00,424.5
2020-03-24 11:10:00,424.0
2020-03-24 11:20:00,425.1
2020-03-24 11:30:00,425.6
2020-03-24 11:40:00,425.2
2020-03-24 11:50:00,425.2
2020-03-24 12:00:00,424.8
2020-03-24 12:10:00,422.3
2020-03-24 12:20:00,423.8
2020-03-24 12:30:00,423.1
2020-03-24 12:40:00,422.0
2020-03-24 12:50:00,421.8
2020-03-24 13:00:00,421.3
2020-03-24 13:10:00,420.8
2020-03-24 13:20:00,420.4
2020-03-24 13:30:00,420.9
2020-03-24 13:40:00,420.4
2020-03-24 13:50:00,420.2
2020-03-24 14:00:00,419.9
2020-03-24 14:10:00,419.9
2020-03-24 14:20:00,420.4
2020-03-24 14:30:00,420.4
2020-03-24 14:40:00,420.1
2020-03-24 14:50:00,420.3
2020-03-24 15:00:00,420.0
2020-03-24 15:10:00,419.8
2020-03-24 15:20:00,419.8
2020-03-24 15:30:00,419.6
2020-03-24 15:40:00,419.5
2020-03-24 15:50:00,419.2
2020-03-24 16:00:00,419.4
2020-03-24 16:10:00,419.5
2020-03-24 16:20:00,420.1
2020-03-24 16:30:00,420.4
2020-03-24 16:40:00,420.8
2020-03-24 16:50:00,421.1
2020-03-24 17:00:00,420.7
2020-03-24 17:10:00,420.8
2020-03-24 17:20:00,420.7
2020-03-24 17:30:00,420.4
2020-03-24 17:40:00,420.3
2020-03-24 17:50:00,420.4
2020-03-24 18:00:00,420.8
2020-03-24 18:10:00,421.2
2020-03-24 18:20:00,421.5
2020-03-24 18:30:00,421.9
2020-03-24 18:40:00,422.3
2020-03-24 18:50:00,422.5
2020-03-24 19:00:00,422.6
2020-03-24 19:10:00,422.7
2020-03-24 19:20:00,423.0
2020-03-24 19:30:00,423.4
2020-03-24 19:40:00,423.3
2020-03-24 19:50:00,424.4
2020-03-24 20:00:00,424.9
2020-03-24 20:10:00,424.8
2020-03-24 20:20:00,424.8
2020-03-24 20:30:00,425.0
2020-03-24 20:40:00,424.7
2020-03-24 20:50:00,424.9
2020-03-24 21:00:00,424.7
2020-03-24 21:10:00,424.3
2020-03-24 21:20:00,424.7
2020-03-24 21:30:00,424.6
2020-03-24 21:40:00,424.4
2020-03-24 21:50:00,425.0
2020-03-24 22:00:00,426.3
2020-03-24 22:10:00,426.0
2020-03-24 22:20:00,425.1
2020-03-24 22:30:00,424.7
2020-03-24 22:40:00,424.6
2020-03-24 22:50:00,424.4
2020-03-24 23:00:00,425.5
2020-03-24 23:10:00,425.2
2020-03-24 23:20:00,426.0
2020-03-24 23:30:00,426.5
2020-03-24 23:40:00,426.8
2020-03-24 23:50:00,426.5
2020-03-25 00:00:00,426.4
2020-03-25 00:10:00,427.1
2020-03-25 00:20:00,426.9
2020-03-25 00:30:00,426.6
2020-03-25 00:40:00,426.1
2020-03-25 00:50:00,425.6
2020-03-25 01:00:00,425.8
2020-03-25 01:10:00,426.5
2020-03-25 01:20:00,427.3
2020-03-25 01:30:00,428.7
2020-03-25 01:40:00,428.6
2020-03-25 01:50:00,427.2
2020-03-25 02:00:00,428.3
2020-03-25 02:10:00,431.6
2020-03-25 02:20:00,431.6
2020-03-25 02:30:00,430.8
2020-03-25 02:40:00,432.8
2020-03-25 02:50:00,435.8
2020-03-25 03:00:00,436.1
2020-03-25 03:10:00,436.4
2020-03-25 03:20:00,437.4
2020-03-25 03:30:00,438.9
2020-03-25 03:40:00,441.2
2020-03-25 03:50:00,439.0
2020-03-25 04:00:00,439.7
2020-03-25 04:10:00,441.0
2020-03-25 04:20:00,443.0
2020-03-25 04:30:00,438.0
2020-03-25 04:40:00,438.7
2020-03-25 04:50:00,437.6
2020-03-25 05:00:00,440.8
2020-03-25 05:10:00,444.9
2020-03-25 05:20:00,447.1
2020-03-25 05:30:00,450.8
2020-03-25 05:40:00,447.8
2020-03-25 05:50:00,454.5
2020-03-25 06:00:00,449.6
2020-03-25 06:10:00,453.2
2020-03-25 06:20:00,458.5
2020-03-25 06:30:00,456.8
2020-03-25 06:40:00,455.7
2020-03-25 06:50:00,457.7
2020-03-25 07:00:00,459.1
2020-03-25 07:10:00,461.6
2020-03-25 07:20:00,460.4
2020-03-25 07:30:00,458.9
2020-03-25 07:40:00,455.7
2020-03-25 07:50:00,456.4
2020-03-25 08:00:00,460.8
2020-03-25 08:10:00,464.2
2020-03-25 08:20:00,464.4
2020-03-25 08:30:00,462.0
2020-03-25 08:40:00,448.6
2020-03-25 08:50:00,454.0
2020-03-25 09:00:00,452.0
2020-03-25 09:10:00,444.4
2020-03-25 09:20:00,439.5
2020-03-25 09:30:00,436.9
2020-03-25 09:40:00,435.0
2020-03-25 09:50:00,432.7
2020-03-25 10:00:00,430.0
2020-03-25 10:10:00,428.7
2020-03-25 10:20:00,427.3
2020-03-25 10:30:00,424.3
2020-03-25 10:40:00,422.6
2020-03-25 10:50:00,423.4
2020-03-25 11:00:00,423.1
2020-03-25 11:10:00,421.6
2020-03-25 11:20:00,421.8
2020-03-25 11:30:00,421.3
2020-03-25 11:40:00,420.9
2020-03-25 11:50:00,420.7
2020-03-25 12:00:00,421.1
2020-03-25 12:10:00,421.6
2020-03-25 12:20:00,422.0
2020-03-25 12:30:00,422.0
2020-03-25 12:40:00,421.7
2020-03-25 12:50:00,421.2
2020-03-25 13:00:00,420.6
2020-03-25 13:10:00,420.4
2020-03-25 13:20:00,420.1
2020-03-25 13:30:00,420.0
2020-03-25 13:40:00,420.4
2020-03-25 13:50:00,420.1
2020-03-25 14:00:00,419.8
2020-03-25 14:10:00,419.8
2020-03-25 14:20:00,421.1
2020-03-25 14:30:00,422.1
2020-03-25 14:40:00,422.4
2020-03-25 14:50:00,422.2
2020-03-25 15:00:00,421.9
2020-03-25 15:10:00,421.7
2020-03-25 15:20:00,421.6
2020-03-25 15:30:00,421.5
2020-03-25 15:40:00,421.2
2020-03-25 15:50:00,420.9
2020-03-25 16:00:00,421.0
2020-03-25 16:10:00,420.8
2020-03-25 16:20:00,420.4
2020-03-25 16:30:00,420.0
2020-03-25 16:40:00,419.8
2020-03-25 16:50:00,419.6
2020-03-25 17:00:00,419.6
2020-03-25 17:10:00,419.6
2020-03-25 17:20:00,419.6
2020-03-25 17:30:00,419.6
2020-03-25 17:40:00,419.7
2020-03-25 17:50:00,419.6
2020-03-25 18:00:00,419.8
2020-03-25 18:10:00,420.0
2020-03-25 18:20:00,419.9
2020-03-25 18:30:00,420.0
2020-03-25 18:40:00,420.7
2020-03-25 18:50:00,420.9
2020-03-25 19:00:00,420.7
2020-03-25 19:10:00,421.3
2020-03-25 19:20:00,421.6
2020-03-25 19:30:00,422.2
2020-03-25 19:40:00,422.6
2020-03-25 19:50:00,422.5
2020-03-25 20:00:00,422.6
2020-03-25 20:10:00,423.2
2020-03-25 20:20:00,423.2
2020-03-25 20:30:00,422.8
2020-03-25 20:40:00,423.5
2020-03-25 20:50:00,424.4
2020-03-25 21:00:00,424.2
2020-03-25 21:10:00,424.8
2020-03-25 21:20:00,425.0
2020-03-25 21:30:00,425.6
2020-03-25 21:40:00,426.4
2020-03-25 21:50:00,426.9
2020-03-25 22:00:00,427.1
2020-03-25 22:10:00,427.2
2020-03-25 22:20:00,428.2
2020-03-25 22:30:00,427.9
2020-03-25 22:40:00,428.6
2020-03-25 22:50:00,428.0
2020-03-25 23:00:00,427.8
2020-03-25 23:10:00,427.8
2020-03-25 23:20:00,427.6
2020-03-25 23:30:00,427.7
2020-03-25 23:40:00,427.9
2020-03-25 23:50:00,428.0
2020-03-26 00:00:00,427.9
2020-03-26 00:10:00,428.8
2020-03-26 00:20:00,428.8
2020-03-26 00:30:00,428.6
2020-03-26 00:40:00,428.5
2020-03-26 00:50:00,429.0
2020-03-26 01:00:00,430.3
2020-03-26 01:10:00,429.2
2020-03-26 01:20:00,430.0
2020-03-26 01:30:00,430.2
2020-03-26 01:40:00,429.3
2020-03-26 01:50:00,429.5
2020-03-26 02:00:00,431.2
2020-03-26 02:10:00,430.8
2020-03-26 02:20:00,431.3
2020-03-26 02:30:00,431.2
2020-03-26 02:40:00,431.4
2020-03-26 02:50:00,431.1
2020-03-26 03:00:00,431.6
2020-03-26 03:10:00,430.8
2020-03-26 03:20:00,432.1
2020-03-26 03:30:00,432.4
2020-03-26 03:40:00,433.4
2020-03-26 03:50:00,432.6
2020-03-26 04:00:00,432.6
2020-03-26 04:10:00,432.9
2020-03-26 04:20:00,432.4
2020-03-26 04:30:00,432.8
2020-03-26 04:40:00,433.3
2020-03-26 04:50:00,433.4
2020-03-26 05:00:00,433.4
2020-03-26 05:10:00,433.4
2020-03-26 05:20:00,434.1
2020-03-26 05:30:00,433.6
2020-03-26 05:40:00,433.1
2020-03-26 05:50:00,433.0
2020-03-26 06:00:00,432.1
2020-03-26 06:10:00,432.0
2020-03-26 06:20:00,432.2
2020-03-26 06:30:00,431.7
2020-03-26 06:40:00,433.9
2020-03-26 06:50:00,433.4
2020-03-26 07:00:00,434.1
2020-03-26 07:10:00,435.1
2020-03-26 07:20:00,434.4
2020-03-26 07:30:00,434.9
2020-03-26 07:40:00,434.0
2020-03-26 07:50:00,432.2
2020-03-26 08:00:00,431.7
2020-03-26 08:10:00,430.7
2020-03-26 08:20:00,430.5
2020-03-26 08:30:00,429.7
2020-03-26 08:40:00,428.4
2020-03-26 08:50:00,427.3
2020-03-26 09:00:00,426.8
2020-03-26 09:10:00,426.0
2020-03-26 09:20:00,424.7
2020-03-26 09:30:00,424.3
2020-03-26 09:40:00,424.2
2020-03-26 09:50:00,424.0
2020-03-26 10:00:00,423.9
2020-03-26 10:10:00,423.8
2020-03-26 10:20:00,423.6
2020-03-26 10:30:00,423.3
2020-03-26 10:40:00,423.1
2020-03-26 10:50:00,422.4
2020-03-26 11:00:00,421.9
2020-03-26 11:10:00,421.7
2020-03-26 11:20:00,421.4
2020-03-26 11:30:00,421.2
2020-03-26 11:40:00,421.2
2020-03-26 11:50:00,421.2
2020-03-26 12:00:00,421.0
2020-03-26 12:10:00,420.7
2020-03-26 12:20:00,420.8
2020-03-26 12:30:00,420.6
2020-03-26 12:40:00,420.7
2020-03-26 12:50:00,420.5
2020-03-26 13:00:00,420.3
2020-03-26 13:10:00,419.8
2020-03-26 13:20:00,419.8
2020-03-26 13:30:00,419.9
2020-03-26 13:40:00,419.8
2020-03-26 13:50:00,419.9
2020-03-26 14:00:00,419.8
2020-03-26 14:10:00,420.0
2020-03-26 14:20:00,419.8
2020-03-26 14:30:00,419.7
2020-03-26 14:40:00,419.5
2020-03-26 14:50:00,419.0
2020-03-26 15:00:00,419.2
2020-03-26 15:10:00,419.1
2020-03-26 15:20:00,419.0
2020-03-26 15:30:00,419.0
2020-03-26 15:40:00,419.1
2020-03-26 15:50:00,418.8
2020-03-26 16:00:00,418.9
2020-03-26 16:10:00,419.0
2020-03-26 16:20:00,419.2
2020-03-26 16:30:00,419.3
2020-03-26 16:40:00,418.9
2020-03-26 16:50:00,419.4
2020-03-26 17:00:00,419.2
2020-03-26 17:10:00,419.2
2020-03-26 17:20:00,419.3
2020-03-26 17:30:00,419.2
2020-03-26 17:40:00,419.1
2020-03-26 17:50:00,419.5
2020-03-26 18:00:00,419.8
2020-03-26 18:10:00,419.6
2020-03-26 18:20:00,419.7
2020-03-26 18:30:00,419.3
2020-03-26 18:40:00,419.7
2020-03-26 18:50:00,420.3
2020-03-26 19:00:00,420.2
2020-03-26 19:10:00,420.6
2020-03-26 19:20:00,420.9
2020-03-26 19:30:00,421.6
2020-03-26 19:40:00,422.5
2020-03-26 19:50:00,422.6
2020-03-26 20:00:00,422.3
2020-03-26 20:10:00,423.2
2020-03-26 20:20:00,423.7
2020-03-26 20:30:00,424.5
2020-03-26 20:40:00,424.6
2020-03-26 20:50:00,424.9
2020-03-26 21:00:00,425.1
2020-03-26 21:10:00,425.1
2020-03-26 21:20:00,425.2
2020-03-26 21:30:00,425.4
2020-03-26 21:40:00,425.7
2020-03-26 21:50:00,426.1
2020-03-26 22:00:00,426.1
2020-03-26 22:10:00,426.6
2020-03-26 22:20:00,426.5
2020-03-26 22:30:00,426.6
2020-03-26 22:40:00,426.7
2020-03-26 22:50:00,426.5
2020-03-26 23:00:00,426.5
2020-03-26 23:10:00,426.8
2020-03-26 23:20:00,427.1
2020-03-26 23:30:00,427.2
2020-03-26 23:40:00,427.8
2020-03-26 23:50:00,427.8
2020-03-27 00:00:00,427.7
2020-03-27 00:10:00,429.5
2020-03-27 00:20:00,429.0
2020-03-27 00:30:00,428.2
2020-03-27 00:40:00,428.2
2020-03-27 00:50:00,428.6
2020-03-27 01:00:00,428.6
2020-03-27 01:10:00,428.7
2020-03-27 01:20:00,430.3
2020-03-27 01:30:00,430.5
2020-03-27 01:40:00,430.8
2020-03-27 01:50:00,431.0
2020-03-27 02:00:00,431.7
2020-03-27 02:10:00,431.4
2020-03-27 02:20:00,431.5
2020-03-27 02:30:00,431.7
2020-03-27 02:40:00,431.6
2020-03-27 02:50:00,432.1
2020-03-27 03:00:00,432.9
2020-03-27 03:10:00,433.2
2020-03-27 03:20:00,433.3
2020-03-27 03:30:00,433.6
2020-03-27 03:40:00,433.2
2020-03-27 03:50:00,433.9
2020-03-27 04:00:00,434.2
2020-03-27 04:10:00,434.0
2020-03-27 04:20:00,433.6
2020-03-27 04:30:00,434.3
2020-03-27 04:40:00,433.9
2020-03-27 04:50:00,434.1
2020-03-27 05:00:00,434.8
2020-03-27 05:10:00,435.7
2020-03-27 05:20:00,436.5
2020-03-27 05:30:00,436.9
2020-03-27 05:40:00,437.5
2020-03-27 05:50:00,438.1
2020-03-27 06:00:00,438.8
2020-03-27 06:10:00,439.6
2020-03-27 06:20:00,440.3
2020-03-27 06:30:00,441.0
2020-03-27 06:40:00,440.2
2020-03-27 06:50:00,440.1
2020-03-27 07:00:00,440.3
2020-03-27 07:10:00,441.3
2020-03-27 07:20:00,441.0
2020-03-27 07:30:00,440.8
2020-03-27 07:40:00,441.0
2020-03-27 07:50:00,441.8
2020-03-27 08:00:00,441.5
2020-03-27 08:10:00,440.6
2020-03-27 08:20:00,439.4
2020-03-27 08:30:00,439.0
2020-03-27 08:40:00,438.3
2020-03-27 08:50:00,438.1
2020-03-27 09:00:00,437.6
2020-03-27 09:10:00,436.7
2020-03-27 09:20:00,436.6
2020-03-27 09:30:00,435.8
2020-03-27 09:40:00,435.5
2020-03-27 09:50:00,434.8
2020-03-27 10:00:00,433.8
2020-03-27 10:10:00,433.5
2020-03-27 10:20:00,432.2
2020-03-27 10:30:00,431.2
2020-03-27 10:40:00,430.9
2020-03-27 10:50:00,430.0
2020-03-27 11:00:00,429.4
2020-03-27 11:10:00,428.3
2020-03-27 11:20:00,428.4
2020-03-27 11:30:00,427.1
2020-03-27 11:40:00,427.1
2020-03-27 11:50:00,426.9
2020-03-27 12:00:00,426.9
2020-03-27 12:10:00,426.2
2020-03-27 12:20:00,423.3
2020-03-27 12:30:00,422.9
2020-03-27 12:40:00,421.3
2020-03-27 12:50:00,420.5
2020-03-27 13:00:00,420.5
2020-03-27 13:10:00,419.1
2020-03-27 13:20:00,419.1
2020-03-27 13:30:00,418.3
2020-03-27 13:40:00,418.3
2020-03-27 13:50:00,418.0
2020-03-27 14:00:00,417.6
2020-03-27 14:10:00,418.3
2020-03-27 14:20:00,417.3
2020-03-27 14:30:00,417.4
2020-03-27 14:40:00,417.0
2020-03-27 14:50:00,416.8
2020-03-27 15:00:00,416.9
2020-03-27 15:10:00,416.8
2020-03-27 15:20:00,416.3
2020-03-27 15:30:00,416.1
2020-03-27 15:40:00,416.1
2020-03-27 15:50:00,415.9
2020-03-27 16:00:00,415.9
2020-03-27 16:10:00,416.7
2020-03-27 16:20:00,416.6
2020-03-27 16:30:00,416.5
2020-03-27 16:40:00,416.3
2020-03-27 16:50:00,415.9
2020-03-27 17:00:00,416.3
2020-03-27 17:10:00,416.8
2020-03-27 17:20:00,416.8
2020-03-27 17:30:00,416.9
2020-03-27 17:40:00,417.0
2020-03-27 17:50:00,417.1
2020-03-27 18:00:00,417.4
2020-03-27 18:10:00,417.8
2020-03-27 18:20:00,419.4
2020-03-27 18:30:00,420.6
2020-03-27 18:40:00,420.7
2020-03-27 18:50:00,421.1
2020-03-27 19:00:00,421.1
2020-03-27 19:10:00,421.8
2020-03-27 19:20:00,422.0
2020-03-27 19:30:00,422.3
2020-03-27 19:40:00,422.3
2020-03-27 19:50:00,421.9
2020-03-27 20:00:00,422.3
2020-03-27 20:10:00,423.0
2020-03-27 20:20:00,423.5
2020-03-27 20:30:00,423.8
2020-03-27 20:40:00,424.6
2020-03-27 20:50:00,425.6
2020-03-27 21:00:00,426.5
2020-03-27 21:10:00,427.6
2020-03-27 21:20:00,428.6
2020-03-27 21:30:00,429.0
2020-03-27 21:40:00,429.3
2020-03-27 21:50:00,429.7
2020-03-27 22:00:00,430.2
2020-03-27 22:10:00,430.7
2020-03-27 22:20:00,430.0
2020-03-27 22:30:00,429.7
2020-03-27 22:40:00,429.6
2020-03-27 22:50:00,429.8
2020-03-27 23:00:00,429.9
2020-03-27 23:10:00,430.5
2020-03-27 23:20:00,431.2
2020-03-27 23:30:00,433.4
2020-03-27 23:40:00,432.9
2020-03-27 23:50:00,432.6
2020-03-28 00:00:00,431.9
2020-03-28 00:10:00,432.4
2020-03-28 00:20:00,435.5
2020-03-28 00:30:00,435.0
2020-03-28 00:40:00,433.9
2020-03-28 00:50:00,434.4
2020-03-28 01:00:00,434.9
2020-03-28 01:10:00,433.9
2020-03-28 01:20:00,433.6
2020-03-28 01:30:00,433.1
2020-03-28 01:40:00,433.4
2020-03-28 01:50:00,433.5
2020-03-28 02:00:00,433.4
2020-03-28 02:10:00,433.8
2020-03-28 02:20:00,433.8
2020-03-28 02:30:00,434.1
2020-03-28 02:40:00,434.8
2020-03-28 02:50:00,435.2
2020-03-28 03:00:00,435.4
2020-03-28 03:10:00,435.1
2020-03-28 03:20:00,435.9
2020-03-28 03:30:00,449.1
2020-03-28 03:40:00,449.4
2020-03-28 03:50:00,448.2
2020-03-28 04:00:00,446.2
2020-03-28 04:10:00,436.4
2020-03-28 04:20:00,435.5
2020-03-28 04:30:00,439.1
2020-03-28 04:40:00,438.0
2020-03-28 04:50:00,437.8
2020-03-28 05:00:00,444.0
2020-03-28 05:10:00,451.0
2020-03-28 05:20:00,454.9
2020-03-28 05:30:00,452.7
2020-03-28 05:40:00,453.5
2020-03-28 05:50:00,457.4
2020-03-28 06:00:00,456.0
2020-03-28 06:10:00,456.1
2020-03-28 06:20:00,456.2
2020-03-28 06:30:00,459.1
2020-03-28 06:40:00,453.8
2020-03-28 06:50:00,445.3
2020-03-28 07:00:00,461.1
2020-03-28 07:10:00,460.3
2020-03-28 07:20:00,457.7
2020-03-28 07:30:00,459.7
2020-03-28 07:40:00,462.9
2020-03-28 07:50:00,455.8
2020-03-28 08:00:00,455.9
2020-03-28 08:10:00,456.9
2020-03-28 08:20:00,456.3
2020-03-28 08:30:00,446.3
2020-03-28 08:40:00,446.7
2020-03-28 08:50:00,445.7
2020-03-28 09:00:00,444.8
2020-03-28 09:10:00,443.3
2020-03-28 09:20:00,440.9
2020-03-28 09:30:00,440.3
2020-03-28 09:40:00,437.1
2020-03-28 09:50:00,437.1
2020-03-28 10:00:00,435.6
2020-03-28 10:10:00,435.7
2020-03-28 10:20:00,433.6
2020-03-28 10:30:00,432.3
2020-03-28 10:40:00,431.2
2020-03-28 10:50:00,430.5
2020-03-28 11:00:00,428.9
2020-03-28 11:10:00,427.4
2020-03-28 11:20:00,424.7
2020-03-28 11:30:00,424.8
2020-03-28 11:40:00,423.4
2020-03-28 11:50:00,422.7
2020-03-28 12:00:00,422.6
2020-03-28 12:10:00,422.1
2020-03-28 12:20:00,421.8
2020-03-28 12:30:00,420.9
2020-03-28 12:40:00,420.5
2020-03-28 12:50:00,420.7
2020-03-28 13:00:00,420.3
2020-03-28 13:10:00,419.7
2020-03-28 13:20:00,419.3
2020-03-28 13:30:00,418.9
2020-03-28 13:40:00,418.8
2020-03-28 13:50:00,418.6
2020-03-28 14:00:00,418.6
2020-03-28 14:10:00,418.5
2020-03-28 14:20:00,418.4
2020-03-28 14:30:00,418.4
2020-03-28 14:40:00,418.2
2020-03-28 14:50:00,418.1
2020-03-28 15:00:00,417.7
2020-03-28 15:10:00,417.7
2020-03-28 15:20:00,417.5
2020-03-28 15:30:00,417.4
2020-03-28 15:40:00,417.3
2020-03-28 15:50:00,417.0
2020-03-28 16:00:00,417.0
2020-03-28 16:10:00,417.2
2020-03-28 16:20:00,417.5
2020-03-28 16:30:00,417.4
2020-03-28 16:40:00,417.5
2020-03-28 16:50:00,417.5
2020-03-28 17:00:00,417.4
2020-03-28 17:10:00,417.6
2020-03-28 17:20:00,417.7
2020-03-28 17:30:00,417.9
2020-03-28 17:40:00,418.0
2020-03-28 17:50:00,418.0
2020-03-28 18:00:00,418.1
2020-03-28 18:10:00,418.0
2020-03-28 18:20:00,418.3
2020-03-28 18:30:00,418.7
2020-03-28 18:40:00,419.0
2020-03-28 18:50:00,419.4
2020-03-28 19:00:00,419.9
2020-03-28 19:10:00,420.1
2020-03-28 19:20:00,420.1
2020-03-28 19:30:00,420.3
2020-03-28 19:40:00,420.2
2020-03-28 19:50:00,420.4
2020-03-28 20:00:00,420.5
2020-03-28 20:10:00,420.9
2020-03-28 20:20:00,421.2
2020-03-28 20:30:00,421.9
2020-03-28 20:40:00,422.8
2020-03-28 20:50:00,423.3
2020-03-28 21:00:00,423.0
2020-03-28 21:10:00,422.6
2020-03-28 21:20:00,421.5
2020-03-28 21:30:00,421.0
2020-03-28 21:40:00,420.8
2020-03-28 21:50:00,420.9
2020-03-28 22:00:00,422.4
2020-03-28 22:10:00,424.3
2020-03-28 22:20:00,428.3
2020-03-28 22:30:00,429.3
2020-03-28 22:40:00,433.0
2020-03-28 22:50:00,432.8
2020-03-28 23:00:00,431.4
2020-03-28 23:10:00,433.0
2020-03-28 23:20:00,434.3
2020-03-28 23:30:00,434.0
2020-03-28 23:40:00,435.3
2020-03-28 23:50:00,437.6
2020-03-29 00:00:00,437.9
2020-03-29 00:10:00,437.8
2020-03-29 00:20:00,435.7
2020-03-29 00:30:00,432.2
2020-03-29 00:40:00,431.8
2020-03-29 00:50:00,430.7
2020-03-29 01:00:00,426.6
2020-03-29 01:10:00,426.6
2020-03-29 01:20:00,426.7
2020-03-29 01:30:00,427.9
2020-03-29 01:40:00,428.7
2020-03-29 01:50:00,428.8
2020-03-29 02:00:00,428.9
2020-03-29 02:10:00,429.5
2020-03-29 02:20:00,429.2
2020-03-29 02:30:00,429.8
2020-03-29 02:40:00,430.1
2020-03-29 02:50:00,433.4
2020-03-29 03:00:00,433.2
2020-03-29 03:10:00,433.0
2020-03-29 03:20:00,430.7
2020-03-29 03:30:00,429.1
2020-03-29 03:40:00,429.7
2020-03-29 03:50:00,428.4
2020-03-29 04:00:00,427.9
2020-03-29 04:10:00,427.9
2020-03-29 04:20:00,427.7
2020-03-29 04:30:00,427.1
2020-03-29 04:40:00,426.9
2020-03-29 04:50:00,426.7
2020-03-29 05:00:00,426.7
2020-03-29 05:10:00,426.7
2020-03-29 05:20:00,426.5
2020-03-29 05:30:00,426.2
2020-03-29 05:40:00,426.3
2020-03-29 05:50:00,426.6
2020-03-29 06:00:00,426.9
2020-03-29 06:10:00,427.2
2020-03-29 06:20:00,427.2
2020-03-29 06:30:00,427.1
2020-03-29 06:40:00,426.8
2020-03-29 06:50:00,426.7
2020-03-29 07:00:00,426.7
2020-03-29 07:10:00,426.7
2020-03-29 07:20:00,426.5
2020-03-29 07:30:00,426.5
2020-03-29 07:40:00,426.6
2020-03-29 07:50:00,426.6
2020-03-29 08:00:00,426.7
2020-03-29 08:10:00,426.7
2020-03-29 08:20:00,426.6
2020-03-29 08:30:00,426.2
2020-03-29 08:40:00,426.0
2020-03-29 08:50:00,425.5
2020-03-29 09:00:00,425.0
2020-03-29 09:10:00,424.7
2020-03-29 09:20:00,424.3
2020-03-29 09:30:00,424.1
2020-03-29 09:40:00,423.9
2020-03-29 09:50:00,423.5
2020-03-29 10:00:00,422.8
2020-03-29 10:10:00,422.7
2020-03-29 10:20:00,422.9
2020-03-29 10:30:00,423.0
2020-03-29 10:40:00,422.7
2020-03-29 10:50:00,422.5
2020-03-29 11:00:00,422.3
2020-03-29 11:10:00,422.1
2020-03-29 11:20:00,422.3
2020-03-29 11:30:00,421.8
2020-03-29 11:40:00,421.8
2020-03-29 11:50:00,421.4
2020-03-29 12:00:00,421.2
2020-03-29 12:10:00,420.9
2020-03-29 12:20:00,420.8
2020-03-29 12:30:00,420.5
2020-03-29 12:40:00,420.2
2020-03-29 12:50:00,419.9
2020-03-29 13:00:00,419.7
2020-03-29 13:10:00,420.8
2020-03-29 13:20:00,421.4
2020-03-29 13:30:00,421.6
2020-03-29 13:40:00,421.8
2020-03-29 13:50:00,422.2
2020-03-29 14:00:00,422.0
2020-03-29 14:10:00,421.8
2020-03-29 14:20:00,421.8
2020-03-29 14:30:00,421.8
2020-03-29 14:40:00,421.5
2020-03-29 14:50:00,420.8
2020-03-29 15:00:00,420.4
2020-03-29 15:10:00,420.0
2020-03-29 15:20:00,419.9
2020-03-29 15:30:00,419.9
2020-03-29 15:40:00,419.7
2020-03-29 15:50:00,419.5
2020-03-29 16:00:00,419.5
2020-03-29 16:10:00,419.5
2020-03-29 16:20:00,419.5
2020-03-29 16:30:00,419.7
2020-03-29 16:40:00,419.7
2020-03-29 16:50:00,420.3
2020-03-29 17:00:00,420.5
2020-03-29 17:10:00,420.4
2020-03-29 17:20:00,420.3
2020-03-29 17:30:00,420.9
2020-03-29 17:40:00,421.2
2020-03-29 17:50:00,421.1
2020-03-29 18:00:00,421.4
2020-03-29 18:10:00,422.0
2020-03-29 18:20:00,422.1
2020-03-29 18:30:00,421.7
2020-03-29 18:40:00,422.0
2020-03-29 18:50:00,422.2
2020-03-29 19:00:00,421.6
2020-03-29 19:10:00,421.3
2020-03-29 19:20:00,421.9
2020-03-29 19:30:00,422.2
2020-03-29 19:40:00,422.3
2020-03-29 19:50:00,422.1
2020-03-29 20:00:00,422.4
2020-03-29 20:10:00,422.4
2020-03-29 20:20:00,422.6
2020-03-29 20:30:00,422.7
2020-03-29 20:40:00,422.8
2020-03-29 20:50:00,422.9
2020-03-29 21:00:00,422.9
2020-03-29 21:10:00,422.8
2020-03-29 21:20:00,422.7
2020-03-29 21:30:00,422.5
2020-03-29 21:40:00,422.5
2020-03-29 21:50:00,422.7
2020-03-29 22:00:00,422.9
2020-03-29 22:10:00,422.8
2020-03-29 22:20:00,422.9
2020-03-29 22:30:00,422.9
2020-03-29 22:40:00,422.8
2020-03-29 22:50:00,422.8
2020-03-29 23:00:00,422.8
2020-03-29 23:10:00,422.8
2020-03-29 23:20:00,422.8
2020-03-29 23:30:00,423.0
2020-03-29 23:40:00,423.3
2020-03-29 23:50:00,423.3
2020-03-30 00:00:00,423.7
2020-03-30 00:10:00,423.4
2020-03-30 00:20:00,423.2
2020-03-30 00:30:00,422.9
2020-03-30 00:40:00,422.9
2020-03-30 00:50:00,423.2
2020-03-30 01:00:00,423.4
2020-03-30 01:10:00,423.8
2020-03-30 01:20:00,424.0
2020-03-30 01:30:00,424.0
2020-03-30 01:40:00,423.9
2020-03-30 01:50:00,423.9
2020-03-30 02:00:00,423.8
2020-03-30 02:10:00,424.6
2020-03-30 02:20:00,424.1
2020-03-30 02:30:00,423.6
2020-03-30 02:40:00,423.7
2020-03-30 02:50:00,423.5
2020-03-30 03:00:00,423.6
2020-03-30 03:10:00,424.4
2020-03-30 03:20:00,425.2
2020-03-30 03:30:00,425.7
2020-03-30 03:40:00,425.5
2020-03-30 03:50:00,425.7
2020-03-30 04:00:00,425.7
2020-03-30 04:10:00,425.7
2020-03-30 04:20:00,425.6
2020-03-30 04:30:00,425.9
2020-03-30 04:40:00,425.4
2020-03-30 04:50:00,425.3
2020-03-30 05:00:00,425.3
2020-03-30 05:10:00,425.5
2020-03-30 05:20:00,426.0
2020-03-30 05:30:00,426.5
2020-03-30 05:40:00,426.3
2020-03-30 05:50:00,425.9
2020-03-30 06:00:00,425.9
2020-03-30 06:10:00,426.0
2020-03-30 06:20:00,426.3
2020-03-30 06:30:00,426.5
2020-03-30 06:40:00,435.2
2020-03-30 06:50:00,442.3
2020-03-30 07:00:00,438.9
2020-03-30 07:10:00,437.9
2020-03-30 07:20:00,434.5
2020-03-30 07:30:00,440.0
2020-03-30 07:40:00,441.7
2020-03-30 07:50:00,439.5
2020-03-30 08:00:00,439.0
2020-03-30 08:10:00,442.5
2020-03-30 08:20:00,442.3
2020-03-30 08:30:00,440.8
2020-03-30 08:40:00,440.0
2020-03-30 08:50:00,437.0
2020-03-30 09:00:00,435.9
2020-03-30 09:10:00,434.8
2020-03-30 09:20:00,433.2
2020-03-30 09:30:00,431.6
2020-03-30 09:40:00,425.3
2020-03-30 09:50:00,422.0
2020-03-30 10:00:00,420.4
2020-03-30 10:10:00,420.9
2020-03-30 10:20:00,419.8
2020-03-30 10:30:00,419.7
2020-03-30 10:40:00,419.7
2020-03-30 10:50:00,419.6
2020-03-30 11:00:00,419.5
2020-03-30 11:10:00,418.8
2020-03-30 11:20:00,419.0
2020-03-30 11:30:00,419.1
2020-03-30 11:40:00,419.0
2020-03-30 11:50:00,419.1
2020-03-30 12:00:00,419.3
2020-03-30 12:10:00,419.3
2020-03-30 12:20:00,419.2
2020-03-30 12:30:00,419.2
2020-03-30 12:40:00,419.4
2020-03-30 12:50:00,419.1
2020-03-30 13:00:00,419.0
2020-03-30 13:10:00,419.1
2020-03-30 13:20:00,419.0
2020-03-30 13:30:00,418.9
2020-03-30 13:40:00,418.6
2020-03-30 13:50:00,418.5
2020-03-30 14:00:00,418.7
2020-03-30 14:10:00,418.5
2020-03-30 14:20:00,418.4
2020-03-30 14:30:00,418.1
2020-03-30 14:40:00,418.0
2020-03-30 14:50:00,417.7
2020-03-30 15:00:00,417.1
2020-03-30 15:10:00,417.0
2020-03-30 15:20:00,417.0
2020-03-30 15:30:00,416.8
2020-03-30 15:40:00,416.8
2020-03-30 15:50:00,416.6
2020-03-30 16:00:00,416.5
2020-03-30 16:10:00,416.6
2020-03-30 16:20:00,416.7
2020-03-30 16:30:00,416.7
2020-03-30 16:40:00,416.6
2020-03-30 16:50:00,416.7
2020-03-30 17:00:00,417.0
2020-03-30 17:10:00,417.0
2020-03-30 17:20:00,417.2
2020-03-30 17:30:00,417.6
2020-03-30 17:40:00,418.0
2020-03-30 17:50:00,418.0
2020-03-30 18:00:00,418.0
2020-03-30 18:10:00,418.2
2020-03-30 18:20:00,418.4
2020-03-30 18:30:00,418.8
2020-03-30 18:40:00,419.1
2020-03-30 18:50:00,419.4
2020-03-30 19:00:00,419.5
2020-03-30 19:10:00,419.8
2020-03-30 19:20:00,420.1
2020-03-30 19:30:00,420.6
2020-03-30 19:40:00,420.7
2020-03-30 19:50:00,421.0
2020-03-30 20:00:00,421.1
2020-03-30 20:10:00,422.3
2020-03-30 20:20:00,422.8
2020-03-30 20:30:00,423.6
2020-03-30 20:40:00,423.6
2020-03-30 20:50:00,422.5
2020-03-30 21:00:00,422.6
2020-03-30 21:10:00,422.7
2020-03-30 21:20:00,423.6
2020-03-30 21:30:00,423.9
2020-03-30 21:40:00,424.0
2020-03-30 21:50:00,424.1
2020-03-30 22:00:00,424.6
2020-03-30 22:10:00,424.3
2020-03-30 22:20:00,424.2
2020-03-30 22:30:00,424.6
2020-03-30 22:40:00,425.6
2020-03-30 22:50:00,425.0
2020-03-30 23:00:00,425.2
2020-03-30 23:10:00,425.7
2020-03-30 23:20:00,425.3
2020-03-30 23:30:00,425.6
2020-03-30 23:40:00,425.5
2020-03-30 23:50:00,425.4
2020-03-31 00:00:00,426.4
2020-03-31 00:10:00,428.4
2020-03-31 00:20:00,428.1
2020-03-31 00:30:00,426.5
2020-03-31 00:40:00,425.7
2020-03-31 00:50:00,425.4
2020-03-31 01:00:00,424.9
2020-03-31 01:10:00,424.2
2020-03-31 01:20:00,424.6
2020-03-31 01:30:00,425.1
2020-03-31 01:40:00,425.6
2020-03-31 01:50:00,426.2
2020-03-31 02:00:00,426.5
2020-03-31 02:10:00,427.3
2020-03-31 02:20:00,427.8
2020-03-31 02:30:00,427.5
2020-03-31 02:40:00,428.1
2020-03-31 02:50:00,428.6
2020-03-31 03:00:00,428.5
2020-03-31 03:10:00,428.4
2020-03-31 03:20:00,428.8
2020-03-31 03:30:00,428.2
2020-03-31 03:40:00,428.2
2020-03-31 03:50:00,428.3
2020-03-31 04:00:00,425.8
2020-03-31 04:10:00,425.6
2020-03-31 04:20:00,426.5
2020-03-31 04:30:00,427.6
2020-03-31 04:40:00,428.2
2020-03-31 04:50:00,428.4
2020-03-31 05:00:00,428.6
2020-03-31 05:10:00,429.0
2020-03-31 05:20:00,429.1
2020-03-31 05:30:00,429.9
2020-03-31 05:40:00,430.2
2020-03-31 05:50:00,429.9
2020-03-31 06:00:00,430.1
2020-03-31 06:10:00,430.6
2020-03-31 06:20:00,430.8
2020-03-31 06:30:00,430.7
2020-03-31 06:40:00,430.2
2020-03-31 06:50:00,428.2
2020-03-31 07:00:00,426.7
2020-03-31 07:10:00,427.7
2020-03-31 07:20:00,426.5
2020-03-31 07:30:00,427.0
2020-03-31 07:40:00,426.4
2020-03-31 07:50:00,427.1
2020-03-31 08:00:00,426.4
2020-03-31 08:10:00,424.4
2020-03-31 08:20:00,424.4
2020-03-31 08:30:00,424.6
2020-03-31 08:40:00,424.8
2020-03-31 08:50:00,424.5
2020-03-31 09:00:00,424.6
2020-03-31 09:10:00,424.6
2020-03-31 09:20:00,424.9
2020-03-31 09:30:00,424.7
2020-03-31 09:40:00,423.9
2020-03-31 09:50:00,424.7
2020-03-31 10:00:00,424.3
2020-03-31 10:10:00,424.9
2020-03-31 10:20:00,425.0
2020-03-31 10:30:00,423.3
2020-03-31 10:40:00,422.7
2020-03-31 10:50:00,422.5
2020-03-31 11:00:00,421.5
2020-03-31 11:10:00,421.3
2020-03-31 11:20:00,421.3
2020-03-31 11:30:00,420.6
2020-03-31 11:40:00,420.3
2020-03-31 11:50:00,420.2
2020-03-31 12:00:00,420.2
2020-03-31 12:10:00,420.3
2020-03-31 12:20:00,421.5
2020-03-31 12:30:00,420.7
2020-03-31 12:40:00,420.6
2020-03-31 12:50:00,420.5
2020-03-31 13:00:00,420.5
2020-03-31 13:10:00,420.6
2020-03-31 13:20:00,420.0
2020-03-31 13:30:00,419.9
2020-03-31 13:40:00,421.1
2020-03-31 13:50:00,420.4
2020-03-31 14:00:00,419.9
2020-03-31 14:10:00,419.9
2020-03-31 14:20:00,420.1
2020-03-31 14:30:00,420.1
2020-03-31 14:40:00,419.9
2020-03-31 14:50:00,419.3
2020-03-31 15:00:00,419.6
2020-03-31 15:10:00,419.6
2020-03-31 15:20:00,419.2
2020-03-31 15:30:00,419.0
2020-03-31 15:40:00,419.1
2020-03-31 15:50:00,419.9
2020-03-31 16:00:00,420.0
2020-03-31 16:10:00,419.9
2020-03-31 16:20:00,418.8
2020-03-31 16:30:00,419.5
2020-03-31 16:40:00,421.3
2020-03-31 16:50:00,421.0
2020-03-31 17:00:00,420.6
2020-03-31 17:10:00,420.1
2020-03-31 17:20:00,420.4
2020-03-31 17:30:00,420.6
2020-03-31 17:40:00,420.7
2020-03-31 17:50:00,421.1
2020-03-31 18:00:00,421.3
2020-03-31 18:10:00,421.2
2020-03-31 18:20:00,421.4
2020-03-31 18:30:00,421.2
2020-03-31 18:40:00,421.4
2020-03-31 18:50:00,421.9
2020-03-31 19:00:00,422.6
2020-03-31 19:10:00,422.4
2020-03-31 19:20:00,423.7
2020-03-31 19:30:00,423.9
2020-03-31 19:40:00,423.3
2020-03-31 19:50:00,422.4
2020-03-31 20:00:00,422.2
2020-03-31 20:10:00,422.1
2020-03-31 20:20:00,422.7
2020-03-31 20:30:00,429.7
2020-03-31 20:40:00,434.1
2020-03-31 20:50:00,426.5
2020-03-31 21:00:00,428.7
2020-03-31 21:10:00,434.1
2020-03-31 21:20:00,427.2
2020-03-31 21:30:00,426.5
2020-03-31 21:40:00,426.5
2020-03-31 21:50:00,427.4
2020-03-31 22:00:00,427.7
2020-03-31 22:10:00,429.3
2020-03-31 22:20:00,430.0
2020-03-31 22:30:00,430.0
2020-03-31 22:40:00,428.4
2020-03-31 22:50:00,428.4
2020-03-31 23:00:00,428.1
2020-03-31 23:10:00,427.5
2020-03-31 23:20:00,428.1
2020-03-31 23:30:00,429.4
2020-03-31 23:40:00,431.5
2020-03-31 23:50:00,434.0
2020-04-01 00:00:00,432.8
2020-04-01 00:10:00,432.0
2020-04-01 00:20:00,431.6
2020-04-01 00:30:00,431.7
2020-04-01 00:40:00,429.6
2020-04-01 00:50:00,429.5
2020-04-01 01:00:00,428.9
2020-04-01 01:10:00,430.2
2020-04-01 01:20:00,433.2
2020-04-01 01:30:00,432.1
2020-04-01 01:40:00,437.1
2020-04-01 01:50:00,437.1
2020-04-01 02:00:00,437.3
2020-04-01 02:10:00,437.2
2020-04-01 02:20:00,436.0
2020-04-01 02:30:00,436.9
2020-04-01 02:40:00,437.1
2020-04-01 02:50:00,435.9
2020-04-01 03:00:00,433.0
2020-04-01 03:10:00,436.2
2020-04-01 03:20:00,438.8
2020-04-01 03:30:00,439.0
2020-04-01 03:40:00,437.8
2020-04-01 03:50:00,438.7
2020-04-01 04:00:00,440.9
2020-04-01 04:10:00,441.2
2020-04-01 04:20:00,439.1
2020-04-01 04:30:00,439.6
2020-04-01 04:40:00,441.8
2020-04-01 04:50:00,442.7
2020-04-01 05:00:00,445.0
2020-04-01 05:10:00,443.1
2020-04-01 05:20:00,439.9
2020-04-01 05:30:00,438.6
2020-04-01 05:40:00,437.6
2020-04-01 05:50:00,441.6
2020-04-01 06:00:00,445.9
2020-04-01 06:10:00,447.0
2020-04-01 06:20:00,444.4
2020-04-01 06:30:00,447.5
2020-04-01 06:40:00,450.1
2020-04-01 06:50:00,451.5
2020-04-01 07:00:00,454.9
2020-04-01 07:10:00,455.2
2020-04-01 07:20:00,454.6
2020-04-01 07:30:00,452.7
2020-04-01 07:40:00,452.7
2020-04-01 07:50:00,450.3
2020-04-01 08:00:00,450.7
2020-04-01 08:10:00,451.7
2020-04-01 08:20:00,451.9
2020-04-01 08:30:00,450.6
2020-04-01 08:40:00,448.2
2020-04-01 08:50:00,443.8
2020-04-01 09:00:00,442.1
2020-04-01 09:10:00,437.9
2020-04-01 09:20:00,442.7
2020-04-01 09:30:00,436.6
2020-04-01 09:40:00,437.7
2020-04-01 09:50:00,434.6
2020-04-01 10:00:00,432.8
2020-04-01 10:10:00,431.4
2020-04-01 10:20:00,427.2
2020-04-01 10:30:00,425.8
2020-04-01 10:40:00,422.4
2020-04-01 10:50:00,421.7
2020-04-01 11:00:00,422.0
2020-04-01 11:10:00,421.1
2020-04-01 11:20:00,418.9
2020-04-01 11:30:00,417.7
2020-04-01 11:40:00,417.6
2020-04-01 11:50:00,417.5
2020-04-01 12:00:00,417.2
2020-04-01 12:10:00,417.2
2020-04-01 12:20:00,417.0
2020-04-01 12:30:00,417.0
2020-04-01 12:40:00,417.0
2020-04-01 12:50:00,416.9
2020-04-01 13:00:00,416.6
2020-04-01 13:10:00,416.4
2020-04-01 13:20:00,416.4
2020-04-01 13:30:00,416.3
2020-04-01 13:40:00,416.1
2020-04-01 13:50:00,415.8
2020-04-01 14:00:00,415.9
2020-04-01 14:10:00,415.7
2020-04-01 14:20:00,415.7
2020-04-01 14:30:00,416.0
2020-04-01 14:40:00,416.1
2020-04-01 14:50:00,416.3
2020-04-01 15:00:00,416.5
2020-04-01 15:10:00,416.5
2020-04-01 15:20:00,416.5
2020-04-01 15:30:00,416.5
2020-04-01 15:40:00,416.4
2020-04-01 15:50:00,416.5
2020-04-01 16:00:00,416.4
2020-04-01 16:10:00,416.3
2020-04-01 16:20:00,416.0
2020-04-01 16:30:00,416.0
2020-04-01 16:40:00,416.0
2020-04-01 16:50:00,416.0
2020-04-01 17:00:00,415.9
2020-04-01 17:10:00,416.0
2020-04-01 17:20:00,416.0
2020-04-01 17:30:00,416.2
2020-04-01 17:40:00,416.5
2020-04-01 17:50:00,416.5
2020-04-01 18:00:00,416.7
2020-04-01 18:10:00,417.3
2020-04-01 18:20:00,417.8
2020-04-01 18:30:00,417.7
2020-04-01 18:40:00,417.5
2020-04-01 18:50:00,417.5
2020-04-01 19:00:00,417.5
2020-04-01 19:10:00,417.5
2020-04-01 19:20:00,418.1
2020-04-01 19:30:00,418.4
2020-04-01 19:40:00,418.3
2020-04-01 19:50:00,423.2
2020-04-01 20:00:00,426.8
2020-04-01 20:10:00,426.5
2020-04-01 20:20:00,421.9
2020-04-01 20:30:00,423.7
2020-04-01 20:40:00,425.4
2020-04-01 20:50:00,425.7
2020-04-01 21:00:00,426.9
2020-04-01 21:10:00,426.5
2020-04-01 21:20:00,428.6
2020-04-01 21:30:00,429.4
2020-04-01 21:40:00,430.6
2020-04-01 21:50:00,432.0
2020-04-01 22:00:00,432.6
2020-04-01 22:10:00,431.9
2020-04-01 22:20:00,430.3
2020-04-01 22:30:00,429.7
2020-04-01 22:40:00,436.7
2020-04-01 22:50:00,438.0
2020-04-01 23:00:00,432.6
2020-04-01 23:10:00,432.4
2020-04-01 23:20:00,431.3
2020-04-01 23:30:00,431.6
2020-04-01 23:40:00,434.6
2020-04-01 23:50:00,433.2
2020-04-02 00:00:00,434.4
2020-04-02 00:10:00,435.7
2020-04-02 00:20:00,435.8
2020-04-02 00:30:00,440.5
2020-04-02 00:40:00,438.8
2020-04-02 00:50:00,441.4
2020-04-02 01:00:00,444.9
2020-04-02 01:10:00,445.3
2020-04-02 01:20:00,443.9
2020-04-02 01:30:00,444.9
2020-04-02 01:40:00,444.6
2020-04-02 01:50:00,446.6
2020-04-02 02:00:00,444.6
2020-04-02 02:10:00,447.9
2020-04-02 02:20:00,448.9
2020-04-02 02:30:00,448.8
2020-04-02 02:40:00,449.0
2020-04-02 02:50:00,449.9
2020-04-02 03:00:00,443.3
2020-04-02 03:10:00,445.8
2020-04-02 03:20:00,448.1
2020-04-02 03:30:00,447.5
2020-04-02 03:40:00,449.3
2020-04-02 03:50:00,450.2
2020-04-02 04:00:00,450.6
2020-04-02 04:10:00,452.6
2020-04-02 04:20:00,451.3
2020-04-02 04:30:00,452.1
2020-04-02 04:40:00,452.4
2020-04-02 04:50:00,453.7
2020-04-02 05:00:00,452.9
2020-04-02 05:10:00,452.1
2020-04-02 05:20:00,453.6
2020-04-02 05:30:00,454.2
2020-04-02 05:40:00,452.0
2020-04-02 05:50:00,450.6
2020-04-02 06:00:00,450.7
2020-04-02 06:10:00,447.9
2020-04-02 06:20:00,450.2
2020-04-02 06:30:00,453.4
2020-04-02 06:40:00,454.3
2020-04-02 06:50:00,456.7
2020-04-02 07:00:00,459.1
2020-04-02 07:10:00,459.4
2020-04-02 07:20:00,462.5
2020-04-02 07:30:00,456.3
2020-04-02 07:40:00,455.7
2020-04-02 07:50:00,459.2
2020-04-02 08:00:00,456.8
2020-04-02 08:10:00,453.9
2020-04-02 08:20:00,452.4
2020-04-02 08:30:00,452.7
2020-04-02 08:40:00,451.7
2020-04-02 08:50:00,451.9
2020-04-02 09:00:00,447.0
2020-04-02 09:10:00,449.9
2020-04-02 09:20:00,459.4
2020-04-02 09:30:00,460.1
2020-04-02 09:40:00,448.3
2020-04-02 09:50:00,445.5
2020-04-02 10:00:00,437.9
2020-04-02 10:10:00,429.0
2020-04-02 10:20:00,423.9
2020-04-02 10:30:00,420.2
2020-04-02 10:40:00,424.6
2020-04-02 10:50:00,422.9
2020-04-02 11:00:00,420.9
2020-04-02 11:10:00,421.6
2020-04-02 11:20:00,421.4
2020-04-02 11:30:00,420.6
2020-04-02 11:40:00,420.2
2020-04-02 11:50:00,420.6
2020-04-02 12:00:00,420.1
2020-04-02 12:10:00,418.3
2020-04-02 12:20:00,417.4
2020-04-02 12:30:00,417.3
2020-04-02 12:40:00,417.3
2020-04-02 12:50:00,417.3
2020-04-02 13:00:00,417.2
2020-04-02 13:10:00,417.4
2020-04-02 13:20:00,417.6
2020-04-02 13:30:00,417.0
2020-04-02 13:40:00,417.1
2020-04-02 13:50:00,416.8
2020-04-02 14:00:00,416.9
2020-04-02 14:10:00,417.1
2020-04-02 14:20:00,417.0
2020-04-02 14:30:00,416.7
2020-04-02 14:40:00,416.7
2020-04-02 14:50:00,416.7
2020-04-02 15:00:00,416.3
2020-04-02 15:10:00,416.3
2020-04-02 15:20:00,416.2
2020-04-02 15:30:00,416.7
2020-04-02 15:40:00,416.4
2020-04-02 15:50:00,416.5
2020-04-02 16:00:00,416.5
2020-04-02 16:10:00,416.7
2020-04-02 16:20:00,416.7
2020-04-02 16:30:00,416.9
2020-04-02 16:40:00,417.4
2020-04-02 16:50:00,417.8
2020-04-02 17:00:00,418.0
2020-04-02 17:10:00,418.4
2020-04-02 17:20:00,418.7
2020-04-02 17:30:00,418.7
2020-04-02 17:40:00,418.7
2020-04-02 17:50:00,418.7
2020-04-02 18:00:00,418.7
2020-04-02 18:10:00,418.6
2020-04-02 18:20:00,418.7
2020-04-02 18:30:00,418.9
2020-04-02 18:40:00,419.2
2020-04-02 18:50:00,419.4
2020-04-02 19:00:00,419.6
2020-04-02 19:10:00,419.7
2020-04-02 19:20:00,419.7
2020-04-02 19:30:00,419.8
2020-04-02 19:40:00,420.3
2020-04-02 19:50:00,420.4
2020-04-02 20:00:00,420.3
2020-04-02 20:10:00,420.8
2020-04-02 20:20:00,421.4
2020-04-02 20:30:00,422.1
2020-04-02 20:40:00,422.6
2020-04-02 20:50:00,422.1
2020-04-02 21:00:00,422.9
2020-04-02 21:10:00,423.3
2020-04-02 21:20:00,423.6
2020-04-02 21:30:00,425.2
2020-04-02 21:40:00,427.4
2020-04-02 21:50:00,429.1
2020-04-02 22:00:00,430.0
2020-04-02 22:10:00,430.8
2020-04-02 22:20:00,431.1
2020-04-02 22:30:00,431.3
2020-04-02 22:40:00,430.6
2020-04-02 22:50:00,430.0
2020-04-02 23:00:00,429.1
2020-04-02 23:10:00,428.3
2020-04-02 23:20:00,428.1
2020-04-02 23:30:00,428.4
2020-04-02 23:40:00,428.2
2020-04-02 23:50:00,428.1
2020-04-03 00:00:00,428.0
2020-04-03 00:10:00,430.1
2020-04-03 00:20:00,430.0
2020-04-03 00:30:00,429.9
2020-04-03 00:40:00,430.3
2020-04-03 00:50:00,429.4
2020-04-03 01:00:00,429.5
2020-04-03 01:10:00,429.5
2020-04-03 01:20:00,429.4
2020-04-03 01:30:00,429.1
2020-04-03 01:40:00,428.8
2020-04-03 01:50:00,428.3
2020-04-03 02:00:00,428.0
2020-04-03 02:10:00,427.8
2020-04-03 02:20:00,427.3
2020-04-03 02:30:00,427.1
2020-04-03 02:40:00,427.5
2020-04-03 02:50:00,431.9
2020-04-03 03:00:00,434.9
2020-04-03 03:10:00,436.1
2020-04-03 03:20:00,435.2
2020-04-03 03:30:00,436.8
2020-04-03 03:40:00,435.9
2020-04-03 03:50:00,432.6
2020-04-03 04:00:00,430.5
2020-04-03 04:10:00,432.8
2020-04-03 04:20:00,434.1
2020-04-03 04:30:00,436.7
2020-04-03 04:40:00,436.3
2020-04-03 04:50:00,438.4
2020-04-03 05:00:00,441.2
2020-04-03 05:10:00,441.0
2020-04-03 05:20:00,441.4
2020-04-03 05:30:00,440.9
2020-04-03 05:40:00,441.8
2020-04-03 05:50:00,441.1
2020-04-03 06:00:00,444.6
2020-04-03 06:10:00,441.8
2020-04-03 06:20:00,440.7
2020-04-03 06:30:00,437.5
2020-04-03 06:40:00,437.7
2020-04-03 06:50:00,435.5
2020-04-03 07:00:00,433.3
2020-04-03 07:10:00,432.3
2020-04-03 07:20:00,432.1
2020-04-03 07:30:00,430.4
2020-04-03 07:40:00,428.4
2020-04-03 07:50:00,427.7
2020-04-03 08:00:00,427.3
2020-04-03 08:10:00,427.1
2020-04-03 08:20:00,427.2
2020-04-03 08:30:00,427.1
2020-04-03 08:40:00,427.1
2020-04-03 08:50:00,427.4
2020-04-03 09:00:00,427.4
2020-04-03 09:10:00,427.7
2020-04-03 09:20:00,428.4
2020-04-03 09:30:00,431.0
2020-04-03 09:40:00,432.0
2020-04-03 09:50:00,429.8
2020-04-03 10:00:00,427.9
2020-04-03 10:10:00,426.5
2020-04-03 10:20:00,425.9
2020-04-03 10:30:00,424.8
2020-04-03 10:40:00,424.6
2020-04-03 10:50:00,424.3
2020-04-03 11:00:00,423.3
2020-04-03 11:10:00,424.2
2020-04-03 11:20:00,424.3
2020-04-03 11:30:00,424.3
2020-04-03 11:40:00,424.0
2020-04-03 11:50:00,423.7
2020-04-03 12:00:00,423.4
2020-04-03 12:10:00,423.3
2020-04-03 12:20:00,423.2
2020-04-03 12:30:00,423.2
2020-04-03 12:40:00,423.8
2020-04-03 12:50:00,424.0
2020-04-03 13:00:00,424.4
2020-04-03 13:10:00,424.4
2020-04-03 13:20:00,424.3
2020-04-03 13:30:00,424.4
2020-04-03 13:40:00,424.2
2020-04-03 13:50:00,424.0
2020-04-03 14:00:00,423.8
2020-04-03 14:10:00,423.8
2020-04-03 14:20:00,423.8
2020-04-03 14:30:00,424.0
2020-04-03 14:40:00,424.4
2020-04-03 14:50:00,424.2
2020-04-03 15:00:00,424.5
2020-04-03 15:10:00,423.9
2020-04-03 15:20:00,422.2
2020-04-03 15:30:00,422.3
2020-04-03 15:40:00,422.1
2020-04-03 15:50:00,422.0
2020-04-03 16:00:00,422.0
2020-04-03 16:10:00,421.9
2020-04-03 16:20:00,421.7
2020-04-03 16:30:00,422.0
2020-04-03 16:40:00,422.4
2020-04-03 16:50:00,423.0
2020-04-03 17:00:00,423.2
2020-04-03 17:10:00,423.3
2020-04-03 17:20:00,423.2
2020-04-03 17:30:00,423.2
2020-04-03 17:40:00,422.7
2020-04-03 17:50:00,422.2
2020-04-03 18:00:00,422.2
2020-04-03 18:10:00,422.7
2020-04-03 18:20:00,423.0
2020-04-03 18:30:00,425.5
2020-04-03 18:40:00,425.3
2020-04-03 18:50:00,425.6
2020-04-03 19:00:00,425.3
2020-04-03 19:10:00,425.7
2020-04-03 19:20:00,425.7
2020-04-03 19:30:00,425.8
2020-04-03 19:40:00,426.9
2020-04-03 19:50:00,427.1
2020-04-03 20:00:00,427.5
2020-04-03 20:10:00,428.4
2020-04-03 20:20:00,428.4
2020-04-03 20:30:00,428.1
2020-04-03 20:40:00,428.2
2020-04-03 20:50:00,427.8
2020-04-03 21:00:00,426.8
2020-04-03 21:10:00,426.4
2020-04-03 21:20:00,426.3
2020-04-03 21:30:00,426.4
2020-04-03 21:40:00,427.0
2020-04-03 21:50:00,428.0
2020-04-03 22:00:00,428.1
2020-04-03 22:10:00,427.8
2020-04-03 22:20:00,427.6
2020-04-03 22:30:00,428.2
2020-04-03 22:40:00,428.2
2020-04-03 22:50:00,428.7
2020-04-03 23:00:00,432.7
2020-04-03 23:10:00,432.7
2020-04-03 23:20:00,431.5
2020-04-03 23:30:00,433.4
2020-04-03 23:40:00,436.2
2020-04-03 23:50:00,434.6
2020-04-04 00:00:00,431.4
2020-04-04 00:10:00,436.2
2020-04-04 00:20:00,435.3
2020-04-04 00:30:00,438.5
2020-04-04 00:40:00,434.8
2020-04-04 00:50:00,429.1
2020-04-04 01:00:00,428.5
2020-04-04 01:10:00,428.9
2020-04-04 01:20:00,429.2
2020-04-04 01:30:00,429.4
2020-04-04 01:40:00,429.1
2020-04-04 01:50:00,428.7
2020-04-04 02:00:00,429.8
2020-04-04 02:10:00,438.9
2020-04-04 02:20:00,437.8
2020-04-04 02:30:00,440.9
2020-04-04 02:40:00,440.2
2020-04-04 02:50:00,443.1
2020-04-04 03:00:00,434.7
2020-04-04 03:10:00,432.8
2020-04-04 03:20:00,430.7
2020-04-04 03:30:00,429.7
2020-04-04 03:40:00,430.4
2020-04-04 03:50:00,430.3
2020-04-04 04:00:00,430.9
2020-04-04 04:10:00,434.6
2020-04-04 04:20:00,445.9
2020-04-04 04:30:00,445.7
2020-04-04 04:40:00,443.4
2020-04-04 04:50:00,437.7
2020-04-04 05:00:00,435.1
2020-04-04 05:10:00,433.3
2020-04-04 05:20:00,434.0
2020-04-04 05:30:00,436.7
2020-04-04 05:40:00,437.9
2020-04-04 05:50:00,445.5
2020-04-04 06:00:00,446.2
2020-04-04 06:10:00,446.0
2020-04-04 06:20:00,445.0
2020-04-04 06:30:00,449.5
2020-04-04 06:40:00,453.1
2020-04-04 06:50:00,453.5
2020-04-04 07:00:00,454.9
2020-04-04 07:10:00,458.1
2020-04-04 07:20:00,458.7
2020-04-04 07:30:00,460.8
2020-04-04 07:40:00,461.8
2020-04-04 07:50:00,456.6
2020-04-04 08:00:00,458.2
2020-04-04 08:10:00,455.4
2020-04-04 08:20:00,450.3
2020-04-04 08:30:00,451.1
2020-04-04 08:40:00,449.8
2020-04-04 08:50:00,446.6
2020-04-04 09:00:00,445.1
2020-04-04 09:10:00,444.4
2020-04-04 09:20:00,443.5
2020-04-04 09:30:00,440.8
2020-04-04 09:40:00,429.7
2020-04-04 09:50:00,424.6
2020-04-04 10:00:00,422.5
2020-04-04 10:10:00,421.1
2020-04-04 10:20:00,421.0
2020-04-04 10:30:00,421.5
2020-04-04 10:40:00,423.2
2020-04-04 10:50:00,423.0
2020-04-04 11:00:00,422.6
2020-04-04 11:10:00,421.9
2020-04-04 11:20:00,420.7
2020-04-04 11:30:00,420.3
2020-04-04 11:40:00,420.0
2020-04-04 11:50:00,419.5
2020-04-04 12:00:00,419.0
2020-04-04 12:10:00,418.7
2020-04-04 12:20:00,419.5
2020-04-04 12:30:00,418.8
2020-04-04 12:40:00,418.9
2020-04-04 12:50:00,418.9
2020-04-04 13:00:00,418.9
2020-04-04 13:10:00,418.9
2020-04-04 13:20:00,418.9
2020-04-04 13:30:00,418.7
2020-04-04 13:40:00,418.4
2020-04-04 13:50:00,418.2
2020-04-04 14:00:00,418.4
2020-04-04 14:10:00,418.1
2020-04-04 14:20:00,419.0
2020-04-04 14:30:00,418.5
2020-04-04 14:40:00,418.1
2020-04-04 14:50:00,417.1
2020-04-04 15:00:00,417.1
2020-04-04 15:10:00,417.5
2020-04-04 15:20:00,417.2
2020-04-04 15:30:00,417.0
2020-04-04 15:40:00,416.9
2020-04-04 15:50:00,417.3
2020-04-04 16:00:00,416.9
2020-04-04 16:10:00,416.8
2020-04-04 16:20:00,416.4
2020-04-04 16:30:00,416.8
2020-04-04 16:40:00,416.9
2020-04-04 16:50:00,416.7
2020-04-04 17:00:00,416.4
2020-04-04 17:10:00,416.5
2020-04-04 17:20:00,417.0
2020-04-04 17:30:00,416.3
2020-04-04 17:40:00,416.4
2020-04-04 17:50:00,416.5
2020-04-04 18:00:00,416.7
2020-04-04 18:10:00,416.8
2020-04-04 18:20:00,417.1
2020-04-04 18:30:00,417.6
2020-04-04 18:40:00,417.7
2020-04-04 18:50:00,417.8
2020-04-04 19:00:00,418.3
2020-04-04 19:10:00,418.6
2020-04-04 19:20:00,420.0
2020-04-04 19:30:00,420.7
2020-04-04 19:40:00,421.1
2020-04-04 19:50:00,421.7
2020-04-04 20:00:00,423.9
2020-04-04 20:10:00,424.5
2020-04-04 20:20:00,423.6
2020-04-04 20:30:00,423.3
2020-04-04 20:40:00,423.5
2020-04-04 20:50:00,423.4
2020-04-04 21:00:00,423.3
2020-04-04 21:10:00,424.0
2020-04-04 21:20:00,424.8
2020-04-04 21:30:00,425.5
2020-04-04 21:40:00,426.4
2020-04-04 21:50:00,427.9
2020-04-04 22:00:00,427.8
2020-04-04 22:10:00,426.8
2020-04-04 22:20:00,426.7
2020-04-04 22:30:00,427.5
2020-04-04 22:40:00,431.0
2020-04-04 22:50:00,430.2
2020-04-04 23:00:00,431.6
2020-04-04 23:10:00,434.3
2020-04-04 23:20:00,438.7
2020-04-04 23:30:00,439.3
2020-04-04 23:40:00,439.3
2020-04-04 23:50:00,438.4
2020-04-05 00:00:00,436.7
2020-04-05 00:10:00,436.4
2020-04-05 00:20:00,437.1
2020-04-05 00:30:00,433.1
2020-04-05 00:40:00,437.2
2020-04-05 00:50:00,435.5
2020-04-05 01:00:00,434.0
2020-04-05 01:10:00,435.3
2020-04-05 01:20:00,434.5
2020-04-05 01:30:00,436.8
2020-04-05 01:40:00,439.9
2020-04-05 01:50:00,434.7
2020-04-05 02:00:00,440.6
2020-04-05 02:10:00,443.6
2020-04-05 02:20:00,449.6
2020-04-05 02:30:00,449.8
2020-04-05 02:40:00,447.4
2020-04-05 02:50:00,447.4
2020-04-05 03:00:00,448.2
2020-04-05 03:10:00,443.6
2020-04-05 03:20:00,443.2
2020-04-05 03:30:00,451.1
2020-04-05 03:40:00,454.6
2020-04-05 03:50:00,454.1
2020-04-05 04:00:00,454.1
2020-04-05 04:10:00,454.5
2020-04-05 04:20:00,454.0
2020-04-05 04:30:00,455.0
2020-04-05 04:40:00,455.3
2020-04-05 04:50:00,457.2
2020-04-05 05:00:00,456.9
2020-04-05 05:10:00,457.6
2020-04-05 05:20:00,459.8
2020-04-05 05:30:00,458.9
2020-04-05 05:40:00,457.0
2020-04-05 05:50:00,456.8
2020-04-05 06:00:00,456.0
2020-04-05 06:10:00,455.4
2020-04-05 06:20:00,455.7
2020-04-05 06:30:00,457.5
2020-04-05 06:40:00,456.1
2020-04-05 06:50:00,456.2
2020-04-05 07:00:00,458.9
2020-04-05 07:10:00,459.2
2020-04-05 07:20:00,459.1
2020-04-05 07:30:00,461.2
2020-04-05 07:40:00,459.2
2020-04-05 07:50:00,457.8
2020-04-05 08:00:00,456.2
2020-04-05 08:10:00,454.1
2020-04-05 08:20:00,453.8
2020-04-05 08:30:00,449.8
2020-04-05 08:40:00,445.5
2020-04-05 08:50:00,442.1
2020-04-05 09:00:00,440.3
2020-04-05 09:10:00,440.6
2020-04-05 09:20:00,436.7
2020-04-05 09:30:00,433.5
2020-04-05 09:40:00,429.4
2020-04-05 09:50:00,428.5
2020-04-05 10:00:00,431.9
2020-04-05 10:10:00,431.3
2020-04-05 10:20:00,428.6
2020-04-05 10:30:00,429.1
2020-04-05 10:40:00,425.5
2020-04-05 10:50:00,422.1
2020-04-05 11:00:00,419.1
2020-04-05 11:10:00,418.0
2020-04-05 11:20:00,416.4
2020-04-05 11:30:00,417.0
2020-04-05 11:40:00,416.5
2020-04-05 11:50:00,416.6
2020-04-05 12:00:00,416.4
2020-04-05 12:10:00,416.5
2020-04-05 12:20:00,416.2
2020-04-05 12:30:00,416.3
2020-04-05 12:40:00,416.5
2020-04-05 12:50:00,416.2
2020-04-05 13:00:00,416.1
2020-04-05 13:10:00,416.0
2020-04-05 13:20:00,415.4
2020-04-05 13:30:00,415.0
2020-04-05 13:40:00,414.6
2020-04-05 13:50:00,414.2
2020-04-05 14:00:00,413.9
2020-04-05 14:10:00,414.4
2020-04-05 14:20:00,413.5
2020-04-05 14:30:00,413.7
2020-04-05 14:40:00,413.5
2020-04-05 14:50:00,413.4
2020-04-05 15:00:00,413.5
2020-04-05 15:10:00,413.9
2020-04-05 15:20:00,414.0
2020-04-05 15:30:00,414.2
2020-04-05 15:40:00,414.5
2020-04-05 15:50:00,414.8
2020-04-05 16:00:00,414.8
2020-04-05 16:10:00,415.2
2020-04-05 16:20:00,415.3
2020-04-05 16:30:00,415.7
2020-04-05 16:40:00,415.9
2020-04-05 16:50:00,416.0
2020-04-05 17:00:00,416.3
2020-04-05 17:10:00,416.3
2020-04-05 17:20:00,416.0
2020-04-05 17:30:00,415.8
2020-04-05 17:40:00,415.4
2020-04-05 17:50:00,415.2
2020-04-05 18:00:00,415.2
2020-04-05 18:10:00,415.2
2020-04-05 18:20:00,415.6
2020-04-05 18:30:00,415.7
2020-04-05 18:40:00,415.9
2020-04-05 18:50:00,416.5
2020-04-05 19:00:00,417.5
2020-04-05 19:10:00,417.3
2020-04-05 19:20:00,418.0
2020-04-05 19:30:00,418.1
2020-04-05 19:40:00,418.6
2020-04-05 19:50:00,420.1
2020-04-05 20:00:00,421.6
2020-04-05 20:10:00,421.7
2020-04-05 20:20:00,422.0
2020-04-05 20:30:00,421.7
2020-04-05 20:40:00,421.6
2020-04-05 20:50:00,421.8
2020-04-05 21:00:00,421.7
2020-04-05 21:10:00,421.8
2020-04-05 21:20:00,422.3
2020-04-05 21:30:00,422.7
2020-04-05 21:40:00,422.7
2020-04-05 21:50:00,423.1
2020-04-05 22:00:00,422.5
2020-04-05 22:10:00,423.2
2020-04-05 22:20:00,424.0
2020-04-05 22:30:00,424.3
2020-04-05 22:40:00,424.3
2020-04-05 22:50:00,424.1
2020-04-05 23:00:00,428.4
2020-04-05 23:10:00,433.6
2020-04-05 23:20:00,431.2
2020-04-05 23:30:00,429.6
2020-04-05 23:40:00,427.9
2020-04-05 23:50:00,426.6
2020-04-06 00:00:00,427.5
2020-04-06 00:10:00,436.3
2020-04-06 00:20:00,429.4
2020-04-06 00:30:00,434.3
2020-04-06 00:40:00,432.5
2020-04-06 00:50:00,437.5
2020-04-06 01:00:00,436.8
2020-04-06 01:10:00,432.1
2020-04-06 01:20:00,434.9
2020-04-06 01:30:00,436.6
2020-04-06 01:40:00,441.1
2020-04-06 01:50:00,437.5
2020-04-06 02:00:00,437.4
2020-04-06 02:10:00,443.6
2020-04-06 02:20:00,444.7
2020-04-06 02:30:00,446.6
2020-04-06 02:40:00,448.0
2020-04-06 02:50:00,449.7
2020-04-06 03:00:00,450.0
2020-04-06 03:10:00,446.2
2020-04-06 03:20:00,449.2
2020-04-06 03:30:00,457.9
2020-04-06 03:40:00,461.1
2020-04-06 03:50:00,457.5
2020-04-06 04:00:00,460.2
2020-04-06 04:10:00,459.7
2020-04-06 04:20:00,458.2
2020-04-06 04:30:00,457.6
2020-04-06 04:40:00,459.8
2020-04-06 04:50:00,460.4
2020-04-06 05:00:00,465.5
2020-04-06 05:10:00,467.1
2020-04-06 05:20:00,468.8
2020-04-06 05:30:00,457.6
2020-04-06 05:40:00,447.2
2020-04-06 05:50:00,452.0
2020-04-06 06:00:00,457.0
2020-04-06 06:10:00,457.8
2020-04-06 06:20:00,458.1
2020-04-06 06:30:00,457.5
2020-04-06 06:40:00,451.6
2020-04-06 06:50:00,445.3
2020-04-06 07:00:00,446.8
2020-04-06 07:10:00,446.0
2020-04-06 07:20:00,447.7
2020-04-06 07:30:00,448.8
2020-04-06 07:40:00,451.9
2020-04-06 07:50:00,454.4
2020-04-06 08:00:00,455.8
2020-04-06 08:10:00,452.6
2020-04-06 08:20:00,450.1
2020-04-06 08:30:00,448.5
2020-04-06 08:40:00,435.8
2020-04-06 08:50:00,434.5
2020-04-06 09:00:00,433.4
2020-04-06 09:10:00,427.6
2020-04-06 09:20:00,427.2
2020-04-06 09:30:00,425.7
2020-04-06 09:40:00,425.2
2020-04-06 09:50:00,423.8
2020-04-06 10:00:00,422.4
2020-04-06 10:10:00,421.5
2020-04-06 10:20:00,421.4
2020-04-06 10:30:00,419.8
2020-04-06 10:40:00,420.2
2020-04-06 10:50:00,419.8
2020-04-06 11:00:00,420.3
2020-04-06 11:10:00,418.5
2020-04-06 11:20:00,417.7
2020-04-06 11:30:00,417.0
2020-04-06 11:40:00,416.9
2020-04-06 11:50:00,417.2
2020-04-06 12:00:00,416.7
2020-04-06 12:10:00,416.1
2020-04-06 12:20:00,417.5
2020-04-06 12:30:00,416.0
2020-04-06 12:40:00,415.8
2020-04-06 12:50:00,415.4
2020-04-06 13:00:00,416.3
2020-04-06 13:10:00,415.1
2020-04-06 13:20:00,414.9
2020-04-06 13:30:00,414.4
2020-04-06 13:40:00,414.8
2020-04-06 13:50:00,415.2
2020-04-06 14:00:00,415.4
2020-04-06 14:10:00,414.8
2020-04-06 14:20:00,415.3
2020-04-06 14:30:00,414.6
2020-04-06 14:40:00,414.5
2020-04-06 14:50:00,414.3
2020-04-06 15:00:00,414.6
2020-04-06 15:10:00,415.5
2020-04-06 15:20:00,414.8
2020-04-06 15:30:00,414.4
2020-04-06 15:40:00,414.7
2020-04-06 15:50:00,413.9
2020-04-06 16:00:00,412.7
2020-04-06 16:10:00,412.5
2020-04-06 16:20:00,412.4
2020-04-06 16:30:00,412.1
2020-04-06 16:40:00,412.2
2020-04-06 16:50:00,412.3
2020-04-06 17:00:00,412.4
2020-04-06 17:10:00,412.8
2020-04-06 17:20:00,412.9
2020-04-06 17:30:00,413.4
2020-04-06 17:40:00,414.2
2020-04-06 17:50:00,414.4
2020-04-06 18:00:00,414.4
2020-04-06 18:10:00,414.8
2020-04-06 18:20:00,416.0
2020-04-06 18:30:00,416.5
2020-04-06 18:40:00,416.6
2020-04-06 18:50:00,416.7
2020-04-06 19:00:00,416.1
2020-04-06 19:10:00,416.6
2020-04-06 19:20:00,417.8
2020-04-06 19:30:00,417.9
2020-04-06 19:40:00,418.7
2020-04-06 19:50:00,419.9
2020-04-06 20:00:00,419.8
2020-04-06 20:10:00,425.3
2020-04-06 20:20:00,429.4
2020-04-06 20:30:00,426.5
2020-04-06 20:40:00,426.4
2020-04-06 20:50:00,426.8
2020-04-06 21:00:00,427.0
2020-04-06 21:10:00,428.4
2020-04-06 21:20:00,427.9
2020-04-06 21:30:00,431.2
2020-04-06 21:40:00,434.9
2020-04-06 21:50:00,430.8
2020-04-06 22:00:00,428.2
2020-04-06 22:10:00,433.0
2020-04-06 22:20:00,441.5
2020-04-06 22:30:00,433.8
2020-04-06 22:40:00,436.0
2020-04-06 22:50:00,440.3
2020-04-06 23:00:00,442.1
2020-04-06 23:10:00,443.5
2020-04-06 23:20:00,446.0
2020-04-06 23:30:00,443.8
2020-04-06 23:40:00,444.6
2020-04-06 23:50:00,442.7
2020-04-07 00:00:00,445.3
2020-04-07 00:10:00,450.8
2020-04-07 00:20:00,449.1
2020-04-07 00:30:00,452.5
2020-04-07 00:40:00,454.1
2020-04-07 00:50:00,455.3
2020-04-07 01:00:00,453.9
2020-04-07 01:10:00,455.9
2020-04-07 01:20:00,454.9
2020-04-07 01:30:00,455.9
2020-04-07 01:40:00,453.5
2020-04-07 01:50:00,453.9
2020-04-07 02:00:00,455.9
2020-04-07 02:10:00,456.5
2020-04-07 02:20:00,452.4
2020-04-07 02:30:00,452.4
2020-04-07 02:40:00,453.4
2020-04-07 02:50:00,456.9
2020-04-07 03:00:00,462.1
2020-04-07 03:10:00,464.3
2020-04-07 03:20:00,466.5
2020-04-07 03:30:00,464.0
2020-04-07 03:40:00,463.3
2020-04-07 03:50:00,467.1
2020-04-07 04:00:00,466.2
2020-04-07 04:10:00,459.7
2020-04-07 04:20:00,458.6
2020-04-07 04:30:00,461.9
2020-04-07 04:40:00,463.6
2020-04-07 04:50:00,460.5
2020-04-07 05:00:00,456.6
2020-04-07 05:10:00,457.4
2020-04-07 05:20:00,464.1
2020-04-07 05:30:00,475.9
2020-04-07 05:40:00,474.8
2020-04-07 05:50:00,476.6
2020-04-07 06:00:00,476.3
2020-04-07 06:10:00,477.4
2020-04-07 06:20:00,483.9
2020-04-07 06:30:00,474.0
2020-04-07 06:40:00,467.9
2020-04-07 06:50:00,467.4
2020-04-07 07:00:00,467.2
2020-04-07 07:10:00,472.0
2020-04-07 07:20:00,470.3
2020-04-07 07:30:00,474.1
2020-04-07 07:40:00,472.6
2020-04-07 07:50:00,471.3
2020-04-07 08:00:00,476.6
2020-04-07 08:10:00,480.8
2020-04-07 08:20:00,465.0
2020-04-07 08:30:00,466.0
2020-04-07 08:40:00,469.0
2020-04-07 08:50:00,463.7
2020-04-07 09:00:00,455.1
2020-04-07 09:10:00,452.3
2020-04-07 09:20:00,451.9
2020-04-07 09:30:00,452.2
2020-04-07 09:40:00,448.0
2020-04-07 09:50:00,444.2
2020-04-07 10:00:00,437.5
2020-04-07 10:10:00,427.2
2020-04-07 10:20:00,422.5
2020-04-07 10:30:00,421.6
2020-04-07 10:40:00,420.9
2020-04-07 10:50:00,420.2
2020-04-07 11:00:00,420.5
2020-04-07 11:10:00,419.8
2020-04-07 11:20:00,420.0
2020-04-07 11:30:00,420.6
2020-04-07 11:40:00,421.3
2020-04-07 11:50:00,421.2
2020-04-07 12:00:00,420.7
2020-04-07 12:10:00,420.4
2020-04-07 12:20:00,418.6
2020-04-07 12:30:00,418.5
2020-04-07 12:40:00,418.0
2020-04-07 12:50:00,418.3
2020-04-07 13:00:00,418.0
2020-04-07 13:10:00,418.3
2020-04-07 13:20:00,418.3
2020-04-07 13:30:00,419.1
2020-04-07 13:40:00,418.3
2020-04-07 13:50:00,417.7
2020-04-07 14:00:00,417.2
2020-04-07 14:10:00,417.1
2020-04-07 14:20:00,417.3
2020-04-07 14:30:00,417.2
2020-04-07 14:40:00,417.3
2020-04-07 14:50:00,415.9
2020-04-07 15:00:00,416.2
2020-04-07 15:10:00,416.5
2020-04-07 15:20:00,415.2
2020-04-07 15:30:00,415.3
2020-04-07 15:40:00,415.4
2020-04-07 15:50:00,414.9
2020-04-07 16:00:00,415.3
2020-04-07 16:10:00,415.3
2020-04-07 16:20:00,415.5
2020-04-07 16:30:00,415.5
2020-04-07 16:40:00,415.9
2020-04-07 16:50:00,415.9
2020-04-07 17:00:00,416.1
2020-04-07 17:10:00,416.9
2020-04-07 17:20:00,417.4
2020-04-07 17:30:00,418.0
2020-04-07 17:40:00,419.8
2020-04-07 17:50:00,420.2
2020-04-07 18:00:00,420.3
2020-04-07 18:10:00,421.5
2020-04-07 18:20:00,421.2
2020-04-07 18:30:00,421.5
2020-04-07 18:40:00,422.2
2020-04-07 18:50:00,421.9
2020-04-07 19:00:00,421.8
2020-04-07 19:10:00,421.9
2020-04-07 19:20:00,422.6
2020-04-07 19:30:00,423.3
2020-04-07 19:40:00,422.3
2020-04-07 19:50:00,421.1
2020-04-07 20:00:00,419.6
2020-04-07 20:10:00,419.4
2020-04-07 20:20:00,418.8
2020-04-07 20:30:00,418.9
2020-04-07 20:40:00,419.3
2020-04-07 20:50:00,419.1
2020-04-07 21:00:00,419.5
2020-04-07 21:10:00,425.4
2020-04-07 21:20:00,437.9
2020-04-07 21:30:00,432.4
2020-04-07 21:40:00,433.0
2020-04-07 21:50:00,431.6
2020-04-07 22:00:00,434.1
2020-04-07 22:10:00,435.6
2020-04-07 22:20:00,436.3
2020-04-07 22:30:00,434.8
2020-04-07 22:40:00,433.8
2020-04-07 22:50:00,435.0
2020-04-07 23:00:00,436.7
2020-04-07 23:10:00,439.8
2020-04-07 23:20:00,437.9
2020-04-07 23:30:00,443.5
2020-04-07 23:40:00,440.7
2020-04-07 23:50:00,436.1
2020-04-08 00:00:00,446.8
2020-04-08 00:10:00,449.0
2020-04-08 00:20:00,449.6
2020-04-08 00:30:00,447.3
2020-04-08 00:40:00,449.5
2020-04-08 00:50:00,457.7
2020-04-08 01:00:00,456.1
2020-04-08 01:10:00,458.6
2020-04-08 01:20:00,456.7
2020-04-08 01:30:00,458.1
2020-04-08 01:40:00,464.5
2020-04-08 01:50:00,460.8
2020-04-08 02:00:00,456.0
2020-04-08 02:10:00,454.4
2020-04-08 02:20:00,451.3
2020-04-08 02:30:00,454.1
2020-04-08 02:40:00,457.2
2020-04-08 02:50:00,457.2
2020-04-08 03:00:00,459.8
2020-04-08 03:10:00,454.8
2020-04-08 03:20:00,449.9
2020-04-08 03:30:00,454.5
2020-04-08 03:40:00,455.9
2020-04-08 03:50:00,460.5
2020-04-08 04:00:00,460.6
2020-04-08 04:10:00,455.6
2020-04-08 04:20:00,453.8
2020-04-08 04:30:00,462.6
2020-04-08 04:40:00,477.8
2020-04-08 04:50:00,478.2
2020-04-08 05:00:00,476.2
2020-04-08 05:10:00,477.0
2020-04-08 05:20:00,478.3
2020-04-08 05:30:00,475.2
2020-04-08 05:40:00,471.4
2020-04-08 05:50:00,472.9
2020-04-08 06:00:00,474.4
2020-04-08 06:10:00,475.0
2020-04-08 06:20:00,472.8
2020-04-08 06:30:00,469.9
2020-04-08 06:40:00,470.6
2020-04-08 06:50:00,471.7
2020-04-08 07:00:00,473.3
2020-04-08 07:10:00,468.5
2020-04-08 07:20:00,465.0
2020-04-08 07:30:00,468.1
2020-04-08 07:40:00,471.3
2020-04-08 07:50:00,467.1
2020-04-08 08:00:00,465.2
2020-04-08 08:10:00,465.4
2020-04-08 08:20:00,463.3
2020-04-08 08:30:00,462.9
2020-04-08 08:40:00,463.9
2020-04-08 08:50:00,462.3
2020-04-08 09:00:00,461.4
2020-04-08 09:10:00,460.6
2020-04-08 09:20:00,458.6
2020-04-08 09:30:00,457.5
2020-04-08 09:40:00,457.2
2020-04-08 09:50:00,456.1
2020-04-08 10:00:00,454.2
2020-04-08 10:10:00,453.6
2020-04-08 10:20:00,450.0
2020-04-08 10:30:00,446.5
2020-04-08 10:40:00,441.7
2020-04-08 10:50:00,435.0
2020-04-08 11:00:00,433.1
2020-04-08 11:10:00,430.8
2020-04-08 11:20:00,427.1
2020-04-08 11:30:00,424.3
2020-04-08 11:40:00,424.7
2020-04-08 11:50:00,422.4
2020-04-08 12:00:00,421.3
2020-04-08 12:10:00,420.4
2020-04-08 12:20:00,420.2
2020-04-08 12:30:00,417.9
2020-04-08 12:40:00,416.9
2020-04-08 12:50:00,417.1
2020-04-08 13:00:00,417.5
2020-04-08 13:10:00,416.4
2020-04-08 13:20:00,416.5
2020-04-08 13:30:00,416.1
2020-04-08 13:40:00,414.7
2020-04-08 13:50:00,414.5
2020-04-08 14:00:00,414.6
2020-04-08 14:10:00,414.6
2020-04-08 14:20:00,414.5
2020-04-08 14:30:00,414.0
2020-04-08 14:40:00,414.2
2020-04-08 14:50:00,413.7
2020-04-08 15:00:00,414.0
2020-04-08 15:10:00,413.5
2020-04-08 15:20:00,413.2
2020-04-08 15:30:00,413.1
2020-04-08 15:40:00,413.4
2020-04-08 15:50:00,413.1
2020-04-08 16:00:00,413.6
2020-04-08 16:10:00,413.4
2020-04-08 16:20:00,413.6
2020-04-08 16:30:00,412.9
2020-04-08 16:40:00,412.7
2020-04-08 16:50:00,412.7
2020-04-08 17:00:00,412.6
2020-04-08 17:10:00,412.7
2020-04-08 17:20:00,413.2
2020-04-08 17:30:00,413.0
2020-04-08 17:40:00,413.3
2020-04-08 17:50:00,413.7
2020-04-08 18:00:00,413.7
2020-04-08 18:10:00,414.5
2020-04-08 18:20:00,414.2
2020-04-08 18:30:00,414.4
2020-04-08 18:40:00,413.9
2020-04-08 18:50:00,413.8
2020-04-08 19:00:00,413.8
2020-04-08 19:10:00,413.8
2020-04-08 19:20:00,414.1
2020-04-08 19:30:00,415.3
2020-04-08 19:40:00,415.7
2020-04-08 19:50:00,415.4
2020-04-08 20:00:00,415.8
2020-04-08 20:10:00,418.2
2020-04-08 20:20:00,419.2
2020-04-08 20:30:00,422.4
2020-04-08 20:40:00,424.4
2020-04-08 20:50:00,432.9
2020-04-08 21:00:00,429.2
2020-04-08 21:10:00,428.5
2020-04-08 21:20:00,426.2
2020-04-08 21:30:00,428.6
2020-04-08 21:40:00,428.6
2020-04-08 21:50:00,427.5
2020-04-08 22:00:00,428.4
2020-04-08 22:10:00,426.4
2020-04-08 22:20:00,427.9
2020-04-08 22:30:00,430.4
2020-04-08 22:40:00,433.0
2020-04-08 22:50:00,432.5
2020-04-08 23:00:00,436.0
2020-04-08 23:10:00,433.7
2020-04-08 23:20:00,437.4
2020-04-08 23:30:00,455.8
2020-04-08 23:40:00,451.1
2020-04-08 23:50:00,445.4
2020-04-09 00:00:00,441.4
2020-04-09 00:10:00,443.8
2020-04-09 00:20:00,443.6
2020-04-09 00:30:00,442.2
2020-04-09 00:40:00,445.2
2020-04-09 00:50:00,447.9
2020-04-09 01:00:00,455.2
2020-04-09 01:10:00,457.8
2020-04-09 01:20:00,457.3
2020-04-09 01:30:00,454.0
2020-04-09 01:40:00,452.3
2020-04-09 01:50:00,456.5
2020-04-09 02:00:00,446.9
2020-04-09 02:10:00,448.2
2020-04-09 02:20:00,447.0
2020-04-09 02:30:00,445.2
2020-04-09 02:40:00,452.6
2020-04-09 02:50:00,457.4
2020-04-09 03:00:00,465.2
2020-04-09 03:10:00,461.7
2020-04-09 03:20:00,464.1
2020-04-09 03:30:00,466.4
2020-04-09 03:40:00,465.4
2020-04-09 03:50:00,460.4
2020-04-09 04:00:00,459.0
2020-04-09 04:10:00,464.0
2020-04-09 04:20:00,461.4
2020-04-09 04:30:00,456.4
2020-04-09 04:40:00,456.7
2020-04-09 04:50:00,451.2
2020-04-09 05:00:00,454.8
2020-04-09 05:10:00,457.2
2020-04-09 05:20:00,459.2
2020-04-09 05:30:00,456.0
2020-04-09 05:40:00,457.1
2020-04-09 05:50:00,472.8
2020-04-09 06:00:00,479.5
2020-04-09 06:10:00,480.3
2020-04-09 06:20:00,479.8
2020-04-09 06:30:00,475.6
2020-04-09 06:40:00,472.8
2020-04-09 06:50:00,471.0
2020-04-09 07:00:00,472.2
2020-04-09 07:10:00,472.4
2020-04-09 07:20:00,471.7
2020-04-09 07:30:00,471.1
2020-04-09 07:40:00,460.9
2020-04-09 07:50:00,466.4
2020-04-09 08:00:00,467.4
2020-04-09 08:10:00,467.2
2020-04-09 08:20:00,456.8
2020-04-09 08:30:00,455.2
2020-04-09 08:40:00,462.7
2020-04-09 08:50:00,462.8
2020-04-09 09:00:00,463.0
2020-04-09 09:10:00,461.2
2020-04-09 09:20:00,457.4
2020-04-09 09:30:00,447.2
2020-04-09 09:40:00,443.3
2020-04-09 09:50:00,444.1
2020-04-09 10:00:00,438.4
2020-04-09 10:10:00,434.8
2020-04-09 10:20:00,428.7
2020-04-09 10:30:00,427.8
2020-04-09 10:40:00,425.5
2020-04-09 10:50:00,424.3
2020-04-09 11:00:00,423.3
2020-04-09 11:10:00,422.5
2020-04-09 11:20:00,422.3
2020-04-09 11:30:00,420.0
2020-04-09 11:40:00,418.4
2020-04-09 11:50:00,417.2
2020-04-09 12:00:00,417.0
2020-04-09 12:10:00,416.6
2020-04-09 12:20:00,416.3
2020-04-09 12:30:00,415.9
2020-04-09 12:40:00,415.9
2020-04-09 12:50:00,415.3
2020-04-09 13:00:00,415.0
2020-04-09 13:10:00,414.9
2020-04-09 13:20:00,414.5
2020-04-09 13:30:00,414.9
2020-04-09 13:40:00,414.5
2020-04-09 13:50:00,414.2
2020-04-09 14:00:00,414.3
2020-04-09 14:10:00,414.6
2020-04-09 14:20:00,414.9
2020-04-09 14:30:00,415.5
2020-04-09 14:40:00,414.6
2020-04-09 14:50:00,414.8
2020-04-09 15:00:00,414.4
2020-04-09 15:10:00,414.1
2020-04-09 15:20:00,413.9
2020-04-09 15:30:00,413.7
2020-04-09 15:40:00,412.8
2020-04-09 15:50:00,412.8
2020-04-09 16:00:00,412.1
2020-04-09 16:10:00,412.2
2020-04-09 16:20:00,412.6
2020-04-09 16:30:00,412.5
2020-04-09 16:40:00,412.4
2020-04-09 16:50:00,412.3
2020-04-09 17:00:00,411.9
2020-04-09 17:10:00,411.0
2020-04-09 17:20:00,411.8
2020-04-09 17:30:00,411.8
2020-04-09 17:40:00,411.9
2020-04-09 17:50:00,413.2
2020-04-09 18:00:00,413.0
2020-04-09 18:10:00,413.3
2020-04-09 18:20:00,413.1
2020-04-09 18:30:00,413.1
2020-04-09 18:40:00,413.0
2020-04-09 18:50:00,412.8
2020-04-09 19:00:00,413.0
2020-04-09 19:10:00,413.6
2020-04-09 19:20:00,414.4
2020-04-09 19:30:00,414.9
2020-04-09 19:40:00,415.6
2020-04-09 19:50:00,415.1
2020-04-09 20:00:00,415.5
2020-04-09 20:10:00,416.4
2020-04-09 20:20:00,419.1
2020-04-09 20:30:00,419.7
2020-04-09 20:40:00,423.5
2020-04-09 20:50:00,428.3
2020-04-09 21:00:00,430.9
2020-04-09 21:10:00,431.4
2020-04-09 21:20:00,425.9
2020-04-09 21:30:00,422.0
2020-04-09 21:40:00,430.1
2020-04-09 21:50:00,427.0
2020-04-09 22:00:00,423.9
2020-04-09 22:10:00,426.1
2020-04-09 22:20:00,426.2
2020-04-09 22:30:00,428.5
2020-04-09 22:40:00,438.4
2020-04-09 22:50:00,441.9
2020-04-09 23:00:00,439.6
2020-04-09 23:10:00,441.0
2020-04-09 23:20:00,439.1
2020-04-09 23:30:00,443.1
2020-04-09 23:40:00,438.7
2020-04-09 23:50:00,438.4
2020-04-10 00:00:00,437.0
2020-04-10 00:10:00,440.0
2020-04-10 00:20:00,442.0
2020-04-10 00:30:00,451.4
2020-04-10 00:40:00,452.1
2020-04-10 00:50:00,449.2
2020-04-10 01:00:00,452.3
2020-04-10 01:10:00,449.3
2020-04-10 01:20:00,448.8
2020-04-10 01:30:00,450.5
2020-04-10 01:40:00,452.6
2020-04-10 01:50:00,452.4
2020-04-10 02:00:00,453.9
2020-04-10 02:10:00,470.5
2020-04-10 02:20:00,473.2
2020-04-10 02:30:00,472.9
2020-04-10 02:40:00,470.0
2020-04-10 02:50:00,467.5
2020-04-10 03:00:00,470.3
2020-04-10 03:10:00,466.8
2020-04-10 03:20:00,457.6
2020-04-10 03:30:00,462.3
2020-04-10 03:40:00,459.6
2020-04-10 03:50:00,463.7
2020-04-10 04:00:00,466.5
2020-04-10 04:10:00,466.1
2020-04-10 04:20:00,458.7
2020-04-10 04:30:00,463.5
2020-04-10 04:40:00,464.4
2020-04-10 04:50:00,475.8
2020-04-10 05:00:00,471.7
2020-04-10 05:10:00,463.5
2020-04-10 05:20:00,455.7
2020-04-10 05:30:00,459.6
2020-04-10 05:40:00,468.1
2020-04-10 05:50:00,456.8
2020-04-10 06:00:00,449.6
2020-04-10 06:10:00,462.6
2020-04-10 06:20:00,475.6
2020-04-10 06:30:00,481.1
2020-04-10 06:40:00,482.9
2020-04-10 06:50:00,484.2
2020-04-10 07:00:00,481.6
2020-04-10 07:10:00,479.7
2020-04-10 07:20:00,481.6
2020-04-10 07:30:00,482.4
2020-04-10 07:40:00,479.9
2020-04-10 07:50:00,481.9
2020-04-10 08:00:00,480.7
2020-04-10 08:10:00,478.3
2020-04-10 08:20:00,474.3
2020-04-10 08:30:00,463.4
2020-04-10 08:40:00,460.6
2020-04-10 08:50:00,454.7
2020-04-10 09:00:00,453.5
2020-04-10 09:10:00,453.0
2020-04-10 09:20:00,446.9
2020-04-10 09:30:00,447.9
2020-04-10 09:40:00,445.4
2020-04-10 09:50:00,444.2
2020-04-10 10:00:00,442.8
2020-04-10 10:10:00,437.9
2020-04-10 10:20:00,434.2
2020-04-10 10:30:00,432.7
2020-04-10 10:40:00,430.2
2020-04-10 10:50:00,429.5
2020-04-10 11:00:00,428.8
2020-04-10 11:10:00,427.6
2020-04-10 11:20:00,427.3
2020-04-10 11:30:00,424.6
2020-04-10 11:40:00,422.9
2020-04-10 11:50:00,421.8
2020-04-10 12:00:00,418.9
2020-04-10 12:10:00,418.5
2020-04-10 12:20:00,417.1
2020-04-10 12:30:00,416.1
2020-04-10 12:40:00,415.6
2020-04-10 12:50:00,416.1
2020-04-10 13:00:00,416.9
2020-04-10 13:10:00,416.6
2020-04-10 13:20:00,416.3
2020-04-10 13:30:00,416.4
2020-04-10 13:40:00,416.0
2020-04-10 13:50:00,415.5
2020-04-10 14:00:00,414.9
2020-04-10 14:10:00,414.6
2020-04-10 14:20:00,414.1
2020-04-10 14:30:00,413.9
2020-04-10 14:40:00,414.2
2020-04-10 14:50:00,414.1
2020-04-10 15:00:00,414.1
2020-04-10 15:10:00,414.0
2020-04-10 15:20:00,413.9
2020-04-10 15:30:00,413.9
2020-04-10 15:40:00,413.6
2020-04-10 15:50:00,413.9
2020-04-10 16:00:00,413.8
2020-04-10 16:10:00,413.8
2020-04-10 16:20:00,413.7
2020-04-10 16:30:00,413.7
2020-04-10 16:40:00,413.9
2020-04-10 16:50:00,413.9
2020-04-10 17:00:00,413.6
2020-04-10 17:10:00,413.8
2020-04-10 17:20:00,413.6
2020-04-10 17:30:00,413.7
2020-04-10 17:40:00,414.0
2020-04-10 17:50:00,414.4
2020-04-10 18:00:00,414.5
2020-04-10 18:10:00,412.8
2020-04-10 18:20:00,412.2
2020-04-10 18:30:00,412.5
2020-04-10 18:40:00,413.3
2020-04-10 18:50:00,414.2
2020-04-10 19:00:00,415.0
2020-04-10 19:10:00,416.1
2020-04-10 19:20:00,416.5
2020-04-10 19:30:00,416.4
2020-04-10 19:40:00,416.2
2020-04-10 19:50:00,416.9
2020-04-10 20:00:00,417.5
2020-04-10 20:10:00,418.9
2020-04-10 20:20:00,420.9
2020-04-10 20:30:00,422.1
2020-04-10 20:40:00,422.1
2020-04-10 20:50:00,422.1
2020-04-10 21:00:00,421.7
2020-04-10 21:10:00,422.0
2020-04-10 21:20:00,421.7
2020-04-10 21:30:00,421.6
2020-04-10 21:40:00,421.4
2020-04-10 21:50:00,421.6
2020-04-10 22:00:00,421.2
2020-04-10 22:10:00,421.3
2020-04-10 22:20:00,421.4
2020-04-10 22:30:00,421.9
2020-04-10 22:40:00,421.8
2020-04-10 22:50:00,421.8
2020-04-10 23:00:00,421.9
2020-04-10 23:10:00,425.4
2020-04-10 23:20:00,422.5
2020-04-10 23:30:00,424.7
2020-04-10 23:40:00,423.5
2020-04-10 23:50:00,422.4
2020-04-11 00:00:00,426.0
2020-04-11 00:10:00,440.1
2020-04-11 00:20:00,436.0
2020-04-11 00:30:00,433.0
2020-04-11 00:40:00,433.1
2020-04-11 00:50:00,430.5
2020-04-11 01:00:00,433.8
2020-04-11 01:10:00,434.0
2020-04-11 01:20:00,435.2
2020-04-11 01:30:00,435.8
2020-04-11 01:40:00,434.9
2020-04-11 01:50:00,435.1
2020-04-11 02:00:00,440.2
2020-04-11 02:10:00,442.9
2020-04-11 02:20:00,442.1
2020-04-11 02:30:00,438.2
2020-04-11 02:40:00,440.9
2020-04-11 02:50:00,445.2
2020-04-11 03:00:00,449.2
2020-04-11 03:10:00,450.8
2020-04-11 03:20:00,450.5
2020-04-11 03:30:00,449.8
2020-04-11 03:40:00,449.2
2020-04-11 03:50:00,451.8
2020-04-11 04:00:00,451.6
2020-04-11 04:10:00,449.8
2020-04-11 04:20:00,445.3
2020-04-11 04:30:00,443.0
2020-04-11 04:40:00,446.8
2020-04-11 04:50:00,449.8
2020-04-11 05:00:00,445.2
2020-04-11 05:10:00,445.6
2020-04-11 05:20:00,445.0
2020-04-11 05:30:00,450.8
2020-04-11 05:40:00,452.4
2020-04-11 05:50:00,446.7
2020-04-11 06:00:00,443.4
2020-04-11 06:10:00,446.3
2020-04-11 06:20:00,445.9
2020-04-11 06:30:00,453.7
2020-04-11 06:40:00,465.3
2020-04-11 06:50:00,469.0
2020-04-11 07:00:00,469.6
2020-04-11 07:10:00,465.9
2020-04-11 07:20:00,463.7
2020-04-11 07:30:00,463.2
2020-04-11 07:40:00,461.7
2020-04-11 07:50:00,460.1
2020-04-11 08:00:00,458.4
2020-04-11 08:10:00,455.5
2020-04-11 08:20:00,454.0
2020-04-11 08:30:00,452.6
2020-04-11 08:40:00,445.2
2020-04-11 08:50:00,440.0
2020-04-11 09:00:00,438.7
2020-04-11 09:10:00,438.3
2020-04-11 09:20:00,436.3
2020-04-11 09:30:00,432.7
2020-04-11 09:40:00,428.8
2020-04-11 09:50:00,426.3
2020-04-11 10:00:00,425.0
2020-04-11 10:10:00,424.3
2020-04-11 10:20:00,423.6
2020-04-11 10:30:00,423.6
2020-04-11 10:40:00,422.6
2020-04-11 10:50:00,421.5
2020-04-11 11:00:00,420.7
2020-04-11 11:10:00,420.3
2020-04-11 11:20:00,418.3
2020-04-11 11:30:00,417.6
2020-04-11 11:40:00,417.2
2020-04-11 11:50:00,416.3
2020-04-11 12:00:00,417.1
2020-04-11 12:10:00,416.1
2020-04-11 12:20:00,416.1
2020-04-11 12:30:00,415.3
2020-04-11 12:40:00,415.5
2020-04-11 12:50:00,415.3
2020-04-11 13:00:00,415.5
2020-04-11 13:10:00,415.2
2020-04-11 13:20:00,414.3
2020-04-11 13:30:00,414.5
2020-04-11 13:40:00,414.1
2020-04-11 13:50:00,413.8
2020-04-11 14:00:00,413.6
2020-04-11 14:10:00,413.7
2020-04-11 14:20:00,413.9
2020-04-11 14:30:00,413.7
2020-04-11 14:40:00,413.6
2020-04-11 14:50:00,413.8
2020-04-11 15:00:00,414.0
2020-04-11 15:10:00,414.5
2020-04-11 15:20:00,414.3
2020-04-11 15:30:00,414.4
2020-04-11 15:40:00,414.3
2020-04-11 15:50:00,414.8
2020-04-11 16:00:00,414.2
2020-04-11 16:10:00,414.3
2020-04-11 16:20:00,414.5
2020-04-11 16:30:00,414.7
2020-04-11 16:40:00,414.5
2020-04-11 16:50:00,414.5
2020-04-11 17:00:00,414.5
2020-04-11 17:10:00,414.9
2020-04-11 17:20:00,415.2
2020-04-11 17:30:00,415.8
2020-04-11 17:40:00,416.6
2020-04-11 17:50:00,417.4
2020-04-11 18:00:00,418.0
2020-04-11 18:10:00,418.3
2020-04-11 18:20:00,419.0
2020-04-11 18:30:00,419.7
2020-04-11 18:40:00,419.2
2020-04-11 18:50:00,419.4
2020-04-11 19:00:00,420.0
2020-04-11 19:10:00,420.5
2020-04-11 19:20:00,419.9
2020-04-11 19:30:00,420.8
2020-04-11 19:40:00,421.3
2020-04-11 19:50:00,424.0
2020-04-11 20:00:00,424.5
2020-04-11 20:10:00,425.1
2020-04-11 20:20:00,424.0
2020-04-11 20:30:00,425.8
2020-04-11 20:40:00,431.0
2020-04-11 20:50:00,433.7
2020-04-11 21:00:00,433.0
2020-04-11 21:10:00,432.1
2020-04-11 21:20:00,431.6
2020-04-11 21:30:00,436.9
2020-04-11 21:40:00,438.0
2020-04-11 21:50:00,431.9
2020-04-11 22:00:00,427.8
2020-04-11 22:10:00,427.5
2020-04-11 22:20:00,429.6
2020-04-11 22:30:00,425.9
2020-04-11 22:40:00,423.5
2020-04-11 22:50:00,426.4
2020-04-11 23:00:00,429.2
2020-04-11 23:10:00,427.8
2020-04-11 23:20:00,431.2
2020-04-11 23:30:00,436.8
2020-04-11 23:40:00,433.7
2020-04-11 23:50:00,439.6
2020-04-12 00:00:00,432.6
2020-04-12 00:10:00,431.2
2020-04-12 00:20:00,440.2
2020-04-12 00:30:00,438.2
2020-04-12 00:40:00,440.3
2020-04-12 00:50:00,447.1
2020-04-12 01:00:00,448.7
2020-04-12 01:10:00,445.7
2020-04-12 01:20:00,444.0
2020-04-12 01:30:00,438.7
2020-04-12 01:40:00,440.4
2020-04-12 01:50:00,446.0
2020-04-12 02:00:00,447.1
2020-04-12 02:10:00,447.7
2020-04-12 02:20:00,451.2
2020-04-12 02:30:00,452.1
2020-04-12 02:40:00,447.8
2020-04-12 02:50:00,449.5
2020-04-12 03:00:00,453.3
2020-04-12 03:10:00,453.2
2020-04-12 03:20:00,450.7
2020-04-12 03:30:00,454.1
2020-04-12 03:40:00,455.4
2020-04-12 03:50:00,454.8
2020-04-12 04:00:00,453.1
2020-04-12 04:10:00,451.9
2020-04-12 04:20:00,443.0
2020-04-12 04:30:00,447.8
2020-04-12 04:40:00,452.4
2020-04-12 04:50:00,452.4
2020-04-12 05:00:00,445.3
2020-04-12 05:10:00,456.0
2020-04-12 05:20:00,453.6
2020-04-12 05:30:00,456.8
2020-04-12 05:40:00,455.9
2020-04-12 05:50:00,456.2
2020-04-12 06:00:00,454.9
2020-04-12 06:10:00,458.8
2020-04-12 06:20:00,462.8
2020-04-12 06:30:00,462.3
2020-04-12 06:40:00,463.4
2020-04-12 06:50:00,462.4
2020-04-12 07:00:00,461.8
2020-04-12 07:10:00,462.7
2020-04-12 07:20:00,461.6
2020-04-12 07:30:00,459.1
2020-04-12 07:40:00,457.9
2020-04-12 07:50:00,456.9
2020-04-12 08:00:00,456.7
2020-04-12 08:10:00,455.4
2020-04-12 08:20:00,453.1
2020-04-12 08:30:00,451.5
2020-04-12 08:40:00,449.2
2020-04-12 08:50:00,445.6
2020-04-12 09:00:00,444.2
2020-04-12 09:10:00,440.3
2020-04-12 09:20:00,437.3
2020-04-12 09:30:00,435.5
2020-04-12 09:40:00,432.2
2020-04-12 09:50:00,429.2
2020-04-12 10:00:00,426.3
2020-04-12 10:10:00,424.0
2020-04-12 10:20:00,421.3
2020-04-12 10:30:00,418.7
2020-04-12 10:40:00,417.0
2020-04-12 10:50:00,415.4
2020-04-12 11:00:00,414.5
2020-04-12 11:10:00,413.0
2020-04-12 11:20:00,413.0
2020-04-12 11:30:00,412.7
2020-04-12 11:40:00,412.0
2020-04-12 11:50:00,411.0
2020-04-12 12:00:00,410.5
2020-04-12 12:10:00,410.5
2020-04-12 12:20:00,409.9
2020-04-12 12:30:00,410.8
2020-04-12 12:40:00,411.8
2020-04-12 12:50:00,411.3
2020-04-12 13:00:00,411.4
2020-04-12 13:10:00,411.4
2020-04-12 13:20:00,411.5
2020-04-12 13:30:00,411.8
2020-04-12 13:40:00,411.3
2020-04-12 13:50:00,411.1
2020-04-12 14:00:00,411.2
2020-04-12 14:10:00,411.6
2020-04-12 14:20:00,411.4
2020-04-12 14:30:00,411.6
2020-04-12 14:40:00,411.4
2020-04-12 14:50:00,411.8
2020-04-12 15:00:00,411.8
2020-04-12 15:10:00,411.6
2020-04-12 15:20:00,411.7
2020-04-12 15:30:00,411.8
2020-04-12 15:40:00,412.3
2020-04-12 15:50:00,411.9
2020-04-12 16:00:00,412.0
2020-04-12 16:10:00,412.1
2020-04-12 16:20:00,411.9
2020-04-12 16:30:00,412.3
2020-04-12 16:40:00,413.0
2020-04-12 16:50:00,413.0
2020-04-12 17:00:00,413.0
2020-04-12 17:10:00,413.2
2020-04-12 17:20:00,412.9
2020-04-12 17:30:00,413.2
2020-04-12 17:40:00,413.1
2020-04-12 17:50:00,413.3
2020-04-12 18:00:00,413.5
2020-04-12 18:10:00,413.9
2020-04-12 18:20:00,414.4
2020-04-12 18:30:00,415.0
2020-04-12 18:40:00,415.7
2020-04-12 18:50:00,416.0
2020-04-12 19:00:00,418.5
2020-04-12 19:10:00,418.5
2020-04-12 19:20:00,419.5
2020-04-12 19:30:00,420.8
2020-04-12 19:40:00,420.5
2020-04-12 19:50:00,421.5
2020-04-12 20:00:00,422.2
2020-04-12 20:10:00,422.6
2020-04-12 20:20:00,421.6
2020-04-12 20:30:00,420.1
2020-04-12 20:40:00,419.7
2020-04-12 20:50:00,419.9
2020-04-12 21:00:00,420.1
2020-04-12 21:10:00,420.3
2020-04-12 21:20:00,419.7
2020-04-12 21:30:00,420.4
2020-04-12 21:40:00,425.1
2020-04-12 21:50:00,430.0
2020-04-12 22:00:00,424.8
2020-04-12 22:10:00,425.6
2020-04-12 22:20:00,422.3
2020-04-12 22:30:00,423.7
2020-04-12 22:40:00,425.4
2020-04-12 22:50:00,435.5
2020-04-12 23:00:00,436.0
2020-04-12 23:10:00,439.8
2020-04-12 23:20:00,433.9
2020-04-12 23:30:00,440.2
2020-04-12 23:40:00,452.4
2020-04-12 23:50:00,452.9
2020-04-13 00:00:00,450.9
2020-04-13 00:10:00,454.0
2020-04-13 00:20:00,451.6
2020-04-13 00:30:00,443.8
2020-04-13 00:40:00,450.7
2020-04-13 00:50:00,446.7
2020-04-13 01:00:00,442.7
2020-04-13 01:10:00,450.8
2020-04-13 01:20:00,446.7
2020-04-13 01:30:00,460.8
2020-04-13 01:40:00,458.6
2020-04-13 01:50:00,456.3
2020-04-13 02:00:00,458.8
2020-04-13 02:10:00,458.6
2020-04-13 02:20:00,463.0
2020-04-13 02:30:00,462.1
2020-04-13 02:40:00,458.1
2020-04-13 02:50:00,457.6
2020-04-13 03:00:00,453.9
2020-04-13 03:10:00,461.7
2020-04-13 03:20:00,463.9
2020-04-13 03:30:00,463.2
2020-04-13 03:40:00,466.2
2020-04-13 03:50:00,470.8
2020-04-13 04:00:00,474.2
2020-04-13 04:10:00,476.5
2020-04-13 04:20:00,471.4
2020-04-13 04:30:00,468.8
2020-04-13 04:40:00,456.4
2020-04-13 04:50:00,447.3
2020-04-13 05:00:00,453.1
2020-04-13 05:10:00,458.8
2020-04-13 05:20:00,452.6
2020-04-13 05:30:00,443.1
2020-04-13 05:40:00,432.4
2020-04-13 05:50:00,433.3
2020-04-13 06:00:00,434.1
2020-04-13 06:10:00,434.9
2020-04-13 06:20:00,439.1
2020-04-13 06:30:00,441.9
2020-04-13 06:40:00,445.2
2020-04-13 06:50:00,472.5
2020-04-13 07:00:00,456.5
2020-04-13 07:10:00,454.3
2020-04-13 07:20:00,446.9
2020-04-13 07:30:00,442.4
2020-04-13 07:40:00,441.4
2020-04-13 07:50:00,437.1
2020-04-13 08:00:00,436.5
2020-04-13 08:10:00,434.8
2020-04-13 08:20:00,433.5
2020-04-13 08:30:00,430.7
2020-04-13 08:40:00,427.9
2020-04-13 08:50:00,427.4
2020-04-13 09:00:00,427.2
2020-04-13 09:10:00,426.9
2020-04-13 09:20:00,426.8
2020-04-13 09:30:00,426.5
2020-04-13 09:40:00,426.3
2020-04-13 09:50:00,425.9
2020-04-13 10:00:00,425.7
2020-04-13 10:10:00,423.8
2020-04-13 10:20:00,423.2
2020-04-13 10:30:00,422.8
2020-04-13 10:40:00,422.9
2020-04-13 10:50:00,422.7
2020-04-13 11:00:00,422.7
2020-04-13 11:10:00,422.1
2020-04-13 11:20:00,421.4
2020-04-13 11:30:00,420.9
2020-04-13 11:40:00,420.5
2020-04-13 11:50:00,420.0
2020-04-13 12:00:00,419.8
2020-04-13 12:10:00,419.5
2020-04-13 12:20:00,419.2
2020-04-13 12:30:00,419.5
2020-04-13 12:40:00,419.5
2020-04-13 12:50:00,419.5
2020-04-13 13:00:00,419.4
2020-04-13 13:10:00,419.0
2020-04-13 13:20:00,418.7
2020-04-13 13:30:00,418.0
2020-04-13 13:40:00,417.5
2020-04-13 13:50:00,417.1
2020-04-13 14:00:00,416.7
2020-04-13 14:10:00,416.7
2020-04-13 14:20:00,416.6
2020-04-13 14:30:00,416.5
2020-04-13 14:40:00,416.5
2020-04-13 14:50:00,416.3
2020-04-13 15:00:00,416.5
2020-04-13 15:10:00,416.4
2020-04-13 15:20:00,416.6
2020-04-13 15:30:00,416.7
2020-04-13 15:40:00,416.9
2020-04-13 15:50:00,416.7
2020-04-13 16:00:00,416.4
2020-04-13 16:10:00,416.4
2020-04-13 16:20:00,416.2
2020-04-13 16:30:00,416.2
2020-04-13 16:40:00,415.8
2020-04-13 16:50:00,416.1
2020-04-13 17:00:00,416.0
2020-04-13 17:10:00,416.1
2020-04-13 17:20:00,416.6
2020-04-13 17:30:00,416.6
2020-04-13 17:40:00,416.6
2020-04-13 17:50:00,416.7
2020-04-13 18:00:00,416.7
2020-04-13 18:10:00,417.0
2020-04-13 18:20:00,417.2
2020-04-13 18:30:00,417.6
2020-04-13 18:40:00,418.1
2020-04-13 18:50:00,418.5
2020-04-13 19:00:00,418.6
2020-04-13 19:10:00,418.8
2020-04-13 19:20:00,419.0
2020-04-13 19:30:00,419.4
2020-04-13 19:40:00,419.6
2020-04-13 19:50:00,419.7
2020-04-13 20:00:00,420.0
2020-04-13 20:10:00,420.5
2020-04-13 20:20:00,420.6
2020-04-13 20:30:00,421.1
2020-04-13 20:40:00,421.7
2020-04-13 20:50:00,422.0
2020-04-13 21:00:00,422.0
2020-04-13 21:10:00,422.2
2020-04-13 21:20:00,422.5
2020-04-13 21:30:00,422.5
2020-04-13 21:40:00,422.6
2020-04-13 21:50:00,423.0
2020-04-13 22:00:00,423.4
2020-04-13 22:10:00,423.7
2020-04-13 22:20:00,424.0
2020-04-13 22:30:00,424.5
2020-04-13 22:40:00,425.0
2020-04-13 22:50:00,425.3
2020-04-13 23:00:00,425.8
2020-04-13 23:10:00,426.3
2020-04-13 23:20:00,426.4
2020-04-13 23:30:00,425.9
2020-04-13 23:40:00,425.5
2020-04-13 23:50:00,425.4
2020-04-14 00:00:00,425.0
2020-04-14 00:10:00,423.6
2020-04-14 00:20:00,422.9
2020-04-14 00:30:00,422.3
2020-04-14 00:40:00,421.9
2020-04-14 00:50:00,421.6
2020-04-14 01:00:00,421.6
2020-04-14 01:10:00,421.9
2020-04-14 01:20:00,422.2
2020-04-14 01:30:00,422.3
2020-04-14 01:40:00,422.3
2020-04-14 01:50:00,422.6
2020-04-14 02:00:00,422.5
2020-04-14 02:10:00,422.1
2020-04-14 02:20:00,421.9
2020-04-14 02:30:00,422.1
2020-04-14 02:40:00,422.4
2020-04-14 02:50:00,422.2
2020-04-14 03:00:00,422.2
2020-04-14 03:10:00,422.3
2020-04-14 03:20:00,422.6
2020-04-14 03:30:00,422.7
2020-04-14 03:40:00,422.1
2020-04-14 03:50:00,421.7
2020-04-14 04:00:00,421.3
2020-04-14 04:10:00,421.7
2020-04-14 04:20:00,422.1
2020-04-14 04:30:00,422.5
2020-04-14 04:40:00,422.7
2020-04-14 04:50:00,422.3
2020-04-14 05:00:00,422.3
2020-04-14 05:10:00,421.6
2020-04-14 05:20:00,421.4
2020-04-14 05:30:00,421.6
2020-04-14 05:40:00,422.0
2020-04-14 05:50:00,422.3
2020-04-14 06:00:00,422.3
2020-04-14 06:10:00,422.7
2020-04-14 06:20:00,422.8
2020-04-14 06:30:00,423.2
2020-04-14 06:40:00,423.4
2020-04-14 06:50:00,423.8
2020-04-14 07:00:00,423.8
2020-04-14 07:10:00,423.7
2020-04-14 07:20:00,423.2
2020-04-14 07:30:00,422.6
2020-04-14 07:40:00,421.9
2020-04-14 07:50:00,421.3
2020-04-14 08:00:00,421.0
2020-04-14 08:10:00,420.7
2020-04-14 08:20:00,420.5
2020-04-14 08:30:00,420.3
2020-04-14 08:40:00,420.1
2020-04-14 08:50:00,419.8
2020-04-14 09:00:00,419.8
2020-04-14 09:10:00,419.4
2020-04-14 09:20:00,419.2
2020-04-14 09:30:00,419.1
2020-04-14 09:40:00,418.8
2020-04-14 09:50:00,418.4
2020-04-14 10:00:00,418.2
2020-04-14 10:10:00,418.3
2020-04-14 10:20:00,418.3
2020-04-14 10:30:00,417.9
2020-04-14 10:40:00,417.7
2020-04-14 10:50:00,417.8
2020-04-14 11:00:00,417.8
2020-04-14 11:10:00,417.6
2020-04-14 11:20:00,417.5
2020-04-14 11:30:00,417.8
2020-04-14 11:40:00,417.8
2020-04-14 11:50:00,417.1
2020-04-14 12:00:00,416.8
2020-04-14 12:10:00,416.9
2020-04-14 12:20:00,417.2
2020-04-14 12:30:00,416.5
2020-04-14 12:40:00,416.1
2020-04-14 12:50:00,416.2
2020-04-14 13:00:00,416.0
2020-04-14 13:10:00,415.9
2020-04-14 13:20:00,415.3
2020-04-14 13:30:00,415.5
2020-04-14 13:40:00,415.5
2020-04-14 13:50:00,415.0
2020-04-14 14:00:00,415.2
2020-04-14 14:10:00,415.3
2020-04-14 14:20:00,414.8
2020-04-14 14:30:00,414.9
2020-04-14 14:40:00,414.9
2020-04-14 14:50:00,414.6
2020-04-14 15:00:00,414.3
2020-04-14 15:10:00,414.3
2020-04-14 15:20:00,414.1
2020-04-14 15:30:00,414.1
2020-04-14 15:40:00,413.8
2020-04-14 15:50:00,413.9
2020-04-14 16:00:00,414.1
2020-04-14 16:10:00,414.1
2020-04-14 16:20:00,413.9
2020-04-14 16:30:00,413.8
2020-04-14 16:40:00,413.9
2020-04-14 16:50:00,413.8
2020-04-14 17:00:00,413.8
2020-04-14 17:10:00,413.7
2020-04-14 17:20:00,413.9
2020-04-14 17:30:00,414.0
2020-04-14 17:40:00,413.9
2020-04-14 17:50:00,414.3
2020-04-14 18:00:00,414.0
2020-04-14 18:10:00,414.3
2020-04-14 18:20:00,414.4
2020-04-14 18:30:00,414.4
2020-04-14 18:40:00,414.4
2020-04-14 18:50:00,414.4
2020-04-14 19:00:00,414.8
2020-04-14 19:10:00,415.1
2020-04-14 19:20:00,415.4
2020-04-14 19:30:00,416.1
2020-04-14 19:40:00,416.6
2020-04-14 19:50:00,417.0
2020-04-14 20:00:00,417.0
2020-04-14 20:10:00,417.4
2020-04-14 20:20:00,417.5
2020-04-14 20:30:00,417.5
2020-04-14 20:40:00,417.7
2020-04-14 20:50:00,417.8
2020-04-14 21:00:00,417.9
2020-04-14 21:10:00,417.9
2020-04-14 21:20:00,418.0
2020-04-14 21:30:00,418.1
2020-04-14 21:40:00,418.3
2020-04-14 21:50:00,418.3
2020-04-14 22:00:00,418.3
2020-04-14 22:10:00,418.0
2020-04-14 22:20:00,417.8
2020-04-14 22:30:00,417.8
2020-04-14 22:40:00,418.2
2020-04-14 22:50:00,419.4
2020-04-14 23:00:00,419.3
2020-04-14 23:10:00,422.9
2020-04-14 23:20:00,427.7
2020-04-14 23:30:00,429.0
2020-04-14 23:40:00,430.4
2020-04-14 23:50:00,430.1
2020-04-15 00:00:00,429.7
2020-04-15 00:10:00,433.9
2020-04-15 00:20:00,435.1
2020-04-15 00:30:00,435.8
2020-04-15 00:40:00,438.4
2020-04-15 00:50:00,438.4
2020-04-15 01:00:00,438.9
2020-04-15 01:10:00,439.2
2020-04-15 01:20:00,442.3
2020-04-15 01:30:00,443.1
2020-04-15 01:40:00,443.3
2020-04-15 01:50:00,440.8
2020-04-15 02:00:00,445.1
2020-04-15 02:10:00,444.5
2020-04-15 02:20:00,445.2
2020-04-15 02:30:00,446.7
2020-04-15 02:40:00,446.4
2020-04-15 02:50:00,445.9
2020-04-15 03:00:00,446.5
2020-04-15 03:10:00,448.9
2020-04-15 03:20:00,447.3
2020-04-15 03:30:00,449.9
2020-04-15 03:40:00,448.5
2020-04-15 03:50:00,448.2
2020-04-15 04:00:00,448.0
2020-04-15 04:10:00,447.4
2020-04-15 04:20:00,448.4
2020-04-15 04:30:00,448.2
2020-04-15 04:40:00,450.0
2020-04-15 04:50:00,449.8
2020-04-15 05:00:00,448.7
2020-04-15 05:10:00,450.4
2020-04-15 05:20:00,451.4
2020-04-15 05:30:00,454.4
2020-04-15 05:40:00,453.4
2020-04-15 05:50:00,452.3
2020-04-15 06:00:00,458.5
2020-04-15 06:10:00,456.5
2020-04-15 06:20:00,454.8
2020-04-15 06:30:00,454.0
2020-04-15 06:40:00,455.8
2020-04-15 06:50:00,456.2
2020-04-15 07:00:00,452.3
2020-04-15 07:10:00,452.7
2020-04-15 07:20:00,452.7
2020-04-15 07:30:00,452.5
2020-04-15 07:40:00,451.1
2020-04-15 07:50:00,449.4
2020-04-15 08:00:00,446.6
2020-04-15 08:10:00,445.5
2020-04-15 08:20:00,444.0
2020-04-15 08:30:00,441.8
2020-04-15 08:40:00,440.0
2020-04-15 08:50:00,437.6
2020-04-15 09:00:00,433.4
2020-04-15 09:10:00,432.7
2020-04-15 09:20:00,428.0
2020-04-15 09:30:00,419.2
2020-04-15 09:40:00,417.1
2020-04-15 09:50:00,416.1
2020-04-15 10:00:00,415.4
2020-04-15 10:10:00,414.9
2020-04-15 10:20:00,414.6
2020-04-15 10:30:00,414.3
2020-04-15 10:40:00,414.2
2020-04-15 10:50:00,414.1
2020-04-15 11:00:00,413.6
2020-04-15 11:10:00,413.6
2020-04-15 11:20:00,413.6
2020-04-15 11:30:00,413.5
2020-04-15 11:40:00,413.8
2020-04-15 11:50:00,413.0
2020-04-15 12:00:00,412.9
2020-04-15 12:10:00,412.4
2020-04-15 12:20:00,412.2
2020-04-15 12:30:00,412.0
2020-04-15 12:40:00,411.7
2020-04-15 12:50:00,411.8
2020-04-15 13:00:00,411.7
2020-04-15 13:10:00,411.7
2020-04-15 13:20:00,411.3
2020-04-15 13:30:00,410.8
2020-04-15 13:40:00,410.3
2020-04-15 13:50:00,410.2
2020-04-15 14:00:00,409.7
2020-04-15 14:10:00,409.8
2020-04-15 14:20:00,409.8
2020-04-15 14:30:00,410.1
2020-04-15 14:40:00,409.9
2020-04-15 14:50:00,410.1
2020-04-15 15:00:00,410.3
2020-04-15 15:10:00,410.4
2020-04-15 15:20:00,410.4
2020-04-15 15:30:00,410.4
2020-04-15 15:40:00,411.0
2020-04-15 15:50:00,411.4
2020-04-15 16:00:00,410.8
2020-04-15 16:10:00,411.0
2020-04-15 16:20:00,410.9
2020-04-15 16:30:00,410.8
2020-04-15 16:40:00,410.8
2020-04-15 16:50:00,410.9
2020-04-15 17:00:00,411.0
2020-04-15 17:10:00,410.9
2020-04-15 17:20:00,410.9
2020-04-15 17:30:00,410.9
2020-04-15 17:40:00,411.0
2020-04-15 17:50:00,411.4
2020-04-15 18:00:00,411.5
2020-04-15 18:10:00,411.3
2020-04-15 18:20:00,411.4
2020-04-15 18:30:00,411.8
2020-04-15 18:40:00,411.7
2020-04-15 18:50:00,411.8
2020-04-15 19:00:00,411.6
2020-04-15 19:10:00,411.4
2020-04-15 19:20:00,411.3
2020-04-15 19:30:00,411.4
2020-04-15 19:40:00,411.4
2020-04-15 19:50:00,411.2
2020-04-15 20:00:00,411.8
2020-04-15 20:10:00,412.0
2020-04-15 20:20:00,422.8
2020-04-15 20:30:00,422.0
2020-04-15 20:40:00,416.8
2020-04-15 20:50:00,418.8
2020-04-15 21:00:00,424.1
2020-04-15 21:10:00,427.5
2020-04-15 21:20:00,424.6
2020-04-15 21:30:00,424.5
2020-04-15 21:40:00,427.2
2020-04-15 21:50:00,430.3
2020-04-15 22:00:00,427.9
2020-04-15 22:10:00,427.5
2020-04-15 22:20:00,431.1
2020-04-15 22:30:00,430.6
2020-04-15 22:40:00,434.1
2020-04-15 22:50:00,432.8
2020-04-15 23:00:00,434.1
2020-04-15 23:10:00,431.1
2020-04-15 23:20:00,431.8
2020-04-15 23:30:00,429.8
2020-04-15 23:40:00,430.9
2020-04-15 23:50:00,440.3
2020-04-16 00:00:00,439.2
2020-04-16 00:10:00,439.6
2020-04-16 00:20:00,439.3
2020-04-16 00:30:00,439.2
2020-04-16 00:40:00,438.3
2020-04-16 00:50:00,441.5
2020-04-16 01:00:00,447.2
2020-04-16 01:10:00,449.7
2020-04-16 01:20:00,448.6
2020-04-16 01:30:00,449.3
2020-04-16 01:40:00,447.1
2020-04-16 01:50:00,452.4
2020-04-16 02:00:00,454.7
2020-04-16 02:10:00,454.2
2020-04-16 02:20:00,453.5
2020-04-16 02:30:00,451.7
2020-04-16 02:40:00,448.0
2020-04-16 02:50:00,449.9
2020-04-16 03:00:00,452.4
2020-04-16 03:10:00,453.9
2020-04-16 03:20:00,453.8
2020-04-16 03:30:00,452.8
2020-04-16 03:40:00,457.0
2020-04-16 03:50:00,457.9
2020-04-16 04:00:00,455.0
2020-04-16 04:10:00,454.4
2020-04-16 04:20:00,454.1
2020-04-16 04:30:00,457.2
2020-04-16 04:40:00,454.1
2020-04-16 04:50:00,452.1
2020-04-16 05:00:00,450.4
2020-04-16 05:10:00,451.4
2020-04-16 05:20:00,456.5
2020-04-16 05:30:00,456.8
2020-04-16 05:40:00,456.1
2020-04-16 05:50:00,455.5
2020-04-16 06:00:00,452.5
2020-04-16 06:10:00,455.1
2020-04-16 06:20:00,460.4
2020-04-16 06:30:00,459.5
2020-04-16 06:40:00,460.2
2020-04-16 06:50:00,466.2
2020-04-16 07:00:00,468.8
2020-04-16 07:10:00,467.6
2020-04-16 07:20:00,463.2
2020-04-16 07:30:00,463.3
2020-04-16 07:40:00,464.2
2020-04-16 07:50:00,461.7
2020-04-16 08:00:00,455.7
2020-04-16 08:10:00,453.2
2020-04-16 08:20:00,455.0
2020-04-16 08:30:00,448.1
2020-04-16 08:40:00,447.0
2020-04-16 08:50:00,447.0
2020-04-16 09:00:00,449.2
2020-04-16 09:10:00,442.0
2020-04-16 09:20:00,438.2
2020-04-16 09:30:00,433.8
2020-04-16 09:40:00,432.0
2020-04-16 09:50:00,430.1
2020-04-16 10:00:00,425.9
2020-04-16 10:10:00,422.9
2020-04-16 10:20:00,419.8
2020-04-16 10:30:00,420.4
2020-04-16 10:40:00,422.3
2020-04-16 10:50:00,424.0
2020-04-16 11:00:00,420.2
2020-04-16 11:10:00,418.1
2020-04-16 11:20:00,417.0
2020-04-16 11:30:00,415.8
2020-04-16 11:40:00,414.2
2020-04-16 11:50:00,414.0
2020-04-16 12:00:00,413.0
2020-04-16 12:10:00,412.8
2020-04-16 12:20:00,412.6
2020-04-16 12:30:00,412.4
2020-04-16 12:40:00,412.0
2020-04-16 12:50:00,412.2
2020-04-16 13:00:00,411.8
2020-04-16 13:10:00,411.4
2020-04-16 13:20:00,411.6
2020-04-16 13:30:00,411.2
2020-04-16 13:40:00,411.0
2020-04-16 13:50:00,410.7
2020-04-16 14:00:00,409.9
2020-04-16 14:10:00,409.9
2020-04-16 14:20:00,409.5
2020-04-16 14:30:00,409.3
2020-04-16 14:40:00,409.0
2020-04-16 14:50:00,410.5
2020-04-16 15:00:00,408.4
2020-04-16 15:10:00,408.1
2020-04-16 15:20:00,408.2
2020-04-16 15:30:00,408.7
2020-04-16 15:40:00,408.5
2020-04-16 15:50:00,407.8
2020-04-16 16:00:00,406.9
2020-04-16 16:10:00,406.9
2020-04-16 16:20:00,406.8
2020-04-16 16:30:00,407.1
2020-04-16 16:40:00,407.5
2020-04-16 16:50:00,407.3
2020-04-16 17:00:00,407.4
2020-04-16 17:10:00,407.2
2020-04-16 17:20:00,406.7
2020-04-16 17:30:00,408.8
2020-04-16 17:40:00,407.6
2020-04-16 17:50:00,408.2
2020-04-16 18:00:00,409.0
2020-04-16 18:10:00,409.9
2020-04-16 18:20:00,410.0
2020-04-16 18:30:00,410.3
2020-04-16 18:40:00,410.2
2020-04-16 18:50:00,410.2
2020-04-16 19:00:00,410.4
2020-04-16 19:10:00,410.1
2020-04-16 19:20:00,411.1
2020-04-16 19:30:00,411.3
2020-04-16 19:40:00,411.8
2020-04-16 19:50:00,418.0
2020-04-16 20:00:00,422.1
2020-04-16 20:10:00,419.9
2020-04-16 20:20:00,426.8
2020-04-16 20:30:00,425.9
2020-04-16 20:40:00,419.9
2020-04-16 20:50:00,416.5
2020-04-16 21:00:00,416.2
2020-04-16 21:10:00,415.5
2020-04-16 21:20:00,414.7
2020-04-16 21:30:00,415.5
2020-04-16 21:40:00,416.3
2020-04-16 21:50:00,417.1
2020-04-16 22:00:00,418.4
2020-04-16 22:10:00,420.8
2020-04-16 22:20:00,420.8
2020-04-16 22:30:00,421.1
2020-04-16 22:40:00,423.7
2020-04-16 22:50:00,423.2
2020-04-16 23:00:00,426.5
2020-04-16 23:10:00,439.3
2020-04-16 23:20:00,442.9
2020-04-16 23:30:00,437.3
2020-04-16 23:40:00,434.5
2020-04-16 23:50:00,437.5
2020-04-17 00:00:00,435.1
2020-04-17 00:10:00,441.9
2020-04-17 00:20:00,437.6
2020-04-17 00:30:00,436.6
2020-04-17 00:40:00,442.5
2020-04-17 00:50:00,440.5
2020-04-17 01:00:00,437.3
2020-04-17 01:10:00,442.2
2020-04-17 01:20:00,437.7
2020-04-17 01:30:00,441.5
2020-04-17 01:40:00,447.2
2020-04-17 01:50:00,442.6
2020-04-17 02:00:00,444.1
2020-04-17 02:10:00,445.6
2020-04-17 02:20:00,448.5
2020-04-17 02:30:00,448.5
2020-04-17 02:40:00,456.1
2020-04-17 02:50:00,461.7
2020-04-17 03:00:00,457.8
2020-04-17 03:10:00,462.9
2020-04-17 03:20:00,459.6
2020-04-17 03:30:00,465.4
2020-04-17 03:40:00,455.7
2020-04-17 03:50:00,434.5
2020-04-17 04:00:00,431.8
2020-04-17 04:10:00,430.4
2020-04-17 04:20:00,430.5
2020-04-17 04:30:00,430.1
2020-04-17 04:40:00,430.7
2020-04-17 04:50:00,431.3
2020-04-17 05:00:00,432.5
2020-04-17 05:10:00,433.3
2020-04-17 05:20:00,432.9
2020-04-17 05:30:00,432.1
2020-04-17 05:40:00,433.4
2020-04-17 05:50:00,431.6
2020-04-17 06:00:00,431.4
2020-04-17 06:10:00,443.9
2020-04-17 06:20:00,459.4
2020-04-17 06:30:00,473.5
2020-04-17 06:40:00,486.6
2020-04-17 06:50:00,495.5
2020-04-17 07:00:00,499.6
2020-04-17 07:10:00,499.7
2020-04-17 07:20:00,498.6
2020-04-17 07:30:00,492.3
2020-04-17 07:40:00,479.9
2020-04-17 07:50:00,469.5
2020-04-17 08:00:00,458.9
2020-04-17 08:10:00,450.0
2020-04-17 08:20:00,446.9
2020-04-17 08:30:00,446.4
2020-04-17 08:40:00,446.0
2020-04-17 08:50:00,441.4
2020-04-17 09:00:00,437.7
2020-04-17 09:10:00,432.8
2020-04-17 09:20:00,431.9
2020-04-17 09:30:00,431.5
2020-04-17 09:40:00,430.8
2020-04-17 09:50:00,427.2
2020-04-17 10:00:00,427.0
2020-04-17 10:10:00,424.9
2020-04-17 10:20:00,423.4
2020-04-17 10:30:00,423.4
2020-04-17 10:40:00,423.2
2020-04-17 10:50:00,423.0
2020-04-17 11:00:00,421.3
2020-04-17 11:10:00,420.1
2020-04-17 11:20:00,419.8
2020-04-17 11:30:00,419.8
2020-04-17 11:40:00,419.0
2020-04-17 11:50:00,419.3
2020-04-17 12:00:00,417.6
2020-04-17 12:10:00,417.6
2020-04-17 12:20:00,417.1
2020-04-17 12:30:00,416.6
2020-04-17 12:40:00,415.8
2020-04-17 12:50:00,416.0
2020-04-17 13:00:00,415.1
2020-04-17 13:10:00,414.7
2020-04-17 13:20:00,414.7
2020-04-17 13:30:00,413.8
2020-04-17 13:40:00,413.0
2020-04-17 13:50:00,412.7
2020-04-17 14:00:00,412.3
2020-04-17 14:10:00,412.4
2020-04-17 14:20:00,412.8
2020-04-17 14:30:00,413.4
2020-04-17 14:40:00,411.7
2020-04-17 14:50:00,412.0
2020-04-17 15:00:00,411.9
2020-04-17 15:10:00,411.7
2020-04-17 15:20:00,411.4
2020-04-17 15:30:00,411.7
2020-04-17 15:40:00,411.6
2020-04-17 15:50:00,411.6
2020-04-17 16:00:00,411.4
2020-04-17 16:10:00,411.5
2020-04-17 16:20:00,411.5
2020-04-17 16:30:00,411.5
2020-04-17 16:40:00,411.9
2020-04-17 16:50:00,411.5
2020-04-17 17:00:00,411.4
2020-04-17 17:10:00,412.0
2020-04-17 17:20:00,411.9
2020-04-17 17:30:00,411.9
2020-04-17 17:40:00,411.8
2020-04-17 17:50:00,411.7
2020-04-17 18:00:00,412.5
2020-04-17 18:10:00,413.5
2020-04-17 18:20:00,413.1
2020-04-17 18:30:00,413.4
2020-04-17 18:40:00,414.3
2020-04-17 18:50:00,414.5
2020-04-17 19:00:00,415.0
2020-04-17 19:10:00,415.7
2020-04-17 19:20:00,416.9
2020-04-17 19:30:00,417.9
2020-04-17 19:40:00,419.1
2020-04-17 19:50:00,419.4
2020-04-17 20:00:00,419.8
2020-04-17 20:10:00,419.4
2020-04-17 20:20:00,419.5
2020-04-17 20:30:00,420.1
2020-04-17 20:40:00,421.5
2020-04-17 20:50:00,420.3
2020-04-17 21:00:00,419.0
2020-04-17 21:10:00,419.0
2020-04-17 21:20:00,421.5
2020-04-17 21:30:00,430.6
2020-04-17 21:40:00,430.2
2020-04-17 21:50:00,430.3
2020-04-17 22:00:00,427.5
2020-04-17 22:10:00,424.8
2020-04-17 22:20:00,425.6
2020-04-17 22:30:00,428.5
2020-04-17 22:40:00,432.1
2020-04-17 22:50:00,434.8
2020-04-17 23:00:00,434.5
2020-04-17 23:10:00,432.7
2020-04-17 23:20:00,437.2
2020-04-17 23:30:00,435.4
2020-04-17 23:40:00,439.6
2020-04-17 23:50:00,442.4
2020-04-18 00:00:00,439.9
2020-04-18 00:10:00,444.0
2020-04-18 00:20:00,444.7
2020-04-18 00:30:00,443.7
2020-04-18 00:40:00,445.4
2020-04-18 00:50:00,446.2
2020-04-18 01:00:00,445.1
2020-04-18 01:10:00,443.8
2020-04-18 01:20:00,442.9
2020-04-18 01:30:00,446.8
2020-04-18 01:40:00,447.9
2020-04-18 01:50:00,450.0
2020-04-18 02:00:00,449.0
2020-04-18 02:10:00,449.5
2020-04-18 02:20:00,447.7
2020-04-18 02:30:00,453.3
2020-04-18 02:40:00,460.0
2020-04-18 02:50:00,453.1
2020-04-18 03:00:00,450.3
2020-04-18 03:10:00,456.0
2020-04-18 03:20:00,460.0
2020-04-18 03:30:00,451.7
2020-04-18 03:40:00,448.0
2020-04-18 03:50:00,449.3
2020-04-18 04:00:00,453.0
2020-04-18 04:10:00,456.1
2020-04-18 04:20:00,471.2
2020-04-18 04:30:00,471.0
2020-04-18 04:40:00,472.2
2020-04-18 04:50:00,470.7
2020-04-18 05:00:00,467.1
2020-04-18 05:10:00,467.8
2020-04-18 05:20:00,468.9
2020-04-18 05:30:00,471.2
2020-04-18 05:40:00,452.7
2020-04-18 05:50:00,449.8
2020-04-18 06:00:00,472.0
2020-04-18 06:10:00,471.1
2020-04-18 06:20:00,476.7
2020-04-18 06:30:00,477.2
2020-04-18 06:40:00,473.3
2020-04-18 06:50:00,470.2
2020-04-18 07:00:00,473.9
2020-04-18 07:10:00,488.5
2020-04-18 07:20:00,484.1
2020-04-18 07:30:00,481.8
2020-04-18 07:40:00,478.0
2020-04-18 07:50:00,479.3
2020-04-18 08:00:00,476.6
2020-04-18 08:10:00,472.1
2020-04-18 08:20:00,465.1
2020-04-18 08:30:00,459.6
2020-04-18 08:40:00,453.0
2020-04-18 08:50:00,450.8
2020-04-18 09:00:00,446.0
2020-04-18 09:10:00,447.4
2020-04-18 09:20:00,446.5
2020-04-18 09:30:00,445.2
2020-04-18 09:40:00,442.0
2020-04-18 09:50:00,439.7
2020-04-18 10:00:00,437.8
2020-04-18 10:10:00,435.0
2020-04-18 10:20:00,430.8
2020-04-18 10:30:00,426.8
2020-04-18 10:40:00,421.0
2020-04-18 10:50:00,418.6
2020-04-18 11:00:00,415.7
2020-04-18 11:10:00,412.7
2020-04-18 11:20:00,412.9
2020-04-18 11:30:00,412.8
2020-04-18 11:40:00,411.7
2020-04-18 11:50:00,412.0
2020-04-18 12:00:00,411.8
2020-04-18 12:10:00,412.3
2020-04-18 12:20:00,413.1
2020-04-18 12:30:00,412.9
2020-04-18 12:40:00,412.3
2020-04-18 12:50:00,412.4
2020-04-18 13:00:00,412.7
2020-04-18 13:10:00,412.6
2020-04-18 13:20:00,412.9
2020-04-18 13:30:00,412.3
2020-04-18 13:40:00,412.4
2020-04-18 13:50:00,413.2
2020-04-18 14:00:00,413.3
2020-04-18 14:10:00,413.4
2020-04-18 14:20:00,414.4
2020-04-18 14:30:00,414.4
2020-04-18 14:40:00,413.6
2020-04-18 14:50:00,413.8
2020-04-18 15:00:00,413.2
2020-04-18 15:10:00,413.9
2020-04-18 15:20:00,413.3
2020-04-18 15:30:00,412.4
2020-04-18 15:40:00,412.9
2020-04-18 15:50:00,413.6
2020-04-18 16:00:00,413.0
2020-04-18 16:10:00,412.7
2020-04-18 16:20:00,411.6
2020-04-18 16:30:00,411.1
2020-04-18 16:40:00,410.9
2020-04-18 16:50:00,410.4
2020-04-18 17:00:00,410.0
2020-04-18 17:10:00,409.7
2020-04-18 17:20:00,409.9
2020-04-18 17:30:00,409.9
2020-04-18 17:40:00,410.9
2020-04-18 17:50:00,411.2
2020-04-18 18:00:00,411.1
2020-04-18 18:10:00,411.3
2020-04-18 18:20:00,411.1
2020-04-18 18:30:00,411.2
2020-04-18 18:40:00,410.7
2020-04-18 18:50:00,410.5
2020-04-18 19:00:00,410.6
2020-04-18 19:10:00,411.1
2020-04-18 19:20:00,411.8
2020-04-18 19:30:00,413.2
2020-04-18 19:40:00,413.8
2020-04-18 19:50:00,414.8
2020-04-18 20:00:00,416.6
2020-04-18 20:10:00,417.6
2020-04-18 20:20:00,415.3
2020-04-18 20:30:00,416.0
2020-04-18 20:40:00,417.1
2020-04-18 20:50:00,416.8
2020-04-18 21:00:00,416.3
2020-04-18 21:10:00,415.1
2020-04-18 21:20:00,417.7
2020-04-18 21:30:00,418.6
2020-04-18 21:40:00,422.1
2020-04-18 21:50:00,421.5
2020-04-18 22:00:00,419.7
2020-04-18 22:10:00,419.4
2020-04-18 22:20:00,417.6
2020-04-18 22:30:00,418.2
2020-04-18 22:40:00,420.6
2020-04-18 22:50:00,425.0
2020-04-18 23:00:00,423.8
2020-04-18 23:10:00,425.7
2020-04-18 23:20:00,432.3
2020-04-18 23:30:00,435.9
2020-04-18 23:40:00,431.7
2020-04-18 23:50:00,430.0
2020-04-19 00:00:00,429.4
2020-04-19 00:10:00,432.0
2020-04-19 00:20:00,432.7
2020-04-19 00:30:00,432.2
2020-04-19 00:40:00,434.4
2020-04-19 00:50:00,436.0
2020-04-19 01:00:00,437.3
2020-04-19 01:10:00,438.3
2020-04-19 01:20:00,436.9
2020-04-19 01:30:00,432.8
2020-04-19 01:40:00,431.0
2020-04-19 01:50:00,429.7
2020-04-19 02:00:00,429.1
2020-04-19 02:10:00,428.3
2020-04-19 02:20:00,428.1
2020-04-19 02:30:00,428.6
2020-04-19 02:40:00,427.1
2020-04-19 02:50:00,426.9
2020-04-19 03:00:00,427.6
2020-04-19 03:10:00,427.6
2020-04-19 03:20:00,428.2
2020-04-19 03:30:00,428.9
2020-04-19 03:40:00,428.4
2020-04-19 03:50:00,428.0
2020-04-19 04:00:00,426.6
2020-04-19 04:10:00,427.8
2020-04-19 04:20:00,428.3
2020-04-19 04:30:00,428.3
2020-04-19 04:40:00,428.4
2020-04-19 04:50:00,428.9
2020-04-19 05:00:00,430.4
2020-04-19 05:10:00,432.5
2020-04-19 05:20:00,434.4
2020-04-19 05:30:00,433.3
2020-04-19 05:40:00,432.7
2020-04-19 05:50:00,433.3
2020-04-19 06:00:00,432.8
2020-04-19 06:10:00,431.7
2020-04-19 06:20:00,432.9
2020-04-19 06:30:00,434.5
2020-04-19 06:40:00,433.5
2020-04-19 06:50:00,435.2
2020-04-19 07:00:00,435.3
2020-04-19 07:10:00,436.0
2020-04-19 07:20:00,437.4
2020-04-19 07:30:00,437.2
2020-04-19 07:40:00,435.1
2020-04-19 07:50:00,433.6
2020-04-19 08:00:00,432.0
2020-04-19 08:10:00,431.2
2020-04-19 08:20:00,430.1
2020-04-19 08:30:00,430.0
2020-04-19 08:40:00,429.9
2020-04-19 08:50:00,429.4
2020-04-19 09:00:00,428.9
2020-04-19 09:10:00,428.4
2020-04-19 09:20:00,428.8
2020-04-19 09:30:00,427.7
2020-04-19 09:40:00,426.7
2020-04-19 09:50:00,426.3
2020-04-19 10:00:00,425.8
2020-04-19 10:10:00,425.2
2020-04-19 10:20:00,424.8
2020-04-19 10:30:00,423.7
2020-04-19 10:40:00,424.4
2020-04-19 10:50:00,423.2
2020-04-19 11:00:00,422.6
2020-04-19 11:10:00,421.9
2020-04-19 11:20:00,421.9
2020-04-19 11:30:00,421.7
2020-04-19 11:40:00,421.7
2020-04-19 11:50:00,421.3
2020-04-19 12:00:00,421.1
2020-04-19 12:10:00,420.9
2020-04-19 12:20:00,420.4
2020-04-19 12:30:00,419.8
2020-04-19 12:40:00,419.7
2020-04-19 12:50:00,419.3
2020-04-19 13:00:00,419.1
2020-04-19 13:10:00,418.4
2020-04-19 13:20:00,417.2
2020-04-19 13:30:00,415.8
2020-04-19 13:40:00,414.8
2020-04-19 13:50:00,414.0
2020-04-19 14:00:00,413.6
2020-04-19 14:10:00,413.3
2020-04-19 14:20:00,413.3
2020-04-19 14:30:00,412.8
2020-04-19 14:40:00,412.4
2020-04-19 14:50:00,412.0
2020-04-19 15:00:00,412.0
2020-04-19 15:10:00,411.9
2020-04-19 15:20:00,412.2
2020-04-19 15:30:00,412.3
2020-04-19 15:40:00,412.0
2020-04-19 15:50:00,412.0
2020-04-19 16:00:00,411.9
2020-04-19 16:10:00,412.1
2020-04-19 16:20:00,412.4
2020-04-19 16:30:00,412.5
2020-04-19 16:40:00,412.4
2020-04-19 16:50:00,412.4
2020-04-19 17:00:00,412.5
2020-04-19 17:10:00,412.7
2020-04-19 17:20:00,413.1
2020-04-19 17:30:00,413.0
2020-04-19 17:40:00,413.4
2020-04-19 17:50:00,413.5
2020-04-19 18:00:00,413.4
2020-04-19 18:10:00,413.7
2020-04-19 18:20:00,414.2
2020-04-19 18:30:00,414.1
2020-04-19 18:40:00,414.1
2020-04-19 18:50:00,414.5
2020-04-19 19:00:00,414.6
2020-04-19 19:10:00,415.2
2020-04-19 19:20:00,415.5
2020-04-19 19:30:00,416.2
2020-04-19 19:40:00,416.6
2020-04-19 19:50:00,416.2
2020-04-19 20:00:00,416.1
2020-04-19 20:10:00,416.5
2020-04-19 20:20:00,417.1
2020-04-19 20:30:00,417.7
2020-04-19 20:40:00,418.5
2020-04-19 20:50:00,418.8
2020-04-19 21:00:00,419.3
2020-04-19 21:10:00,419.9
2020-04-19 21:20:00,420.4
2020-04-19 21:30:00,421.4
2020-04-19 21:40:00,421.3
2020-04-19 21:50:00,421.7
2020-04-19 22:00:00,422.5
2020-04-19 22:10:00,422.8
2020-04-19 22:20:00,422.7
2020-04-19 22:30:00,422.4
2020-04-19 22:40:00,422.6
2020-04-19 22:50:00,421.8
2020-04-19 23:00:00,422.0
2020-04-19 23:10:00,422.9
2020-04-19 23:20:00,422.8
2020-04-19 23:30:00,423.6
2020-04-19 23:40:00,423.6
2020-04-19 23:50:00,423.6
2020-04-20 00:00:00,424.1
2020-04-20 00:10:00,425.1
2020-04-20 00:20:00,425.0
2020-04-20 00:30:00,424.5
2020-04-20 00:40:00,424.7
2020-04-20 00:50:00,423.9
2020-04-20 01:00:00,424.0
2020-04-20 01:10:00,424.9
2020-04-20 01:20:00,425.3
2020-04-20 01:30:00,424.8
2020-04-20 01:40:00,425.3
2020-04-20 01:50:00,426.5
2020-04-20 02:00:00,426.5
2020-04-20 02:10:00,426.2
2020-04-20 02:20:00,426.6
2020-04-20 02:30:00,426.6
2020-04-20 02:40:00,427.5
2020-04-20 02:50:00,427.5
2020-04-20 03:00:00,427.0
2020-04-20 03:10:00,427.7
2020-04-20 03:20:00,427.7
2020-04-20 03:30:00,428.3
2020-04-20 03:40:00,429.0
2020-04-20 03:50:00,429.4
2020-04-20 04:00:00,429.5
2020-04-20 04:10:00,429.7
2020-04-20 04:20:00,430.0
2020-04-20 04:30:00,430.7
2020-04-20 04:40:00,430.6
2020-04-20 04:50:00,431.5
2020-04-20 05:00:00,432.7
2020-04-20 05:10:00,432.1
2020-04-20 05:20:00,433.0
2020-04-20 05:30:00,432.3
2020-04-20 05:40:00,431.9
2020-04-20 05:50:00,432.1
2020-04-20 06:00:00,432.4
2020-04-20 06:10:00,431.9
2020-04-20 06:20:00,430.8
2020-04-20 06:30:00,431.1
2020-04-20 06:40:00,431.0
2020-04-20 06:50:00,431.2
2020-04-20 07:00:00,430.8
2020-04-20 07:10:00,429.9
2020-04-20 07:20:00,429.1
2020-04-20 07:30:00,428.7
2020-04-20 07:40:00,428.0
2020-04-20 07:50:00,425.8
2020-04-20 08:00:00,424.9
2020-04-20 08:10:00,424.2
2020-04-20 08:20:00,423.2
2020-04-20 08:30:00,421.3
2020-04-20 08:40:00,420.0
2020-04-20 08:50:00,420.0
2020-04-20 09:00:00,419.4
2020-04-20 09:10:00,418.3
2020-04-20 09:20:00,417.5
2020-04-20 09:30:00,416.6
2020-04-20 09:40:00,415.7
2020-04-20 09:50:00,415.4
2020-04-20 10:00:00,415.5
2020-04-20 10:10:00,415.0
2020-04-20 10:20:00,415.0
2020-04-20 10:30:00,415.0
2020-04-20 10:40:00,414.6
2020-04-20 10:50:00,414.8
2020-04-20 11:00:00,415.0
2020-04-20 11:10:00,415.0
2020-04-20 11:20:00,414.8
2020-04-20 11:30:00,414.5
2020-04-20 11:40:00,414.5
2020-04-20 11:50:00,414.6
2020-04-20 12:00:00,414.7
2020-04-20 12:10:00,414.9
2020-04-20 12:20:00,414.8
2020-04-20 12:30:00,414.5
2020-04-20 12:40:00,413.8
2020-04-20 12:50:00,413.5
2020-04-20 13:00:00,413.8
2020-04-20 13:10:00,413.8
2020-04-20 13:20:00,413.8
2020-04-20 13:30:00,413.4
2020-04-20 13:40:00,413.0
2020-04-20 13:50:00,413.1
2020-04-20 14:00:00,413.2
2020-04-20 14:10:00,413.4
2020-04-20 14:20:00,413.7
2020-04-20 14:30:00,413.9
2020-04-20 14:40:00,413.9
2020-04-20 14:50:00,413.9
2020-04-20 15:00:00,413.9
2020-04-20 15:10:00,414.2
2020-04-20 15:20:00,414.2
2020-04-20 15:30:00,414.2
2020-04-20 15:40:00,414.1
2020-04-20 15:50:00,414.0
2020-04-20 16:00:00,414.0
2020-04-20 16:10:00,414.0
2020-04-20 16:20:00,414.0
2020-04-20 16:30:00,414.1
2020-04-20 16:40:00,414.5
2020-04-20 16:50:00,414.3
2020-04-20 17:00:00,414.2
2020-04-20 17:10:00,414.3
2020-04-20 17:20:00,414.5
2020-04-20 17:30:00,414.6
2020-04-20 17:40:00,414.7
2020-04-20 17:50:00,414.8
2020-04-20 18:00:00,415.0
2020-04-20 18:10:00,415.1
2020-04-20 18:20:00,415.1
2020-04-20 18:30:00,415.3
2020-04-20 18:40:00,415.5
2020-04-20 18:50:00,415.8
2020-04-20 19:00:00,416.0
2020-04-20 19:10:00,416.3
2020-04-20 19:20:00,416.4
2020-04-20 19:30:00,417.1
2020-04-20 19:40:00,417.3
2020-04-20 19:50:00,417.7
2020-04-20 20:00:00,417.9
2020-04-20 20:10:00,418.6
2020-04-20 20:20:00,418.7
2020-04-20 20:30:00,419.2
2020-04-20 20:40:00,419.5
2020-04-20 20:50:00,419.8
2020-04-20 21:00:00,420.3
2020-04-20 21:10:00,420.6
2020-04-20 21:20:00,420.8
2020-04-20 21:30:00,420.8
2020-04-20 21:40:00,420.9
2020-04-20 21:50:00,420.8
2020-04-20 22:00:00,421.0
2020-04-20 22:10:00,421.3
2020-04-20 22:20:00,421.3
2020-04-20 22:30:00,421.3
2020-04-20 22:40:00,421.6
2020-04-20 22:50:00,422.0
2020-04-20 23:00:00,422.4
2020-04-20 23:10:00,423.0
2020-04-20 23:20:00,423.2
2020-04-20 23:30:00,423.3
2020-04-20 23:40:00,423.5
2020-04-20 23:50:00,423.6
2020-04-21 00:00:00,423.6
2020-04-21 00:10:00,424.6
2020-04-21 00:20:00,424.2
2020-04-21 00:30:00,424.0
2020-04-21 00:40:00,424.0
2020-04-21 00:50:00,423.9
2020-04-21 01:00:00,423.9
2020-04-21 01:10:00,424.0
2020-04-21 01:20:00,424.4
2020-04-21 01:30:00,424.6
2020-04-21 01:40:00,424.9
2020-04-21 01:50:00,425.3
2020-04-21 02:00:00,425.3
2020-04-21 02:10:00,425.3
2020-04-21 02:20:00,425.3
2020-04-21 02:30:00,425.3
2020-04-21 02:40:00,425.5
2020-04-21 02:50:00,425.8
2020-04-21 03:00:00,425.8
2020-04-21 03:10:00,426.2
2020-04-21 03:20:00,426.6
2020-04-21 03:30:00,426.4
2020-04-21 03:40:00,426.5
2020-04-21 03:50:00,426.8
2020-04-21 04:00:00,427.0
2020-04-21 04:10:00,427.5
2020-04-21 04:20:00,427.8
2020-04-21 04:30:00,428.2
2020-04-21 04:40:00,428.6
2020-04-21 04:50:00,428.8
2020-04-21 05:00:00,429.2
2020-04-21 05:10:00,429.8
2020-04-21 05:20:00,429.8
2020-04-21 05:30:00,430.0
2020-04-21 05:40:00,429.7
2020-04-21 05:50:00,430.2
2020-04-21 06:00:00,430.2
2020-04-21 06:10:00,429.8
2020-04-21 06:20:00,429.8
2020-04-21 06:30:00,429.8
2020-04-21 06:40:00,429.5
2020-04-21 06:50:00,429.1
2020-04-21 07:00:00,428.5
2020-04-21 07:10:00,428.0
2020-04-21 07:20:00,427.5
2020-04-21 07:30:00,426.9
2020-04-21 07:40:00,426.5
2020-04-21 07:50:00,425.7
2020-04-21 08:00:00,424.9
2020-04-21 08:10:00,424.3
2020-04-21 08:20:00,423.7
2020-04-21 08:30:00,422.9
2020-04-21 08:40:00,422.1
2020-04-21 08:50:00,421.4
2020-04-21 09:00:00,420.5
2020-04-21 09:10:00,419.9
2020-04-21 09:20:00,419.4
2020-04-21 09:30:00,419.0
2020-04-21 09:40:00,418.6
2020-04-21 09:50:00,418.2
2020-04-21 10:00:00,417.8
2020-04-21 10:10:00,417.4
2020-04-21 10:20:00,416.9
2020-04-21 10:30:00,416.4
2020-04-21 10:40:00,416.1
2020-04-21 10:50:00,415.7
2020-04-21 11:00:00,415.6
2020-04-21 11:10:00,415.1
2020-04-21 11:20:00,415.1
2020-04-21 11:30:00,414.9
2020-04-21 11:40:00,414.6
2020-04-21 11:50:00,414.4
2020-04-21 12:00:00,414.2
2020-04-21 12:10:00,414.1
2020-04-21 12:20:00,413.7
2020-04-21 12:30:00,413.6
2020-04-21 12:40:00,413.6
2020-04-21 12:50:00,413.4
2020-04-21 13:00:00,413.2
2020-04-21 13:10:00,413.1
2020-04-21 13:20:00,413.1
2020-04-21 13:30:00,412.9
2020-04-21 13:40:00,412.8
2020-04-21 13:50:00,412.7
2020-04-21 14:00:00,412.6
2020-04-21 14:10:00,412.5
2020-04-21 14:20:00,412.2
2020-04-21 14:30:00,412.2
2020-04-21 14:40:00,412.1
2020-04-21 14:50:00,412.0
2020-04-21 15:00:00,412.2
2020-04-21 15:10:00,412.1
2020-04-21 15:20:00,411.9
2020-04-21 15:30:00,412.2
2020-04-21 15:40:00,412.2
2020-04-21 15:50:00,412.2
2020-04-21 16:00:00,412.2
2020-04-21 16:10:00,412.2
2020-04-21 16:20:00,412.2
2020-04-21 16:30:00,412.2
2020-04-21 16:40:00,412.2
2020-04-21 16:50:00,412.2
2020-04-21 17:00:00,412.4
2020-04-21 17:10:00,412.2
2020-04-21 17:20:00,412.2
2020-04-21 17:30:00,412.3
2020-04-21 17:40:00,412.5
2020-04-21 17:50:00,412.7
2020-04-21 18:00:00,412.7
2020-04-21 18:10:00,412.8
2020-04-21 18:20:00,412.7
2020-04-21 18:30:00,413.1
2020-04-21 18:40:00,413.4
2020-04-21 18:50:00,413.6
2020-04-21 19:00:00,414.0
2020-04-21 19:10:00,414.3
2020-04-21 19:20:00,414.6
2020-04-21 19:30:00,415.0
2020-04-21 19:40:00,415.3
2020-04-21 19:50:00,415.3
2020-04-21 20:00:00,415.7
2020-04-21 20:10:00,416.3
2020-04-21 20:20:00,416.4
2020-04-21 20:30:00,416.9
2020-04-21 20:40:00,417.2
2020-04-21 20:50:00,417.6
2020-04-21 21:00:00,418.0
2020-04-21 21:10:00,417.9
2020-04-21 21:20:00,418.1
2020-04-21 21:30:00,418.4
2020-04-21 21:40:00,418.7
2020-04-21 21:50:00,418.8
2020-04-21 22:00:00,419.1
2020-04-21 22:10:00,419.2
2020-04-21 22:20:00,419.6
2020-04-21 22:30:00,420.4
2020-04-21 22:40:00,420.8
2020-04-21 22:50:00,421.5
2020-04-21 23:00:00,422.0
2020-04-21 23:10:00,422.2
2020-04-21 23:20:00,422.4
2020-04-21 23:30:00,423.0
2020-04-21 23:40:00,423.5
2020-04-21 23:50:00,423.8
2020-04-22 00:00:00,424.4
2020-04-22 00:10:00,426.4
2020-04-22 00:20:00,426.0
2020-04-22 00:30:00,425.6
2020-04-22 00:40:00,425.8
2020-04-22 00:50:00,426.4
2020-04-22 01:00:00,426.8
2020-04-22 01:10:00,426.4
2020-04-22 01:20:00,427.1
2020-04-22 01:30:00,427.2
2020-04-22 01:40:00,427.4
2020-04-22 01:50:00,427.5
2020-04-22 02:00:00,427.7
2020-04-22 02:10:00,427.9
2020-04-22 02:20:00,428.1
2020-04-22 02:30:00,429.4
2020-04-22 02:40:00,429.3
2020-04-22 02:50:00,429.1
2020-04-22 03:00:00,429.7
2020-04-22 03:10:00,430.4
2020-04-22 03:20:00,430.7
2020-04-22 03:30:00,431.2
2020-04-22 03:40:00,431.8
2020-04-22 03:50:00,431.9
2020-04-22 04:00:00,432.1
2020-04-22 04:10:00,432.3
2020-04-22 04:20:00,432.6
2020-04-22 04:30:00,432.7
2020-04-22 04:40:00,432.8
2020-04-22 04:50:00,432.7
2020-04-22 05:00:00,432.8
2020-04-22 05:10:00,433.1
2020-04-22 05:20:00,433.4
2020-04-22 05:30:00,433.5
2020-04-22 05:40:00,433.6
2020-04-22 05:50:00,434.1
2020-04-22 06:00:00,433.6
2020-04-22 06:10:00,433.6
2020-04-22 06:20:00,434.5
2020-04-22 06:30:00,435.3
2020-04-22 06:40:00,435.9
2020-04-22 06:50:00,436.3
2020-04-22 07:00:00,434.8
2020-04-22 07:10:00,433.3
2020-04-22 07:20:00,432.4
2020-04-22 07:30:00,431.4
2020-04-22 07:40:00,429.5
2020-04-22 07:50:00,427.7
2020-04-22 08:00:00,425.3
2020-04-22 08:10:00,424.8
2020-04-22 08:20:00,424.1
2020-04-22 08:30:00,422.7
2020-04-22 08:40:00,420.7
2020-04-22 08:50:00,420.2
2020-04-22 09:00:00,419.4
2020-04-22 09:10:00,418.9
2020-04-22 09:20:00,418.7
2020-04-22 09:30:00,418.3
2020-04-22 09:40:00,418.2
2020-04-22 09:50:00,417.8
2020-04-22 10:00:00,417.8
2020-04-22 10:10:00,417.3
2020-04-22 10:20:00,416.7
2020-04-22 10:30:00,416.6
2020-04-22 10:40:00,416.1
2020-04-22 10:50:00,415.3
2020-04-22 11:00:00,414.7
2020-04-22 11:10:00,414.2
2020-04-22 11:20:00,413.9
2020-04-22 11:30:00,413.4
2020-04-22 11:40:00,413.3
2020-04-22 11:50:00,413.1
2020-04-22 12:00:00,412.7
2020-04-22 12:10:00,412.4
2020-04-22 12:20:00,412.0
2020-04-22 12:30:00,411.7
2020-04-22 12:40:00,411.1
2020-04-22 12:50:00,411.1
2020-04-22 13:00:00,411.0
2020-04-22 13:10:00,411.2
2020-04-22 13:20:00,411.2
2020-04-22 13:30:00,411.3
2020-04-22 13:40:00,411.2
2020-04-22 13:50:00,411.0
2020-04-22 14:00:00,411.3
2020-04-22 14:10:00,411.3
2020-04-22 14:20:00,411.1
2020-04-22 14:30:00,410.9
2020-04-22 14:40:00,411.2
2020-04-22 14:50:00,411.2
2020-04-22 15:00:00,411.3
2020-04-22 15:10:00,411.4
2020-04-22 15:20:00,411.0
2020-04-22 15:30:00,411.0
2020-04-22 15:40:00,410.5
2020-04-22 15:50:00,410.3
2020-04-22 16:00:00,410.0
2020-04-22 16:10:00,410.0
2020-04-22 16:20:00,410.0
2020-04-22 16:30:00,410.1
2020-04-22 16:40:00,410.2
2020-04-22 16:50:00,410.3
2020-04-22 17:00:00,410.0
2020-04-22 17:10:00,410.1
2020-04-22 17:20:00,410.0
2020-04-22 17:30:00,410.2
2020-04-22 17:40:00,410.5
2020-04-22 17:50:00,410.5
2020-04-22 18:00:00,410.8
2020-04-22 18:10:00,411.1
2020-04-22 18:20:00,411.3
2020-04-22 18:30:00,411.4
2020-04-22 18:40:00,411.5
2020-04-22 18:50:00,412.2
2020-04-22 19:00:00,412.7
2020-04-22 19:10:00,413.3
2020-04-22 19:20:00,413.6
2020-04-22 19:30:00,414.2
2020-04-22 19:40:00,414.9
2020-04-22 19:50:00,415.5
2020-04-22 20:00:00,415.5
2020-04-22 20:10:00,415.9
2020-04-22 20:20:00,416.2
2020-04-22 20:30:00,416.6
2020-04-22 20:40:00,416.4
2020-04-22 20:50:00,416.8
2020-04-22 21:00:00,416.7
2020-04-22 21:10:00,416.4
2020-04-22 21:20:00,416.6
2020-04-22 21:30:00,416.4
2020-04-22 21:40:00,417.7
2020-04-22 21:50:00,418.7
2020-04-22 22:00:00,419.1
2020-04-22 22:10:00,419.3
2020-04-22 22:20:00,419.3
2020-04-22 22:30:00,420.3
2020-04-22 22:40:00,420.1
2020-04-22 22:50:00,420.3
2020-04-22 23:00:00,420.9
2020-04-22 23:10:00,421.3
2020-04-22 23:20:00,421.6
2020-04-22 23:30:00,421.7
2020-04-22 23:40:00,421.9
2020-04-22 23:50:00,422.0
2020-04-23 00:00:00,422.7
2020-04-23 00:10:00,425.2
2020-04-23 00:20:00,424.6
2020-04-23 00:30:00,423.4
2020-04-23 00:40:00,424.3
2020-04-23 00:50:00,425.5
2020-04-23 01:00:00,425.7
2020-04-23 01:10:00,425.9
2020-04-23 01:20:00,427.0
2020-04-23 01:30:00,428.1
2020-04-23 01:40:00,429.6
2020-04-23 01:50:00,429.3
2020-04-23 02:00:00,429.4
2020-04-23 02:10:00,431.1
2020-04-23 02:20:00,431.9
2020-04-23 02:30:00,433.4
2020-04-23 02:40:00,432.9
2020-04-23 02:50:00,433.2
2020-04-23 03:00:00,433.6
2020-04-23 03:10:00,432.2
2020-04-23 03:20:00,429.7
2020-04-23 03:30:00,429.6
2020-04-23 03:40:00,437.7
2020-04-23 03:50:00,451.2
2020-04-23 04:00:00,447.0
2020-04-23 04:10:00,450.9
2020-04-23 04:20:00,447.3
2020-04-23 04:30:00,448.2
2020-04-23 04:40:00,449.3
2020-04-23 04:50:00,448.9
2020-04-23 05:00:00,449.3
2020-04-23 05:10:00,446.2
2020-04-23 05:20:00,445.9
2020-04-23 05:30:00,443.8
2020-04-23 05:40:00,439.5
2020-04-23 05:50:00,444.1
2020-04-23 06:00:00,445.3
2020-04-23 06:10:00,454.1
2020-04-23 06:20:00,454.8
2020-04-23 06:30:00,462.4
2020-04-23 06:40:00,469.4
2020-04-23 06:50:00,467.2
2020-04-23 07:00:00,468.8
2020-04-23 07:10:00,470.4
2020-04-23 07:20:00,467.5
2020-04-23 07:30:00,466.0
2020-04-23 07:40:00,464.1
2020-04-23 07:50:00,462.4
2020-04-23 08:00:00,459.2
2020-04-23 08:10:00,448.9
2020-04-23 08:20:00,445.3
2020-04-23 08:30:00,443.4
2020-04-23 08:40:00,441.7
2020-04-23 08:50:00,436.1
2020-04-23 09:00:00,433.0
2020-04-23 09:10:00,433.1
2020-04-23 09:20:00,431.8
2020-04-23 09:30:00,426.3
2020-04-23 09:40:00,422.6
2020-04-23 09:50:00,419.4
2020-04-23 10:00:00,417.7
2020-04-23 10:10:00,416.6
2020-04-23 10:20:00,416.3
2020-04-23 10:30:00,414.3
2020-04-23 10:40:00,413.7
2020-04-23 10:50:00,413.7
2020-04-23 11:00:00,413.4
2020-04-23 11:10:00,413.0
2020-04-23 11:20:00,412.8
2020-04-23 11:30:00,412.7
2020-04-23 11:40:00,413.5
2020-04-23 11:50:00,413.3
2020-04-23 12:00:00,412.7
2020-04-23 12:10:00,413.2
2020-04-23 12:20:00,412.7
2020-04-23 12:30:00,413.4
2020-04-23 12:40:00,413.3
2020-04-23 12:50:00,414.5
2020-04-23 13:00:00,413.1
2020-04-23 13:10:00,412.8
2020-04-23 13:20:00,412.9
2020-04-23 13:30:00,413.0
2020-04-23 13:40:00,412.4
2020-04-23 13:50:00,412.1
2020-04-23 14:00:00,412.3
2020-04-23 14:10:00,412.0
2020-04-23 14:20:00,411.5
2020-04-23 14:30:00,410.8
2020-04-23 14:40:00,410.4
2020-04-23 14:50:00,410.3
2020-04-23 15:00:00,410.7
2020-04-23 15:10:00,411.1
2020-04-23 15:20:00,410.3
2020-04-23 15:30:00,410.9
2020-04-23 15:40:00,411.2
2020-04-23 15:50:00,410.8
2020-04-23 16:00:00,409.2
2020-04-23 16:10:00,408.8
2020-04-23 16:20:00,409.6
2020-04-23 16:30:00,411.5
2020-04-23 16:40:00,410.4
2020-04-23 16:50:00,409.3
2020-04-23 17:00:00,409.6
2020-04-23 17:10:00,409.3
2020-04-23 17:20:00,410.2
2020-04-23 17:30:00,409.5
2020-04-23 17:40:00,408.7
2020-04-23 17:50:00,409.5
2020-04-23 18:00:00,409.6
2020-04-23 18:10:00,409.5
2020-04-23 18:20:00,408.9
2020-04-23 18:30:00,409.5
2020-04-23 18:40:00,410.7
2020-04-23 18:50:00,410.6
2020-04-23 19:00:00,411.8
2020-04-23 19:10:00,411.9
2020-04-23 19:20:00,411.5
2020-04-23 19:30:00,411.2
2020-04-23 19:40:00,412.4
2020-04-23 19:50:00,414.5
2020-04-23 20:00:00,413.8
2020-04-23 20:10:00,412.9
2020-04-23 20:20:00,414.8
2020-04-23 20:30:00,414.9
2020-04-23 20:40:00,415.1
2020-04-23 20:50:00,415.8
2020-04-23 21:00:00,416.5
2020-04-23 21:10:00,416.6
2020-04-23 21:20:00,416.5
2020-04-23 21:30:00,421.7
2020-04-23 21:40:00,421.6
2020-04-23 21:50:00,420.2
2020-04-23 22:00:00,421.8
2020-04-23 22:10:00,423.6
2020-04-23 22:20:00,425.3
2020-04-23 22:30:00,429.0
2020-04-23 22:40:00,433.5
2020-04-23 22:50:00,428.5
2020-04-23 23:00:00,424.8
2020-04-23 23:10:00,425.6
2020-04-23 23:20:00,427.5
2020-04-23 23:30:00,430.0
2020-04-23 23:40:00,433.4
2020-04-23 23:50:00,435.8
2020-04-24 00:00:00,435.7
2020-04-24 00:10:00,441.9
2020-04-24 00:20:00,446.1
2020-04-24 00:30:00,446.3
2020-04-24 00:40:00,444.3
2020-04-24 00:50:00,439.6
2020-04-24 01:00:00,439.4
2020-04-24 01:10:00,440.3
2020-04-24 01:20:00,444.1
2020-04-24 01:30:00,447.1
2020-04-24 01:40:00,449.5
2020-04-24 01:50:00,456.5
2020-04-24 02:00:00,459.5
2020-04-24 02:10:00,460.7
2020-04-24 02:20:00,461.8
2020-04-24 02:30:00,461.6
2020-04-24 02:40:00,461.1
2020-04-24 02:50:00,461.8
2020-04-24 03:00:00,458.3
2020-04-24 03:10:00,461.4
2020-04-24 03:20:00,460.3
2020-04-24 03:30:00,457.8
2020-04-24 03:40:00,458.2
2020-04-24 03:50:00,458.2
2020-04-24 04:00:00,457.3
2020-04-24 04:10:00,459.1
2020-04-24 04:20:00,463.1
2020-04-24 04:30:00,461.0
2020-04-24 04:40:00,457.7
2020-04-24 04:50:00,460.9
2020-04-24 05:00:00,466.9
2020-04-24 05:10:00,465.1
2020-04-24 05:20:00,469.0
2020-04-24 05:30:00,474.0
2020-04-24 05:40:00,475.4
2020-04-24 05:50:00,474.9
2020-04-24 06:00:00,477.4
2020-04-24 06:10:00,476.9
2020-04-24 06:20:00,477.1
2020-04-24 06:30:00,478.3
2020-04-24 06:40:00,478.4
2020-04-24 06:50:00,477.1
2020-04-24 07:00:00,474.6
2020-04-24 07:10:00,475.8
2020-04-24 07:20:00,469.9
2020-04-24 07:30:00,465.6
2020-04-24 07:40:00,466.6
2020-04-24 07:50:00,465.9
2020-04-24 08:00:00,461.1
2020-04-24 08:10:00,454.4
2020-04-24 08:20:00,452.2
2020-04-24 08:30:00,449.8
2020-04-24 08:40:00,446.8
2020-04-24 08:50:00,444.0
2020-04-24 09:00:00,440.9
2020-04-24 09:10:00,438.1
2020-04-24 09:20:00,435.0
2020-04-24 09:30:00,433.1
2020-04-24 09:40:00,429.6
2020-04-24 09:50:00,424.6
2020-04-24 10:00:00,417.9
2020-04-24 10:10:00,411.1
2020-04-24 10:20:00,408.1
2020-04-24 10:30:00,408.4
2020-04-24 10:40:00,408.5
2020-04-24 10:50:00,408.5
2020-04-24 11:00:00,408.9
2020-04-24 11:10:00,408.1
2020-04-24 11:20:00,408.0
2020-04-24 11:30:00,407.3
2020-04-24 11:40:00,407.5
2020-04-24 11:50:00,408.1
2020-04-24 12:00:00,407.5
2020-04-24 12:10:00,407.2
2020-04-24 12:20:00,407.5
2020-04-24 12:30:00,407.6
2020-04-24 12:40:00,407.2
2020-04-24 12:50:00,407.1
2020-04-24 13:00:00,407.7
2020-04-24 13:10:00,408.2
2020-04-24 13:20:00,408.1
2020-04-24 13:30:00,408.0
2020-04-24 13:40:00,408.2
2020-04-24 13:50:00,408.3
2020-04-24 14:00:00,409.3
2020-04-24 14:10:00,409.7
2020-04-24 14:20:00,409.5
2020-04-24 14:30:00,409.8
2020-04-24 14:40:00,409.6
2020-04-24 14:50:00,409.4
2020-04-24 15:00:00,409.4
2020-04-24 15:10:00,409.8
2020-04-24 15:20:00,409.9
2020-04-24 15:30:00,409.7
2020-04-24 15:40:00,409.6
2020-04-24 15:50:00,409.6
2020-04-24 16:00:00,410.3
2020-04-24 16:10:00,410.5
2020-04-24 16:20:00,410.8
2020-04-24 16:30:00,410.9
2020-04-24 16:40:00,410.9
2020-04-24 16:50:00,410.4
2020-04-24 17:00:00,410.5
2020-04-24 17:10:00,410.7
2020-04-24 17:20:00,411.4
2020-04-24 17:30:00,412.2
2020-04-24 17:40:00,412.9
2020-04-24 17:50:00,413.3
2020-04-24 18:00:00,414.3
2020-04-24 18:10:00,415.0
2020-04-24 18:20:00,415.3
2020-04-24 18:30:00,415.6
2020-04-24 18:40:00,416.0
2020-04-24 18:50:00,416.6
2020-04-24 19:00:00,416.8
2020-04-24 19:10:00,417.0
2020-04-24 19:20:00,417.5
2020-04-24 19:30:00,417.8
2020-04-24 19:40:00,418.2
2020-04-24 19:50:00,417.8
2020-04-24 20:00:00,417.6
2020-04-24 20:10:00,417.2
2020-04-24 20:20:00,417.1
2020-04-24 20:30:00,417.5
2020-04-24 20:40:00,417.3
2020-04-24 20:50:00,417.0
2020-04-24 21:00:00,416.8
2020-04-24 21:10:00,416.5
2020-04-24 21:20:00,417.0
2020-04-24 21:30:00,417.7
2020-04-24 21:40:00,417.7
2020-04-24 21:50:00,417.4
2020-04-24 22:00:00,417.7
2020-04-24 22:10:00,417.7
2020-04-24 22:20:00,417.7
2020-04-24 22:30:00,417.8
2020-04-24 22:40:00,419.5
2020-04-24 22:50:00,420.8
2020-04-24 23:00:00,420.2
2020-04-24 23:10:00,419.7
2020-04-24 23:20:00,420.0
2020-04-24 23:30:00,420.6
2020-04-24 23:40:00,421.5
2020-04-24 23:50:00,421.8
2020-04-25 00:00:00,422.1
2020-04-25 00:10:00,426.0
2020-04-25 00:20:00,425.3
2020-04-25 00:30:00,424.0
2020-04-25 00:40:00,423.2
2020-04-25 00:50:00,422.6
2020-04-25 01:00:00,422.4
2020-04-25 01:10:00,422.0
2020-04-25 01:20:00,421.9
2020-04-25 01:30:00,421.8
2020-04-25 01:40:00,421.8
2020-04-25 01:50:00,421.9
2020-04-25 02:00:00,422.6
2020-04-25 02:10:00,424.1
2020-04-25 02:20:00,424.3
2020-04-25 02:30:00,424.4
2020-04-25 02:40:00,424.3
2020-04-25 02:50:00,424.3
2020-04-25 03:00:00,424.3
2020-04-25 03:10:00,425.8
2020-04-25 03:20:00,425.2
2020-04-25 03:30:00,426.8
2020-04-25 03:40:00,427.7
2020-04-25 03:50:00,427.9
2020-04-25 04:00:00,427.9
2020-04-25 04:10:00,427.5
2020-04-25 04:20:00,426.8
2020-04-25 04:30:00,425.2
2020-04-25 04:40:00,424.3
2020-04-25 04:50:00,423.4
2020-04-25 05:00:00,422.7
2020-04-25 05:10:00,422.9
2020-04-25 05:20:00,422.3
2020-04-25 05:30:00,422.3
2020-04-25 05:40:00,422.2
2020-04-25 05:50:00,422.1
2020-04-25 06:00:00,422.0
2020-04-25 06:10:00,421.8
2020-04-25 06:20:00,421.4
2020-04-25 06:30:00,420.8
2020-04-25 06:40:00,420.2
2020-04-25 06:50:00,419.9
2020-04-25 07:00:00,419.4
2020-04-25 07:10:00,419.0
2020-04-25 07:20:00,418.8
2020-04-25 07:30:00,418.9
2020-04-25 07:40:00,418.4
2020-04-25 07:50:00,418.6
2020-04-25 08:00:00,418.0
2020-04-25 08:10:00,417.9
2020-04-25 08:20:00,417.9
2020-04-25 08:30:00,417.9
2020-04-25 08:40:00,417.9
2020-04-25 08:50:00,417.2
2020-04-25 09:00:00,416.8
2020-04-25 09:10:00,416.8
2020-04-25 09:20:00,416.8
2020-04-25 09:30:00,416.2
2020-04-25 09:40:00,415.7
2020-04-25 09:50:00,415.5
2020-04-25 10:00:00,415.7
2020-04-25 10:10:00,415.1
2020-04-25 10:20:00,414.7
2020-04-25 10:30:00,414.6
2020-04-25 10:40:00,414.3
2020-04-25 10:50:00,414.2
2020-04-25 11:00:00,414.1
2020-04-25 11:10:00,413.6
2020-04-25 11:20:00,412.7
2020-04-25 11:30:00,412.7
2020-04-25 11:40:00,412.2
2020-04-25 11:50:00,412.7
2020-04-25 12:00:00,412.1
2020-04-25 12:10:00,412.1
2020-04-25 12:20:00,412.5
2020-04-25 12:30:00,411.9
2020-04-25 12:40:00,411.6
2020-04-25 12:50:00,411.6
2020-04-25 13:00:00,411.6
2020-04-25 13:10:00,411.3
2020-04-25 13:20:00,411.2
2020-04-25 13:30:00,411.3
2020-04-25 13:40:00,411.8
2020-04-25 13:50:00,412.3
2020-04-25 14:00:00,412.3
2020-04-25 14:10:00,412.4
2020-04-25 14:20:00,411.8
2020-04-25 14:30:00,411.8
2020-04-25 14:40:00,412.1
2020-04-25 14:50:00,412.3
2020-04-25 15:00:00,411.8
2020-04-25 15:10:00,411.6
2020-04-25 15:20:00,411.5
2020-04-25 15:30:00,411.1
2020-04-25 15:40:00,410.8
2020-04-25 15:50:00,411.4
2020-04-25 16:00:00,411.2
2020-04-25 16:10:00,411.3
2020-04-25 16:20:00,411.2
2020-04-25 16:30:00,411.5
2020-04-25 16:40:00,411.6
2020-04-25 16:50:00,411.7
2020-04-25 17:00:00,411.9
2020-04-25 17:10:00,411.9
2020-04-25 17:20:00,411.8
2020-04-25 17:30:00,411.7
2020-04-25 17:40:00,411.7
2020-04-25 17:50:00,411.8
2020-04-25 18:00:00,411.6
2020-04-25 18:10:00,411.6
2020-04-25 18:20:00,412.2
2020-04-25 18:30:00,412.6
2020-04-25 18:40:00,412.8
2020-04-25 18:50:00,412.4
2020-04-25 19:00:00,413.3
2020-04-25 19:10:00,413.0
2020-04-25 19:20:00,412.6
2020-04-25 19:30:00,413.5
2020-04-25 19:40:00,414.7
2020-04-25 19:50:00,413.6
2020-04-25 20:00:00,413.5
2020-04-25 20:10:00,414.4
2020-04-25 20:20:00,415.6
2020-04-25 20:30:00,419.9
2020-04-25 20:40:00,420.1
2020-04-25 20:50:00,422.1
2020-04-25 21:00:00,427.3
2020-04-25 21:10:00,426.3
2020-04-25 21:20:00,425.1
2020-04-25 21:30:00,426.5
2020-04-25 21:40:00,430.3
2020-04-25 21:50:00,430.3
2020-04-25 22:00:00,425.5
2020-04-25 22:10:00,424.6
2020-04-25 22:20:00,424.1
2020-04-25 22:30:00,423.9
2020-04-25 22:40:00,425.4
2020-04-25 22:50:00,425.8
2020-04-25 23:00:00,424.1
2020-04-25 23:10:00,425.9
2020-04-25 23:20:00,425.7
2020-04-25 23:30:00,431.6
2020-04-25 23:40:00,431.9
2020-04-25 23:50:00,431.7
2020-04-26 00:00:00,432.1
2020-04-26 00:10:00,434.2
2020-04-26 00:20:00,430.7
2020-04-26 00:30:00,427.8
2020-04-26 00:40:00,427.5
2020-04-26 00:50:00,431.7
2020-04-26 01:00:00,439.9
2020-04-26 01:10:00,442.9
2020-04-26 01:20:00,443.5
2020-04-26 01:30:00,444.4
2020-04-26 01:40:00,446.7
2020-04-26 01:50:00,446.7
2020-04-26 02:00:00,445.0
2020-04-26 02:10:00,446.3
2020-04-26 02:20:00,438.2
2020-04-26 02:30:00,439.1
2020-04-26 02:40:00,439.2
2020-04-26 02:50:00,444.0
2020-04-26 03:00:00,447.9
2020-04-26 03:10:00,452.6
2020-04-26 03:20:00,452.5
2020-04-26 03:30:00,448.3
2020-04-26 03:40:00,443.7
2020-04-26 03:50:00,441.5
2020-04-26 04:00:00,439.4
2020-04-26 04:10:00,441.6
2020-04-26 04:20:00,446.4
2020-04-26 04:30:00,453.0
2020-04-26 04:40:00,453.1
2020-04-26 04:50:00,455.0
2020-04-26 05:00:00,456.7
2020-04-26 05:10:00,454.9
2020-04-26 05:20:00,454.4
2020-04-26 05:30:00,446.9
2020-04-26 05:40:00,455.8
2020-04-26 05:50:00,452.1
2020-04-26 06:00:00,452.3
2020-04-26 06:10:00,456.4
2020-04-26 06:20:00,459.1
2020-04-26 06:30:00,460.5
2020-04-26 06:40:00,460.1
2020-04-26 06:50:00,457.4
2020-04-26 07:00:00,456.3
2020-04-26 07:10:00,453.4
2020-04-26 07:20:00,452.9
2020-04-26 07:30:00,451.3
2020-04-26 07:40:00,450.1
2020-04-26 07:50:00,450.0
2020-04-26 08:00:00,447.2
2020-04-26 08:10:00,448.0
2020-04-26 08:20:00,448.3
2020-04-26 08:30:00,444.0
2020-04-26 08:40:00,439.3
2020-04-26 08:50:00,435.1
2020-04-26 09:00:00,431.1
2020-04-26 09:10:00,428.4
2020-04-26 09:20:00,425.0
2020-04-26 09:30:00,420.0
2020-04-26 09:40:00,417.0
2020-04-26 09:50:00,414.4
2020-04-26 10:00:00,414.3
2020-04-26 10:10:00,413.6
2020-04-26 10:20:00,413.1
2020-04-26 10:30:00,413.0
2020-04-26 10:40:00,412.4
2020-04-26 10:50:00,412.5
2020-04-26 11:00:00,411.7
2020-04-26 11:10:00,411.5
2020-04-26 11:20:00,412.4
2020-04-26 11:30:00,412.5
2020-04-26 11:40:00,412.3
2020-04-26 11:50:00,412.4
2020-04-26 12:00:00,412.5
2020-04-26 12:10:00,412.2
2020-04-26 12:20:00,411.9
2020-04-26 12:30:00,412.1
2020-04-26 12:40:00,411.8
2020-04-26 12:50:00,411.8
2020-04-26 13:00:00,411.4
2020-04-26 13:10:00,412.2
2020-04-26 13:20:00,412.0
2020-04-26 13:30:00,411.6
2020-04-26 13:40:00,411.4
2020-04-26 13:50:00,411.4
2020-04-26 14:00:00,411.0
2020-04-26 14:10:00,411.0
2020-04-26 14:20:00,410.8
2020-04-26 14:30:00,410.6
2020-04-26 14:40:00,410.9
2020-04-26 14:50:00,410.8
2020-04-26 15:00:00,410.8
2020-04-26 15:10:00,410.9
2020-04-26 15:20:00,411.2
2020-04-26 15:30:00,410.5
2020-04-26 15:40:00,410.4
2020-04-26 15:50:00,409.8
2020-04-26 16:00:00,409.3
2020-04-26 16:10:00,409.4
2020-04-26 16:20:00,409.6
2020-04-26 16:30:00,410.3
2020-04-26 16:40:00,410.2
2020-04-26 16:50:00,410.2
2020-04-26 17:00:00,409.4
2020-04-26 17:10:00,409.2
2020-04-26 17:20:00,409.3
2020-04-26 17:30:00,409.6
2020-04-26 17:40:00,409.9
2020-04-26 17:50:00,409.0
2020-04-26 18:00:00,409.6
2020-04-26 18:10:00,409.3
2020-04-26 18:20:00,408.7
2020-04-26 18:30:00,408.6
2020-04-26 18:40:00,409.7
2020-04-26 18:50:00,409.5
2020-04-26 19:00:00,409.1
2020-04-26 19:10:00,409.0
2020-04-26 19:20:00,409.2
2020-04-26 19:30:00,409.0
2020-04-26 19:40:00,408.4
2020-04-26 19:50:00,409.5
2020-04-26 20:00:00,410.4
2020-04-26 20:10:00,412.3
2020-04-26 20:20:00,412.1
2020-04-26 20:30:00,412.7
2020-04-26 20:40:00,418.2
2020-04-26 20:50:00,417.5
2020-04-26 21:00:00,426.5
2020-04-26 21:10:00,424.5
2020-04-26 21:20:00,424.8
2020-04-26 21:30:00,424.6
2020-04-26 21:40:00,425.0
2020-04-26 21:50:00,426.7
2020-04-26 22:00:00,420.1
2020-04-26 22:10:00,420.9
2020-04-26 22:20:00,420.5
2020-04-26 22:30:00,421.0
2020-04-26 22:40:00,425.1
2020-04-26 22:50:00,423.1
2020-04-26 23:00:00,427.9
2020-04-26 23:10:00,428.3
2020-04-26 23:20:00,427.4
2020-04-26 23:30:00,428.7
2020-04-26 23:40:00,427.4
2020-04-26 23:50:00,427.0
2020-04-27 00:00:00,426.0
2020-04-27 00:10:00,429.8
2020-04-27 00:20:00,433.1
2020-04-27 00:30:00,437.6
2020-04-27 00:40:00,441.1
2020-04-27 00:50:00,443.0
2020-04-27 01:00:00,442.7
2020-04-27 01:10:00,439.2
2020-04-27 01:20:00,448.8
2020-04-27 01:30:00,450.0
2020-04-27 01:40:00,452.4
2020-04-27 01:50:00,451.7
2020-04-27 02:00:00,452.3
2020-04-27 02:10:00,443.6
2020-04-27 02:20:00,441.0
2020-04-27 02:30:00,445.8
2020-04-27 02:40:00,448.5
2020-04-27 02:50:00,451.4
2020-04-27 03:00:00,453.2
2020-04-27 03:10:00,452.7
2020-04-27 03:20:00,444.7
2020-04-27 03:30:00,441.1
2020-04-27 03:40:00,454.1
2020-04-27 03:50:00,459.9
2020-04-27 04:00:00,459.5
2020-04-27 04:10:00,463.0
2020-04-27 04:20:00,463.4
2020-04-27 04:30:00,463.6
2020-04-27 04:40:00,461.1
2020-04-27 04:50:00,459.0
2020-04-27 05:00:00,461.3
2020-04-27 05:10:00,457.6
2020-04-27 05:20:00,454.4
2020-04-27 05:30:00,456.5
2020-04-27 05:40:00,459.3
2020-04-27 05:50:00,458.4
2020-04-27 06:00:00,461.4
2020-04-27 06:10:00,464.8
2020-04-27 06:20:00,467.4
2020-04-27 06:30:00,469.1
2020-04-27 06:40:00,467.8
2020-04-27 06:50:00,465.1
2020-04-27 07:00:00,465.6
2020-04-27 07:10:00,462.0
2020-04-27 07:20:00,458.1
2020-04-27 07:30:00,455.9
2020-04-27 07:40:00,454.2
2020-04-27 07:50:00,451.5
2020-04-27 08:00:00,447.5
2020-04-27 08:10:00,445.3
2020-04-27 08:20:00,443.3
2020-04-27 08:30:00,441.2
2020-04-27 08:40:00,438.4
2020-04-27 08:50:00,435.1
2020-04-27 09:00:00,430.4
2020-04-27 09:10:00,426.6
2020-04-27 09:20:00,424.4
2020-04-27 09:30:00,421.9
2020-04-27 09:40:00,419.8
2020-04-27 09:50:00,417.7
2020-04-27 10:00:00,416.3
2020-04-27 10:10:00,412.2
2020-04-27 10:20:00,409.5
2020-04-27 10:30:00,408.5
2020-04-27 10:40:00,408.1
2020-04-27 10:50:00,407.8
2020-04-27 11:00:00,407.9
2020-04-27 11:10:00,408.1
2020-04-27 11:20:00,408.1
2020-04-27 11:30:00,408.0
2020-04-27 11:40:00,407.8
2020-04-27 11:50:00,408.1
2020-04-27 12:00:00,407.9
2020-04-27 12:10:00,407.7
2020-04-27 12:20:00,407.6
2020-04-27 12:30:00,407.3
2020-04-27 12:40:00,407.9
2020-04-27 12:50:00,408.1
2020-04-27 13:00:00,407.6
2020-04-27 13:10:00,407.8
2020-04-27 13:20:00,407.4
2020-04-27 13:30:00,407.8
2020-04-27 13:40:00,407.9
2020-04-27 13:50:00,407.5
2020-04-27 14:00:00,407.7
2020-04-27 14:10:00,407.8
2020-04-27 14:20:00,407.9
2020-04-27 14:30:00,408.1
2020-04-27 14:40:00,408.4
2020-04-27 14:50:00,409.0
2020-04-27 15:00:00,409.4
2020-04-27 15:10:00,409.3
2020-04-27 15:20:00,409.2
2020-04-27 15:30:00,409.0
2020-04-27 15:40:00,408.9
2020-04-27 15:50:00,408.9
2020-04-27 16:00:00,408.7
2020-04-27 16:10:00,408.7
2020-04-27 16:20:00,408.9
2020-04-27 16:30:00,408.9
2020-04-27 16:40:00,408.7
2020-04-27 16:50:00,408.7
2020-04-27 17:00:00,408.9
2020-04-27 17:10:00,408.9
2020-04-27 17:20:00,408.8
2020-04-27 17:30:00,408.7
2020-04-27 17:40:00,408.8
2020-04-27 17:50:00,409.1
2020-04-27 18:00:00,409.4
2020-04-27 18:10:00,409.5
2020-04-27 18:20:00,409.2
2020-04-27 18:30:00,409.1
2020-04-27 18:40:00,409.0
2020-04-27 18:50:00,409.5
2020-04-27 19:00:00,409.6
2020-04-27 19:10:00,409.0
2020-04-27 19:20:00,410.1
2020-04-27 19:30:00,411.9
2020-04-27 19:40:00,413.7
2020-04-27 19:50:00,413.7
2020-04-27 20:00:00,412.7
2020-04-27 20:10:00,413.9
2020-04-27 20:20:00,414.1
2020-04-27 20:30:00,416.2
2020-04-27 20:40:00,420.8
2020-04-27 20:50:00,421.0
2020-04-27 21:00:00,422.1
2020-04-27 21:10:00,423.9
2020-04-27 21:20:00,426.4
2020-04-27 21:30:00,426.3
2020-04-27 21:40:00,424.4
2020-04-27 21:50:00,432.9
2020-04-27 22:00:00,434.8
2020-04-27 22:10:00,430.1
2020-04-27 22:20:00,426.7
2020-04-27 22:30:00,426.8
2020-04-27 22:40:00,429.9
2020-04-27 22:50:00,430.8
2020-04-27 23:00:00,432.3
2020-04-27 23:10:00,433.2
2020-04-27 23:20:00,432.9
2020-04-27 23:30:00,435.3
2020-04-27 23:40:00,433.9
2020-04-27 23:50:00,435.2
2020-04-28 00:00:00,437.5
2020-04-28 00:10:00,443.2
2020-04-28 00:20:00,441.9
2020-04-28 00:30:00,444.1
2020-04-28 00:40:00,441.7
2020-04-28 00:50:00,440.9
2020-04-28 01:00:00,444.3
2020-04-28 01:10:00,449.9
2020-04-28 01:20:00,452.7
2020-04-28 01:30:00,451.3
2020-04-28 01:40:00,447.2
2020-04-28 01:50:00,445.8
2020-04-28 02:00:00,448.7
2020-04-28 02:10:00,458.9
2020-04-28 02:20:00,461.7
2020-04-28 02:30:00,458.0
2020-04-28 02:40:00,458.3
2020-04-28 02:50:00,450.4
2020-04-28 03:00:00,446.6
2020-04-28 03:10:00,442.9
2020-04-28 03:20:00,451.0
2020-04-28 03:30:00,455.8
2020-04-28 03:40:00,454.8
2020-04-28 03:50:00,453.5
2020-04-28 04:00:00,453.7
2020-04-28 04:10:00,458.4
2020-04-28 04:20:00,458.9
2020-04-28 04:30:00,467.5
2020-04-28 04:40:00,460.5
2020-04-28 04:50:00,465.9
2020-04-28 05:00:00,460.4
2020-04-28 05:10:00,457.3
2020-04-28 05:20:00,457.6
2020-04-28 05:30:00,456.4
2020-04-28 05:40:00,458.4
2020-04-28 05:50:00,466.7
2020-04-28 06:00:00,469.9
2020-04-28 06:10:00,468.3
2020-04-28 06:20:00,467.4
2020-04-28 06:30:00,468.7
2020-04-28 06:40:00,472.7
2020-04-28 06:50:00,471.4
2020-04-28 07:00:00,464.2
2020-04-28 07:10:00,463.5
2020-04-28 07:20:00,461.2
2020-04-28 07:30:00,461.1
2020-04-28 07:40:00,461.9
2020-04-28 07:50:00,463.9
2020-04-28 08:00:00,461.1
2020-04-28 08:10:00,459.8
2020-04-28 08:20:00,452.3
2020-04-28 08:30:00,446.4
2020-04-28 08:40:00,444.6
2020-04-28 08:50:00,439.9
2020-04-28 09:00:00,440.4
2020-04-28 09:10:00,433.2
2020-04-28 09:20:00,431.8
2020-04-28 09:30:00,428.8
2020-04-28 09:40:00,428.1
2020-04-28 09:50:00,424.7
2020-04-28 10:00:00,422.7
2020-04-28 10:10:00,419.0
2020-04-28 10:20:00,417.0
2020-04-28 10:30:00,416.1
2020-04-28 10:40:00,412.7
2020-04-28 10:50:00,412.1
2020-04-28 11:00:00,410.5
2020-04-28 11:10:00,408.5
2020-04-28 11:20:00,408.2
2020-04-28 11:30:00,407.8
2020-04-28 11:40:00,407.5
2020-04-28 11:50:00,407.8
2020-04-28 12:00:00,407.6
2020-04-28 12:10:00,407.0
2020-04-28 12:20:00,406.8
2020-04-28 12:30:00,406.5
2020-04-28 12:40:00,405.4
2020-04-28 12:50:00,405.7
2020-04-28 13:00:00,405.7
2020-04-28 13:10:00,405.8
2020-04-28 13:20:00,406.1
2020-04-28 13:30:00,406.3
2020-04-28 13:40:00,406.8
2020-04-28 13:50:00,407.4
2020-04-28 14:00:00,407.8
2020-04-28 14:10:00,407.7
2020-04-28 14:20:00,407.8
2020-04-28 14:30:00,408.5
2020-04-28 14:40:00,408.8
2020-04-28 14:50:00,408.7
2020-04-28 15:00:00,409.3
2020-04-28 15:10:00,409.0
2020-04-28 15:20:00,409.8
2020-04-28 15:30:00,409.9
2020-04-28 15:40:00,409.0
2020-04-28 15:50:00,409.1
2020-04-28 16:00:00,408.8
2020-04-28 16:10:00,409.1
2020-04-28 16:20:00,408.8
2020-04-28 16:30:00,409.0
2020-04-28 16:40:00,409.4
2020-04-28 16:50:00,410.0
2020-04-28 17:00:00,411.1
2020-04-28 17:10:00,411.6
2020-04-28 17:20:00,411.6
2020-04-28 17:30:00,413.1
2020-04-28 17:40:00,413.5
2020-04-28 17:50:00,413.8
2020-04-28 18:00:00,414.6
2020-04-28 18:10:00,414.7
2020-04-28 18:20:00,415.6
2020-04-28 18:30:00,416.5
2020-04-28 18:40:00,416.2
2020-04-28 18:50:00,416.9
2020-04-28 19:00:00,419.0
2020-04-28 19:10:00,420.5
2020-04-28 19:20:00,422.0
2020-04-28 19:30:00,421.6
2020-04-28 19:40:00,422.1
2020-04-28 19:50:00,422.0
2020-04-28 20:00:00,422.5
2020-04-28 20:10:00,423.5
2020-04-28 20:20:00,425.0
2020-04-28 20:30:00,424.9
2020-04-28 20:40:00,425.8
2020-04-28 20:50:00,426.7
2020-04-28 21:00:00,427.4
2020-04-28 21:10:00,426.4
2020-04-28 21:20:00,427.0
2020-04-28 21:30:00,423.7
2020-04-28 21:40:00,424.0
2020-04-28 21:50:00,426.7
2020-04-28 22:00:00,428.1
2020-04-28 22:10:00,429.4
2020-04-28 22:20:00,431.6
2020-04-28 22:30:00,430.3
2020-04-28 22:40:00,429.9
2020-04-28 22:50:00,429.3
2020-04-28 23:00:00,427.5
2020-04-28 23:10:00,426.5
2020-04-28 23:20:00,425.4
2020-04-28 23:30:00,424.6
2020-04-28 23:40:00,423.4
2020-04-28 23:50:00,423.2
2020-04-29 00:00:00,422.1
2020-04-29 00:10:00,423.1
2020-04-29 00:20:00,422.0
2020-04-29 00:30:00,422.2
2020-04-29 00:40:00,421.6
2020-04-29 00:50:00,421.6
2020-04-29 01:00:00,421.3
2020-04-29 01:10:00,421.2
2020-04-29 01:20:00,421.3
2020-04-29 01:30:00,421.9
2020-04-29 01:40:00,421.7
2020-04-29 01:50:00,421.6
2020-04-29 02:00:00,421.3
2020-04-29 02:10:00,421.0
2020-04-29 02:20:00,421.0
2020-04-29 02:30:00,421.3
2020-04-29 02:40:00,421.0
2020-04-29 02:50:00,420.6
2020-04-29 03:00:00,420.3
2020-04-29 03:10:00,421.3
2020-04-29 03:20:00,421.2
2020-04-29 03:30:00,421.7
2020-04-29 03:40:00,421.9
2020-04-29 03:50:00,422.4
2020-04-29 04:00:00,422.7
2020-04-29 04:10:00,422.7
2020-04-29 04:20:00,422.5
2020-04-29 04:30:00,422.1
2020-04-29 04:40:00,421.7
2020-04-29 04:50:00,421.6
2020-04-29 05:00:00,421.3
2020-04-29 05:10:00,421.3
2020-04-29 05:20:00,421.2
2020-04-29 05:30:00,421.4
2020-04-29 05:40:00,421.5
2020-04-29 05:50:00,421.2
2020-04-29 06:00:00,421.1
2020-04-29 06:10:00,420.6
2020-04-29 06:20:00,420.4
2020-04-29 06:30:00,419.6
2020-04-29 06:40:00,418.8
2020-04-29 06:50:00,418.2
2020-04-29 07:00:00,417.3
2020-04-29 07:10:00,417.0
2020-04-29 07:20:00,416.9
2020-04-29 07:30:00,416.3
2020-04-29 07:40:00,415.4
2020-04-29 07:50:00,414.1
2020-04-29 08:00:00,413.8
2020-04-29 08:10:00,413.6
2020-04-29 08:20:00,413.3
2020-04-29 08:30:00,413.7
2020-04-29 08:40:00,413.7
2020-04-29 08:50:00,413.4
2020-04-29 09:00:00,413.6
2020-04-29 09:10:00,413.1
2020-04-29 09:20:00,413.3
2020-04-29 09:30:00,412.0
2020-04-29 09:40:00,412.7
2020-04-29 09:50:00,412.9
2020-04-29 10:00:00,412.8
2020-04-29 10:10:00,412.6
2020-04-29 10:20:00,412.7
2020-04-29 10:30:00,412.6
2020-04-29 10:40:00,412.2
2020-04-29 10:50:00,412.1
2020-04-29 11:00:00,412.2
2020-04-29 11:10:00,412.1
2020-04-29 11:20:00,411.9
2020-04-29 11:30:00,410.9
2020-04-29 11:40:00,410.9
2020-04-29 11:50:00,410.4
2020-04-29 12:00:00,409.9
2020-04-29 12:10:00,410.4
2020-04-29 12:20:00,409.9
2020-04-29 12:30:00,410.4
2020-04-29 12:40:00,410.4
2020-04-29 12:50:00,410.3
2020-04-29 13:00:00,409.9
2020-04-29 13:10:00,409.8
2020-04-29 13:20:00,409.3
2020-04-29 13:30:00,409.7
2020-04-29 13:40:00,410.1
2020-04-29 13:50:00,410.5
2020-04-29 14:00:00,410.0
2020-04-29 14:10:00,410.4
2020-04-29 14:20:00,409.9
2020-04-29 14:30:00,409.7
2020-04-29 14:40:00,409.4
2020-04-29 14:50:00,409.4
2020-04-29 15:00:00,409.1
2020-04-29 15:10:00,409.3
2020-04-29 15:20:00,409.7
2020-04-29 15:30:00,409.8
2020-04-29 15:40:00,409.7
2020-04-29 15:50:00,409.9
2020-04-29 16:00:00,409.7
2020-04-29 16:10:00,409.1
2020-04-29 16:20:00,408.9
2020-04-29 16:30:00,409.1
2020-04-29 16:40:00,409.4
2020-04-29 16:50:00,409.5
2020-04-29 17:00:00,409.7
2020-04-29 17:10:00,410.7
2020-04-29 17:20:00,411.0
2020-04-29 17:30:00,410.4
2020-04-29 17:40:00,410.0
2020-04-29 17:50:00,410.2
2020-04-29 18:00:00,410.2
2020-04-29 18:10:00,410.2
2020-04-29 18:20:00,410.2
2020-04-29 18:30:00,410.7
2020-04-29 18:40:00,410.7
2020-04-29 18:50:00,411.1
2020-04-29 19:00:00,411.5
2020-04-29 19:10:00,411.8
2020-04-29 19:20:00,411.8
2020-04-29 19:30:00,412.1
2020-04-29 19:40:00,412.4
2020-04-29 19:50:00,412.9
2020-04-29 20:00:00,413.6
2020-04-29 20:10:00,414.5
2020-04-29 20:20:00,414.6
2020-04-29 20:30:00,414.6
2020-04-29 20:40:00,414.4
2020-04-29 20:50:00,414.6
2020-04-29 21:00:00,415.2
2020-04-29 21:10:00,416.8
2020-04-29 21:20:00,417.9
2020-04-29 21:30:00,426.5
2020-04-29 21:40:00,426.6
2020-04-29 21:50:00,422.0
2020-04-29 22:00:00,421.5
2020-04-29 22:10:00,422.7
2020-04-29 22:20:00,424.6
2020-04-29 22:30:00,424.3
2020-04-29 22:40:00,423.5
2020-04-29 22:50:00,423.9
2020-04-29 23:00:00,423.8
2020-04-29 23:10:00,423.2
2020-04-29 23:20:00,422.0
2020-04-29 23:30:00,423.1
2020-04-29 23:40:00,424.0
2020-04-29 23:50:00,427.3
2020-04-30 00:00:00,428.1
2020-04-30 00:10:00,423.3
2020-04-30 00:20:00,425.5
2020-04-30 00:30:00,431.0
2020-04-30 00:40:00,431.0
2020-04-30 00:50:00,437.8
2020-04-30 01:00:00,439.4
2020-04-30 01:10:00,439.8
2020-04-30 01:20:00,440.5
2020-04-30 01:30:00,442.2
2020-04-30 01:40:00,440.5
2020-04-30 01:50:00,441.9
2020-04-30 02:00:00,439.6
2020-04-30 02:10:00,442.9
2020-04-30 02:20:00,444.7
2020-04-30 02:30:00,443.4
2020-04-30 02:40:00,443.5
2020-04-30 02:50:00,451.1
2020-04-30 03:00:00,448.7
2020-04-30 03:10:00,441.8
2020-04-30 03:20:00,442.2
2020-04-30 03:30:00,437.7
2020-04-30 03:40:00,433.3
2020-04-30 03:50:00,432.1
2020-04-30 04:00:00,426.4
2020-04-30 04:10:00,426.1
2020-04-30 04:20:00,426.6
2020-04-30 04:30:00,426.3
2020-04-30 04:40:00,426.0
2020-04-30 04:50:00,427.6
2020-04-30 05:00:00,427.1
2020-04-30 05:10:00,427.9
2020-04-30 05:20:00,428.2
2020-04-30 05:30:00,428.7
2020-04-30 05:40:00,430.1
2020-04-30 05:50:00,429.2
2020-04-30 06:00:00,429.1
2020-04-30 06:10:00,428.2
2020-04-30 06:20:00,426.9
2020-04-30 06:30:00,425.3
2020-04-30 06:40:00,424.1
2020-04-30 06:50:00,423.4
2020-04-30 07:00:00,423.1
2020-04-30 07:10:00,422.9
2020-04-30 07:20:00,422.7
2020-04-30 07:30:00,422.3
2020-04-30 07:40:00,421.9
2020-04-30 07:50:00,421.6
2020-04-30 08:00:00,420.8
2020-04-30 08:10:00,420.3
2020-04-30 08:20:00,419.3
2020-04-30 08:30:00,418.5
2020-04-30 08:40:00,417.6
2020-04-30 08:50:00,416.3
2020-04-30 09:00:00,415.5
2020-04-30 09:10:00,415.2
2020-04-30 09:20:00,414.7
2020-04-30 09:30:00,414.5
2020-04-30 09:40:00,414.3
2020-04-30 09:50:00,413.9
2020-04-30 10:00:00,413.3
2020-04-30 10:10:00,412.8
2020-04-30 10:20:00,412.3
2020-04-30 10:30:00,413.1
2020-04-30 10:40:00,413.3
2020-04-30 10:50:00,413.8
2020-04-30 11:00:00,414.2
2020-04-30 11:10:00,415.3
2020-04-30 11:20:00,415.7
2020-04-30 11:30:00,415.8
2020-04-30 11:40:00,416.7
2020-04-30 11:50:00,417.0
2020-04-30 12:00:00,417.1
2020-04-30 12:10:00,417.5
2020-04-30 12:20:00,417.2
2020-04-30 12:30:00,416.5
2020-04-30 12:40:00,416.3
2020-04-30 12:50:00,416.7
2020-04-30 13:00:00,416.1
2020-04-30 13:10:00,415.9
2020-04-30 13:20:00,415.5
2020-04-30 13:30:00,415.5
2020-04-30 13:40:00,415.1
2020-04-30 13:50:00,415.2
2020-04-30 14:00:00,414.7
2020-04-30 14:10:00,415.0
2020-04-30 14:20:00,414.7
2020-04-30 14:30:00,415.3
2020-04-30 14:40:00,414.9
2020-04-30 14:50:00,414.5
2020-04-30 15:00:00,414.1
2020-04-30 15:10:00,414.2
2020-04-30 15:20:00,414.0
2020-04-30 15:30:00,413.5
2020-04-30 15:40:00,413.5
2020-04-30 15:50:00,414.5
2020-04-30 16:00:00,413.9
2020-04-30 16:10:00,414.2
2020-04-30 16:20:00,414.1
2020-04-30 16:30:00,413.6
2020-04-30 16:40:00,412.9
2020-04-30 16:50:00,412.1
2020-04-30 17:00:00,412.2
2020-04-30 17:10:00,412.1
2020-04-30 17:20:00,413.2
2020-04-30 17:30:00,413.4
2020-04-30 17:40:00,413.8
2020-04-30 17:50:00,414.4
2020-04-30 18:00:00,416.5
2020-04-30 18:10:00,417.3
2020-04-30 18:20:00,417.7
2020-04-30 18:30:00,418.9
2020-04-30 18:40:00,418.5
2020-04-30 18:50:00,418.9
2020-04-30 19:00:00,419.1
2020-04-30 19:10:00,419.0
2020-04-30 19:20:00,419.4
2020-04-30 19:30:00,419.1
2020-04-30 19:40:00,419.4
2020-04-30 19:50:00,419.2
2020-04-30 20:00:00,419.3
2020-04-30 20:10:00,419.1
2020-04-30 20:20:00,419.4
2020-04-30 20:30:00,420.0
2020-04-30 20:40:00,419.7
2020-04-30 20:50:00,421.7
2020-04-30 21:00:00,423.2
2020-04-30 21:10:00,424.0
2020-04-30 21:20:00,423.7
2020-04-30 21:30:00,424.4
2020-04-30 21:40:00,425.1
2020-04-30 21:50:00,424.1
2020-04-30 22:00:00,422.3
2020-04-30 22:10:00,420.0
2020-04-30 22:20:00,419.5
2020-04-30 22:30:00,419.1
2020-04-30 22:40:00,418.8
2020-04-30 22:50:00,419.1
2020-04-30 23:00:00,419.6
2020-04-30 23:10:00,420.2
2020-04-30 23:20:00,420.6
2020-04-30 23:30:00,420.4
2020-04-30 23:40:00,420.1
2020-04-30 23:50:00,419.3
2020-05-01 00:00:00,419.2
2020-05-01 00:10:00,419.8
2020-05-01 00:20:00,419.2
2020-05-01 00:30:00,418.9
2020-05-01 00:40:00,418.8
2020-05-01 00:50:00,419.1
2020-05-01 01:00:00,419.6
2020-05-01 01:10:00,419.9
2020-05-01 01:20:00,420.3
2020-05-01 01:30:00,420.4
2020-05-01 01:40:00,420.4
2020-05-01 01:50:00,420.8
2020-05-01 02:00:00,421.5
2020-05-01 02:10:00,422.8
2020-05-01 02:20:00,422.9
2020-05-01 02:30:00,423.7
2020-05-01 02:40:00,424.6
2020-05-01 02:50:00,424.9
2020-05-01 03:00:00,424.0
2020-05-01 03:10:00,422.5
2020-05-01 03:20:00,422.9
2020-05-01 03:30:00,422.5
2020-05-01 03:40:00,422.9
2020-05-01 03:50:00,424.0
2020-05-01 04:00:00,425.4
2020-05-01 04:10:00,426.0
2020-05-01 04:20:00,424.9
2020-05-01 04:30:00,424.2
2020-05-01 04:40:00,424.1
2020-05-01 04:50:00,423.5
2020-05-01 05:00:00,423.1
2020-05-01 05:10:00,424.0
2020-05-01 05:20:00,424.4
2020-05-01 05:30:00,424.1
2020-05-01 05:40:00,423.4
2020-05-01 05:50:00,423.1
2020-05-01 06:00:00,422.4
2020-05-01 06:10:00,421.4
2020-05-01 06:20:00,420.7
2020-05-01 06:30:00,419.9
2020-05-01 06:40:00,419.5
2020-05-01 06:50:00,419.1
2020-05-01 07:00:00,418.6
2020-05-01 07:10:00,417.9
2020-05-01 07:20:00,417.5
2020-05-01 07:30:00,417.0
2020-05-01 07:40:00,416.5
2020-05-01 07:50:00,416.0
2020-05-01 08:00:00,416.0
2020-05-01 08:10:00,415.9
2020-05-01 08:20:00,415.4
2020-05-01 08:30:00,415.4
2020-05-01 08:40:00,415.3
2020-05-01 08:50:00,415.7
2020-05-01 09:00:00,416.2
2020-05-01 09:10:00,416.6
2020-05-01 09:20:00,416.2
2020-05-01 09:30:00,416.1
2020-05-01 09:40:00,415.8
2020-05-01 09:50:00,416.3
2020-05-01 10:00:00,416.8
2020-05-01 10:10:00,416.4
2020-05-01 10:20:00,416.4
2020-05-01 10:30:00,416.8
2020-05-01 10:40:00,416.6
2020-05-01 10:50:00,415.9
2020-05-01 11:00:00,416.1
2020-05-01 11:10:00,416.2
2020-05-01 11:20:00,416.3
2020-05-01 11:30:00,416.4
2020-05-01 11:40:00,416.3
2020-05-01 11:50:00,415.7
2020-05-01 12:00:00,415.2
2020-05-01 12:10:00,415.1
2020-05-01 12:20:00,414.5
2020-05-01 12:30:00,414.3
2020-05-01 12:40:00,414.6
2020-05-01 12:50:00,414.5
2020-05-01 13:00:00,416.2
2020-05-01 13:10:00,417.2
2020-05-01 13:20:00,417.8
2020-05-01 13:30:00,418.0
2020-05-01 13:40:00,418.1
2020-05-01 13:50:00,417.9
2020-05-01 14:00:00,416.4
2020-05-01 14:10:00,416.1
2020-05-01 14:20:00,415.3
2020-05-01 14:30:00,415.1
2020-05-01 14:40:00,414.6
2020-05-01 14:50:00,414.0
2020-05-01 15:00:00,413.6
2020-05-01 15:10:00,413.7
2020-05-01 15:20:00,414.1
2020-05-01 15:30:00,413.8
2020-05-01 15:40:00,413.8
2020-05-01 15:50:00,413.7
2020-05-01 16:00:00,414.5
2020-05-01 16:10:00,414.6
2020-05-01 16:20:00,414.2
2020-05-01 16:30:00,415.0
2020-05-01 16:40:00,415.5
2020-05-01 16:50:00,415.1
2020-05-01 17:00:00,414.6
2020-05-01 17:10:00,414.5
2020-05-01 17:20:00,414.5
2020-05-01 17:30:00,414.2
2020-05-01 17:40:00,414.3
2020-05-01 17:50:00,414.4
2020-05-01 18:00:00,414.5
2020-05-01 18:10:00,414.6
2020-05-01 18:20:00,414.6
2020-05-01 18:30:00,414.6
2020-05-01 18:40:00,415.0
2020-05-01 18:50:00,415.1
2020-05-01 19:00:00,415.2
2020-05-01 19:10:00,415.5
2020-05-01 19:20:00,416.0
2020-05-01 19:30:00,416.4
2020-05-01 19:40:00,416.8
2020-05-01 19:50:00,417.2
2020-05-01 20:00:00,418.8
2020-05-01 20:10:00,419.6
2020-05-01 20:20:00,419.8
2020-05-01 20:30:00,419.4
2020-05-01 20:40:00,419.5
2020-05-01 20:50:00,422.0
2020-05-01 21:00:00,420.9
2020-05-01 21:10:00,423.4
2020-05-01 21:20:00,422.9
2020-05-01 21:30:00,423.3
2020-05-01 21:40:00,421.2
2020-05-01 21:50:00,420.7
2020-05-01 22:00:00,420.2
2020-05-01 22:10:00,418.1
2020-05-01 22:20:00,419.1
2020-05-01 22:30:00,420.2
2020-05-01 22:40:00,422.8
2020-05-01 22:50:00,423.2
2020-05-01 23:00:00,424.9
2020-05-01 23:10:00,423.6
2020-05-01 23:20:00,424.0
2020-05-01 23:30:00,424.6
2020-05-01 23:40:00,422.3
2020-05-01 23:50:00,422.9
2020-05-02 00:00:00,423.3
2020-05-02 00:10:00,422.8
2020-05-02 00:20:00,422.3
2020-05-02 00:30:00,421.0
2020-05-02 00:40:00,422.0
2020-05-02 00:50:00,423.0
2020-05-02 01:00:00,423.9
2020-05-02 01:10:00,425.1
2020-05-02 01:20:00,424.2
2020-05-02 01:30:00,423.7
2020-05-02 01:40:00,424.8
2020-05-02 01:50:00,423.7
2020-05-02 02:00:00,423.6
2020-05-02 02:10:00,425.3
2020-05-02 02:20:00,426.3
2020-05-02 02:30:00,426.6
2020-05-02 02:40:00,425.1
2020-05-02 02:50:00,425.5
2020-05-02 03:00:00,425.3
2020-05-02 03:10:00,425.3
2020-05-02 03:20:00,426.5
2020-05-02 03:30:00,427.1
2020-05-02 03:40:00,424.9
2020-05-02 03:50:00,424.8
2020-05-02 04:00:00,424.9
2020-05-02 04:10:00,424.4
2020-05-02 04:20:00,424.9
2020-05-02 04:30:00,425.2
2020-05-02 04:40:00,426.9
2020-05-02 04:50:00,428.7
2020-05-02 05:00:00,426.7
2020-05-02 05:10:00,427.7
2020-05-02 05:20:00,430.0
2020-05-02 05:30:00,426.0
2020-05-02 05:40:00,426.1
2020-05-02 05:50:00,426.4
2020-05-02 06:00:00,426.1
2020-05-02 06:10:00,425.0
2020-05-02 06:20:00,424.9
2020-05-02 06:30:00,424.8
2020-05-02 06:40:00,425.2
2020-05-02 06:50:00,427.3
2020-05-02 07:00:00,429.3
2020-05-02 07:10:00,427.7
2020-05-02 07:20:00,421.2
2020-05-02 07:30:00,420.5
2020-05-02 07:40:00,419.9
2020-05-02 07:50:00,419.6
2020-05-02 08:00:00,418.8
2020-05-02 08:10:00,418.2
2020-05-02 08:20:00,417.6
2020-05-02 08:30:00,418.0
2020-05-02 08:40:00,417.4
2020-05-02 08:50:00,417.5
2020-05-02 09:00:00,418.2
2020-05-02 09:10:00,417.3
2020-05-02 09:20:00,415.9
2020-05-02 09:30:00,416.1
2020-05-02 09:40:00,416.8
2020-05-02 09:50:00,416.1
2020-05-02 10:00:00,415.3
2020-05-02 10:10:00,414.7
2020-05-02 10:20:00,415.2
2020-05-02 10:30:00,414.9
2020-05-02 10:40:00,414.3
2020-05-02 10:50:00,413.9
2020-05-02 11:00:00,414.7
2020-05-02 11:10:00,414.2
2020-05-02 11:20:00,414.0
2020-05-02 11:30:00,414.2
2020-05-02 11:40:00,413.8
2020-05-02 11:50:00,413.5
2020-05-02 12:00:00,412.8
2020-05-02 12:10:00,413.1
2020-05-02 12:20:00,413.6
2020-05-02 12:30:00,413.7
2020-05-02 12:40:00,414.9
2020-05-02 12:50:00,414.3
2020-05-02 13:00:00,413.6
2020-05-02 13:10:00,413.4
2020-05-02 13:20:00,412.9
2020-05-02 13:30:00,412.9
2020-05-02 13:40:00,413.5
2020-05-02 13:50:00,413.2
2020-05-02 14:00:00,413.1
2020-05-02 14:10:00,412.8
2020-05-02 14:20:00,412.8
2020-05-02 14:30:00,412.8
2020-05-02 14:40:00,413.5
2020-05-02 14:50:00,413.7
2020-05-02 15:00:00,412.9
2020-05-02 15:10:00,411.6
2020-05-02 15:20:00,411.7
2020-05-02 15:30:00,411.8
2020-05-02 15:40:00,412.1
2020-05-02 15:50:00,414.3
2020-05-02 16:00:00,415.1
2020-05-02 16:10:00,414.8
2020-05-02 16:20:00,414.5
2020-05-02 16:30:00,414.5
2020-05-02 16:40:00,414.3
2020-05-02 16:50:00,413.5
2020-05-02 17:00:00,412.7
2020-05-02 17:10:00,412.4
2020-05-02 17:20:00,412.5
2020-05-02 17:30:00,412.4
2020-05-02 17:40:00,412.3
2020-05-02 17:50:00,412.9
2020-05-02 18:00:00,412.9
2020-05-02 18:10:00,412.6
2020-05-02 18:20:00,412.5
2020-05-02 18:30:00,412.7
2020-05-02 18:40:00,413.4
2020-05-02 18:50:00,414.0
2020-05-02 19:00:00,414.0
2020-05-02 19:10:00,414.4
2020-05-02 19:20:00,414.9
2020-05-02 19:30:00,415.0
2020-05-02 19:40:00,415.4
2020-05-02 19:50:00,415.5
2020-05-02 20:00:00,415.7
2020-05-02 20:10:00,416.3
2020-05-02 20:20:00,416.8
2020-05-02 20:30:00,416.9
2020-05-02 20:40:00,417.1
2020-05-02 20:50:00,416.7
2020-05-02 21:00:00,416.6
2020-05-02 21:10:00,417.0
2020-05-02 21:20:00,417.0
2020-05-02 21:30:00,417.2
2020-05-02 21:40:00,417.6
2020-05-02 21:50:00,418.0
2020-05-02 22:00:00,418.1
2020-05-02 22:10:00,418.2
2020-05-02 22:20:00,418.2
2020-05-02 22:30:00,418.8
2020-05-02 22:40:00,418.9
2020-05-02 22:50:00,419.1
2020-05-02 23:00:00,419.3
2020-05-02 23:10:00,419.5
2020-05-02 23:20:00,419.8
2020-05-02 23:30:00,419.9
2020-05-02 23:40:00,420.1
2020-05-02 23:50:00,420.5
2020-05-03 00:00:00,420.9
2020-05-03 00:10:00,422.0
2020-05-03 00:20:00,421.5
2020-05-03 00:30:00,421.7
2020-05-03 00:40:00,422.1
2020-05-03 00:50:00,422.6
2020-05-03 01:00:00,422.4
2020-05-03 01:10:00,422.2
2020-05-03 01:20:00,422.3
2020-05-03 01:30:00,422.4
2020-05-03 01:40:00,422.4
2020-05-03 01:50:00,422.9
2020-05-03 02:00:00,423.3
2020-05-03 02:10:00,423.3
2020-05-03 02:20:00,423.3
2020-05-03 02:30:00,423.3
2020-05-03 02:40:00,423.0
2020-05-03 02:50:00,422.9
2020-05-03 03:00:00,422.8
2020-05-03 03:10:00,423.2
2020-05-03 03:20:00,423.6
2020-05-03 03:30:00,423.7
2020-05-03 03:40:00,423.6
2020-05-03 03:50:00,423.6
2020-05-03 04:00:00,423.6
2020-05-03 04:10:00,423.6
2020-05-03 04:20:00,423.6
2020-05-03 04:30:00,423.6
2020-05-03 04:40:00,423.6
2020-05-03 04:50:00,423.8
2020-05-03 05:00:00,423.9
2020-05-03 05:10:00,424.0
2020-05-03 05:20:00,424.2
2020-05-03 05:30:00,424.5
2020-05-03 05:40:00,424.3
2020-05-03 05:50:00,424.3
2020-05-03 06:00:00,424.0
2020-05-03 06:10:00,423.8
2020-05-03 06:20:00,423.7
2020-05-03 06:30:00,423.3
2020-05-03 06:40:00,422.9
2020-05-03 06:50:00,422.8
2020-05-03 07:00:00,421.6
2020-05-03 07:10:00,420.8
2020-05-03 07:20:00,420.2
2020-05-03 07:30:00,419.4
2020-05-03 07:40:00,418.6
2020-05-03 07:50:00,418.1
2020-05-03 08:00:00,418.3
2020-05-03 08:10:00,417.7
2020-05-03 08:20:00,417.2
2020-05-03 08:30:00,416.5
2020-05-03 08:40:00,416.4
2020-05-03 08:50:00,416.0
2020-05-03 09:00:00,415.6
2020-05-03 09:10:00,415.6
2020-05-03 09:20:00,415.3
2020-05-03 09:30:00,414.5
2020-05-03 09:40:00,414.3
2020-05-03 09:50:00,414.4
2020-05-03 10:00:00,413.9
2020-05-03 10:10:00,413.7
2020-05-03 10:20:00,412.9
2020-05-03 10:30:00,413.1
2020-05-03 10:40:00,412.7
2020-05-03 10:50:00,413.0
2020-05-03 11:00:00,412.2
2020-05-03 11:10:00,412.3
2020-05-03 11:20:00,412.8
2020-05-03 11:30:00,412.8
2020-05-03 11:40:00,412.6
2020-05-03 11:50:00,412.2
2020-05-03 12:00:00,412.1
2020-05-03 12:10:00,412.4
2020-05-03 12:20:00,412.5
2020-05-03 12:30:00,412.4
2020-05-03 12:40:00,413.0
2020-05-03 12:50:00,412.3
2020-05-03 13:00:00,412.1
2020-05-03 13:10:00,412.6
2020-05-03 13:20:00,412.8
2020-05-03 13:30:00,412.9
2020-05-03 13:40:00,413.3
2020-05-03 13:50:00,413.3
2020-05-03 14:00:00,413.0
2020-05-03 14:10:00,412.8
2020-05-03 14:20:00,412.4
2020-05-03 14:30:00,412.0
2020-05-03 14:40:00,411.7
2020-05-03 14:50:00,411.2
2020-05-03 15:00:00,411.0
2020-05-03 15:10:00,411.2
2020-05-03 15:20:00,411.1
2020-05-03 15:30:00,411.1
2020-05-03 15:40:00,411.1
2020-05-03 15:50:00,410.6
2020-05-03 16:00:00,410.6
2020-05-03 16:10:00,409.4
2020-05-03 16:20:00,410.1
2020-05-03 16:30:00,410.5
2020-05-03 16:40:00,410.4
2020-05-03 16:50:00,410.9
2020-05-03 17:00:00,410.8
2020-05-03 17:10:00,410.9
2020-05-03 17:20:00,410.4
2020-05-03 17:30:00,410.1
2020-05-03 17:40:00,411.0
2020-05-03 17:50:00,410.9
2020-05-03 18:00:00,411.8
2020-05-03 18:10:00,412.1
2020-05-03 18:20:00,411.8
2020-05-03 18:30:00,411.6
2020-05-03 18:40:00,411.2
2020-05-03 18:50:00,411.2
2020-05-03 19:00:00,411.4
2020-05-03 19:10:00,411.2
2020-05-03 19:20:00,411.3
2020-05-03 19:30:00,411.8
2020-05-03 19:40:00,412.5
2020-05-03 19:50:00,412.6
2020-05-03 20:00:00,413.2
2020-05-03 20:10:00,413.5
2020-05-03 20:20:00,413.5
2020-05-03 20:30:00,422.0
2020-05-03 20:40:00,421.1
2020-05-03 20:50:00,421.0
2020-05-03 21:00:00,420.5
2020-05-03 21:10:00,417.5
2020-05-03 21:20:00,426.2
2020-05-03 21:30:00,435.2
2020-05-03 21:40:00,424.0
2020-05-03 21:50:00,422.8
2020-05-03 22:00:00,423.4
2020-05-03 22:10:00,423.2
2020-05-03 22:20:00,428.3
2020-05-03 22:30:00,430.9
2020-05-03 22:40:00,428.8
2020-05-03 22:50:00,432.1
2020-05-03 23:00:00,432.2
2020-05-03 23:10:00,427.8
2020-05-03 23:20:00,426.9
2020-05-03 23:30:00,428.5
2020-05-03 23:40:00,429.0
2020-05-03 23:50:00,432.4
2020-05-04 00:00:00,434.6
2020-05-04 00:10:00,439.0
2020-05-04 00:20:00,438.1
2020-05-04 00:30:00,437.0
2020-05-04 00:40:00,440.3
2020-05-04 00:50:00,443.6
2020-05-04 01:00:00,442.7
2020-05-04 01:10:00,444.9
2020-05-04 01:20:00,450.9
2020-05-04 01:30:00,452.2
2020-05-04 01:40:00,453.2
2020-05-04 01:50:00,458.7
2020-05-04 02:00:00,459.2
2020-05-04 02:10:00,458.6
2020-05-04 02:20:00,461.1
2020-05-04 02:30:00,458.1
2020-05-04 02:40:00,457.5
2020-05-04 02:50:00,462.1
2020-05-04 03:00:00,464.5
2020-05-04 03:10:00,462.2
2020-05-04 03:20:00,466.9
2020-05-04 03:30:00,466.6
2020-05-04 03:40:00,465.4
2020-05-04 03:50:00,463.5
2020-05-04 04:00:00,464.1
2020-05-04 04:10:00,463.6
2020-05-04 04:20:00,463.5
2020-05-04 04:30:00,461.7
2020-05-04 04:40:00,463.0
2020-05-04 04:50:00,462.3
2020-05-04 05:00:00,462.9
2020-05-04 05:10:00,462.2
2020-05-04 05:20:00,463.0
2020-05-04 05:30:00,464.1
2020-05-04 05:40:00,462.9
2020-05-04 05:50:00,461.5
2020-05-04 06:00:00,461.1
2020-05-04 06:10:00,461.9
2020-05-04 06:20:00,464.1
2020-05-04 06:30:00,466.4
2020-05-04 06:40:00,468.2
2020-05-04 06:50:00,471.4
2020-05-04 07:00:00,472.3
2020-05-04 07:10:00,472.5
2020-05-04 07:20:00,473.6
2020-05-04 07:30:00,470.7
2020-05-04 07:40:00,468.3
2020-05-04 07:50:00,470.0
2020-05-04 08:00:00,471.1
2020-05-04 08:10:00,467.0
2020-05-04 08:20:00,460.4
2020-05-04 08:30:00,454.0
2020-05-04 08:40:00,455.1
2020-05-04 08:50:00,453.6
2020-05-04 09:00:00,451.5
2020-05-04 09:10:00,453.6
2020-05-04 09:20:00,451.3
2020-05-04 09:30:00,442.8
2020-05-04 09:40:00,437.6
2020-05-04 09:50:00,435.6
2020-05-04 10:00:00,438.2
2020-05-04 10:10:00,434.7
2020-05-04 10:20:00,432.5
2020-05-04 10:30:00,432.1
2020-05-04 10:40:00,430.7
2020-05-04 10:50:00,427.9
2020-05-04 11:00:00,426.3
2020-05-04 11:10:00,424.1
2020-05-04 11:20:00,424.7
2020-05-04 11:30:00,423.4
2020-05-04 11:40:00,422.7
2020-05-04 11:50:00,422.4
2020-05-04 12:00:00,423.1
2020-05-04 12:10:00,423.0
2020-05-04 12:20:00,421.2
2020-05-04 12:30:00,418.6
2020-05-04 12:40:00,416.2
2020-05-04 12:50:00,414.1
2020-05-04 13:00:00,413.1
2020-05-04 13:10:00,413.3
2020-05-04 13:20:00,413.3
2020-05-04 13:30:00,412.7
2020-05-04 13:40:00,413.4
2020-05-04 13:50:00,414.1
2020-05-04 14:00:00,413.6
2020-05-04 14:10:00,414.5
2020-05-04 14:20:00,415.4
2020-05-04 14:30:00,415.5
2020-05-04 14:40:00,415.6
2020-05-04 14:50:00,415.7
2020-05-04 15:00:00,415.1
2020-05-04 15:10:00,414.9
2020-05-04 15:20:00,414.2
2020-05-04 15:30:00,413.8
2020-05-04 15:40:00,413.5
2020-05-04 15:50:00,413.3
2020-05-04 16:00:00,412.7
2020-05-04 16:10:00,412.2
2020-05-04 16:20:00,411.2
2020-05-04 16:30:00,410.6
2020-05-04 16:40:00,410.8
2020-05-04 16:50:00,412.7
2020-05-04 17:00:00,416.5
2020-05-04 17:10:00,419.5
2020-05-04 17:20:00,420.6
2020-05-04 17:30:00,420.4
2020-05-04 17:40:00,420.5
2020-05-04 17:50:00,420.9
2020-05-04 18:00:00,420.5
2020-05-04 18:10:00,420.7
2020-05-04 18:20:00,421.2
2020-05-04 18:30:00,421.2
2020-05-04 18:40:00,421.3
2020-05-04 18:50:00,421.3
2020-05-04 19:00:00,421.6
2020-05-04 19:10:00,422.4
2020-05-04 19:20:00,421.5
2020-05-04 19:30:00,421.6
2020-05-04 19:40:00,422.2
2020-05-04 19:50:00,422.1
2020-05-04 20:00:00,420.9
2020-05-04 20:10:00,420.7
2020-05-04 20:20:00,419.6
2020-05-04 20:30:00,418.7
2020-05-04 20:40:00,419.0
2020-05-04 20:50:00,422.8
2020-05-04 21:00:00,427.2
2020-05-04 21:10:00,428.4
2020-05-04 21:20:00,424.4
2020-05-04 21:30:00,423.5
2020-05-04 21:40:00,424.8
2020-05-04 21:50:00,424.5
2020-05-04 22:00:00,424.4
2020-05-04 22:10:00,424.7
2020-05-04 22:20:00,426.2
2020-05-04 22:30:00,427.9
2020-05-04 22:40:00,427.9
2020-05-04 22:50:00,429.5
2020-05-04 23:00:00,430.3
2020-05-04 23:10:00,429.4
2020-05-04 23:20:00,428.3
2020-05-04 23:30:00,429.8
2020-05-04 23:40:00,435.4
2020-05-04 23:50:00,435.1
2020-05-05 00:00:00,429.2
2020-05-05 00:10:00,430.3
2020-05-05 00:20:00,429.1
2020-05-05 00:30:00,431.2
2020-05-05 00:40:00,432.0
2020-05-05 00:50:00,432.8
2020-05-05 01:00:00,432.0
2020-05-05 01:10:00,434.8
2020-05-05 01:20:00,436.0
2020-05-05 01:30:00,441.9
2020-05-05 01:40:00,450.1
2020-05-05 01:50:00,452.5
2020-05-05 02:00:00,456.4
2020-05-05 02:10:00,461.1
2020-05-05 02:20:00,459.3
2020-05-05 02:30:00,461.8
2020-05-05 02:40:00,458.5
2020-05-05 02:50:00,458.8
2020-05-05 03:00:00,458.5
2020-05-05 03:10:00,460.0
2020-05-05 03:20:00,459.7
2020-05-05 03:30:00,457.6
2020-05-05 03:40:00,460.6
2020-05-05 03:50:00,458.0
2020-05-05 04:00:00,457.7
2020-05-05 04:10:00,458.5
2020-05-05 04:20:00,461.3
2020-05-05 04:30:00,459.8
2020-05-05 04:40:00,460.6
2020-05-05 04:50:00,461.2
2020-05-05 05:00:00,459.0
2020-05-05 05:10:00,458.0
2020-05-05 05:20:00,457.7
2020-05-05 05:30:00,457.8
2020-05-05 05:40:00,459.0
2020-05-05 05:50:00,460.3
2020-05-05 06:00:00,460.1
2020-05-05 06:10:00,460.9
2020-05-05 06:20:00,458.9
2020-05-05 06:30:00,456.7
2020-05-05 06:40:00,456.4
2020-05-05 06:50:00,453.9
2020-05-05 07:00:00,453.8
2020-05-05 07:10:00,453.8
2020-05-05 07:20:00,454.4
2020-05-05 07:30:00,453.5
2020-05-05 07:40:00,452.9
2020-05-05 07:50:00,448.7
2020-05-05 08:00:00,445.2
2020-05-05 08:10:00,442.8
2020-05-05 08:20:00,440.4
2020-05-05 08:30:00,435.3
2020-05-05 08:40:00,422.6
2020-05-05 08:50:00,418.8
2020-05-05 09:00:00,417.9
2020-05-05 09:10:00,417.6
2020-05-05 09:20:00,416.6
2020-05-05 09:30:00,416.4
2020-05-05 09:40:00,416.6
2020-05-05 09:50:00,415.8
2020-05-05 10:00:00,415.9
2020-05-05 10:10:00,415.5
2020-05-05 10:20:00,415.4
2020-05-05 10:30:00,415.1
2020-05-05 10:40:00,415.0
2020-05-05 10:50:00,414.3
2020-05-05 11:00:00,414.4
2020-05-05 11:10:00,414.2
2020-05-05 11:20:00,413.9
2020-05-05 11:30:00,414.0
2020-05-05 11:40:00,413.8
2020-05-05 11:50:00,414.1
2020-05-05 12:00:00,413.8
2020-05-05 12:10:00,413.0
2020-05-05 12:20:00,412.5
2020-05-05 12:30:00,412.8
2020-05-05 12:40:00,412.7
2020-05-05 12:50:00,412.7
2020-05-05 13:00:00,412.4
2020-05-05 13:10:00,413.1
2020-05-05 13:20:00,412.1
2020-05-05 13:30:00,412.3
2020-05-05 13:40:00,413.2
2020-05-05 13:50:00,412.7
2020-05-05 14:00:00,412.1
2020-05-05 14:10:00,411.8
2020-05-05 14:20:00,412.8
2020-05-05 14:30:00,412.2
2020-05-05 14:40:00,412.1
2020-05-05 14:50:00,411.9
2020-05-05 15:00:00,412.8
2020-05-05 15:10:00,412.9
2020-05-05 15:20:00,411.7
2020-05-05 15:30:00,412.6
2020-05-05 15:40:00,413.0
2020-05-05 15:50:00,413.4
2020-05-05 16:00:00,412.4
2020-05-05 16:10:00,412.6
2020-05-05 16:20:00,413.7
2020-05-05 16:30:00,412.9
2020-05-05 16:40:00,413.3
2020-05-05 16:50:00,413.6
2020-05-05 17:00:00,413.8
2020-05-05 17:10:00,413.6
2020-05-05 17:20:00,413.8
2020-05-05 17:30:00,413.5
2020-05-05 17:40:00,413.4
2020-05-05 17:50:00,413.2
2020-05-05 18:00:00,413.4
2020-05-05 18:10:00,414.0
2020-05-05 18:20:00,413.7
2020-05-05 18:30:00,413.5
2020-05-05 18:40:00,413.6
2020-05-05 18:50:00,413.9
2020-05-05 19:00:00,414.0
2020-05-05 19:10:00,414.3
2020-05-05 19:20:00,414.7
2020-05-05 19:30:00,415.2
2020-05-05 19:40:00,415.7
2020-05-05 19:50:00,416.0
2020-05-05 20:00:00,417.1
2020-05-05 20:10:00,417.0
2020-05-05 20:20:00,418.1
2020-05-05 20:30:00,417.9
2020-05-05 20:40:00,418.5
2020-05-05 20:50:00,418.9
2020-05-05 21:00:00,418.0
2020-05-05 21:10:00,417.5
2020-05-05 21:20:00,416.9
2020-05-05 21:30:00,416.5
2020-05-05 21:40:00,416.9
2020-05-05 21:50:00,417.6
2020-05-05 22:00:00,418.9
2020-05-05 22:10:00,419.1
2020-05-05 22:20:00,419.4
2020-05-05 22:30:00,418.6
2020-05-05 22:40:00,420.6
2020-05-05 22:50:00,421.7
2020-05-05 23:00:00,422.0
2020-05-05 23:10:00,421.6
2020-05-05 23:20:00,421.4
2020-05-05 23:30:00,423.2
2020-05-05 23:40:00,425.7
2020-05-05 23:50:00,426.4
2020-05-06 00:00:00,427.3
2020-05-06 00:10:00,427.8
2020-05-06 00:20:00,427.4
2020-05-06 00:30:00,429.2
2020-05-06 00:40:00,428.1
2020-05-06 00:50:00,427.2
2020-05-06 01:00:00,427.6
2020-05-06 01:10:00,427.8
2020-05-06 01:20:00,431.5
2020-05-06 01:30:00,429.7
2020-05-06 01:40:00,431.8
2020-05-06 01:50:00,436.2
2020-05-06 02:00:00,440.6
2020-05-06 02:10:00,438.8
2020-05-06 02:20:00,438.9
2020-05-06 02:30:00,446.4
2020-05-06 02:40:00,447.1
2020-05-06 02:50:00,446.7
2020-05-06 03:00:00,447.1
2020-05-06 03:10:00,447.1
2020-05-06 03:20:00,446.8
2020-05-06 03:30:00,446.7
2020-05-06 03:40:00,448.2
2020-05-06 03:50:00,446.9
2020-05-06 04:00:00,451.8
2020-05-06 04:10:00,451.0
2020-05-06 04:20:00,452.2
2020-05-06 04:30:00,453.8
2020-05-06 04:40:00,454.3
2020-05-06 04:50:00,455.2
2020-05-06 05:00:00,457.0
2020-05-06 05:10:00,467.8
2020-05-06 05:20:00,466.6
2020-05-06 05:30:00,461.6
2020-05-06 05:40:00,461.0
2020-05-06 05:50:00,461.9
2020-05-06 06:00:00,465.5
2020-05-06 06:10:00,461.4
2020-05-06 06:20:00,468.5
2020-05-06 06:30:00,467.1
2020-05-06 06:40:00,464.9
2020-05-06 06:50:00,461.9
2020-05-06 07:00:00,462.6
2020-05-06 07:10:00,460.4
2020-05-06 07:20:00,459.4
2020-05-06 07:30:00,458.7
2020-05-06 07:40:00,453.7
2020-05-06 07:50:00,449.0
2020-05-06 08:00:00,446.7
2020-05-06 08:10:00,443.1
2020-05-06 08:20:00,438.1
2020-05-06 08:30:00,430.8
2020-05-06 08:40:00,422.3
2020-05-06 08:50:00,415.8
2020-05-06 09:00:00,416.4
2020-05-06 09:10:00,415.8
2020-05-06 09:20:00,415.9
2020-05-06 09:30:00,416.1
2020-05-06 09:40:00,415.1
2020-05-06 09:50:00,414.6
2020-05-06 10:00:00,414.5
2020-05-06 10:10:00,413.7
2020-05-06 10:20:00,413.0
2020-05-06 10:30:00,413.0
2020-05-06 10:40:00,412.8
2020-05-06 10:50:00,413.3
2020-05-06 11:00:00,413.2
2020-05-06 11:10:00,413.1
2020-05-06 11:20:00,412.9
2020-05-06 11:30:00,413.1
2020-05-06 11:40:00,413.0
2020-05-06 11:50:00,413.0
2020-05-06 12:00:00,412.8
2020-05-06 12:10:00,412.9
2020-05-06 12:20:00,412.8
2020-05-06 12:30:00,412.7
2020-05-06 12:40:00,412.6
2020-05-06 12:50:00,412.5
2020-05-06 13:00:00,412.2
2020-05-06 13:10:00,412.1
2020-05-06 13:20:00,411.8
2020-05-06 13:30:00,412.1
2020-05-06 13:40:00,412.0
2020-05-06 13:50:00,411.6
2020-05-06 14:00:00,411.0
2020-05-06 14:10:00,410.7
2020-05-06 14:20:00,411.0
2020-05-06 14:30:00,410.6
2020-05-06 14:40:00,410.6
2020-05-06 14:50:00,410.3
2020-05-06 15:00:00,410.0
2020-05-06 15:10:00,409.8
2020-05-06 15:20:00,409.8
2020-05-06 15:30:00,410.0
2020-05-06 15:40:00,409.7
2020-05-06 15:50:00,409.4
2020-05-06 16:00:00,409.6
2020-05-06 16:10:00,409.3
2020-05-06 16:20:00,409.4
2020-05-06 16:30:00,409.2
2020-05-06 16:40:00,409.1
2020-05-06 16:50:00,409.3
2020-05-06 17:00:00,409.2
2020-05-06 17:10:00,409.1
2020-05-06 17:20:00,409.3
2020-05-06 17:30:00,409.1
2020-05-06 17:40:00,408.9
2020-05-06 17:50:00,409.0
2020-05-06 18:00:00,409.1
2020-05-06 18:10:00,409.1
2020-05-06 18:20:00,409.1
2020-05-06 18:30:00,409.1
2020-05-06 18:40:00,409.1
2020-05-06 18:50:00,409.1
2020-05-06 19:00:00,409.5
2020-05-06 19:10:00,409.6
2020-05-06 19:20:00,409.2
2020-05-06 19:30:00,409.3
2020-05-06 19:40:00,410.1
2020-05-06 19:50:00,410.8
2020-05-06 20:00:00,411.6
2020-05-06 20:10:00,412.6
2020-05-06 20:20:00,413.2
2020-05-06 20:30:00,414.1
2020-05-06 20:40:00,414.5
2020-05-06 20:50:00,414.8
2020-05-06 21:00:00,415.5
2020-05-06 21:10:00,415.5
2020-05-06 21:20:00,415.5
2020-05-06 21:30:00,415.6
2020-05-06 21:40:00,415.8
2020-05-06 21:50:00,416.4
2020-05-06 22:00:00,416.5
2020-05-06 22:10:00,416.7
2020-05-06 22:20:00,416.6
2020-05-06 22:30:00,416.9
2020-05-06 22:40:00,418.9
2020-05-06 22:50:00,427.3
2020-05-06 23:00:00,429.8
2020-05-06 23:10:00,427.4
2020-05-06 23:20:00,426.4
2020-05-06 23:30:00,433.8
2020-05-06 23:40:00,433.5
2020-05-06 23:50:00,430.7
2020-05-07 00:00:00,433.2
2020-05-07 00:10:00,436.6
2020-05-07 00:20:00,436.9
2020-05-07 00:30:00,437.7
2020-05-07 00:40:00,437.0
2020-05-07 00:50:00,436.6
2020-05-07 01:00:00,438.6
2020-05-07 01:10:00,439.5
2020-05-07 01:20:00,437.8
2020-05-07 01:30:00,437.9
2020-05-07 01:40:00,441.3
2020-05-07 01:50:00,442.0
2020-05-07 02:00:00,446.2
2020-05-07 02:10:00,440.2
2020-05-07 02:20:00,440.0
2020-05-07 02:30:00,440.1
2020-05-07 02:40:00,442.4
2020-05-07 02:50:00,442.5
2020-05-07 03:00:00,442.7
2020-05-07 03:10:00,447.0
2020-05-07 03:20:00,454.1
2020-05-07 03:30:00,457.4
2020-05-07 03:40:00,453.7
2020-05-07 03:50:00,458.0
2020-05-07 04:00:00,459.5
2020-05-07 04:10:00,458.0
2020-05-07 04:20:00,453.8
2020-05-07 04:30:00,459.2
2020-05-07 04:40:00,459.6
2020-05-07 04:50:00,458.2
2020-05-07 05:00:00,451.2
2020-05-07 05:10:00,453.2
2020-05-07 05:20:00,458.1
2020-05-07 05:30:00,457.4
2020-05-07 05:40:00,458.6
2020-05-07 05:50:00,457.1
2020-05-07 06:00:00,464.9
2020-05-07 06:10:00,466.6
2020-05-07 06:20:00,459.8
2020-05-07 06:30:00,460.3
2020-05-07 06:40:00,458.4
2020-05-07 06:50:00,458.3
2020-05-07 07:00:00,457.1
2020-05-07 07:10:00,456.7
2020-05-07 07:20:00,454.9
2020-05-07 07:30:00,455.6
2020-05-07 07:40:00,447.7
2020-05-07 07:50:00,434.9
2020-05-07 08:00:00,426.8
2020-05-07 08:10:00,420.5
2020-05-07 08:20:00,416.9
2020-05-07 08:30:00,415.5
2020-05-07 08:40:00,414.7
2020-05-07 08:50:00,414.2
2020-05-07 09:00:00,414.3
2020-05-07 09:10:00,414.2
2020-05-07 09:20:00,413.6
2020-05-07 09:30:00,414.1
2020-05-07 09:40:00,414.3
2020-05-07 09:50:00,414.5
2020-05-07 10:00:00,415.1
2020-05-07 10:10:00,414.9
2020-05-07 10:20:00,414.0
2020-05-07 10:30:00,413.6
2020-05-07 10:40:00,413.8
2020-05-07 10:50:00,413.4
2020-05-07 11:00:00,413.1
2020-05-07 11:10:00,413.0
2020-05-07 11:20:00,413.2
2020-05-07 11:30:00,412.7
2020-05-07 11:40:00,412.7
2020-05-07 11:50:00,412.7
2020-05-07 12:00:00,412.4
2020-05-07 12:10:00,412.1
2020-05-07 12:20:00,411.8
2020-05-07 12:30:00,411.8
2020-05-07 12:40:00,412.0
2020-05-07 12:50:00,411.4
2020-05-07 13:00:00,411.1
2020-05-07 13:10:00,411.4
2020-05-07 13:20:00,411.2
2020-05-07 13:30:00,411.3
2020-05-07 13:40:00,411.1
2020-05-07 13:50:00,411.0
2020-05-07 14:00:00,410.6
2020-05-07 14:10:00,410.4
2020-05-07 14:20:00,410.3
2020-05-07 14:30:00,410.1
2020-05-07 14:40:00,409.8
2020-05-07 14:50:00,409.7
2020-05-07 15:00:00,409.4
2020-05-07 15:10:00,409.7
2020-05-07 15:20:00,410.0
2020-05-07 15:30:00,409.8
2020-05-07 15:40:00,409.9
2020-05-07 15:50:00,409.8
2020-05-07 16:00:00,409.1
2020-05-07 16:10:00,409.4
2020-05-07 16:20:00,409.9
2020-05-07 16:30:00,409.9
2020-05-07 16:40:00,410.0
2020-05-07 16:50:00,410.0
2020-05-07 17:00:00,410.1
2020-05-07 17:10:00,410.4
2020-05-07 17:20:00,410.6
2020-05-07 17:30:00,410.9
2020-05-07 17:40:00,411.0
2020-05-07 17:50:00,410.9
2020-05-07 18:00:00,411.0
2020-05-07 18:10:00,411.1
2020-05-07 18:20:00,411.2
2020-05-07 18:30:00,411.2
2020-05-07 18:40:00,411.5
2020-05-07 18:50:00,411.2
2020-05-07 19:00:00,410.9
2020-05-07 19:10:00,410.5
2020-05-07 19:20:00,410.4
2020-05-07 19:30:00,410.6
2020-05-07 19:40:00,411.4
2020-05-07 19:50:00,413.7
2020-05-07 20:00:00,412.6
2020-05-07 20:10:00,412.4
2020-05-07 20:20:00,413.1
2020-05-07 20:30:00,413.0
2020-05-07 20:40:00,412.9
2020-05-07 20:50:00,412.7
2020-05-07 21:00:00,414.4
2020-05-07 21:10:00,412.7
2020-05-07 21:20:00,414.5
2020-05-07 21:30:00,419.9
2020-05-07 21:40:00,426.5
2020-05-07 21:50:00,426.4
2020-05-07 22:00:00,422.2
2020-05-07 22:10:00,421.2
2020-05-07 22:20:00,428.7
2020-05-07 22:30:00,422.7
2020-05-07 22:40:00,425.6
2020-05-07 22:50:00,428.8
2020-05-07 23:00:00,426.5
2020-05-07 23:10:00,425.0
2020-05-07 23:20:00,426.3
2020-05-07 23:30:00,426.2
2020-05-07 23:40:00,431.8
2020-05-07 23:50:00,438.7
2020-05-08 00:00:00,432.1
2020-05-08 00:10:00,437.2
2020-05-08 00:20:00,437.0
2020-05-08 00:30:00,435.6
2020-05-08 00:40:00,443.4
2020-05-08 00:50:00,447.6
2020-05-08 01:00:00,448.3
2020-05-08 01:10:00,449.5
2020-05-08 01:20:00,448.8
2020-05-08 01:30:00,441.7
2020-05-08 01:40:00,448.7
2020-05-08 01:50:00,453.6
2020-05-08 02:00:00,455.7
2020-05-08 02:10:00,453.9
2020-05-08 02:20:00,455.4
2020-05-08 02:30:00,443.4
2020-05-08 02:40:00,443.5
2020-05-08 02:50:00,449.9
2020-05-08 03:00:00,454.1
2020-05-08 03:10:00,454.8
2020-05-08 03:20:00,460.9
2020-05-08 03:30:00,465.6
2020-05-08 03:40:00,467.6
2020-05-08 03:50:00,469.7
2020-05-08 04:00:00,467.9
2020-05-08 04:10:00,467.9
2020-05-08 04:20:00,468.3
2020-05-08 04:30:00,470.6
2020-05-08 04:40:00,469.1
2020-05-08 04:50:00,464.6
2020-05-08 05:00:00,468.0
2020-05-08 05:10:00,469.0
2020-05-08 05:20:00,472.2
2020-05-08 05:30:00,471.9
2020-05-08 05:40:00,474.1
2020-05-08 05:50:00,474.0
2020-05-08 06:00:00,473.4
2020-05-08 06:10:00,475.7
2020-05-08 06:20:00,473.4
2020-05-08 06:30:00,469.1
2020-05-08 06:40:00,468.6
2020-05-08 06:50:00,468.4
2020-05-08 07:00:00,467.0
2020-05-08 07:10:00,463.9
2020-05-08 07:20:00,461.1
2020-05-08 07:30:00,461.5
2020-05-08 07:40:00,457.9
2020-05-08 07:50:00,452.8
2020-05-08 08:00:00,449.9
2020-05-08 08:10:00,446.7
2020-05-08 08:20:00,444.6
2020-05-08 08:30:00,445.7
2020-05-08 08:40:00,444.9
2020-05-08 08:50:00,441.1
2020-05-08 09:00:00,435.4
2020-05-08 09:10:00,431.7
2020-05-08 09:20:00,430.9
2020-05-08 09:30:00,429.7
2020-05-08 09:40:00,427.4
2020-05-08 09:50:00,424.8
2020-05-08 10:00:00,415.1
2020-05-08 10:10:00,410.7
2020-05-08 10:20:00,409.3
2020-05-08 10:30:00,409.3
2020-05-08 10:40:00,409.6
2020-05-08 10:50:00,409.4
2020-05-08 11:00:00,409.7
2020-05-08 11:10:00,408.8
2020-05-08 11:20:00,408.4
2020-05-08 11:30:00,408.5
2020-05-08 11:40:00,409.5
2020-05-08 11:50:00,409.1
2020-05-08 12:00:00,408.6
2020-05-08 12:10:00,408.4
2020-05-08 12:20:00,408.0
2020-05-08 12:30:00,407.4
2020-05-08 12:40:00,407.8
2020-05-08 12:50:00,408.3
2020-05-08 13:00:00,407.6
2020-05-08 13:10:00,407.9
2020-05-08 13:20:00,408.3
2020-05-08 13:30:00,408.4
2020-05-08 13:40:00,408.4
2020-05-08 13:50:00,408.2
2020-05-08 14:00:00,407.8
2020-05-08 14:10:00,408.0
2020-05-08 14:20:00,407.5
2020-05-08 14:30:00,406.7
2020-05-08 14:40:00,407.2
2020-05-08 14:50:00,407.4
2020-05-08 15:00:00,406.9
2020-05-08 15:10:00,406.2
2020-05-08 15:20:00,405.6
2020-05-08 15:30:00,405.0
2020-05-08 15:40:00,404.9
2020-05-08 15:50:00,405.2
2020-05-08 16:00:00,404.1
2020-05-08 16:10:00,404.2
2020-05-08 16:20:00,404.3
2020-05-08 16:30:00,404.3
2020-05-08 16:40:00,404.7
2020-05-08 16:50:00,405.4
2020-05-08 17:00:00,405.5
2020-05-08 17:10:00,405.5
2020-05-08 17:20:00,406.2
2020-05-08 17:30:00,406.6
2020-05-08 17:40:00,406.6
2020-05-08 17:50:00,406.1
2020-05-08 18:00:00,406.2
2020-05-08 18:10:00,406.0
2020-05-08 18:20:00,406.0
2020-05-08 18:30:00,406.4
2020-05-08 18:40:00,406.5
2020-05-08 18:50:00,406.7
2020-05-08 19:00:00,406.6
2020-05-08 19:10:00,407.2
2020-05-08 19:20:00,409.8
2020-05-08 19:30:00,410.1
2020-05-08 19:40:00,411.2
2020-05-08 19:50:00,412.0
2020-05-08 20:00:00,412.3
2020-05-08 20:10:00,413.8
2020-05-08 20:20:00,414.5
2020-05-08 20:30:00,415.5
2020-05-08 20:40:00,416.1
2020-05-08 20:50:00,416.7
2020-05-08 21:00:00,417.2
2020-05-08 21:10:00,417.4
2020-05-08 21:20:00,417.2
2020-05-08 21:30:00,416.8
2020-05-08 21:40:00,417.2
2020-05-08 21:50:00,417.8
2020-05-08 22:00:00,418.2
2020-05-08 22:10:00,418.9
2020-05-08 22:20:00,419.4
2020-05-08 22:30:00,419.6
2020-05-08 22:40:00,419.7
2020-05-08 22:50:00,428.0
2020-05-08 23:00:00,429.7
2020-05-08 23:10:00,425.7
2020-05-08 23:20:00,425.7
2020-05-08 23:30:00,431.2
2020-05-08 23:40:00,430.6
2020-05-08 23:50:00,435.1
2020-05-09 00:00:00,432.4
2020-05-09 00:10:00,434.0
2020-05-09 00:20:00,444.0
2020-05-09 00:30:00,441.3
2020-05-09 00:40:00,443.1
2020-05-09 00:50:00,446.5
2020-05-09 01:00:00,445.8
2020-05-09 01:10:00,441.4
2020-05-09 01:20:00,442.4
2020-05-09 01:30:00,454.3
2020-05-09 01:40:00,458.0
2020-05-09 01:50:00,458.4
2020-05-09 02:00:00,459.5
2020-05-09 02:10:00,453.0
2020-05-09 02:20:00,452.8
2020-05-09 02:30:00,454.5
2020-05-09 02:40:00,457.9
2020-05-09 02:50:00,460.5
2020-05-09 03:00:00,456.1
2020-05-09 03:10:00,456.3
2020-05-09 03:20:00,457.8
2020-05-09 03:30:00,458.4
2020-05-09 03:40:00,460.2
2020-05-09 03:50:00,461.1
2020-05-09 04:00:00,461.5
2020-05-09 04:10:00,461.2
2020-05-09 04:20:00,460.9
2020-05-09 04:30:00,461.7
2020-05-09 04:40:00,452.5
2020-05-09 04:50:00,472.9
2020-05-09 05:00:00,473.5
2020-05-09 05:10:00,477.2
2020-05-09 05:20:00,476.1
2020-05-09 05:30:00,460.4
2020-05-09 05:40:00,456.1
2020-05-09 05:50:00,455.3
2020-05-09 06:00:00,458.5
2020-05-09 06:10:00,458.1
2020-05-09 06:20:00,464.6
2020-05-09 06:30:00,474.3
2020-05-09 06:40:00,485.8
2020-05-09 06:50:00,484.6
2020-05-09 07:00:00,480.1
2020-05-09 07:10:00,477.5
2020-05-09 07:20:00,476.0
2020-05-09 07:30:00,475.9
2020-05-09 07:40:00,475.3
2020-05-09 07:50:00,473.7
2020-05-09 08:00:00,471.1
2020-05-09 08:10:00,468.9
2020-05-09 08:20:00,465.3
2020-05-09 08:30:00,461.5
2020-05-09 08:40:00,455.9
2020-05-09 08:50:00,450.9
2020-05-09 09:00:00,446.1
2020-05-09 09:10:00,441.7
2020-05-09 09:20:00,440.2
2020-05-09 09:30:00,433.5
2020-05-09 09:40:00,429.2
2020-05-09 09:50:00,425.9
2020-05-09 10:00:00,424.4
2020-05-09 10:10:00,421.0
2020-05-09 10:20:00,420.6
2020-05-09 10:30:00,418.4
2020-05-09 10:40:00,417.7
2020-05-09 10:50:00,415.2
2020-05-09 11:00:00,413.9
2020-05-09 11:10:00,412.3
2020-05-09 11:20:00,411.5
2020-05-09 11:30:00,411.2
2020-05-09 11:40:00,411.6
2020-05-09 11:50:00,411.4
2020-05-09 12:00:00,411.7
2020-05-09 12:10:00,411.9
2020-05-09 12:20:00,411.9
2020-05-09 12:30:00,412.1
2020-05-09 12:40:00,412.2
2020-05-09 12:50:00,412.0
2020-05-09 13:00:00,411.5
2020-05-09 13:10:00,411.7
2020-05-09 13:20:00,411.1
2020-05-09 13:30:00,410.4
2020-05-09 13:40:00,410.2
2020-05-09 13:50:00,409.2
2020-05-09 14:00:00,409.5
2020-05-09 14:10:00,409.7
2020-05-09 14:20:00,409.6
2020-05-09 14:30:00,409.2
2020-05-09 14:40:00,408.7
2020-05-09 14:50:00,409.0
2020-05-09 15:00:00,409.0
2020-05-09 15:10:00,408.4
2020-05-09 15:20:00,408.2
2020-05-09 15:30:00,408.2
2020-05-09 15:40:00,408.2
2020-05-09 15:50:00,408.2
2020-05-09 16:00:00,408.0
2020-05-09 16:10:00,407.5
2020-05-09 16:20:00,407.7
2020-05-09 16:30:00,407.7
2020-05-09 16:40:00,407.6
2020-05-09 16:50:00,408.0
2020-05-09 17:00:00,407.7
2020-05-09 17:10:00,407.5
2020-05-09 17:20:00,407.5
2020-05-09 17:30:00,407.6
2020-05-09 17:40:00,407.8
2020-05-09 17:50:00,407.9
2020-05-09 18:00:00,408.6
2020-05-09 18:10:00,408.9
2020-05-09 18:20:00,409.3
2020-05-09 18:30:00,409.3
2020-05-09 18:40:00,409.3
2020-05-09 18:50:00,409.5
2020-05-09 19:00:00,409.7
2020-05-09 19:10:00,409.8
2020-05-09 19:20:00,410.2
2020-05-09 19:30:00,411.2
2020-05-09 19:40:00,412.4
2020-05-09 19:50:00,414.0
2020-05-09 20:00:00,415.1
2020-05-09 20:10:00,414.0
2020-05-09 20:20:00,413.4
2020-05-09 20:30:00,413.7
2020-05-09 20:40:00,412.9
2020-05-09 20:50:00,414.0
2020-05-09 21:00:00,415.5
2020-05-09 21:10:00,415.1
2020-05-09 21:20:00,415.6
2020-05-09 21:30:00,420.6
2020-05-09 21:40:00,423.0
2020-05-09 21:50:00,424.1
2020-05-09 22:00:00,423.4
2020-05-09 22:10:00,425.4
2020-05-09 22:20:00,425.5
2020-05-09 22:30:00,436.7
2020-05-09 22:40:00,432.0
2020-05-09 22:50:00,432.1
2020-05-09 23:00:00,431.1
2020-05-09 23:10:00,429.2
2020-05-09 23:20:00,434.0
2020-05-09 23:30:00,435.3
2020-05-09 23:40:00,441.0
2020-05-09 23:50:00,449.4
2020-05-10 00:00:00,445.0
2020-05-10 00:10:00,443.5
2020-05-10 00:20:00,439.4
2020-05-10 00:30:00,435.9
2020-05-10 00:40:00,431.5
2020-05-10 00:50:00,434.1
2020-05-10 01:00:00,435.5
2020-05-10 01:10:00,447.4
2020-05-10 01:20:00,454.7
2020-05-10 01:30:00,449.6
2020-05-10 01:40:00,456.6
2020-05-10 01:50:00,463.7
2020-05-10 02:00:00,466.0
2020-05-10 02:10:00,462.8
2020-05-10 02:20:00,444.1
2020-05-10 02:30:00,454.1
2020-05-10 02:40:00,451.1
2020-05-10 02:50:00,457.3
2020-05-10 03:00:00,461.4
2020-05-10 03:10:00,464.7
2020-05-10 03:20:00,466.9
2020-05-10 03:30:00,465.7
2020-05-10 03:40:00,467.1
2020-05-10 03:50:00,469.6
2020-05-10 04:00:00,465.8
2020-05-10 04:10:00,460.8
2020-05-10 04:20:00,473.8
2020-05-10 04:30:00,471.7
2020-05-10 04:40:00,466.1
2020-05-10 04:50:00,466.3
2020-05-10 05:00:00,467.9
2020-05-10 05:10:00,472.8
2020-05-10 05:20:00,458.5
2020-05-10 05:30:00,459.0
2020-05-10 05:40:00,471.9
2020-05-10 05:50:00,482.5
2020-05-10 06:00:00,480.3
2020-05-10 06:10:00,474.5
2020-05-10 06:20:00,462.7
2020-05-10 06:30:00,463.2
2020-05-10 06:40:00,464.9
2020-05-10 06:50:00,467.0
2020-05-10 07:00:00,476.8
2020-05-10 07:10:00,466.2
2020-05-10 07:20:00,465.8
2020-05-10 07:30:00,466.3
2020-05-10 07:40:00,466.6
2020-05-10 07:50:00,464.1
2020-05-10 08:00:00,463.0
2020-05-10 08:10:00,459.3
2020-05-10 08:20:00,457.5
2020-05-10 08:30:00,456.3
2020-05-10 08:40:00,453.1
2020-05-10 08:50:00,449.9
2020-05-10 09:00:00,449.2
2020-05-10 09:10:00,447.5
2020-05-10 09:20:00,444.0
2020-05-10 09:30:00,442.7
2020-05-10 09:40:00,433.0
2020-05-10 09:50:00,431.9
2020-05-10 10:00:00,431.9
2020-05-10 10:10:00,430.0
2020-05-10 10:20:00,428.6
2020-05-10 10:30:00,425.3
2020-05-10 10:40:00,423.3
2020-05-10 10:50:00,419.3
2020-05-10 11:00:00,416.2
2020-05-10 11:10:00,414.5
2020-05-10 11:20:00,412.6
2020-05-10 11:30:00,413.0
2020-05-10 11:40:00,413.5
2020-05-10 11:50:00,410.6
2020-05-10 12:00:00,411.5
2020-05-10 12:10:00,410.1
2020-05-10 12:20:00,409.5
2020-05-10 12:30:00,407.6
2020-05-10 12:40:00,406.8
2020-05-10 12:50:00,407.1
2020-05-10 13:00:00,407.1
2020-05-10 13:10:00,406.5
2020-05-10 13:20:00,406.0
2020-05-10 13:30:00,405.1
2020-05-10 13:40:00,403.8
2020-05-10 13:50:00,403.7
2020-05-10 14:00:00,404.5
2020-05-10 14:10:00,402.3
2020-05-10 14:20:00,399.6
2020-05-10 14:30:00,400.2
2020-05-10 14:40:00,399.9
2020-05-10 14:50:00,400.8
2020-05-10 15:00:00,401.0
2020-05-10 15:10:00,401.3
2020-05-10 15:20:00,399.6
2020-05-10 15:30:00,399.4
2020-05-10 15:40:00,399.4
2020-05-10 15:50:00,399.0
2020-05-10 16:00:00,399.9
2020-05-10 16:10:00,400.7
2020-05-10 16:20:00,402.5
2020-05-10 16:30:00,402.5
2020-05-10 16:40:00,403.6
2020-05-10 16:50:00,403.6
2020-05-10 17:00:00,402.9
2020-05-10 17:10:00,402.5
2020-05-10 17:20:00,402.9
2020-05-10 17:30:00,402.9
2020-05-10 17:40:00,402.7
2020-05-10 17:50:00,401.6
2020-05-10 18:00:00,402.0
2020-05-10 18:10:00,403.1
2020-05-10 18:20:00,403.4
2020-05-10 18:30:00,403.8
2020-05-10 18:40:00,403.3
2020-05-10 18:50:00,403.9
2020-05-10 19:00:00,404.5
2020-05-10 19:10:00,404.2
2020-05-10 19:20:00,405.2
2020-05-10 19:30:00,405.4
2020-05-10 19:40:00,405.9
2020-05-10 19:50:00,405.6
2020-05-10 20:00:00,406.5
2020-05-10 20:10:00,406.5
2020-05-10 20:20:00,406.0
2020-05-10 20:30:00,410.5
2020-05-10 20:40:00,408.1
2020-05-10 20:50:00,409.1
2020-05-10 21:00:00,415.0
2020-05-10 21:10:00,413.0
2020-05-10 21:20:00,414.7
2020-05-10 21:30:00,426.1
2020-05-10 21:40:00,418.3
2020-05-10 21:50:00,418.3
2020-05-10 22:00:00,419.7
2020-05-10 22:10:00,421.7
2020-05-10 22:20:00,424.9
2020-05-10 22:30:00,426.9
2020-05-10 22:40:00,427.0
2020-05-10 22:50:00,428.7
2020-05-10 23:00:00,425.7
2020-05-10 23:10:00,428.2
2020-05-10 23:20:00,427.9
2020-05-10 23:30:00,436.2
2020-05-10 23:40:00,434.4
2020-05-10 23:50:00,440.6
2020-05-11 00:00:00,445.7
2020-05-11 00:10:00,452.6
2020-05-11 00:20:00,450.7
2020-05-11 00:30:00,447.0
2020-05-11 00:40:00,446.9
2020-05-11 00:50:00,443.5
2020-05-11 01:00:00,446.1
2020-05-11 01:10:00,447.2
2020-05-11 01:20:00,462.8
2020-05-11 01:30:00,462.7
2020-05-11 01:40:00,464.4
2020-05-11 01:50:00,457.1
2020-05-11 02:00:00,448.8
2020-05-11 02:10:00,456.0
2020-05-11 02:20:00,453.8
2020-05-11 02:30:00,456.1
2020-05-11 02:40:00,441.3
2020-05-11 02:50:00,434.1
2020-05-11 03:00:00,430.8
2020-05-11 03:10:00,425.7
2020-05-11 03:20:00,422.2
2020-05-11 03:30:00,421.5
2020-05-11 03:40:00,421.2
2020-05-11 03:50:00,420.9
2020-05-11 04:00:00,421.4
2020-05-11 04:10:00,421.3
2020-05-11 04:20:00,421.3
2020-05-11 04:30:00,420.9
2020-05-11 04:40:00,422.0
2020-05-11 04:50:00,422.9
2020-05-11 05:00:00,422.9
2020-05-11 05:10:00,423.2
2020-05-11 05:20:00,423.0
2020-05-11 05:30:00,422.5
2020-05-11 05:40:00,422.3
2020-05-11 05:50:00,422.5
2020-05-11 06:00:00,423.2
2020-05-11 06:10:00,423.3
2020-05-11 06:20:00,423.9
2020-05-11 06:30:00,423.8
2020-05-11 06:40:00,424.9
2020-05-11 06:50:00,422.9
2020-05-11 07:00:00,422.9
2020-05-11 07:10:00,423.3
2020-05-11 07:20:00,423.8
2020-05-11 07:30:00,424.4
2020-05-11 07:40:00,424.5
2020-05-11 07:50:00,424.0
2020-05-11 08:00:00,424.0
2020-05-11 08:10:00,423.8
2020-05-11 08:20:00,423.9
2020-05-11 08:30:00,423.7
2020-05-11 08:40:00,423.6
2020-05-11 08:50:00,423.6
2020-05-11 09:00:00,423.6
2020-05-11 09:10:00,424.2
2020-05-11 09:20:00,424.0
2020-05-11 09:30:00,423.3
2020-05-11 09:40:00,424.2
2020-05-11 09:50:00,423.8
2020-05-11 10:00:00,424.0
2020-05-11 10:10:00,424.6
2020-05-11 10:20:00,424.8
2020-05-11 10:30:00,425.1
2020-05-11 10:40:00,424.7
2020-05-11 10:50:00,424.9
2020-05-11 11:00:00,424.8
2020-05-11 11:10:00,425.0
2020-05-11 11:20:00,425.0
2020-05-11 11:30:00,424.7
2020-05-11 11:40:00,424.5
2020-05-11 11:50:00,424.4
2020-05-11 12:00:00,423.9
2020-05-11 12:10:00,423.0
2020-05-11 12:20:00,422.4
2020-05-11 12:30:00,422.0
2020-05-11 12:40:00,421.4
2020-05-11 12:50:00,420.8
2020-05-11 13:00:00,420.4
2020-05-11 13:10:00,420.1
2020-05-11 13:20:00,419.9
2020-05-11 13:30:00,420.1
2020-05-11 13:40:00,419.7
2020-05-11 13:50:00,419.7
2020-05-11 14:00:00,419.7
2020-05-11 14:10:00,419.2
2020-05-11 14:20:00,419.2
2020-05-11 14:30:00,419.2
2020-05-11 14:40:00,419.0
2020-05-11 14:50:00,419.4
2020-05-11 15:00:00,419.5
2020-05-11 15:10:00,419.2
2020-05-11 15:20:00,419.3
2020-05-11 15:30:00,420.2
2020-05-11 15:40:00,420.9
2020-05-11 15:50:00,421.3
2020-05-11 16:00:00,421.4
2020-05-11 16:10:00,421.3
2020-05-11 16:20:00,421.1
2020-05-11 16:30:00,420.5
2020-05-11 16:40:00,420.2
2020-05-11 16:50:00,419.9
2020-05-11 17:00:00,419.7
2020-05-11 17:10:00,419.1
2020-05-11 17:20:00,418.7
2020-05-11 17:30:00,419.0
2020-05-11 17:40:00,419.6
2020-05-11 17:50:00,419.6
2020-05-11 18:00:00,419.4
2020-05-11 18:10:00,419.7
2020-05-11 18:20:00,419.6
2020-05-11 18:30:00,419.2
2020-05-11 18:40:00,419.3
2020-05-11 18:50:00,419.2
2020-05-11 19:00:00,419.0
2020-05-11 19:10:00,418.7
2020-05-11 19:20:00,418.1
2020-05-11 19:30:00,417.7
2020-05-11 19:40:00,417.7
2020-05-11 19:50:00,417.9
2020-05-11 20:00:00,418.3
2020-05-11 20:10:00,418.7
2020-05-11 20:20:00,419.1
2020-05-11 20:30:00,419.6
2020-05-11 20:40:00,419.8
2020-05-11 20:50:00,421.0
2020-05-11 21:00:00,420.9
2020-05-11 21:10:00,421.1
2020-05-11 21:20:00,424.0
2020-05-11 21:30:00,424.0
2020-05-11 21:40:00,425.7
2020-05-11 21:50:00,426.1
2020-05-11 22:00:00,426.7
2020-05-11 22:10:00,427.5
2020-05-11 22:20:00,428.5
2020-05-11 22:30:00,429.3
2020-05-11 22:40:00,429.1
2020-05-11 22:50:00,429.8
2020-05-11 23:00:00,428.0
2020-05-11 23:10:00,427.4
2020-05-11 23:20:00,425.8
2020-05-11 23:30:00,426.3
2020-05-11 23:40:00,427.0
2020-05-11 23:50:00,429.8
2020-05-12 00:00:00,430.9
2020-05-12 00:10:00,426.5
2020-05-12 00:20:00,426.9
2020-05-12 00:30:00,427.1
2020-05-12 00:40:00,425.1
2020-05-12 00:50:00,426.7
2020-05-12 01:00:00,429.4
2020-05-12 01:10:00,430.9
2020-05-12 01:20:00,432.9
2020-05-12 01:30:00,430.3
2020-05-12 01:40:00,428.9
2020-05-12 01:50:00,430.3
2020-05-12 02:00:00,429.9
2020-05-12 02:10:00,428.0
2020-05-12 02:20:00,428.9
2020-05-12 02:30:00,428.9
2020-05-12 02:40:00,429.8
2020-05-12 02:50:00,430.4
2020-05-12 03:00:00,431.2
2020-05-12 03:10:00,433.8
2020-05-12 03:20:00,441.3
2020-05-12 03:30:00,446.4
2020-05-12 03:40:00,447.7
2020-05-12 03:50:00,448.2
2020-05-12 04:00:00,449.5
2020-05-12 04:10:00,448.3
2020-05-12 04:20:00,448.4
2020-05-12 04:30:00,448.5
2020-05-12 04:40:00,447.0
2020-05-12 04:50:00,446.5
2020-05-12 05:00:00,445.5
2020-05-12 05:10:00,445.1
2020-05-12 05:20:00,445.0
2020-05-12 05:30:00,445.3
2020-05-12 05:40:00,445.8
2020-05-12 05:50:00,445.8
2020-05-12 06:00:00,445.9
2020-05-12 06:00:00,445.9
2020-05-12 06:10:00,444.9
2020-05-12 06:20:00,444.7
2020-05-12 06:30:00,445.1
2020-05-12 06:40:00,445.5
2020-05-12 06:50:00,444.7
2020-05-12 07:00:00,443.9
2020-05-12 07:10:00,443.1
2020-05-12 07:20:00,440.7
2020-05-12 07:30:00,440.2
2020-05-12 07:40:00,438.3
2020-05-12 07:50:00,435.8
2020-05-12 08:00:00,433.7
2020-05-12 08:10:00,427.5
2020-05-12 08:20:00,423.2
2020-05-12 08:30:00,420.9
2020-05-12 08:40:00,420.0
2020-05-12 08:50:00,418.7
2020-05-12 09:00:00,417.9
2020-05-12 09:10:00,417.2
2020-05-12 09:20:00,416.4
2020-05-12 09:30:00,416.4
2020-05-12 09:40:00,416.3
2020-05-12 09:50:00,415.8
2020-05-12 10:00:00,415.5
2020-05-12 10:10:00,415.1
2020-05-12 10:20:00,415.2
2020-05-12 10:30:00,414.8
2020-05-12 10:40:00,414.3
2020-05-12 10:50:00,413.7
2020-05-12 11:00:00,413.1
2020-05-12 11:10:00,413.2
2020-05-12 11:20:00,413.0
2020-05-12 11:30:00,413.0
2020-05-12 11:40:00,413.3
2020-05-12 11:50:00,413.3
2020-05-12 12:00:00,413.0
2020-05-12 12:10:00,413.1
2020-05-12 12:20:00,413.1
2020-05-12 12:30:00,413.3
2020-05-12 12:40:00,413.3
2020-05-12 12:50:00,412.9
2020-05-12 13:00:00,412.9
2020-05-12 13:10:00,413.1
2020-05-12 13:20:00,413.0
2020-05-12 13:30:00,413.1
2020-05-12 13:40:00,412.9
2020-05-12 13:50:00,412.9
2020-05-12 14:00:00,413.0
2020-05-12 14:10:00,411.9
2020-05-12 14:20:00,411.8
2020-05-12 14:30:00,411.8
2020-05-12 14:40:00,411.4
2020-05-12 14:50:00,411.4
2020-05-12 15:00:00,411.2
2020-05-12 15:10:00,410.6
2020-05-12 15:20:00,410.4
2020-05-12 15:30:00,410.1
2020-05-12 15:40:00,410.3
2020-05-12 15:50:00,410.9
2020-05-12 16:00:00,411.0
2020-05-12 16:10:00,411.2
2020-05-12 16:20:00,411.1
2020-05-12 16:30:00,410.4
2020-05-12 16:40:00,410.7
2020-05-12 16:50:00,410.5
2020-05-12 17:00:00,410.3
2020-05-12 17:10:00,410.9
2020-05-12 17:20:00,410.8
2020-05-12 17:30:00,410.8
2020-05-12 17:40:00,410.9
2020-05-12 17:50:00,411.2
2020-05-12 18:00:00,410.8
2020-05-12 18:10:00,410.5
2020-05-12 18:20:00,410.5
2020-05-12 18:30:00,410.8
2020-05-12 18:40:00,411.2
2020-05-12 18:50:00,411.4
2020-05-12 19:00:00,411.7
2020-05-12 19:10:00,411.8
2020-05-12 19:20:00,412.7
2020-05-12 19:30:00,412.9
2020-05-12 19:40:00,413.2
2020-05-12 19:50:00,413.4
2020-05-12 20:00:00,412.9
2020-05-12 20:10:00,412.6
2020-05-12 20:20:00,412.5
2020-05-12 20:30:00,412.7
2020-05-12 20:40:00,416.4
2020-05-12 20:50:00,417.3
2020-05-12 21:00:00,416.1
2020-05-12 21:10:00,417.2
2020-05-12 21:20:00,420.1
2020-05-12 21:30:00,417.8
2020-05-12 21:40:00,418.8
2020-05-12 21:50:00,421.7
2020-05-12 22:00:00,420.5
2020-05-12 22:10:00,421.9
2020-05-12 22:20:00,422.3
2020-05-12 22:30:00,421.3
2020-05-12 22:40:00,424.8
2020-05-12 22:50:00,426.0
2020-05-12 23:00:00,425.9
2020-05-12 23:10:00,426.5
2020-05-12 23:20:00,434.4
2020-05-12 23:30:00,438.2
2020-05-12 23:40:00,431.7
2020-05-12 23:50:00,431.8
2020-05-13 00:00:00,442.0
2020-05-13 00:10:00,447.0
2020-05-13 00:20:00,446.9
2020-05-13 00:30:00,442.4
2020-05-13 00:40:00,432.3
2020-05-13 00:50:00,435.6
2020-05-13 01:00:00,439.5
2020-05-13 01:10:00,439.8
2020-05-13 01:20:00,441.5
2020-05-13 01:30:00,443.9
2020-05-13 01:40:00,444.6
2020-05-13 01:50:00,445.5
2020-05-13 02:00:00,445.9
2020-05-13 02:10:00,445.3
2020-05-13 02:20:00,443.8
2020-05-13 02:30:00,444.7
2020-05-13 02:40:00,447.6
2020-05-13 02:50:00,450.2
2020-05-13 03:00:00,449.5
2020-05-13 03:10:00,448.2
2020-05-13 03:20:00,451.3
2020-05-13 03:30:00,453.2
2020-05-13 03:40:00,454.1
2020-05-13 03:50:00,455.0
2020-05-13 04:00:00,455.5
2020-05-13 04:10:00,456.0
2020-05-13 04:20:00,458.3
2020-05-13 04:30:00,459.0
2020-05-13 04:40:00,458.5
2020-05-13 04:50:00,459.4
2020-05-13 05:00:00,460.1
2020-05-13 05:10:00,459.6
2020-05-13 05:20:00,457.8
2020-05-13 05:30:00,459.6
2020-05-13 05:40:00,458.6
2020-05-13 05:50:00,461.8
2020-05-13 06:00:00,465.0
2020-05-13 06:10:00,463.6
2020-05-13 06:20:00,459.9
2020-05-13 06:30:00,466.9
2020-05-13 06:40:00,463.4
2020-05-13 06:50:00,459.1
2020-05-13 07:00:00,457.3
2020-05-13 07:10:00,458.1
2020-05-13 07:20:00,455.6
2020-05-13 07:30:00,456.5
2020-05-13 07:40:00,457.4
2020-05-13 07:50:00,458.8
2020-05-13 08:00:00,459.4
2020-05-13 08:10:00,458.7
2020-05-13 08:20:00,455.0
2020-05-13 08:30:00,448.2
2020-05-13 08:40:00,442.7
2020-05-13 08:50:00,439.3
2020-05-13 09:00:00,434.5
2020-05-13 09:10:00,431.0
2020-05-13 09:20:00,426.8
2020-05-13 09:30:00,421.8
2020-05-13 09:40:00,416.2
2020-05-13 09:50:00,416.3
2020-05-13 10:00:00,415.5
2020-05-13 10:10:00,415.0
2020-05-13 10:20:00,415.1
2020-05-13 10:30:00,414.6
2020-05-13 10:40:00,414.0
2020-05-13 10:50:00,413.7
2020-05-13 11:00:00,413.7
2020-05-13 11:10:00,413.5
2020-05-13 11:20:00,412.6
2020-05-13 11:30:00,412.2
2020-05-13 11:40:00,412.1
2020-05-13 11:50:00,412.1
2020-05-13 12:00:00,410.9
2020-05-13 12:10:00,409.4
2020-05-13 12:20:00,410.5
2020-05-13 12:30:00,411.0
2020-05-13 12:40:00,411.6
2020-05-13 12:50:00,410.7
2020-05-13 13:00:00,410.4
2020-05-13 13:10:00,409.9
2020-05-13 13:20:00,409.3
2020-05-13 13:30:00,410.5
2020-05-13 13:40:00,410.0
2020-05-13 13:50:00,410.6
2020-05-13 14:00:00,410.4
2020-05-13 14:10:00,411.1
2020-05-13 14:20:00,410.2
2020-05-13 14:30:00,409.7
2020-05-13 14:40:00,409.5
2020-05-13 14:50:00,409.6
2020-05-13 15:00:00,409.0
2020-05-13 15:10:00,409.5
2020-05-13 15:20:00,408.7
2020-05-13 15:30:00,408.5
2020-05-13 15:40:00,409.3
2020-05-13 15:50:00,409.3
2020-05-13 16:00:00,408.3
2020-05-13 16:10:00,407.6
2020-05-13 16:20:00,407.6
2020-05-13 16:30:00,407.8
2020-05-13 16:40:00,408.4
2020-05-13 16:50:00,408.5
2020-05-13 17:00:00,408.2
2020-05-13 17:10:00,408.4
2020-05-13 17:20:00,408.6
2020-05-13 17:30:00,408.9
2020-05-13 17:40:00,409.6
2020-05-13 17:50:00,410.8
2020-05-13 18:00:00,410.0
2020-05-13 18:10:00,410.0
2020-05-13 18:20:00,410.1
2020-05-13 18:30:00,410.2
2020-05-13 18:40:00,410.4
2020-05-13 18:50:00,411.1
2020-05-13 19:00:00,411.0
2020-05-13 19:10:00,412.0
2020-05-13 19:20:00,412.5
2020-05-13 19:30:00,412.2
2020-05-13 19:40:00,412.3
2020-05-13 19:50:00,413.0
2020-05-13 20:00:00,414.2
2020-05-13 20:10:00,414.9
2020-05-13 20:20:00,415.5
2020-05-13 20:30:00,416.5
2020-05-13 20:40:00,417.0
2020-05-13 20:50:00,418.0
2020-05-13 21:00:00,418.4
2020-05-13 21:10:00,418.8
2020-05-13 21:20:00,418.3
2020-05-13 21:30:00,417.9
2020-05-13 21:40:00,417.8
2020-05-13 21:50:00,418.3
2020-05-13 22:00:00,418.7
2020-05-13 22:10:00,420.0
2020-05-13 22:20:00,422.8
2020-05-13 22:30:00,421.8
2020-05-13 22:40:00,421.5
2020-05-13 22:50:00,422.2
2020-05-13 23:00:00,423.2
2020-05-13 23:10:00,423.5
2020-05-13 23:20:00,422.2
2020-05-13 23:30:00,421.5
2020-05-13 23:40:00,422.8
2020-05-13 23:50:00,425.6
2020-05-14 00:00:00,426.2
2020-05-14 00:10:00,427.8
2020-05-14 00:20:00,427.8
2020-05-14 00:30:00,428.5
2020-05-14 00:40:00,429.8
2020-05-14 00:50:00,430.6
2020-05-14 01:00:00,433.8
2020-05-14 01:10:00,432.4
2020-05-14 01:20:00,430.4
2020-05-14 01:30:00,427.9
2020-05-14 01:40:00,426.3
2020-05-14 01:50:00,425.9
2020-05-14 02:00:00,425.7
2020-05-14 02:10:00,425.5
2020-05-14 02:20:00,426.1
2020-05-14 02:30:00,426.0
2020-05-14 02:40:00,426.1
2020-05-14 02:50:00,426.9
2020-05-14 03:00:00,428.8
2020-05-14 03:10:00,429.9
2020-05-14 03:20:00,429.6
2020-05-14 03:30:00,430.5
2020-05-14 03:40:00,430.6
2020-05-14 03:50:00,430.3
2020-05-14 04:00:00,428.7
2020-05-14 04:10:00,427.4
2020-05-14 04:20:00,427.5
2020-05-14 04:30:00,428.4
2020-05-14 04:40:00,428.3
2020-05-14 04:50:00,427.4
2020-05-14 05:00:00,427.3
2020-05-14 05:10:00,427.9
2020-05-14 05:20:00,426.9
2020-05-14 05:30:00,425.0
2020-05-14 05:40:00,425.0
2020-05-14 05:50:00,425.1
2020-05-14 06:00:00,425.0
2020-05-14 06:10:00,424.9
2020-05-14 06:20:00,426.1
2020-05-14 06:30:00,424.7
2020-05-14 06:40:00,421.8
2020-05-14 06:50:00,420.2
2020-05-14 07:00:00,419.8
2020-05-14 07:10:00,419.7
2020-05-14 07:20:00,419.4
2020-05-14 07:30:00,419.4
2020-05-14 07:40:00,419.3
2020-05-14 07:50:00,419.3
2020-05-14 08:00:00,418.6
2020-05-14 08:10:00,417.8
2020-05-14 08:20:00,417.4
2020-05-14 08:30:00,417.7
2020-05-14 08:40:00,418.0
2020-05-14 08:50:00,419.5
2020-05-14 09:00:00,418.8
2020-05-14 09:10:00,417.8
2020-05-14 09:20:00,417.5
2020-05-14 09:30:00,417.0
2020-05-14 09:40:00,418.7
2020-05-14 09:50:00,419.1
2020-05-14 10:00:00,419.0
2020-05-14 10:10:00,418.6
2020-05-14 10:20:00,418.0
2020-05-14 10:30:00,417.7
2020-05-14 10:40:00,417.3
2020-05-14 10:50:00,416.9
2020-05-14 11:00:00,416.3
2020-05-14 11:10:00,415.9
2020-05-14 11:20:00,415.6
2020-05-14 11:30:00,415.2
2020-05-14 11:40:00,414.9
2020-05-14 11:50:00,415.0
2020-05-14 12:00:00,415.3
2020-05-14 12:10:00,414.7
2020-05-14 12:20:00,414.8
2020-05-14 12:30:00,414.7
2020-05-14 12:40:00,413.9
2020-05-14 12:50:00,413.5
2020-05-14 13:00:00,414.0
2020-05-14 13:10:00,413.6
2020-05-14 13:20:00,411.8
2020-05-14 13:30:00,410.6
2020-05-14 13:40:00,410.5
2020-05-14 13:50:00,410.4
2020-05-14 14:00:00,410.9
2020-05-14 14:10:00,410.8
2020-05-14 14:20:00,411.2
2020-05-14 14:30:00,411.6
2020-05-14 14:40:00,411.4
2020-05-14 14:50:00,411.0
2020-05-14 15:00:00,411.2
2020-05-14 15:10:00,411.2
2020-05-14 15:20:00,412.7
2020-05-14 15:30:00,412.3
2020-05-14 15:40:00,412.2
2020-05-14 15:50:00,412.3
2020-05-14 16:00:00,412.0
2020-05-14 16:10:00,411.9
2020-05-14 16:20:00,411.5
2020-05-14 16:30:00,412.0
2020-05-14 16:40:00,412.0
2020-05-14 16:50:00,412.1
2020-05-14 17:00:00,412.5
2020-05-14 17:10:00,412.5
2020-05-14 17:20:00,412.8
2020-05-14 17:30:00,412.7
2020-05-14 17:40:00,411.8
2020-05-14 17:50:00,411.1
2020-05-14 18:00:00,411.6
2020-05-14 18:10:00,411.9
2020-05-14 18:20:00,411.3
2020-05-14 18:30:00,410.8
2020-05-14 18:40:00,410.9
2020-05-14 18:50:00,411.0
2020-05-14 19:00:00,411.8
2020-05-14 19:10:00,412.0
2020-05-14 19:20:00,412.5
2020-05-14 19:30:00,412.8
2020-05-14 19:40:00,413.0
2020-05-14 19:50:00,413.9
2020-05-14 20:00:00,414.3
2020-05-14 20:10:00,415.1
2020-05-14 20:20:00,415.0
2020-05-14 20:30:00,414.6
2020-05-14 20:40:00,414.2
2020-05-14 20:50:00,415.1
2020-05-14 21:00:00,415.6
2020-05-14 21:10:00,415.7
2020-05-14 21:20:00,416.1
2020-05-14 21:30:00,416.4
2020-05-14 21:40:00,416.9
2020-05-14 21:50:00,416.8
2020-05-14 22:00:00,417.2
2020-05-14 22:10:00,417.2
2020-05-14 22:20:00,417.0
2020-05-14 22:30:00,418.4
2020-05-14 22:40:00,418.1
2020-05-14 22:50:00,417.5
2020-05-14 23:00:00,428.6
2020-05-14 23:10:00,428.0
2020-05-14 23:20:00,427.9
2020-05-14 23:30:00,427.9
2020-05-14 23:40:00,433.4
2020-05-14 23:50:00,435.0
2020-05-15 00:00:00,433.8
2020-05-15 00:10:00,429.6
2020-05-15 00:20:00,434.6
2020-05-15 00:30:00,429.9
2020-05-15 00:40:00,431.8
2020-05-15 00:50:00,438.1
2020-05-15 01:00:00,438.3
2020-05-15 01:10:00,436.7
2020-05-15 01:20:00,436.9
2020-05-15 01:30:00,431.7
2020-05-15 01:40:00,437.4
2020-05-15 01:50:00,435.9
2020-05-15 02:00:00,432.0
2020-05-15 02:10:00,430.9
2020-05-15 02:20:00,434.3
2020-05-15 02:30:00,431.9
2020-05-15 02:40:00,440.0
2020-05-15 02:50:00,437.5
2020-05-15 03:00:00,434.8
2020-05-15 03:10:00,441.5
2020-05-15 03:20:00,443.7
2020-05-15 03:30:00,442.8
2020-05-15 03:40:00,443.4
2020-05-15 03:50:00,442.2
2020-05-15 04:00:00,446.6
2020-05-15 04:10:00,444.5
2020-05-15 04:20:00,447.1
2020-05-15 04:30:00,451.9
2020-05-15 04:40:00,453.0
2020-05-15 04:50:00,451.4
2020-05-15 05:00:00,444.4
2020-05-15 05:10:00,447.6
2020-05-15 05:20:00,455.3
2020-05-15 05:30:00,448.3
2020-05-15 05:40:00,458.2
2020-05-15 05:50:00,457.2
2020-05-15 06:00:00,457.6
2020-05-15 06:10:00,450.0
2020-05-15 06:20:00,448.0
2020-05-15 06:30:00,445.0
2020-05-15 06:40:00,442.2
2020-05-15 06:50:00,445.3
2020-05-15 07:00:00,442.5
2020-05-15 07:10:00,444.6
2020-05-15 07:20:00,444.9
2020-05-15 07:30:00,443.3
2020-05-15 07:40:00,441.1
2020-05-15 07:50:00,435.5
2020-05-15 08:00:00,432.3
2020-05-15 08:10:00,432.4
2020-05-15 08:20:00,429.9
2020-05-15 08:30:00,425.8
2020-05-15 08:40:00,426.1
2020-05-15 08:50:00,423.8
2020-05-15 09:00:00,422.0
2020-05-15 09:10:00,420.0
2020-05-15 09:20:00,419.3
2020-05-15 09:30:00,417.6
2020-05-15 09:40:00,417.7
2020-05-15 09:50:00,415.4
2020-05-15 10:00:00,413.9
2020-05-15 10:10:00,413.0
2020-05-15 10:20:00,413.2
2020-05-15 10:30:00,413.3
2020-05-15 10:40:00,413.0
2020-05-15 10:50:00,412.2
2020-05-15 11:00:00,411.8
2020-05-15 11:10:00,411.3
2020-05-15 11:20:00,411.0
2020-05-15 11:30:00,411.0
2020-05-15 11:40:00,411.3
2020-05-15 11:50:00,410.9
2020-05-15 12:00:00,411.0
2020-05-15 12:10:00,410.5
2020-05-15 12:20:00,409.8
2020-05-15 12:30:00,410.2
2020-05-15 12:40:00,410.3
2020-05-15 12:50:00,409.9
2020-05-15 13:00:00,409.0
2020-05-15 13:10:00,408.7
2020-05-15 13:20:00,409.3
2020-05-15 13:30:00,408.8
2020-05-15 13:40:00,408.6
2020-05-15 13:50:00,408.1
2020-05-15 14:00:00,408.3
2020-05-15 14:10:00,408.7
2020-05-15 14:20:00,408.6
2020-05-15 14:30:00,407.8
2020-05-15 14:40:00,408.0
2020-05-15 14:50:00,407.6
2020-05-15 15:00:00,407.3
2020-05-15 15:10:00,407.1
2020-05-15 15:20:00,406.8
2020-05-15 15:30:00,406.9
2020-05-15 15:40:00,406.8
2020-05-15 15:50:00,406.1
2020-05-15 16:00:00,406.6
2020-05-15 16:10:00,406.6
2020-05-15 16:20:00,406.4
2020-05-15 16:30:00,406.5
2020-05-15 16:40:00,406.5
2020-05-15 16:50:00,406.4
2020-05-15 17:00:00,406.2
2020-05-15 17:10:00,406.3
2020-05-15 17:20:00,406.0
2020-05-15 17:30:00,406.0
2020-05-15 17:40:00,405.8
2020-05-15 17:50:00,405.8
2020-05-15 18:00:00,405.8
2020-05-15 18:10:00,405.8
2020-05-15 18:20:00,405.5
2020-05-15 18:30:00,405.9
2020-05-15 18:40:00,406.5
2020-05-15 18:50:00,406.9
2020-05-15 19:00:00,407.0
2020-05-15 19:10:00,407.2
2020-05-15 19:20:00,407.6
2020-05-15 19:30:00,407.9
2020-05-15 19:40:00,408.2
2020-05-15 19:50:00,409.1
2020-05-15 20:00:00,409.7
2020-05-15 20:10:00,410.7
2020-05-15 20:20:00,411.5
2020-05-15 20:30:00,412.2
2020-05-15 20:40:00,412.6
2020-05-15 20:50:00,413.6
2020-05-15 21:00:00,414.9
2020-05-15 21:10:00,416.7
2020-05-15 21:20:00,417.2
2020-05-15 21:30:00,417.0
2020-05-15 21:40:00,417.6
2020-05-15 21:50:00,417.3
2020-05-15 22:00:00,417.2
2020-05-15 22:10:00,417.2
2020-05-15 22:20:00,418.3
2020-05-15 22:30:00,421.4
2020-05-15 22:40:00,428.7
2020-05-15 22:50:00,430.6
2020-05-15 23:00:00,425.2
2020-05-15 23:10:00,421.9
2020-05-15 23:20:00,427.5
2020-05-15 23:30:00,429.6
2020-05-15 23:40:00,434.3
2020-05-15 23:50:00,434.0
2020-05-16 00:00:00,430.3
2020-05-16 00:10:00,433.5
2020-05-16 00:20:00,435.4
2020-05-16 00:30:00,434.1
2020-05-16 00:40:00,434.7
2020-05-16 00:50:00,433.0
2020-05-16 01:00:00,430.9
2020-05-16 01:10:00,432.7
2020-05-16 01:20:00,435.0
2020-05-16 01:30:00,439.9
2020-05-16 01:40:00,439.7
2020-05-16 01:50:00,434.5
2020-05-16 02:00:00,435.7
2020-05-16 02:10:00,440.7
2020-05-16 02:20:00,439.3
2020-05-16 02:30:00,438.3
2020-05-16 02:40:00,438.8
2020-05-16 02:50:00,442.3
2020-05-16 03:00:00,442.4
2020-05-16 03:10:00,439.3
2020-05-16 03:20:00,440.9
2020-05-16 03:30:00,446.7
2020-05-16 03:40:00,443.7
2020-05-16 03:50:00,440.8
2020-05-16 04:00:00,447.2
2020-05-16 04:10:00,449.2
2020-05-16 04:20:00,453.1
2020-05-16 04:30:00,454.5
2020-05-16 04:40:00,450.8
2020-05-16 04:50:00,443.1
2020-05-16 05:00:00,445.6
2020-05-16 05:10:00,447.5
2020-05-16 05:20:00,450.2
2020-05-16 05:30:00,452.3
2020-05-16 05:40:00,457.5
2020-05-16 05:50:00,462.1
2020-05-16 06:00:00,461.0
2020-05-16 06:10:00,455.2
2020-05-16 06:20:00,454.4
2020-05-16 06:30:00,459.0
2020-05-16 06:40:00,456.0
2020-05-16 06:50:00,453.3
2020-05-16 07:00:00,453.5
2020-05-16 07:10:00,451.5
2020-05-16 07:20:00,448.5
2020-05-16 07:30:00,443.3
2020-05-16 07:40:00,441.5
2020-05-16 07:50:00,438.9
2020-05-16 08:00:00,434.3
2020-05-16 08:10:00,431.3
2020-05-16 08:20:00,429.0
2020-05-16 08:30:00,426.2
2020-05-16 08:40:00,421.5
2020-05-16 08:50:00,418.8
2020-05-16 09:00:00,416.9
2020-05-16 09:10:00,417.1
2020-05-16 09:20:00,416.8
2020-05-16 09:30:00,416.1
2020-05-16 09:40:00,415.6
2020-05-16 09:50:00,415.4
2020-05-16 10:00:00,414.4
2020-05-16 10:10:00,413.8
2020-05-16 10:20:00,412.6
2020-05-16 10:30:00,411.7
2020-05-16 10:40:00,411.7
2020-05-16 10:50:00,411.4
2020-05-16 11:00:00,411.3
2020-05-16 11:10:00,410.9
2020-05-16 11:20:00,411.0
2020-05-16 11:30:00,411.2
2020-05-16 11:40:00,411.0
2020-05-16 11:50:00,410.8
2020-05-16 12:00:00,410.5
2020-05-16 12:10:00,410.5
2020-05-16 12:20:00,410.2
2020-05-16 12:30:00,409.6
2020-05-16 12:40:00,410.1
2020-05-16 12:50:00,409.8
2020-05-16 13:00:00,409.7
2020-05-16 13:10:00,409.4
2020-05-16 13:20:00,409.7
2020-05-16 13:30:00,409.3
2020-05-16 13:40:00,408.9
2020-05-16 13:50:00,409.0
2020-05-16 14:00:00,409.1
2020-05-16 14:10:00,408.8
2020-05-16 14:20:00,408.4
2020-05-16 14:30:00,408.4
2020-05-16 14:40:00,408.1
2020-05-16 14:50:00,408.4
2020-05-16 15:00:00,408.4
2020-05-16 15:10:00,407.9
2020-05-16 15:20:00,407.9
2020-05-16 15:30:00,408.0
2020-05-16 15:40:00,407.9
2020-05-16 15:50:00,408.1
2020-05-16 16:00:00,408.2
2020-05-16 16:10:00,408.1
2020-05-16 16:20:00,408.5
2020-05-16 16:30:00,408.4
2020-05-16 16:40:00,408.6
2020-05-16 16:50:00,408.6
2020-05-16 17:00:00,408.8
2020-05-16 17:10:00,408.9
2020-05-16 17:20:00,408.9
2020-05-16 17:30:00,409.2
2020-05-16 17:40:00,409.1
2020-05-16 17:50:00,409.1
2020-05-16 18:00:00,408.9
2020-05-16 18:10:00,408.8
2020-05-16 18:20:00,408.9
2020-05-16 18:30:00,408.9
2020-05-16 18:40:00,409.2
2020-05-16 18:50:00,409.5
2020-05-16 19:00:00,409.9
2020-05-16 19:10:00,411.4
2020-05-16 19:20:00,411.1
2020-05-16 19:30:00,410.6
2020-05-16 19:40:00,411.3
2020-05-16 19:50:00,412.2
2020-05-16 20:00:00,413.1
2020-05-16 20:10:00,414.0
2020-05-16 20:20:00,413.8
2020-05-16 20:30:00,412.6
2020-05-16 20:40:00,412.5
2020-05-16 20:50:00,413.1
2020-05-16 21:00:00,413.9
2020-05-16 21:10:00,416.5
2020-05-16 21:20:00,413.5
2020-05-16 21:30:00,419.7
2020-05-16 21:40:00,418.8
2020-05-16 21:50:00,427.6
2020-05-16 22:00:00,430.0
2020-05-16 22:10:00,424.6
2020-05-16 22:20:00,417.5
2020-05-16 22:30:00,422.7
2020-05-16 22:40:00,431.6
2020-05-16 22:50:00,432.9
2020-05-16 23:00:00,430.0
2020-05-16 23:10:00,423.4
2020-05-16 23:20:00,424.8
2020-05-16 23:30:00,426.8
2020-05-16 23:40:00,430.1
2020-05-16 23:50:00,434.2
2020-05-17 00:00:00,438.1
2020-05-17 00:10:00,435.7
2020-05-17 00:20:00,432.6
2020-05-17 00:30:00,437.8
2020-05-17 00:40:00,434.0
2020-05-17 00:50:00,437.4
2020-05-17 01:00:00,432.9
2020-05-17 01:10:00,438.3
2020-05-17 01:20:00,438.2
2020-05-17 01:30:00,444.5
2020-05-17 01:40:00,443.6
2020-05-17 01:50:00,446.3
2020-05-17 02:00:00,447.1
2020-05-17 02:10:00,450.9
2020-05-17 02:20:00,450.9
2020-05-17 02:30:00,446.4
2020-05-17 02:40:00,440.8
2020-05-17 02:50:00,441.0
2020-05-17 03:00:00,443.1
2020-05-17 03:10:00,447.3
2020-05-17 03:20:00,458.5
2020-05-17 03:30:00,459.3
2020-05-17 03:40:00,458.8
2020-05-17 03:50:00,463.8
2020-05-17 04:00:00,464.5
2020-05-17 04:10:00,463.4
2020-05-17 04:20:00,461.4
2020-05-17 04:30:00,460.1
2020-05-17 04:40:00,452.7
2020-05-17 04:50:00,442.1
2020-05-17 05:00:00,445.3
2020-05-17 05:10:00,457.5
2020-05-17 05:20:00,456.8
2020-05-17 05:30:00,456.9
2020-05-17 05:40:00,463.3
2020-05-17 05:50:00,461.7
2020-05-17 06:00:00,464.4
2020-05-17 06:10:00,468.4
2020-05-17 06:20:00,464.7
2020-05-17 06:30:00,464.6
2020-05-17 06:40:00,466.7
2020-05-17 06:50:00,466.5
2020-05-17 07:00:00,466.9
2020-05-17 07:10:00,469.4
2020-05-17 07:20:00,467.6
2020-05-17 07:30:00,460.4
2020-05-17 07:40:00,444.2
2020-05-17 07:50:00,437.7
2020-05-17 08:00:00,422.4
2020-05-17 08:10:00,421.7
2020-05-17 08:20:00,421.6
2020-05-17 08:30:00,421.0
2020-05-17 08:40:00,420.0
2020-05-17 08:50:00,419.6
2020-05-17 09:00:00,418.4
2020-05-17 09:10:00,418.9
2020-05-17 09:20:00,418.8
2020-05-17 09:30:00,414.9
2020-05-17 09:40:00,414.1
2020-05-17 09:50:00,413.1
2020-05-17 10:00:00,413.0
2020-05-17 10:10:00,413.1
2020-05-17 10:20:00,412.7
2020-05-17 10:30:00,412.6
2020-05-17 10:40:00,412.9
2020-05-17 10:50:00,413.9
2020-05-17 11:00:00,413.8
2020-05-17 11:10:00,413.6
2020-05-17 11:20:00,412.7
2020-05-17 11:30:00,411.7
2020-05-17 11:40:00,411.2
2020-05-17 11:50:00,410.7
2020-05-17 12:00:00,411.1
2020-05-17 12:10:00,410.0
2020-05-17 12:20:00,409.4
2020-05-17 12:30:00,410.1
2020-05-17 12:40:00,409.7
2020-05-17 12:50:00,410.0
2020-05-17 13:00:00,410.3
2020-05-17 13:10:00,410.2
2020-05-17 13:20:00,410.0
2020-05-17 13:30:00,410.2
2020-05-17 13:40:00,410.0
2020-05-17 13:50:00,410.1
2020-05-17 14:00:00,410.6
2020-05-17 14:10:00,410.4
2020-05-17 14:20:00,410.3
2020-05-17 14:30:00,410.5
2020-05-17 14:40:00,410.3
2020-05-17 14:50:00,409.8
2020-05-17 15:00:00,409.6
2020-05-17 15:10:00,409.8
2020-05-17 15:20:00,409.6
2020-05-17 15:30:00,409.6
2020-05-17 15:40:00,410.1
2020-05-17 15:50:00,409.4
2020-05-17 16:00:00,409.1
2020-05-17 16:10:00,409.0
2020-05-17 16:20:00,409.0
2020-05-17 16:30:00,408.9
2020-05-17 16:40:00,408.7
2020-05-17 16:50:00,408.7
2020-05-17 17:00:00,409.2
2020-05-17 17:10:00,409.1
2020-05-17 17:20:00,409.0
2020-05-17 17:30:00,409.2
2020-05-17 17:40:00,409.1
2020-05-17 17:50:00,409.3
2020-05-17 18:00:00,409.4
2020-05-17 18:10:00,409.4
2020-05-17 18:20:00,409.3
2020-05-17 18:30:00,409.5
2020-05-17 18:40:00,409.6
2020-05-17 18:50:00,409.5
2020-05-17 19:00:00,409.5
2020-05-17 19:10:00,410.0
2020-05-17 19:20:00,409.5
2020-05-17 19:30:00,409.7
2020-05-17 19:40:00,410.0
2020-05-17 19:50:00,410.1
2020-05-17 20:00:00,410.0
2020-05-17 20:10:00,410.0
2020-05-17 20:20:00,410.1
2020-05-17 20:30:00,410.5
2020-05-17 20:40:00,413.9
2020-05-17 20:50:00,418.5
2020-05-17 21:00:00,419.2
2020-05-17 21:10:00,421.7
2020-05-17 21:20:00,420.9
2020-05-17 21:30:00,425.3
2020-05-17 21:40:00,427.6
2020-05-17 21:50:00,427.8
2020-05-17 22:00:00,423.0
2020-05-17 22:10:00,422.5
2020-05-17 22:20:00,423.4
2020-05-17 22:30:00,424.8
2020-05-17 22:40:00,423.8
2020-05-17 22:50:00,423.7
2020-05-17 23:00:00,425.7
2020-05-17 23:10:00,429.6
2020-05-17 23:20:00,432.9
2020-05-17 23:30:00,432.0
2020-05-17 23:40:00,430.9
2020-05-17 23:50:00,429.4
2020-05-18 00:00:00,429.8
2020-05-18 00:10:00,431.8
2020-05-18 00:20:00,430.5
2020-05-18 00:30:00,431.2
2020-05-18 00:40:00,437.7
2020-05-18 00:50:00,435.6
2020-05-18 01:00:00,439.0
2020-05-18 01:10:00,442.7
2020-05-18 01:20:00,449.0
2020-05-18 01:30:00,451.2
2020-05-18 01:40:00,445.9
2020-05-18 01:50:00,447.1
2020-05-18 02:00:00,446.1
2020-05-18 02:10:00,450.1
2020-05-18 02:20:00,456.2
2020-05-18 02:30:00,457.8
2020-05-18 02:40:00,459.6
2020-05-18 02:50:00,459.6
2020-05-18 03:00:00,456.6
2020-05-18 03:10:00,459.1
2020-05-18 03:20:00,462.9
2020-05-18 03:30:00,463.2
2020-05-18 03:40:00,467.4
2020-05-18 03:50:00,469.9
2020-05-18 04:00:00,469.4
2020-05-18 04:10:00,469.8
2020-05-18 04:20:00,469.4
2020-05-18 04:30:00,468.0
2020-05-18 04:40:00,468.0
2020-05-18 04:50:00,468.9
2020-05-18 05:00:00,466.7
2020-05-18 05:10:00,463.5
2020-05-18 05:20:00,460.9
2020-05-18 05:30:00,460.8
2020-05-18 05:40:00,466.1
2020-05-18 05:50:00,465.8
2020-05-18 06:00:00,468.2
2020-05-18 06:10:00,475.4
2020-05-18 06:20:00,473.6
2020-05-18 06:30:00,476.7
2020-05-18 06:40:00,475.5
2020-05-18 06:50:00,470.1
2020-05-18 07:00:00,466.4
2020-05-18 07:10:00,464.4
2020-05-18 07:20:00,459.6
2020-05-18 07:30:00,460.8
2020-05-18 07:40:00,455.7
2020-05-18 07:50:00,451.3
2020-05-18 08:00:00,448.4
2020-05-18 08:10:00,444.4
2020-05-18 08:20:00,442.7
2020-05-18 08:30:00,444.6
2020-05-18 08:40:00,445.2
2020-05-18 08:50:00,433.2
2020-05-18 09:00:00,428.5
2020-05-18 09:10:00,426.0
2020-05-18 09:20:00,423.1
2020-05-18 09:30:00,419.9
2020-05-18 09:40:00,419.4
2020-05-18 09:50:00,411.6
2020-05-18 10:00:00,409.7
2020-05-18 10:10:00,409.7
2020-05-18 10:20:00,409.8
2020-05-18 10:30:00,409.5
2020-05-18 10:40:00,409.8
2020-05-18 10:50:00,409.2
2020-05-18 11:00:00,408.9
2020-05-18 11:10:00,408.7
2020-05-18 11:20:00,408.1
2020-05-18 11:30:00,408.0
2020-05-18 11:40:00,408.3
2020-05-18 11:50:00,408.4
2020-05-18 12:00:00,408.6
2020-05-18 12:10:00,408.6
2020-05-18 12:20:00,408.4
2020-05-18 12:30:00,408.2
2020-05-18 12:40:00,407.7
2020-05-18 12:50:00,407.3
2020-05-18 13:00:00,406.9
2020-05-18 13:10:00,407.2
2020-05-18 13:20:00,406.9
2020-05-18 13:30:00,406.4
2020-05-18 13:40:00,406.0
2020-05-18 13:50:00,406.1
2020-05-18 14:00:00,406.7
2020-05-18 14:10:00,405.4
2020-05-18 14:20:00,405.0
2020-05-18 14:30:00,404.6
2020-05-18 14:40:00,404.7
2020-05-18 14:50:00,405.0
2020-05-18 15:00:00,404.8
2020-05-18 15:10:00,404.7
2020-05-18 15:20:00,405.0
2020-05-18 15:30:00,405.1
2020-05-18 15:40:00,404.5
2020-05-18 15:50:00,404.0
2020-05-18 16:00:00,404.9
2020-05-18 16:10:00,404.7
2020-05-18 16:20:00,404.6
2020-05-18 16:30:00,405.1
2020-05-18 16:40:00,405.6
2020-05-18 16:50:00,406.2
2020-05-18 17:00:00,406.2
2020-05-18 17:10:00,406.4
2020-05-18 17:20:00,406.3
2020-05-18 17:30:00,406.0
2020-05-18 17:40:00,405.9
2020-05-18 17:50:00,405.7
2020-05-18 18:00:00,405.4
2020-05-18 18:10:00,405.3
2020-05-18 18:20:00,405.6
2020-05-18 18:30:00,405.8
2020-05-18 18:40:00,406.2
2020-05-18 18:50:00,406.4
2020-05-18 19:00:00,406.6
2020-05-18 19:10:00,406.8
2020-05-18 19:20:00,407.3
2020-05-18 19:30:00,407.9
2020-05-18 19:40:00,408.1
2020-05-18 19:50:00,408.0
2020-05-18 20:00:00,408.6
2020-05-18 20:10:00,409.0
2020-05-18 20:20:00,409.4
2020-05-18 20:30:00,409.8
2020-05-18 20:40:00,410.6
2020-05-18 20:50:00,411.7
2020-05-18 21:00:00,412.2
2020-05-18 21:10:00,412.6
2020-05-18 21:20:00,412.8
2020-05-18 21:30:00,413.1
2020-05-18 21:40:00,413.3
2020-05-18 21:50:00,413.8
2020-05-18 22:00:00,417.4
2020-05-18 22:10:00,419.9
2020-05-18 22:20:00,418.3
2020-05-18 22:30:00,416.1
2020-05-18 22:40:00,420.7
2020-05-18 22:50:00,419.4
2020-05-18 23:00:00,418.5
2020-05-18 23:10:00,428.0
2020-05-18 23:20:00,429.6
2020-05-18 23:30:00,429.7
2020-05-18 23:40:00,429.0
2020-05-18 23:50:00,430.2
2020-05-19 00:00:00,437.3
2020-05-19 00:10:00,442.0
2020-05-19 00:20:00,436.6
2020-05-19 00:30:00,436.7
2020-05-19 00:40:00,440.4
2020-05-19 00:50:00,449.8
2020-05-19 01:00:00,450.9
2020-05-19 01:10:00,454.9
2020-05-19 01:20:00,457.2
2020-05-19 01:30:00,463.3
2020-05-19 01:40:00,459.0
2020-05-19 01:50:00,453.9
2020-05-19 02:00:00,447.5
2020-05-19 02:10:00,451.3
2020-05-19 02:20:00,450.1
2020-05-19 02:30:00,444.8
2020-05-19 02:40:00,443.8
2020-05-19 02:50:00,445.2
2020-05-19 03:00:00,451.1
2020-05-19 03:10:00,453.9
2020-05-19 03:20:00,453.1
2020-05-19 03:30:00,456.2
2020-05-19 03:40:00,465.3
2020-05-19 03:50:00,467.8
2020-05-19 04:00:00,464.3
2020-05-19 04:10:00,458.6
2020-05-19 04:20:00,461.1
2020-05-19 04:30:00,467.7
2020-05-19 04:40:00,474.3
2020-05-19 04:50:00,472.8
2020-05-19 05:00:00,466.4
2020-05-19 05:10:00,471.2
2020-05-19 05:20:00,472.0
2020-05-19 05:30:00,475.7
2020-05-19 05:40:00,485.7
2020-05-19 05:50:00,489.7
2020-05-19 06:00:00,487.3
2020-05-19 06:10:00,485.9
2020-05-19 06:20:00,486.0
2020-05-19 06:30:00,484.0
2020-05-19 06:40:00,481.2
2020-05-19 06:50:00,477.8
2020-05-19 07:00:00,475.6
2020-05-19 07:10:00,470.2
2020-05-19 07:20:00,468.6
2020-05-19 07:30:00,466.5
2020-05-19 07:40:00,461.1
2020-05-19 07:50:00,456.3
2020-05-19 08:00:00,436.5
2020-05-19 08:10:00,418.5
2020-05-19 08:20:00,415.9
2020-05-19 08:30:00,414.7
2020-05-19 08:40:00,414.1
2020-05-19 08:50:00,413.7
2020-05-19 09:00:00,413.4
2020-05-19 09:10:00,413.0
2020-05-19 09:20:00,412.3
2020-05-19 09:30:00,412.4
2020-05-19 09:40:00,411.7
2020-05-19 09:50:00,411.7
2020-05-19 10:00:00,411.2
2020-05-19 10:10:00,411.4
2020-05-19 10:20:00,411.0
2020-05-19 10:30:00,410.4
2020-05-19 10:40:00,410.2
2020-05-19 10:50:00,410.3
2020-05-19 11:00:00,410.0
2020-05-19 11:10:00,409.6
2020-05-19 11:20:00,408.7
2020-05-19 11:30:00,408.8
2020-05-19 11:40:00,409.0
2020-05-19 11:50:00,407.8
2020-05-19 12:00:00,407.0
2020-05-19 12:10:00,407.4
2020-05-19 12:20:00,407.5
2020-05-19 12:30:00,406.9
2020-05-19 12:40:00,406.4
2020-05-19 12:50:00,406.2
2020-05-19 13:00:00,405.5
2020-05-19 13:10:00,404.9
2020-05-19 13:20:00,404.8
2020-05-19 13:30:00,404.7
2020-05-19 13:40:00,404.1
2020-05-19 13:50:00,404.1
2020-05-19 14:00:00,404.0
2020-05-19 14:10:00,404.0
2020-05-19 14:20:00,404.6
2020-05-19 14:30:00,405.3
2020-05-19 14:40:00,405.1
2020-05-19 14:50:00,405.4
2020-05-19 15:00:00,405.6
2020-05-19 15:10:00,405.4
2020-05-19 15:20:00,405.1
2020-05-19 15:30:00,405.2
2020-05-19 15:40:00,405.8
2020-05-19 15:50:00,405.0
2020-05-19 16:00:00,405.5
2020-05-19 16:10:00,405.9
2020-05-19 16:20:00,406.0
2020-05-19 16:30:00,406.0
2020-05-19 16:40:00,405.9
2020-05-19 16:50:00,406.3
2020-05-19 17:00:00,407.2
2020-05-19 17:10:00,407.4
2020-05-19 17:20:00,407.4
2020-05-19 17:30:00,407.4
2020-05-19 17:40:00,409.2
2020-05-19 17:50:00,409.1
2020-05-19 18:00:00,408.3
2020-05-19 18:10:00,408.4
2020-05-19 18:20:00,410.6
2020-05-19 18:30:00,409.9
2020-05-19 18:40:00,410.5
2020-05-19 18:50:00,411.7
2020-05-19 19:00:00,412.8
2020-05-19 19:10:00,412.4
2020-05-19 19:20:00,412.5
2020-05-19 19:30:00,412.3
2020-05-19 19:40:00,412.3
2020-05-19 19:50:00,413.5
2020-05-19 20:00:00,414.7
2020-05-19 20:10:00,414.7
2020-05-19 20:20:00,416.0
2020-05-19 20:30:00,416.0
2020-05-19 20:40:00,415.4
2020-05-19 20:50:00,416.0
2020-05-19 21:00:00,417.0
2020-05-19 21:10:00,417.5
2020-05-19 21:20:00,417.7
2020-05-19 21:30:00,417.8
2020-05-19 21:40:00,418.0
2020-05-19 21:50:00,417.6
2020-05-19 22:00:00,418.6
2020-05-19 22:10:00,419.5
2020-05-19 22:20:00,423.0
2020-05-19 22:30:00,428.5
2020-05-19 22:40:00,437.4
2020-05-19 22:50:00,437.9
2020-05-19 23:00:00,435.5
2020-05-19 23:10:00,434.8
2020-05-19 23:20:00,442.7
2020-05-19 23:30:00,442.0
2020-05-19 23:40:00,448.1
2020-05-19 23:50:00,444.9
2020-05-20 00:00:00,446.5
2020-05-20 00:10:00,442.2
2020-05-20 00:20:00,441.8
2020-05-20 00:30:00,441.7
2020-05-20 00:40:00,442.1
2020-05-20 00:50:00,445.5
2020-05-20 01:00:00,450.8
2020-05-20 01:10:00,451.9
2020-05-20 01:20:00,445.8
2020-05-20 01:30:00,440.6
2020-05-20 01:40:00,447.2
2020-05-20 01:50:00,457.2
2020-05-20 02:00:00,460.4
2020-05-20 02:10:00,458.0
2020-05-20 02:20:00,458.1
2020-05-20 02:30:00,460.1
2020-05-20 02:40:00,460.4
2020-05-20 02:50:00,460.7
2020-05-20 03:00:00,459.6
2020-05-20 03:10:00,462.3
2020-05-20 03:20:00,452.3
2020-05-20 03:30:00,445.5
2020-05-20 03:40:00,444.8
2020-05-20 03:50:00,439.5
2020-05-20 04:00:00,436.5
2020-05-20 04:10:00,435.2
2020-05-20 04:20:00,436.4
2020-05-20 04:30:00,434.4
2020-05-20 04:40:00,447.2
2020-05-20 04:50:00,441.9
2020-05-20 05:00:00,437.5
2020-05-20 05:10:00,437.4
2020-05-20 05:20:00,444.6
2020-05-20 05:30:00,448.5
2020-05-20 05:40:00,441.2
2020-05-20 05:50:00,439.7
2020-05-20 06:00:00,436.5
2020-05-20 06:10:00,433.0
2020-05-20 06:20:00,431.2
2020-05-20 06:30:00,426.8
2020-05-20 06:40:00,425.5
2020-05-20 06:50:00,425.3
2020-05-20 07:00:00,426.0
2020-05-20 07:10:00,426.3
2020-05-20 07:20:00,425.2
2020-05-20 07:30:00,425.8
2020-05-20 07:40:00,425.5
2020-05-20 07:50:00,425.5
2020-05-20 08:00:00,425.2
2020-05-20 08:10:00,426.2
2020-05-20 08:20:00,428.6
2020-05-20 08:30:00,428.8
2020-05-20 08:40:00,428.2
2020-05-20 08:50:00,428.5
2020-05-20 09:00:00,429.1
2020-05-20 09:10:00,428.6
2020-05-20 09:20:00,428.2
2020-05-20 09:30:00,426.9
2020-05-20 09:40:00,423.8
2020-05-20 09:50:00,424.1
2020-05-20 10:00:00,426.4
2020-05-20 10:10:00,425.7
2020-05-20 10:20:00,424.5
2020-05-20 10:30:00,422.7
2020-05-20 10:40:00,422.3
2020-05-20 10:50:00,424.7
2020-05-20 11:00:00,423.3
2020-05-20 11:10:00,423.5
2020-05-20 11:20:00,422.2
2020-05-20 11:30:00,421.6
2020-05-20 11:40:00,420.1
2020-05-20 11:50:00,418.6
2020-05-20 12:00:00,417.8
2020-05-20 12:10:00,416.8
2020-05-20 12:20:00,416.2
2020-05-20 12:30:00,414.3
2020-05-20 12:40:00,412.5
2020-05-20 12:50:00,411.5
2020-05-20 13:00:00,412.5
2020-05-20 13:10:00,412.2
2020-05-20 13:20:00,412.9
2020-05-20 13:30:00,413.1
2020-05-20 13:40:00,413.6
2020-05-20 13:50:00,413.2
2020-05-20 14:00:00,412.5
2020-05-20 14:10:00,413.1
2020-05-20 14:20:00,413.0
2020-05-20 14:30:00,412.7
2020-05-20 14:40:00,412.9
2020-05-20 14:50:00,412.9
2020-05-20 15:00:00,411.0
2020-05-20 15:10:00,408.9
2020-05-20 15:20:00,407.6
2020-05-20 15:30:00,408.3
2020-05-20 15:40:00,407.8
2020-05-20 15:50:00,408.0
2020-05-20 16:00:00,407.6
2020-05-20 16:10:00,407.2
2020-05-20 16:20:00,407.7
2020-05-20 16:30:00,407.9
2020-05-20 16:40:00,408.9
2020-05-20 16:50:00,409.4
2020-05-20 17:00:00,409.3
2020-05-20 17:10:00,409.3
2020-05-20 17:20:00,409.4
2020-05-20 17:30:00,410.6
2020-05-20 17:40:00,411.1
2020-05-20 17:50:00,410.0
2020-05-20 18:00:00,409.8
2020-05-20 18:10:00,409.6
2020-05-20 18:20:00,409.1
2020-05-20 18:30:00,409.5
2020-05-20 18:40:00,409.6
2020-05-20 18:50:00,409.6
2020-05-20 19:00:00,409.6
2020-05-20 19:10:00,409.9
2020-05-20 19:20:00,409.9
2020-05-20 19:30:00,410.0
2020-05-20 19:40:00,409.8
2020-05-20 19:50:00,409.5
2020-05-20 20:00:00,409.6
2020-05-20 20:10:00,410.0
2020-05-20 20:20:00,409.7
2020-05-20 20:30:00,411.0
2020-05-20 20:40:00,410.6
2020-05-20 20:50:00,412.0
2020-05-20 21:00:00,411.5
2020-05-20 21:10:00,413.3
2020-05-20 21:20:00,416.1
2020-05-20 21:30:00,424.6
2020-05-20 21:40:00,425.7
2020-05-20 21:50:00,426.2
2020-05-20 22:00:00,422.6
2020-05-20 22:10:00,423.8
2020-05-20 22:20:00,426.8
2020-05-20 22:30:00,420.4
2020-05-20 22:40:00,437.5
2020-05-20 22:50:00,434.9
2020-05-20 23:00:00,425.7
2020-05-20 23:10:00,420.7
2020-05-20 23:20:00,436.5
2020-05-20 23:30:00,438.0
2020-05-20 23:40:00,439.6
2020-05-20 23:50:00,439.0
2020-05-21 00:00:00,435.2
2020-05-21 00:10:00,436.4
2020-05-21 00:20:00,447.0
2020-05-21 00:30:00,446.6
2020-05-21 00:40:00,451.5
2020-05-21 00:50:00,439.9
2020-05-21 01:00:00,435.1
2020-05-21 01:10:00,435.8
2020-05-21 01:20:00,433.0
2020-05-21 01:30:00,429.9
2020-05-21 01:40:00,430.0
2020-05-21 01:50:00,431.0
2020-05-21 02:00:00,430.2
2020-05-21 02:10:00,432.9
2020-05-21 02:20:00,436.5
2020-05-21 02:30:00,444.4
2020-05-21 02:40:00,442.7
2020-05-21 02:50:00,440.3
2020-05-21 03:00:00,437.4
2020-05-21 03:10:00,442.2
2020-05-21 03:20:00,449.9
2020-05-21 03:30:00,449.5
2020-05-21 03:40:00,445.9
2020-05-21 03:50:00,439.5
2020-05-21 04:00:00,446.3
2020-05-21 04:10:00,447.5
2020-05-21 04:20:00,448.1
2020-05-21 04:30:00,452.4
2020-05-21 04:40:00,453.0
2020-05-21 04:50:00,452.8
2020-05-21 05:00:00,451.7
2020-05-21 05:10:00,454.0
2020-05-21 05:20:00,462.6
2020-05-21 05:30:00,477.5
2020-05-21 05:40:00,482.3
2020-05-21 05:50:00,481.4
2020-05-21 06:00:00,480.4
2020-05-21 06:10:00,477.1
2020-05-21 06:20:00,477.5
2020-05-21 06:30:00,474.6
2020-05-21 06:40:00,474.2
2020-05-21 06:50:00,472.5
2020-05-21 07:00:00,470.5
2020-05-21 07:10:00,468.0
2020-05-21 07:20:00,466.0
2020-05-21 07:30:00,463.7
2020-05-21 07:40:00,459.1
2020-05-21 07:50:00,452.8
2020-05-21 08:00:00,441.1
2020-05-21 08:10:00,443.2
2020-05-21 08:20:00,439.3
2020-05-21 08:30:00,436.5
2020-05-21 08:40:00,434.4
2020-05-21 08:50:00,433.6
2020-05-21 09:00:00,427.2
2020-05-21 09:10:00,424.7
2020-05-21 09:20:00,416.3
2020-05-21 09:30:00,411.3
2020-05-21 09:40:00,411.6
2020-05-21 09:50:00,410.6
2020-05-21 10:00:00,410.5
2020-05-21 10:10:00,410.1
2020-05-21 10:20:00,410.1
2020-05-21 10:30:00,409.8
2020-05-21 10:40:00,409.8
2020-05-21 10:50:00,409.8
2020-05-21 11:00:00,409.4
2020-05-21 11:10:00,408.9
2020-05-21 11:20:00,408.5
2020-05-21 11:30:00,408.2
2020-05-21 11:40:00,408.4
2020-05-21 11:50:00,408.9
2020-05-21 12:00:00,408.4
2020-05-21 12:10:00,408.5
2020-05-21 12:20:00,408.0
2020-05-21 12:30:00,408.1
2020-05-21 12:40:00,407.8
2020-05-21 12:50:00,408.1
2020-05-21 13:00:00,408.3
2020-05-21 13:10:00,409.3
2020-05-21 13:20:00,409.5
2020-05-21 13:30:00,409.7
2020-05-21 13:40:00,409.5
2020-05-21 13:50:00,409.3
2020-05-21 14:00:00,408.8
2020-05-21 14:10:00,408.3
2020-05-21 14:20:00,408.3
2020-05-21 14:30:00,408.1
2020-05-21 14:40:00,407.9
2020-05-21 14:50:00,408.3
2020-05-21 15:00:00,408.0
2020-05-21 15:10:00,407.8
2020-05-21 15:20:00,407.9
2020-05-21 15:30:00,407.8
2020-05-21 15:40:00,407.8
2020-05-21 15:50:00,407.6
2020-05-21 16:00:00,408.5
2020-05-21 16:10:00,409.1
2020-05-21 16:20:00,409.3
2020-05-21 16:30:00,409.2
2020-05-21 16:40:00,408.9
2020-05-21 16:50:00,409.5
2020-05-21 17:00:00,409.5
2020-05-21 17:10:00,409.4
2020-05-21 17:20:00,409.4
2020-05-21 17:30:00,409.3
2020-05-21 17:40:00,409.4
2020-05-21 17:50:00,409.2
2020-05-21 18:00:00,409.2
2020-05-21 18:10:00,409.6
2020-05-21 18:20:00,409.4
2020-05-21 18:30:00,409.4
2020-05-21 18:40:00,409.6
2020-05-21 18:50:00,409.7
2020-05-21 19:00:00,409.7
2020-05-21 19:10:00,410.4
2020-05-21 19:20:00,410.8
2020-05-21 19:30:00,411.0
2020-05-21 19:40:00,411.5
2020-05-21 19:50:00,412.3
2020-05-21 20:00:00,413.6
2020-05-21 20:10:00,413.9
2020-05-21 20:20:00,414.1
2020-05-21 20:30:00,413.7
2020-05-21 20:40:00,414.0
2020-05-21 20:50:00,415.5
2020-05-21 21:00:00,416.0
2020-05-21 21:10:00,417.2
2020-05-21 21:20:00,418.3
2020-05-21 21:30:00,423.7
2020-05-21 21:40:00,427.1
2020-05-21 21:50:00,428.7
2020-05-21 22:00:00,428.6
2020-05-21 22:10:00,421.1
2020-05-21 22:20:00,422.0
2020-05-21 22:30:00,422.3
2020-05-21 22:40:00,422.9
2020-05-21 22:50:00,423.9
2020-05-21 23:00:00,428.3
2020-05-21 23:10:00,431.0
2020-05-21 23:20:00,432.7
2020-05-21 23:30:00,431.3
2020-05-21 23:40:00,431.0
2020-05-21 23:50:00,434.1
2020-05-22 00:00:00,436.5
2020-05-22 00:10:00,436.6
2020-05-22 00:20:00,439.3
2020-05-22 00:30:00,438.0
2020-05-22 00:40:00,438.7
2020-05-22 00:50:00,446.8
2020-05-22 01:00:00,438.9
2020-05-22 01:10:00,444.2
2020-05-22 01:20:00,441.3
2020-05-22 01:30:00,443.9
2020-05-22 01:40:00,445.1
2020-05-22 01:50:00,448.5
2020-05-22 02:00:00,452.8
2020-05-22 02:10:00,454.0
2020-05-22 02:20:00,448.3
2020-05-22 02:30:00,446.7
2020-05-22 02:40:00,444.6
2020-05-22 02:50:00,447.3
2020-05-22 03:00:00,448.8
2020-05-22 03:10:00,450.5
2020-05-22 03:20:00,453.6
2020-05-22 03:30:00,446.1
2020-05-22 03:40:00,453.6
2020-05-22 03:50:00,447.3
2020-05-22 04:00:00,453.9
2020-05-22 04:10:00,449.0
2020-05-22 04:20:00,444.3
2020-05-22 04:30:00,449.2
2020-05-22 04:40:00,448.3
2020-05-22 04:50:00,449.6
2020-05-22 05:00:00,448.7
2020-05-22 05:10:00,464.1
2020-05-22 05:20:00,463.0
2020-05-22 05:30:00,457.4
2020-05-22 05:40:00,459.5
2020-05-22 05:50:00,471.9
2020-05-22 06:00:00,465.4
2020-05-22 06:10:00,470.3
2020-05-22 06:20:00,470.6
2020-05-22 06:30:00,468.1
2020-05-22 06:40:00,460.5
2020-05-22 06:50:00,455.2
2020-05-22 07:00:00,451.3
2020-05-22 07:10:00,451.0
2020-05-22 07:20:00,446.7
2020-05-22 07:30:00,445.0
2020-05-22 07:40:00,444.3
2020-05-22 07:50:00,443.2
2020-05-22 08:00:00,441.0
2020-05-22 08:10:00,437.0
2020-05-22 08:20:00,434.4
2020-05-22 08:30:00,432.4
2020-05-22 08:40:00,430.4
2020-05-22 08:50:00,427.7
2020-05-22 09:00:00,426.3
2020-05-22 09:10:00,423.2
2020-05-22 09:20:00,420.2
2020-05-22 09:30:00,417.3
2020-05-22 09:40:00,415.7
2020-05-22 09:50:00,413.1
2020-05-22 10:00:00,412.4
2020-05-22 10:10:00,410.2
2020-05-22 10:20:00,408.0
2020-05-22 10:30:00,406.1
2020-05-22 10:40:00,404.7
2020-05-22 10:50:00,404.3
2020-05-22 11:00:00,402.7
2020-05-22 11:10:00,402.1
2020-05-22 11:20:00,401.5
2020-05-22 11:30:00,401.1
2020-05-22 11:40:00,401.9
2020-05-22 11:50:00,400.5
2020-05-22 12:00:00,399.8
2020-05-22 12:10:00,399.7
2020-05-22 12:20:00,400.9
2020-05-22 12:30:00,401.2
2020-05-22 12:40:00,400.9
2020-05-22 12:50:00,401.2
2020-05-22 13:00:00,401.2
2020-05-22 13:10:00,400.0
2020-05-22 13:20:00,400.3
2020-05-22 13:30:00,400.4
2020-05-22 13:40:00,399.6
2020-05-22 13:50:00,398.9
2020-05-22 14:00:00,397.9
2020-05-22 14:10:00,397.1
2020-05-22 14:20:00,397.7
2020-05-22 14:30:00,396.3
2020-05-22 14:40:00,395.8
2020-05-22 14:50:00,397.8
2020-05-22 15:00:00,396.4
2020-05-22 15:10:00,397.0
2020-05-22 15:20:00,396.9
2020-05-22 15:30:00,398.5
2020-05-22 15:40:00,400.0
2020-05-22 15:50:00,399.4
2020-05-22 16:00:00,396.1
2020-05-22 16:10:00,393.9
2020-05-22 16:20:00,394.1
2020-05-22 16:30:00,394.4
2020-05-22 16:40:00,400.6
2020-05-22 16:50:00,403.6
2020-05-22 17:00:00,403.5
2020-05-22 17:10:00,401.4
2020-05-22 17:20:00,400.2
2020-05-22 17:30:00,400.5
2020-05-22 17:40:00,402.9
2020-05-22 17:50:00,405.7
2020-05-22 18:00:00,407.5
2020-05-22 18:10:00,408.7
2020-05-22 18:20:00,409.9
2020-05-22 18:30:00,409.9
2020-05-22 18:40:00,410.3
2020-05-22 18:50:00,411.5
2020-05-22 19:00:00,412.2
2020-05-22 19:10:00,413.4
2020-05-22 19:20:00,414.5
2020-05-22 19:30:00,415.8
2020-05-22 19:40:00,417.2
2020-05-22 19:50:00,417.6
2020-05-22 20:00:00,418.3
2020-05-22 20:10:00,420.1
2020-05-22 20:20:00,420.6
2020-05-22 20:30:00,419.4
2020-05-22 20:40:00,419.1
2020-05-22 20:50:00,419.0
2020-05-22 21:00:00,420.6
2020-05-22 21:10:00,421.1
2020-05-22 21:20:00,423.8
2020-05-22 21:30:00,427.5
2020-05-22 21:40:00,430.7
2020-05-22 21:50:00,429.5
2020-05-22 22:00:00,428.9
2020-05-22 22:10:00,431.5
2020-05-22 22:20:00,432.6
2020-05-22 22:30:00,433.8
2020-05-22 22:40:00,436.6
2020-05-22 22:50:00,435.9
2020-05-22 23:00:00,435.0
2020-05-22 23:10:00,436.8
2020-05-22 23:20:00,443.9
2020-05-22 23:30:00,442.8
2020-05-22 23:40:00,448.2
2020-05-22 23:50:00,446.2
2020-05-23 00:00:00,444.4
2020-05-23 00:10:00,447.3
2020-05-23 00:20:00,449.0
2020-05-23 00:30:00,449.4
2020-05-23 00:40:00,447.7
2020-05-23 00:50:00,445.3
2020-05-23 01:00:00,445.4
2020-05-23 01:10:00,448.0
2020-05-23 01:20:00,453.5
2020-05-23 01:30:00,457.8
2020-05-23 01:40:00,461.3
2020-05-23 01:50:00,460.8
2020-05-23 02:00:00,462.4
2020-05-23 02:10:00,464.1
2020-05-23 02:20:00,467.2
2020-05-23 02:30:00,470.0
2020-05-23 02:40:00,474.6
2020-05-23 02:50:00,448.1
2020-05-23 03:00:00,429.2
2020-05-23 03:10:00,431.2
2020-05-23 03:20:00,428.4
2020-05-23 03:30:00,428.7
2020-05-23 03:40:00,429.7
2020-05-23 03:50:00,430.3
2020-05-23 04:00:00,429.2
2020-05-23 04:10:00,427.8
2020-05-23 04:20:00,427.0
2020-05-23 04:30:00,425.6
2020-05-23 04:40:00,424.7
2020-05-23 04:50:00,424.8
2020-05-23 05:00:00,425.7
2020-05-23 05:10:00,426.0
2020-05-23 05:20:00,427.7
2020-05-23 05:30:00,428.0
2020-05-23 05:40:00,431.5
2020-05-23 05:50:00,429.7
2020-05-23 06:00:00,430.3
2020-05-23 06:10:00,433.4
2020-05-23 06:20:00,434.1
2020-05-23 06:30:00,431.7
2020-05-23 06:40:00,431.3
2020-05-23 06:50:00,431.9
2020-05-23 07:00:00,431.6
2020-05-23 07:10:00,433.2
2020-05-23 07:20:00,433.4
2020-05-23 07:30:00,432.5
2020-05-23 07:40:00,432.0
2020-05-23 07:50:00,431.5
2020-05-23 08:00:00,432.4
2020-05-23 08:10:00,430.1
2020-05-23 08:20:00,427.3
2020-05-23 08:30:00,420.3
2020-05-23 08:40:00,415.6
2020-05-23 08:50:00,414.7
2020-05-23 09:00:00,413.3
2020-05-23 09:10:00,414.4
2020-05-23 09:20:00,414.2
2020-05-23 09:30:00,412.9
2020-05-23 09:40:00,412.6
2020-05-23 09:50:00,411.7
2020-05-23 10:00:00,410.8
2020-05-23 10:10:00,411.4
2020-05-23 10:20:00,411.6
2020-05-23 10:30:00,411.9
2020-05-23 10:40:00,411.3
2020-05-23 10:50:00,410.9
2020-05-23 11:00:00,411.2
2020-05-23 11:10:00,410.4
2020-05-23 11:20:00,410.9
2020-05-23 11:30:00,410.9
2020-05-23 11:40:00,412.3
2020-05-23 11:50:00,412.9
2020-05-23 12:00:00,413.2
2020-05-23 12:10:00,412.9
2020-05-23 12:20:00,414.3
2020-05-23 12:30:00,413.7
2020-05-23 12:40:00,412.5
2020-05-23 12:50:00,411.4
2020-05-23 13:00:00,410.7
2020-05-23 13:10:00,410.3
2020-05-23 13:20:00,409.9
2020-05-23 13:30:00,409.7
2020-05-23 13:40:00,409.5
2020-05-23 13:50:00,409.8
2020-05-23 14:00:00,409.6
2020-05-23 14:10:00,409.6
2020-05-23 14:20:00,409.9
2020-05-23 14:30:00,410.9
2020-05-23 14:40:00,410.3
2020-05-23 14:50:00,410.9
2020-05-23 15:00:00,410.8
2020-05-23 15:10:00,410.3
2020-05-23 15:20:00,409.7
2020-05-23 15:30:00,409.1
2020-05-23 15:40:00,409.0
2020-05-23 15:50:00,409.0
2020-05-23 16:00:00,410.3
2020-05-23 16:10:00,410.5
2020-05-23 16:20:00,409.9
2020-05-23 16:30:00,409.2
2020-05-23 16:40:00,409.3
2020-05-23 16:50:00,408.8
2020-05-23 17:00:00,409.2
2020-05-23 17:10:00,409.3
2020-05-23 17:20:00,409.6
2020-05-23 17:30:00,409.8
2020-05-23 17:40:00,410.1
2020-05-23 17:50:00,410.2
2020-05-23 18:00:00,410.1
2020-05-23 18:10:00,410.4
2020-05-23 18:20:00,410.8
2020-05-23 18:30:00,410.9
2020-05-23 18:40:00,410.9
2020-05-23 18:50:00,410.9
2020-05-23 19:00:00,411.3
2020-05-23 19:10:00,411.5
2020-05-23 19:20:00,411.7
2020-05-23 19:30:00,411.9
2020-05-23 19:40:00,412.4
2020-05-23 19:50:00,412.7
2020-05-23 20:00:00,413.4
2020-05-23 20:10:00,414.1
2020-05-23 20:20:00,415.0
2020-05-23 20:30:00,415.0
2020-05-23 20:40:00,415.6
2020-05-23 20:50:00,415.9
2020-05-23 21:00:00,416.6
2020-05-23 21:10:00,417.4
2020-05-23 21:20:00,417.3
2020-05-23 21:30:00,418.4
2020-05-23 21:40:00,418.7
2020-05-23 21:50:00,418.7
2020-05-23 22:00:00,418.3
2020-05-23 22:10:00,418.2
2020-05-23 22:20:00,418.6
2020-05-23 22:30:00,418.2
2020-05-23 22:40:00,417.6
2020-05-23 22:50:00,417.4
2020-05-23 23:00:00,417.7
2020-05-23 23:10:00,418.6
2020-05-23 23:20:00,419.1
2020-05-23 23:30:00,419.8
2020-05-23 23:40:00,419.9
2020-05-23 23:50:00,419.8
2020-05-24 00:00:00,418.4
2020-05-24 00:10:00,418.7
2020-05-24 00:20:00,419.7
2020-05-24 00:30:00,419.6
2020-05-24 00:40:00,419.7
2020-05-24 00:50:00,419.8
2020-05-24 01:00:00,419.3
2020-05-24 01:10:00,418.9
2020-05-24 01:20:00,418.0
2020-05-24 01:30:00,421.1
2020-05-24 01:40:00,419.0
2020-05-24 01:50:00,418.6
2020-05-24 02:00:00,419.4
2020-05-24 02:10:00,420.5
2020-05-24 02:20:00,421.6
2020-05-24 02:30:00,422.3
2020-05-24 02:40:00,422.1
2020-05-24 02:50:00,423.7
2020-05-24 03:00:00,425.3
2020-05-24 03:10:00,426.7
2020-05-24 03:20:00,429.9
2020-05-24 03:30:00,433.1
2020-05-24 03:40:00,434.7
2020-05-24 03:50:00,435.5
2020-05-24 04:00:00,435.4
2020-05-24 04:10:00,435.1
2020-05-24 04:20:00,438.0
2020-05-24 04:30:00,439.7
2020-05-24 04:40:00,438.8
2020-05-24 04:50:00,438.3
2020-05-24 05:00:00,439.0
2020-05-24 05:10:00,438.5
2020-05-24 05:20:00,438.7
2020-05-24 05:30:00,437.8
2020-05-24 05:40:00,438.0
2020-05-24 05:50:00,436.1
2020-05-24 06:00:00,436.1
2020-05-24 06:10:00,435.0
2020-05-24 06:20:00,431.8
2020-05-24 06:30:00,425.0
2020-05-24 06:40:00,419.9
2020-05-24 06:50:00,418.7
2020-05-24 07:00:00,417.0
2020-05-24 07:10:00,416.0
2020-05-24 07:20:00,415.1
2020-05-24 07:30:00,414.5
2020-05-24 07:40:00,413.6
2020-05-24 07:50:00,413.1
2020-05-24 08:00:00,412.8
2020-05-24 08:10:00,412.9
2020-05-24 08:20:00,411.9
2020-05-24 08:30:00,412.1
2020-05-24 08:40:00,411.7
2020-05-24 08:50:00,411.3
2020-05-24 09:00:00,410.4
2020-05-24 09:10:00,410.2
2020-05-24 09:20:00,411.4
2020-05-24 09:30:00,411.5
2020-05-24 09:40:00,411.2
2020-05-24 09:50:00,410.9
2020-05-24 10:00:00,410.7
2020-05-24 10:10:00,410.6
2020-05-24 10:20:00,409.7
2020-05-24 10:30:00,410.0
2020-05-24 10:40:00,410.2
2020-05-24 10:50:00,410.2
2020-05-24 11:00:00,409.2
2020-05-24 11:10:00,409.6
2020-05-24 11:20:00,409.3
2020-05-24 11:30:00,409.1
2020-05-24 11:40:00,408.7
2020-05-24 11:50:00,409.8
2020-05-24 12:00:00,409.2
2020-05-24 12:10:00,409.8
2020-05-24 12:20:00,409.0
2020-05-24 12:30:00,409.7
2020-05-24 12:40:00,409.6
2020-05-24 12:50:00,408.9
2020-05-24 13:00:00,408.2
2020-05-24 13:10:00,408.6
2020-05-24 13:20:00,408.9
2020-05-24 13:30:00,408.7
2020-05-24 13:40:00,408.8
2020-05-24 13:50:00,408.7
2020-05-24 14:00:00,408.7
2020-05-24 14:10:00,409.4
2020-05-24 14:20:00,408.8
2020-05-24 14:30:00,408.0
2020-05-24 14:40:00,408.4
2020-05-24 14:50:00,408.5
2020-05-24 15:00:00,408.7
2020-05-24 15:10:00,408.4
2020-05-24 15:20:00,409.0
2020-05-24 15:30:00,409.1
2020-05-24 15:40:00,409.1
2020-05-24 15:50:00,408.1
2020-05-24 16:00:00,408.2
2020-05-24 16:10:00,409.0
2020-05-24 16:20:00,408.7
2020-05-24 16:30:00,408.6
2020-05-24 16:40:00,408.4
2020-05-24 16:50:00,409.0
2020-05-24 17:00:00,409.6
2020-05-24 17:10:00,409.1
2020-05-24 17:20:00,409.0
2020-05-24 17:30:00,409.3
2020-05-24 17:40:00,409.8
2020-05-24 17:50:00,410.1
2020-05-24 18:00:00,410.5
2020-05-24 18:10:00,410.6
2020-05-24 18:20:00,410.6
2020-05-24 18:30:00,410.6
2020-05-24 18:40:00,410.5
2020-05-24 18:50:00,410.7
2020-05-24 19:00:00,411.1
2020-05-24 19:10:00,411.7
2020-05-24 19:20:00,412.0
2020-05-24 19:30:00,412.2
2020-05-24 19:40:00,412.2
2020-05-24 19:50:00,412.8
2020-05-24 20:00:00,413.2
2020-05-24 20:10:00,413.7
2020-05-24 20:20:00,414.2
2020-05-24 20:30:00,414.4
2020-05-24 20:40:00,415.2
2020-05-24 20:50:00,416.2
2020-05-24 21:00:00,416.5
2020-05-24 21:10:00,416.4
2020-05-24 21:20:00,416.7
2020-05-24 21:30:00,417.0
2020-05-24 21:40:00,416.6
2020-05-24 21:50:00,416.6
2020-05-24 22:00:00,417.4
2020-05-24 22:10:00,418.3
2020-05-24 22:20:00,419.1
2020-05-24 22:30:00,419.7
2020-05-24 22:40:00,420.6
2020-05-24 22:50:00,421.1
2020-05-24 23:00:00,421.7
2020-05-24 23:10:00,422.1
2020-05-24 23:20:00,422.4
2020-05-24 23:30:00,422.4
2020-05-24 23:40:00,422.9
2020-05-24 23:50:00,423.0
2020-05-25 00:00:00,423.2
2020-05-25 00:10:00,424.5
2020-05-25 00:20:00,424.3
2020-05-25 00:30:00,424.2
2020-05-25 00:40:00,423.3
2020-05-25 00:50:00,422.8
2020-05-25 01:00:00,422.7
2020-05-25 01:10:00,422.3
2020-05-25 01:20:00,422.0
2020-05-25 01:30:00,421.8
2020-05-25 01:40:00,422.3
2020-05-25 01:50:00,422.5
2020-05-25 02:00:00,423.4
2020-05-25 02:10:00,424.2
2020-05-25 02:20:00,425.1
2020-05-25 02:30:00,426.1
2020-05-25 02:40:00,427.6
2020-05-25 02:50:00,428.4
2020-05-25 03:00:00,428.4
2020-05-25 03:10:00,428.2
2020-05-25 03:20:00,428.2
2020-05-25 03:30:00,428.4
2020-05-25 03:40:00,428.1
2020-05-25 03:50:00,427.8
2020-05-25 04:00:00,427.8
2020-05-25 04:10:00,427.8
2020-05-25 04:20:00,427.9
2020-05-25 04:30:00,427.8
2020-05-25 04:40:00,427.6
2020-05-25 04:50:00,427.5
2020-05-25 05:00:00,427.4
2020-05-25 05:10:00,426.8
2020-05-25 05:20:00,426.0
2020-05-25 05:30:00,425.4
2020-05-25 05:40:00,425.1
2020-05-25 05:50:00,424.9
2020-05-25 06:00:00,424.7
2020-05-25 06:10:00,424.3
2020-05-25 06:20:00,423.7
2020-05-25 06:30:00,423.0
2020-05-25 06:40:00,422.5
2020-05-25 06:50:00,421.8
2020-05-25 07:00:00,421.6
2020-05-25 07:10:00,420.6
2020-05-25 07:20:00,419.9
2020-05-25 07:30:00,419.5
2020-05-25 07:40:00,419.4
2020-05-25 07:50:00,420.3
2020-05-25 08:00:00,420.0
2020-05-25 08:10:00,418.4
2020-05-25 08:20:00,417.4
2020-05-25 08:30:00,415.8
2020-05-25 08:40:00,413.8
2020-05-25 08:50:00,412.7
2020-05-25 09:00:00,411.7
2020-05-25 09:10:00,411.4
2020-05-25 09:20:00,411.4
2020-05-25 09:30:00,410.2
2020-05-25 09:40:00,410.3
2020-05-25 09:50:00,411.3
2020-05-25 10:00:00,411.8
2020-05-25 10:10:00,411.0
2020-05-25 10:20:00,410.1
2020-05-25 10:30:00,410.4
2020-05-25 10:40:00,411.0
2020-05-25 10:50:00,410.1
2020-05-25 11:00:00,410.4
2020-05-25 11:10:00,411.2
2020-05-25 11:20:00,411.5
2020-05-25 11:30:00,410.8
2020-05-25 11:40:00,410.5
2020-05-25 11:50:00,410.7
2020-05-25 12:00:00,410.3
2020-05-25 12:10:00,411.1
2020-05-25 12:20:00,410.3
2020-05-25 12:30:00,409.9
2020-05-25 12:40:00,410.1
2020-05-25 12:50:00,410.5
2020-05-25 13:00:00,409.7
2020-05-25 13:10:00,409.6
2020-05-25 13:20:00,410.0
2020-05-25 13:30:00,408.7
2020-05-25 13:40:00,408.7
2020-05-25 13:50:00,408.7
2020-05-25 14:00:00,408.3
2020-05-25 14:10:00,408.1
2020-05-25 14:20:00,408.4
2020-05-25 14:30:00,408.3
2020-05-25 14:40:00,408.1
2020-05-25 14:50:00,407.9
2020-05-25 15:00:00,408.3
2020-05-25 15:10:00,408.1
2020-05-25 15:20:00,408.1
2020-05-25 15:30:00,407.8
2020-05-25 15:40:00,408.5
2020-05-25 15:50:00,408.2
2020-05-25 16:00:00,408.3
2020-05-25 16:10:00,408.6
2020-05-25 16:20:00,408.5
2020-05-25 16:30:00,408.1
2020-05-25 16:40:00,408.2
2020-05-25 16:50:00,408.6
2020-05-25 17:00:00,408.6
2020-05-25 17:10:00,408.3
2020-05-25 17:20:00,408.4
2020-05-25 17:30:00,409.1
2020-05-25 17:40:00,409.6
2020-05-25 17:50:00,409.7
2020-05-25 18:00:00,410.3
2020-05-25 18:10:00,410.4
2020-05-25 18:20:00,410.9
2020-05-25 18:30:00,411.0
2020-05-25 18:40:00,411.0
2020-05-25 18:50:00,411.0
2020-05-25 19:00:00,411.5
2020-05-25 19:10:00,411.6
2020-05-25 19:20:00,411.6
2020-05-25 19:30:00,411.6
2020-05-25 19:40:00,411.9
2020-05-25 19:50:00,412.1
2020-05-25 20:00:00,412.5
2020-05-25 20:10:00,412.4
2020-05-25 20:20:00,413.1
2020-05-25 20:30:00,413.1
2020-05-25 20:40:00,413.5
2020-05-25 20:50:00,414.4
2020-05-25 21:00:00,414.4
2020-05-25 21:10:00,416.1
2020-05-25 21:20:00,416.1
2020-05-25 21:30:00,418.4
2020-05-25 21:40:00,418.6
2020-05-25 21:50:00,419.3
2020-05-25 22:00:00,418.9
2020-05-25 22:10:00,418.3
2020-05-25 22:20:00,417.5
2020-05-25 22:30:00,417.5
2020-05-25 22:40:00,417.6
2020-05-25 22:50:00,418.8
2020-05-25 23:00:00,418.9
2020-05-25 23:10:00,419.5
2020-05-25 23:20:00,420.2
2020-05-25 23:30:00,421.2
2020-05-25 23:40:00,421.4
2020-05-25 23:50:00,422.0
2020-05-26 00:00:00,422.3
2020-05-26 00:10:00,422.8
2020-05-26 00:20:00,424.3
2020-05-26 00:30:00,426.2
2020-05-26 00:40:00,427.0
2020-05-26 00:50:00,423.9
2020-05-26 01:00:00,423.7
2020-05-26 01:10:00,427.4
2020-05-26 01:20:00,433.9
2020-05-26 01:30:00,441.2
2020-05-26 01:40:00,436.9
2020-05-26 01:50:00,437.4
2020-05-26 02:00:00,443.1
2020-05-26 02:10:00,442.5
2020-05-26 02:20:00,445.0
2020-05-26 02:30:00,444.6
2020-05-26 02:40:00,444.4
2020-05-26 02:50:00,446.0
2020-05-26 03:00:00,451.3
2020-05-26 03:10:00,455.5
2020-05-26 03:20:00,451.3
2020-05-26 03:30:00,451.8
2020-05-26 03:40:00,453.9
2020-05-26 03:50:00,460.1
2020-05-26 04:00:00,458.3
2020-05-26 04:10:00,457.0
2020-05-26 04:20:00,457.5
2020-05-26 04:30:00,459.8
2020-05-26 04:40:00,461.9
2020-05-26 04:50:00,462.2
2020-05-26 05:00:00,458.2
2020-05-26 05:10:00,460.1
2020-05-26 05:20:00,460.3
2020-05-26 05:30:00,459.8
2020-05-26 05:40:00,458.6
2020-05-26 05:50:00,461.5
2020-05-26 06:00:00,458.3
2020-05-26 06:10:00,458.5
2020-05-26 06:20:00,456.1
2020-05-26 06:30:00,451.9
2020-05-26 06:40:00,445.7
2020-05-26 06:50:00,437.9
2020-05-26 07:00:00,429.5
2020-05-26 07:10:00,429.0
2020-05-26 07:20:00,428.3
2020-05-26 07:30:00,427.8
2020-05-26 07:40:00,427.7
2020-05-26 07:50:00,427.4
2020-05-26 08:00:00,423.0
2020-05-26 08:10:00,421.6
2020-05-26 08:20:00,421.9
2020-05-26 08:30:00,421.6
2020-05-26 08:40:00,422.8
2020-05-26 08:50:00,421.3
2020-05-26 09:00:00,420.9
2020-05-26 09:10:00,420.4
2020-05-26 09:20:00,421.0
2020-05-26 09:30:00,419.9
2020-05-26 09:40:00,418.7
2020-05-26 09:50:00,418.1
2020-05-26 10:00:00,417.1
2020-05-26 10:10:00,416.0
2020-05-26 10:20:00,416.3
2020-05-26 10:30:00,415.4
2020-05-26 10:40:00,414.5
2020-05-26 10:50:00,412.0
2020-05-26 11:00:00,412.3
2020-05-26 11:10:00,410.7
2020-05-26 11:20:00,409.3
2020-05-26 11:30:00,409.4
2020-05-26 11:40:00,409.0
2020-05-26 11:50:00,408.0
2020-05-26 12:00:00,407.6
2020-05-26 12:10:00,407.8
2020-05-26 12:20:00,408.7
2020-05-26 12:30:00,407.9
2020-05-26 12:40:00,407.8
2020-05-26 12:50:00,407.9
2020-05-26 13:00:00,407.6
2020-05-26 13:10:00,407.9
2020-05-26 13:20:00,407.1
2020-05-26 13:30:00,406.5
2020-05-26 13:40:00,406.9
2020-05-26 13:50:00,405.8
2020-05-26 14:00:00,406.3
2020-05-26 14:10:00,405.9
2020-05-26 14:20:00,405.8
2020-05-26 14:30:00,406.5
2020-05-26 14:40:00,407.0
2020-05-26 14:50:00,406.2
2020-05-26 15:00:00,405.0
2020-05-26 15:10:00,405.5
2020-05-26 15:20:00,405.4
2020-05-26 15:30:00,405.3
2020-05-26 15:40:00,405.1
2020-05-26 15:50:00,405.1
2020-05-26 16:00:00,405.0
2020-05-26 16:10:00,405.1
2020-05-26 16:20:00,404.8
2020-05-26 16:30:00,405.3
2020-05-26 16:40:00,405.5
2020-05-26 16:50:00,405.0
2020-05-26 17:00:00,404.6
2020-05-26 17:10:00,404.3
2020-05-26 17:20:00,404.1
2020-05-26 17:30:00,404.1
2020-05-26 17:40:00,404.1
2020-05-26 17:50:00,404.6
2020-05-26 18:00:00,404.8
2020-05-26 18:10:00,404.6
2020-05-26 18:20:00,404.7
2020-05-26 18:30:00,404.4
2020-05-26 18:40:00,404.8
2020-05-26 18:50:00,404.8
2020-05-26 19:00:00,404.6
2020-05-26 19:10:00,404.6
2020-05-26 19:20:00,405.0
2020-05-26 19:30:00,405.7
2020-05-26 19:40:00,406.1
2020-05-26 19:50:00,406.1
2020-05-26 20:00:00,406.6
2020-05-26 20:10:00,407.1
2020-05-26 20:20:00,407.2
2020-05-26 20:30:00,407.1
2020-05-26 20:40:00,407.3
2020-05-26 20:50:00,407.3
2020-05-26 21:00:00,413.0
2020-05-26 21:10:00,417.4
2020-05-26 21:20:00,419.7
2020-05-26 21:30:00,417.6
2020-05-26 21:40:00,418.1
2020-05-26 21:50:00,417.9
2020-05-26 22:00:00,416.3
2020-05-26 22:10:00,421.9
2020-05-26 22:20:00,422.1
2020-05-26 22:30:00,429.2
2020-05-26 22:40:00,432.9
2020-05-26 22:50:00,427.7
2020-05-26 23:00:00,426.5
2020-05-26 23:10:00,429.7
2020-05-26 23:20:00,425.9
2020-05-26 23:30:00,428.7
2020-05-26 23:40:00,428.5
2020-05-26 23:50:00,433.6
2020-05-27 00:00:00,438.1
2020-05-27 00:10:00,443.2
2020-05-27 00:20:00,445.3
2020-05-27 00:30:00,445.5
2020-05-27 00:40:00,448.7
2020-05-27 00:50:00,449.4
2020-05-27 01:00:00,447.7
2020-05-27 01:10:00,453.3
2020-05-27 01:20:00,455.9
2020-05-27 01:30:00,457.8
2020-05-27 01:40:00,460.4
2020-05-27 01:50:00,459.0
2020-05-27 02:00:00,456.0
2020-05-27 02:10:00,457.2
2020-05-27 02:20:00,459.7
2020-05-27 02:30:00,462.0
2020-05-27 02:40:00,462.4
2020-05-27 02:50:00,461.8
2020-05-27 03:00:00,458.9
2020-05-27 03:10:00,456.2
2020-05-27 03:20:00,457.0
2020-05-27 03:30:00,459.5
2020-05-27 03:40:00,454.5
2020-05-27 03:50:00,454.8
2020-05-27 04:00:00,462.7
2020-05-27 04:10:00,463.0
2020-05-27 04:20:00,463.9
2020-05-27 04:30:00,458.3
2020-05-27 04:40:00,458.9
2020-05-27 04:50:00,462.1
2020-05-27 05:00:00,456.1
2020-05-27 05:10:00,455.0
2020-05-27 05:20:00,451.6
2020-05-27 05:30:00,462.7
2020-05-27 05:40:00,480.0
2020-05-27 05:50:00,481.4
2020-05-27 06:00:00,480.2
2020-05-27 06:10:00,479.3
2020-05-27 06:20:00,478.0
2020-05-27 06:30:00,476.2
2020-05-27 06:40:00,476.0
2020-05-27 06:50:00,474.8
2020-05-27 07:00:00,467.3
2020-05-27 07:10:00,461.2
2020-05-27 07:20:00,457.7
2020-05-27 07:30:00,453.4
2020-05-27 07:40:00,450.0
2020-05-27 07:50:00,448.1
2020-05-27 08:00:00,446.5
2020-05-27 08:10:00,443.1
2020-05-27 08:20:00,439.2
2020-05-27 08:30:00,432.7
2020-05-27 08:40:00,425.7
2020-05-27 08:50:00,423.1
2020-05-27 09:00:00,419.3
2020-05-27 09:10:00,416.1
2020-05-27 09:20:00,413.9
2020-05-27 09:30:00,408.6
2020-05-27 09:40:00,404.9
2020-05-27 09:50:00,405.0
2020-05-27 10:00:00,404.7
2020-05-27 10:10:00,404.8
2020-05-27 10:20:00,404.6
2020-05-27 10:30:00,405.0
2020-05-27 10:40:00,404.4
2020-05-27 10:50:00,404.0
2020-05-27 11:00:00,404.1
2020-05-27 11:10:00,405.2
2020-05-27 11:20:00,406.1
2020-05-27 11:30:00,405.9
2020-05-27 11:40:00,405.4
2020-05-27 11:50:00,405.3
2020-05-27 12:00:00,405.5
2020-05-27 12:10:00,405.3
2020-05-27 12:20:00,406.1
2020-05-27 12:30:00,406.2
2020-05-27 12:40:00,407.1
2020-05-27 12:50:00,406.8
2020-05-27 13:00:00,406.5
2020-05-27 13:10:00,406.6
2020-05-27 13:20:00,406.8
2020-05-27 13:30:00,406.9
2020-05-27 13:40:00,406.3
2020-05-27 13:50:00,405.9
2020-05-27 14:00:00,406.6
2020-05-27 14:10:00,407.3
2020-05-27 14:20:00,406.8
2020-05-27 14:30:00,405.6
2020-05-27 14:40:00,404.9
2020-05-27 14:50:00,404.4
2020-05-27 15:00:00,404.2
2020-05-27 15:10:00,405.1
2020-05-27 15:20:00,404.2
2020-05-27 15:30:00,404.3
2020-05-27 15:40:00,403.0
2020-05-27 15:50:00,403.3
2020-05-27 16:00:00,403.3
2020-05-27 16:10:00,403.5
2020-05-27 16:20:00,403.0
2020-05-27 16:30:00,402.9
2020-05-27 16:40:00,403.1
2020-05-27 16:50:00,402.6
2020-05-27 17:00:00,403.0
2020-05-27 17:10:00,403.2
2020-05-27 17:20:00,402.9
2020-05-27 17:30:00,402.4
2020-05-27 17:40:00,402.5
2020-05-27 17:50:00,402.6
2020-05-27 18:00:00,403.1
2020-05-27 18:10:00,403.2
2020-05-27 18:20:00,402.8
2020-05-27 18:30:00,402.5
2020-05-27 18:40:00,402.6
2020-05-27 18:50:00,403.0
2020-05-27 19:00:00,403.5
2020-05-27 19:10:00,404.8
2020-05-27 19:20:00,406.8
2020-05-27 19:30:00,407.2
2020-05-27 19:40:00,408.1
2020-05-27 19:50:00,408.8
2020-05-27 20:00:00,409.0
2020-05-27 20:10:00,408.6
2020-05-27 20:20:00,408.6
2020-05-27 20:30:00,408.6
2020-05-27 20:40:00,408.9
2020-05-27 20:50:00,408.9
2020-05-27 21:00:00,409.4
2020-05-27 21:10:00,409.3
2020-05-27 21:20:00,409.0
2020-05-27 21:30:00,408.9
2020-05-27 21:40:00,408.9
2020-05-27 21:50:00,410.3
2020-05-27 22:00:00,414.0
2020-05-27 22:10:00,414.0
2020-05-27 22:20:00,418.9
2020-05-27 22:30:00,427.8
2020-05-27 22:40:00,432.3
2020-05-27 22:50:00,437.2
2020-05-27 23:00:00,428.3
2020-05-27 23:10:00,428.4
2020-05-27 23:20:00,426.4
2020-05-27 23:30:00,434.0
2020-05-27 23:40:00,421.9
2020-05-27 23:50:00,435.0
2020-05-28 00:00:00,443.0
2020-05-28 00:10:00,453.1
2020-05-28 00:20:00,434.3
2020-05-28 00:30:00,424.0
2020-05-28 00:40:00,430.4
2020-05-28 00:50:00,433.8
2020-05-28 01:00:00,432.9
2020-05-28 01:10:00,434.1
2020-05-28 01:20:00,434.1
2020-05-28 01:30:00,431.3
2020-05-28 01:40:00,429.0
2020-05-28 01:50:00,426.4
2020-05-28 02:00:00,421.2
2020-05-28 02:10:00,419.0
2020-05-28 02:20:00,420.7
2020-05-28 02:30:00,422.1
2020-05-28 02:40:00,422.6
2020-05-28 02:50:00,422.5
2020-05-28 03:00:00,422.1
2020-05-28 03:10:00,421.1
2020-05-28 03:20:00,420.4
2020-05-28 03:30:00,420.3
2020-05-28 03:40:00,421.0
2020-05-28 03:50:00,421.2
2020-05-28 04:00:00,421.9
2020-05-28 04:10:00,422.7
2020-05-28 04:20:00,422.5
2020-05-28 04:30:00,422.3
2020-05-28 04:40:00,422.5
2020-05-28 04:50:00,421.7
2020-05-28 05:00:00,421.7
2020-05-28 05:10:00,420.5
2020-05-28 05:20:00,420.8
2020-05-28 05:30:00,421.1
2020-05-28 05:40:00,420.3
2020-05-28 05:50:00,419.9
2020-05-28 06:00:00,419.0
2020-05-28 06:10:00,418.7
2020-05-28 06:20:00,418.1
2020-05-28 06:30:00,417.3
2020-05-28 06:40:00,417.1
2020-05-28 06:50:00,417.1
2020-05-28 07:00:00,416.8
2020-05-28 07:10:00,416.0
2020-05-28 07:20:00,415.6
2020-05-28 07:30:00,415.0
2020-05-28 07:40:00,414.6
2020-05-28 07:50:00,413.8
2020-05-28 08:00:00,413.9
2020-05-28 08:10:00,413.5
2020-05-28 08:20:00,412.8
2020-05-28 08:30:00,412.1
2020-05-28 08:40:00,412.8
2020-05-28 08:50:00,411.5
2020-05-28 09:00:00,411.1
2020-05-28 09:10:00,410.3
2020-05-28 09:20:00,410.9
2020-05-28 09:30:00,410.0
2020-05-28 09:40:00,410.8
2020-05-28 09:50:00,411.5
2020-05-28 10:00:00,411.2
2020-05-28 10:10:00,410.0
2020-05-28 10:20:00,409.8
2020-05-28 10:30:00,409.7
2020-05-28 10:40:00,409.0
2020-05-28 10:50:00,409.7
2020-05-28 11:00:00,409.7
2020-05-28 11:10:00,408.6
2020-05-28 11:20:00,408.7
2020-05-28 11:30:00,408.9
2020-05-28 11:40:00,409.4
2020-05-28 11:50:00,409.0
2020-05-28 12:00:00,408.6
2020-05-28 12:10:00,408.6
2020-05-28 12:20:00,408.0
2020-05-28 12:30:00,409.2
2020-05-28 12:40:00,408.7
2020-05-28 12:50:00,408.3
2020-05-28 13:00:00,407.8
2020-05-28 13:10:00,408.5
2020-05-28 13:20:00,408.7
2020-05-28 13:30:00,408.8
2020-05-28 13:40:00,408.7
2020-05-28 13:50:00,408.2
2020-05-28 14:00:00,408.9
2020-05-28 14:10:00,409.2
2020-05-28 14:20:00,409.0
2020-05-28 14:30:00,409.0
2020-05-28 14:40:00,409.2
2020-05-28 14:50:00,409.9
2020-05-28 15:00:00,409.8
2020-05-28 15:10:00,411.0
2020-05-28 15:20:00,410.9
2020-05-28 15:30:00,411.0
2020-05-28 15:40:00,411.1
2020-05-28 15:50:00,411.5
2020-05-28 16:00:00,411.9
2020-05-28 16:10:00,411.3
2020-05-28 16:20:00,411.0
2020-05-28 16:30:00,410.8
2020-05-28 16:40:00,411.5
2020-05-28 16:50:00,410.7
2020-05-28 17:00:00,410.6
2020-05-28 17:10:00,410.3
2020-05-28 17:20:00,410.1
2020-05-28 17:30:00,410.6
2020-05-28 17:40:00,410.7
2020-05-28 17:50:00,410.6
2020-05-28 18:00:00,410.5
2020-05-28 18:10:00,410.2
2020-05-28 18:20:00,410.1
2020-05-28 18:30:00,410.4
2020-05-28 18:40:00,410.1
2020-05-28 18:50:00,410.1
2020-05-28 19:00:00,410.1
2020-05-28 19:10:00,410.1
2020-05-28 19:20:00,409.9
2020-05-28 19:30:00,410.2
2020-05-28 19:40:00,410.5
2020-05-28 19:50:00,411.0
2020-05-28 20:00:00,411.4
2020-05-28 20:10:00,412.1
2020-05-28 20:20:00,412.7
2020-05-28 20:30:00,413.8
2020-05-28 20:40:00,414.5
2020-05-28 20:50:00,414.9
2020-05-28 21:00:00,415.3
2020-05-28 21:10:00,415.9
2020-05-28 21:20:00,417.6
2020-05-28 21:30:00,419.2
2020-05-28 21:40:00,421.1
2020-05-28 21:50:00,422.0
2020-05-28 22:00:00,422.7
2020-05-28 22:10:00,420.8
2020-05-28 22:20:00,418.9
2020-05-28 22:30:00,418.6
2020-05-28 22:40:00,419.3
2020-05-28 22:50:00,419.7
2020-05-28 23:00:00,420.3
2020-05-28 23:10:00,420.9
2020-05-28 23:20:00,420.9
2020-05-28 23:30:00,422.0
2020-05-28 23:40:00,421.3
2020-05-28 23:50:00,421.3
2020-05-29 00:00:00,421.0
2020-05-29 00:10:00,421.5
2020-05-29 00:20:00,421.1
2020-05-29 00:30:00,420.2
2020-05-29 00:40:00,420.3
2020-05-29 00:50:00,421.8
2020-05-29 01:00:00,422.3
2020-05-29 01:10:00,423.2
2020-05-29 01:20:00,424.3
2020-05-29 01:30:00,425.0
2020-05-29 01:40:00,425.3
2020-05-29 01:50:00,425.3
2020-05-29 02:00:00,425.9
2020-05-29 02:10:00,426.4
2020-05-29 02:20:00,427.1
2020-05-29 02:30:00,427.2
2020-05-29 02:40:00,427.2
2020-05-29 02:50:00,427.6
2020-05-29 03:00:00,428.1
2020-05-29 03:10:00,429.8
2020-05-29 03:20:00,429.3
2020-05-29 03:30:00,429.4
2020-05-29 03:40:00,440.0
2020-05-29 03:50:00,438.7
2020-05-29 04:00:00,431.0
2020-05-29 04:10:00,432.4
2020-05-29 04:20:00,438.5
2020-05-29 04:30:00,442.4
2020-05-29 04:40:00,438.8
2020-05-29 04:50:00,434.4
2020-05-29 05:00:00,433.1
2020-05-29 05:10:00,439.6
2020-05-29 05:20:00,438.9
2020-05-29 05:30:00,440.9
2020-05-29 05:40:00,443.3
2020-05-29 05:50:00,434.6
2020-05-29 06:00:00,432.3
2020-05-29 06:10:00,434.7
2020-05-29 06:20:00,438.1
2020-05-29 06:30:00,440.7
2020-05-29 06:40:00,442.8
2020-05-29 06:50:00,440.0
2020-05-29 07:00:00,434.6
2020-05-29 07:10:00,431.6
2020-05-29 07:20:00,427.8
2020-05-29 07:30:00,426.8
2020-05-29 07:40:00,425.8
2020-05-29 07:50:00,424.4
2020-05-29 08:00:00,424.1
2020-05-29 08:10:00,423.3
2020-05-29 08:20:00,423.2
2020-05-29 08:30:00,422.5
2020-05-29 08:40:00,421.5
2020-05-29 08:50:00,420.0
2020-05-29 09:00:00,416.7
2020-05-29 09:10:00,416.5
2020-05-29 09:20:00,416.9
2020-05-29 09:30:00,417.5
2020-05-29 11:10:00,411.0
2020-05-29 11:20:00,411.9
2020-05-29 11:30:00,411.7
2020-05-29 11:40:00,411.5
2020-05-29 11:50:00,411.5
2020-05-29 12:00:00,411.9
2020-05-29 12:10:00,411.7
2020-05-29 12:20:00,411.0
2020-05-29 12:30:00,410.8
2020-05-29 12:40:00,410.2
2020-05-29 12:50:00,410.2
2020-05-29 13:00:00,410.0
2020-05-29 13:10:00,409.4
2020-05-29 13:20:00,409.4
2020-05-29 13:30:00,409.2
2020-05-29 13:40:00,408.9
2020-05-29 13:50:00,409.1
2020-05-29 14:00:00,408.7
2020-05-29 14:10:00,408.4
2020-05-29 14:20:00,409.0
2020-05-29 14:30:00,408.4
2020-05-29 14:40:00,408.5
2020-05-29 14:50:00,408.4
2020-05-29 15:00:00,408.6
2020-05-29 15:10:00,408.5
2020-05-29 15:20:00,408.3
2020-05-29 15:30:00,408.9
2020-05-29 15:40:00,409.3
2020-05-29 15:50:00,408.9
2020-05-29 16:00:00,409.0
2020-05-29 16:10:00,409.1
2020-05-29 16:20:00,409.0
2020-05-29 16:30:00,409.1
2020-05-29 16:40:00,409.4
2020-05-29 16:50:00,409.1
2020-05-29 17:00:00,409.4
2020-05-29 17:10:00,409.7
2020-05-29 17:20:00,410.2
2020-05-29 17:30:00,410.1
2020-05-29 17:40:00,409.9
2020-05-29 17:50:00,409.9
2020-05-29 18:00:00,409.8
2020-05-29 18:10:00,410.0
2020-05-29 18:20:00,410.5
2020-05-29 18:30:00,409.4
2020-05-29 18:40:00,409.1
2020-05-29 18:50:00,409.3
2020-05-29 19:00:00,409.1
2020-05-29 19:10:00,409.1
2020-05-29 19:20:00,409.5
2020-05-29 19:30:00,410.1
2020-05-29 19:40:00,410.5
2020-05-29 19:50:00,411.1
2020-05-29 20:00:00,411.4
2020-05-29 20:10:00,411.7
2020-05-29 20:20:00,412.2
2020-05-29 20:30:00,412.9
2020-05-29 20:40:00,414.2
2020-05-29 20:50:00,414.1
2020-05-29 21:00:00,414.8
2020-05-29 21:10:00,415.9
2020-05-29 21:20:00,419.3
2020-05-29 21:30:00,419.3
2020-05-29 21:40:00,419.3
2020-05-29 21:50:00,431.4
2020-05-29 22:00:00,431.3
2020-05-29 22:10:00,423.4
2020-05-29 22:20:00,425.5
2020-05-29 22:30:00,431.7
2020-05-29 22:40:00,436.5
2020-05-29 22:50:00,436.0
2020-05-29 23:00:00,431.9
2020-05-29 23:10:00,429.0
2020-05-29 23:20:00,429.2
2020-05-29 23:30:00,429.4
2020-05-29 23:40:00,438.0
2020-05-29 23:50:00,437.1
2020-05-30 00:00:00,435.8
2020-05-30 00:10:00,445.1
2020-05-30 00:20:00,443.2
2020-05-30 00:30:00,443.5
2020-05-30 00:40:00,444.2
2020-05-30 00:50:00,445.9
2020-05-30 01:00:00,445.7
2020-05-30 01:10:00,448.5
2020-05-30 01:20:00,435.8
2020-05-30 01:30:00,431.9
2020-05-30 01:40:00,430.1
2020-05-30 01:50:00,430.5
2020-05-30 02:00:00,432.8
2020-05-30 02:10:00,443.7
2020-05-30 02:20:00,449.9
2020-05-30 02:30:00,443.6
2020-05-30 02:40:00,439.3
2020-05-30 02:50:00,440.1
2020-05-30 03:00:00,438.1
2020-05-30 03:10:00,433.6
2020-05-30 03:20:00,433.3
2020-05-30 03:30:00,433.1
2020-05-30 03:40:00,435.4
2020-05-30 03:50:00,434.9
2020-05-30 04:00:00,431.8
2020-05-30 04:10:00,430.0
2020-05-30 04:20:00,430.4
2020-05-30 04:30:00,430.8
2020-05-30 04:40:00,431.8
2020-05-30 04:50:00,431.2
2020-05-30 05:00:00,431.1
2020-05-30 05:10:00,430.7
2020-05-30 05:20:00,429.4
2020-05-30 05:30:00,429.3
2020-05-30 05:40:00,429.1
2020-05-30 05:50:00,428.2
2020-05-30 06:00:00,429.4
2020-05-30 06:10:00,429.6
2020-05-30 06:20:00,427.9
2020-05-30 06:30:00,427.3
2020-05-30 06:40:00,426.9
2020-05-30 06:50:00,426.3
2020-05-30 07:00:00,425.2
2020-05-30 07:10:00,424.4
2020-05-30 07:20:00,423.5
2020-05-30 07:30:00,422.6
2020-05-30 07:40:00,421.8
2020-05-30 07:50:00,421.7
2020-05-30 08:00:00,420.5
2020-05-30 08:10:00,420.3
2020-05-30 08:20:00,419.0
2020-05-30 08:30:00,416.9
2020-05-30 08:40:00,415.3
2020-05-30 08:50:00,414.3
2020-05-30 09:00:00,413.1
2020-05-30 09:10:00,412.6
2020-05-30 09:20:00,411.6
2020-05-30 09:30:00,411.9
2020-05-30 09:40:00,411.6
2020-05-30 09:50:00,411.4
2020-05-30 10:00:00,410.8
2020-05-30 10:10:00,410.7
2020-05-30 10:20:00,411.3
2020-05-30 10:30:00,411.6
2020-05-30 10:40:00,411.8
2020-05-30 10:50:00,411.9
2020-05-30 11:00:00,411.4
2020-05-30 11:10:00,411.9
2020-05-30 11:20:00,411.7
2020-05-30 11:30:00,411.6
2020-05-30 11:40:00,411.6
2020-05-30 11:50:00,412.0
2020-05-30 12:00:00,412.1
2020-05-30 12:10:00,411.4
2020-05-30 12:20:00,412.2
2020-05-30 12:30:00,412.3
2020-05-30 12:40:00,412.5
2020-05-30 12:50:00,412.4
2020-05-30 13:00:00,412.3
2020-05-30 13:10:00,413.2
2020-05-30 13:20:00,412.8
2020-05-30 13:30:00,412.3
2020-05-30 13:40:00,412.3
2020-05-30 13:50:00,412.8
2020-05-30 14:00:00,412.5
2020-05-30 14:10:00,413.1
2020-05-30 14:20:00,412.4
2020-05-30 14:30:00,412.0
2020-05-30 14:40:00,411.6
2020-05-30 14:50:00,412.3
2020-05-30 15:00:00,412.2
2020-05-30 15:10:00,412.2
2020-05-30 15:20:00,412.1
2020-05-30 15:30:00,412.0
2020-05-30 15:40:00,411.4
2020-05-30 15:50:00,411.1
2020-05-30 16:00:00,411.5
2020-05-30 16:10:00,410.9
2020-05-30 16:20:00,411.7
2020-05-30 16:30:00,410.6
2020-05-30 16:40:00,410.7
2020-05-30 16:50:00,411.2
2020-05-30 17:00:00,410.8
2020-05-30 17:10:00,411.4
2020-05-30 17:20:00,412.3
2020-05-30 17:30:00,413.6
2020-05-30 17:40:00,412.5
2020-05-30 17:50:00,412.3
2020-05-30 18:00:00,413.1
2020-05-30 18:10:00,413.2
2020-05-30 18:20:00,413.4
2020-05-30 18:30:00,413.2
2020-05-30 18:40:00,414.1
2020-05-30 18:50:00,414.0
2020-05-30 19:00:00,413.7
2020-05-30 19:10:00,413.7
2020-05-30 19:20:00,413.5
2020-05-30 19:30:00,413.6
2020-05-30 19:40:00,413.8
2020-05-30 19:50:00,414.2
2020-05-30 20:00:00,414.2
2020-05-30 20:10:00,414.0
2020-05-30 20:20:00,413.9
2020-05-30 20:30:00,414.7
2020-05-30 20:40:00,414.3
2020-05-30 20:50:00,414.4
2020-05-30 21:00:00,415.3
2020-05-30 21:10:00,418.0
2020-05-30 21:20:00,421.0
2020-05-30 21:30:00,424.8
2020-05-30 21:40:00,424.0
2020-05-30 21:50:00,427.8
2020-05-30 22:00:00,424.5
2020-05-30 22:10:00,427.8
2020-05-30 22:20:00,430.9
2020-05-30 22:30:00,428.4
2020-05-30 22:40:00,428.9
2020-05-30 22:50:00,430.2
2020-05-30 23:00:00,428.1
2020-05-30 23:10:00,434.2
2020-05-30 23:20:00,435.3
2020-05-30 23:30:00,438.2
2020-05-30 23:40:00,438.2
2020-05-30 23:50:00,432.4
2020-05-31 00:00:00,426.7
2020-05-31 00:10:00,423.0
2020-05-31 00:20:00,426.6
2020-05-31 00:30:00,438.3
2020-05-31 00:40:00,430.8
2020-05-31 00:50:00,434.5
2020-05-31 01:00:00,438.7
2020-05-31 01:10:00,430.3
2020-05-31 01:20:00,448.8
2020-05-31 01:30:00,440.8
2020-05-31 01:40:00,428.2
2020-05-31 01:50:00,425.4
2020-05-31 02:00:00,424.2
2020-05-31 02:10:00,425.6
2020-05-31 02:20:00,428.0
2020-05-31 02:30:00,425.6
2020-05-31 02:40:00,425.4
2020-05-31 02:50:00,426.0
2020-05-31 03:00:00,425.2
2020-05-31 03:10:00,425.1
2020-05-31 03:20:00,425.7
2020-05-31 03:30:00,426.8
2020-05-31 03:40:00,427.6
2020-05-31 03:50:00,427.8
2020-05-31 04:00:00,427.9
2020-05-31 04:10:00,427.7
2020-05-31 04:20:00,428.0
2020-05-31 04:30:00,428.4
2020-05-31 04:40:00,428.8
2020-05-31 04:50:00,429.5
2020-05-31 05:00:00,429.2
2020-05-31 05:10:00,429.3
2020-05-31 05:20:00,429.5
2020-05-31 05:30:00,433.0
2020-05-31 05:40:00,435.0
2020-05-31 05:50:00,429.9
2020-05-31 06:00:00,429.3
2020-05-31 06:10:00,427.5
2020-05-31 06:20:00,426.3
2020-05-31 06:30:00,425.6
2020-05-31 06:40:00,424.1
2020-05-31 06:50:00,423.0
2020-05-31 07:00:00,422.1
2020-05-31 07:10:00,421.8
2020-05-31 07:20:00,422.9
2020-05-31 07:30:00,421.9
2020-05-31 07:40:00,421.1
2020-05-31 07:50:00,422.9
2020-05-31 08:00:00,422.5
2020-05-31 08:10:00,421.3
2020-05-31 08:20:00,420.7
2020-05-31 08:30:00,418.3
2020-05-31 08:40:00,418.3
2020-05-31 08:50:00,416.1
2020-05-31 09:00:00,414.9
2020-05-31 09:10:00,413.4
2020-05-31 09:20:00,413.4
2020-05-31 09:30:00,413.0
2020-05-31 09:40:00,412.2
2020-05-31 09:50:00,410.5
2020-05-31 10:00:00,409.4
2020-05-31 10:10:00,409.6
2020-05-31 10:20:00,409.6
2020-05-31 10:30:00,408.9
2020-05-31 10:40:00,409.1
2020-05-31 10:50:00,409.1
2020-05-31 11:00:00,409.3
2020-05-31 11:10:00,408.8
2020-05-31 11:20:00,408.3
2020-05-31 11:30:00,408.9
2020-05-31 11:40:00,408.5
2020-05-31 11:50:00,408.4
2020-05-31 12:00:00,408.1
2020-05-31 12:10:00,407.9
2020-05-31 12:20:00,407.0
2020-05-31 12:30:00,406.7
2020-05-31 12:40:00,406.8
2020-05-31 12:50:00,406.6
2020-05-31 13:00:00,406.6
2020-05-31 13:10:00,405.6
2020-05-31 13:20:00,405.3
2020-05-31 13:30:00,405.3
2020-05-31 13:40:00,405.4
2020-05-31 13:50:00,405.3
2020-05-31 14:00:00,405.5
2020-05-31 14:10:00,406.4
2020-05-31 14:20:00,405.9
2020-05-31 14:30:00,405.5
2020-05-31 14:40:00,406.2
2020-05-31 14:50:00,405.5
2020-05-31 15:00:00,404.9
2020-05-31 15:10:00,404.4
2020-05-31 15:20:00,405.4
2020-05-31 15:30:00,405.3
2020-05-31 15:40:00,405.3
2020-05-31 15:50:00,405.4
2020-05-31 16:00:00,406.3
2020-05-31 16:10:00,405.8
2020-05-31 16:20:00,405.4
2020-05-31 16:30:00,405.0
2020-05-31 16:40:00,405.8
2020-05-31 16:50:00,403.7
2020-05-31 17:00:00,404.4
2020-05-31 17:10:00,405.7
2020-05-31 17:20:00,405.8
2020-05-31 17:30:00,405.3
2020-05-31 17:40:00,405.1
2020-05-31 17:50:00,405.2
2020-05-31 18:00:00,405.4
2020-05-31 18:10:00,405.3
2020-05-31 18:20:00,405.1
2020-05-31 18:30:00,405.2
2020-05-31 18:40:00,405.7
2020-05-31 18:50:00,405.2
2020-05-31 19:00:00,403.4
2020-05-31 19:10:00,402.9
2020-05-31 19:20:00,402.7
2020-05-31 19:30:00,403.2
2020-05-31 19:40:00,403.5
2020-05-31 19:50:00,404.0
2020-05-31 20:00:00,404.7
2020-05-31 20:10:00,405.9
2020-05-31 20:20:00,407.1
2020-05-31 20:30:00,408.7
2020-05-31 20:40:00,411.6
2020-05-31 20:50:00,411.0
2020-05-31 21:00:00,411.9
2020-05-31 21:10:00,413.8
2020-05-31 21:20:00,412.9
2020-05-31 21:30:00,410.0
2020-05-31 21:40:00,413.2
2020-05-31 21:50:00,412.0
2020-05-31 22:00:00,411.9
2020-05-31 22:10:00,413.8
2020-05-31 22:20:00,417.1
2020-05-31 22:30:00,424.1
2020-05-31 22:40:00,432.0
2020-05-31 22:50:00,431.0
2020-05-31 23:00:00,428.3
2020-05-31 23:10:00,423.9
2020-05-31 23:20:00,418.8
2020-05-31 23:30:00,419.5
2020-05-31 23:40:00,437.1
2020-05-31 23:50:00,444.2
2020-06-01 00:00:00,429.8
2020-06-01 00:10:00,445.6
2020-06-01 00:20:00,434.6
2020-06-01 00:30:00,426.6
2020-06-01 00:40:00,424.3
2020-06-01 00:50:00,424.7
2020-06-01 01:00:00,430.5
2020-06-01 01:10:00,422.9
2020-06-01 01:20:00,421.9
2020-06-01 01:30:00,421.9
2020-06-01 01:40:00,422.0
2020-06-01 01:50:00,423.1
2020-06-01 02:00:00,424.8
2020-06-01 02:10:00,424.3
2020-06-01 02:20:00,422.8
2020-06-01 02:30:00,423.0
2020-06-01 02:40:00,424.6
2020-06-01 02:50:00,426.6
2020-06-01 03:00:00,436.4
2020-06-01 03:10:00,439.8
2020-06-01 03:20:00,444.1
2020-06-01 03:30:00,449.6
2020-06-01 03:40:00,454.7
2020-06-01 03:50:00,440.6
2020-06-01 04:00:00,441.7
2020-06-01 04:10:00,454.1
2020-06-01 04:20:00,453.2
2020-06-01 04:30:00,450.2
2020-06-01 04:40:00,449.8
2020-06-01 04:50:00,453.4
2020-06-01 05:00:00,453.1
2020-06-01 05:10:00,453.9
2020-06-01 05:20:00,452.9
2020-06-01 05:30:00,453.1
2020-06-01 05:40:00,458.8
2020-06-01 05:50:00,461.1
2020-06-01 06:00:00,463.7
2020-06-01 06:10:00,460.9
2020-06-01 06:20:00,464.1
2020-06-01 06:30:00,464.9
2020-06-01 06:40:00,462.1
2020-06-01 06:50:00,449.0
2020-06-01 07:00:00,438.0
2020-06-01 07:10:00,433.8
2020-06-01 07:20:00,432.3
2020-06-01 07:30:00,429.9
2020-06-01 07:40:00,429.9
2020-06-01 07:50:00,428.2
2020-06-01 08:00:00,426.5
2020-06-01 08:10:00,426.1
2020-06-01 08:20:00,425.0
2020-06-01 08:30:00,423.7
2020-06-01 08:40:00,422.2
2020-06-01 08:50:00,421.1
2020-06-01 09:00:00,420.0
2020-06-01 09:10:00,418.4
2020-06-01 09:20:00,417.2
2020-06-01 09:30:00,416.0
2020-06-01 09:40:00,414.9
2020-06-01 09:50:00,413.9
2020-06-01 10:00:00,413.2
2020-06-01 10:10:00,411.9
2020-06-01 10:20:00,409.7
2020-06-01 10:30:00,409.1
2020-06-01 10:40:00,408.3
2020-06-01 10:50:00,408.0
2020-06-01 11:00:00,407.4
2020-06-01 11:10:00,407.2
2020-06-01 11:20:00,407.2
2020-06-01 11:30:00,407.2
2020-06-01 11:40:00,407.1
2020-06-01 11:50:00,407.3
2020-06-01 12:00:00,407.8
2020-06-01 12:10:00,408.3
2020-06-01 12:20:00,407.6
2020-06-01 12:30:00,407.7
2020-06-01 12:40:00,408.0
2020-06-01 12:50:00,407.8
2020-06-01 13:00:00,407.8
2020-06-01 13:10:00,408.5
2020-06-01 13:20:00,409.8
2020-06-01 13:30:00,410.4
2020-06-01 13:40:00,411.5
2020-06-01 13:50:00,411.3
2020-06-01 14:00:00,410.1
2020-06-01 14:10:00,407.5
2020-06-01 14:20:00,407.0
2020-06-01 14:30:00,407.0
2020-06-01 14:40:00,406.7
2020-06-01 14:50:00,407.1
2020-06-01 15:00:00,406.7
2020-06-01 15:10:00,406.7
2020-06-01 15:20:00,406.5
2020-06-01 15:30:00,406.1
2020-06-01 15:40:00,406.3
2020-06-01 15:50:00,406.9
2020-06-01 16:00:00,406.4
2020-06-01 16:10:00,406.4
2020-06-01 16:20:00,405.5
2020-06-01 16:30:00,405.0
2020-06-01 16:40:00,404.9
2020-06-01 16:50:00,405.5
2020-06-01 17:00:00,405.8
2020-06-01 17:10:00,406.2
2020-06-01 17:20:00,406.8
2020-06-01 17:30:00,406.8
2020-06-01 17:40:00,406.8
2020-06-01 17:50:00,406.7
2020-06-01 18:00:00,406.9
2020-06-01 18:10:00,407.3
2020-06-01 18:20:00,407.3
2020-06-01 18:30:00,407.5
2020-06-01 18:40:00,407.8
2020-06-01 18:50:00,408.3
2020-06-01 19:00:00,408.2
2020-06-01 19:10:00,408.6
2020-06-01 19:20:00,409.3
2020-06-01 19:30:00,409.9
2020-06-01 19:40:00,410.0
2020-06-01 19:50:00,411.8
2020-06-01 20:00:00,412.7
2020-06-01 20:10:00,412.6
2020-06-01 20:20:00,412.2
2020-06-01 20:30:00,411.7
2020-06-01 20:40:00,411.5
2020-06-01 20:50:00,411.5
2020-06-01 21:00:00,414.3
2020-06-01 21:10:00,415.9
2020-06-01 21:20:00,421.1
2020-06-01 21:30:00,418.8
2020-06-01 21:40:00,417.3
2020-06-01 21:50:00,431.5
2020-06-01 22:00:00,425.8
2020-06-01 22:10:00,421.0
2020-06-01 22:20:00,423.8
2020-06-01 22:30:00,424.9
2020-06-01 22:40:00,423.3
2020-06-01 22:50:00,425.6
2020-06-01 23:00:00,428.7
2020-06-01 23:10:00,429.5
2020-06-01 23:20:00,428.8
2020-06-01 23:30:00,428.0
2020-06-01 23:40:00,425.1
2020-06-01 23:50:00,437.4
2020-06-02 00:00:00,440.5
2020-06-02 00:10:00,443.7
2020-06-02 00:20:00,444.6
2020-06-02 00:30:00,446.5
2020-06-02 00:40:00,444.1
2020-06-02 00:50:00,443.2
2020-06-02 01:00:00,439.1
2020-06-02 01:10:00,434.5
2020-06-02 01:20:00,432.7
2020-06-02 01:30:00,441.7
2020-06-02 01:40:00,449.7
2020-06-02 01:50:00,456.1
2020-06-02 02:00:00,453.6
2020-06-02 02:10:00,450.8
2020-06-02 02:20:00,455.7
2020-06-02 02:30:00,457.9
2020-06-02 02:40:00,463.5
2020-06-02 02:50:00,460.3
2020-06-02 03:00:00,459.7
2020-06-02 03:10:00,459.3
2020-06-02 03:20:00,466.1
2020-06-02 03:30:00,473.0
2020-06-02 03:40:00,469.7
2020-06-02 03:50:00,463.1
2020-06-02 04:00:00,462.1
2020-06-02 04:10:00,461.1
2020-06-02 04:20:00,469.7
2020-06-02 04:30:00,472.6
2020-06-02 04:40:00,474.8
2020-06-02 04:50:00,475.2
2020-06-02 05:00:00,473.8
2020-06-02 05:10:00,472.9
2020-06-02 05:20:00,478.0
2020-06-02 05:30:00,482.9
2020-06-02 05:40:00,479.8
2020-06-02 05:50:00,485.7
2020-06-02 06:00:00,486.2
2020-06-02 06:10:00,488.5
2020-06-02 06:20:00,485.1
2020-06-02 06:30:00,479.0
2020-06-02 06:40:00,466.6
2020-06-02 06:50:00,452.0
2020-06-02 07:00:00,446.5
2020-06-02 07:10:00,442.9
2020-06-02 07:20:00,438.0
2020-06-02 07:30:00,431.9
2020-06-02 07:40:00,425.6
2020-06-02 07:50:00,427.2
2020-06-02 08:00:00,428.3
2020-06-02 08:10:00,426.6
2020-06-02 08:20:00,423.6
2020-06-02 08:30:00,420.0
2020-06-02 08:40:00,418.6
2020-06-02 08:50:00,417.9
2020-06-02 09:00:00,416.1
2020-06-02 09:10:00,415.1
2020-06-02 09:20:00,414.0
2020-06-02 09:30:00,414.0
2020-06-02 09:40:00,413.2
2020-06-02 09:50:00,413.9
2020-06-02 10:00:00,413.9
2020-06-02 10:10:00,413.1
2020-06-02 10:20:00,413.2
2020-06-02 10:30:00,412.5
2020-06-02 10:40:00,412.3
2020-06-02 10:50:00,412.1
2020-06-02 11:00:00,412.2
2020-06-02 11:10:00,412.4
2020-06-02 11:20:00,411.7
2020-06-02 11:30:00,411.8
2020-06-02 11:40:00,411.0
2020-06-02 11:50:00,410.3
2020-06-02 12:00:00,410.1
2020-06-02 12:10:00,409.6
2020-06-02 12:20:00,409.4
2020-06-02 12:30:00,409.1
2020-06-02 12:40:00,409.3
2020-06-02 12:50:00,409.3
2020-06-02 13:00:00,409.4
2020-06-02 13:10:00,409.0
2020-06-02 13:20:00,409.1
2020-06-02 13:30:00,409.5
2020-06-02 13:40:00,409.4
2020-06-02 13:50:00,410.0
2020-06-02 14:00:00,409.8
2020-06-02 14:10:00,409.5
2020-06-02 14:20:00,408.9
2020-06-02 14:30:00,409.9
2020-06-02 14:40:00,409.5
2020-06-02 14:50:00,409.4
2020-06-02 15:00:00,409.2
2020-06-02 15:10:00,409.4
2020-06-02 15:20:00,409.2
2020-06-02 15:30:00,410.0
2020-06-02 15:40:00,409.8
2020-06-02 15:50:00,409.5
2020-06-02 16:00:00,409.7
2020-06-02 16:10:00,409.3
2020-06-02 16:20:00,409.1
2020-06-02 16:30:00,409.2
2020-06-02 16:40:00,408.9
2020-06-02 16:50:00,408.9
2020-06-02 17:00:00,409.0
2020-06-02 17:10:00,408.9
2020-06-02 17:20:00,409.4
2020-06-02 17:30:00,409.2
2020-06-02 17:40:00,409.2
2020-06-02 17:50:00,409.6
2020-06-02 18:00:00,410.3
2020-06-02 18:10:00,409.9
2020-06-02 18:20:00,410.9
2020-06-02 18:30:00,411.2
2020-06-02 18:40:00,411.1
2020-06-02 18:50:00,410.6
2020-06-02 19:00:00,410.2
2020-06-02 19:10:00,409.8
2020-06-02 19:20:00,410.0
2020-06-02 19:30:00,409.7
2020-06-02 19:40:00,410.4
2020-06-02 19:50:00,410.6
2020-06-02 20:00:00,410.7
2020-06-02 20:10:00,410.7
2020-06-02 20:20:00,417.3
2020-06-02 20:30:00,417.0
2020-06-02 20:40:00,418.6
2020-06-02 20:50:00,421.0
2020-06-02 21:00:00,425.0
2020-06-02 21:10:00,426.6
2020-06-02 21:20:00,429.8
2020-06-02 21:30:00,430.3
2020-06-02 21:40:00,424.2
2020-06-02 21:50:00,421.1
2020-06-02 22:00:00,422.5
2020-06-02 22:10:00,426.4
2020-06-02 22:20:00,429.6
2020-06-02 22:30:00,428.5
2020-06-02 22:40:00,429.3
2020-06-02 22:50:00,429.3
2020-06-02 23:00:00,431.0
2020-06-02 23:10:00,431.4
2020-06-02 23:20:00,437.8
2020-06-02 23:30:00,438.8
2020-06-02 23:40:00,438.1
2020-06-02 23:50:00,444.5
2020-06-03 00:00:00,445.3
2020-06-03 00:10:00,444.0
2020-06-03 00:20:00,443.6
2020-06-03 00:30:00,443.3
2020-06-03 00:40:00,445.0
2020-06-03 00:50:00,446.0
2020-06-03 01:00:00,449.0
2020-06-03 01:10:00,451.0
2020-06-03 01:20:00,455.0
2020-06-03 01:30:00,454.7
2020-06-03 01:40:00,454.8
2020-06-03 01:50:00,463.8
2020-06-03 02:00:00,464.8
2020-06-03 02:10:00,470.4
2020-06-03 02:20:00,470.3
2020-06-03 02:30:00,463.3
2020-06-03 02:40:00,463.3
2020-06-03 02:50:00,464.3
2020-06-03 03:00:00,467.9
2020-06-03 03:10:00,471.6
2020-06-03 03:20:00,470.9
2020-06-03 03:30:00,469.1
2020-06-03 03:40:00,466.1
2020-06-03 03:50:00,463.3
2020-06-03 04:00:00,461.5
2020-06-03 04:10:00,462.2
2020-06-03 04:20:00,463.2
2020-06-03 04:30:00,460.1
2020-06-03 04:40:00,460.2
2020-06-03 04:50:00,462.3
2020-06-03 05:00:00,473.6
2020-06-03 05:10:00,485.2
2020-06-03 05:20:00,485.7
2020-06-03 05:30:00,475.7
2020-06-03 05:40:00,472.2
2020-06-03 05:50:00,471.5
2020-06-03 06:00:00,470.5
2020-06-03 06:10:00,472.6
2020-06-03 06:20:00,474.2
2020-06-03 06:30:00,478.2
2020-06-03 06:40:00,478.8
2020-06-03 06:50:00,471.7
2020-06-03 07:00:00,472.6
2020-06-03 07:10:00,474.2
2020-06-03 07:20:00,474.6
2020-06-03 07:30:00,474.9
2020-06-03 07:40:00,472.1
2020-06-03 07:50:00,472.6
2020-06-03 08:00:00,474.5
2020-06-03 08:10:00,469.0
2020-06-03 08:20:00,460.0
2020-06-03 08:30:00,452.5
2020-06-03 08:40:00,448.4
2020-06-03 08:50:00,447.9
2020-06-03 09:00:00,440.7
2020-06-03 09:10:00,436.1
2020-06-03 09:20:00,430.5
2020-06-03 09:30:00,427.0
2020-06-03 09:40:00,420.1
2020-06-03 09:50:00,420.1
2020-06-03 10:00:00,418.6
2020-06-03 10:10:00,416.0
2020-06-03 10:20:00,415.4
2020-06-03 10:30:00,415.6
2020-06-03 10:40:00,415.6
2020-06-03 10:50:00,413.9
2020-06-03 11:00:00,413.2
2020-06-03 11:10:00,410.5
2020-06-03 11:20:00,409.4
2020-06-03 11:30:00,407.9
2020-06-03 11:40:00,407.6
2020-06-03 11:50:00,407.4
2020-06-03 12:00:00,406.5
2020-06-03 12:10:00,405.7
2020-06-03 12:20:00,405.7
2020-06-03 12:30:00,405.4
2020-06-03 12:40:00,405.0
2020-06-03 12:50:00,403.3
2020-06-03 13:00:00,403.6
2020-06-03 13:10:00,403.5
2020-06-03 13:20:00,403.9
2020-06-03 13:30:00,403.5
2020-06-03 13:40:00,404.4
2020-06-03 13:50:00,405.7
2020-06-03 14:00:00,406.6
2020-06-03 14:10:00,408.1
2020-06-03 14:20:00,408.2
2020-06-03 14:30:00,408.1
2020-06-03 14:40:00,409.0
2020-06-03 14:50:00,408.9
2020-06-03 15:00:00,410.5
2020-06-03 15:10:00,411.9
2020-06-03 15:20:00,412.5
2020-06-03 15:30:00,413.5
2020-06-03 15:40:00,413.8
2020-06-03 15:50:00,412.4
2020-06-03 16:00:00,412.3
2020-06-03 16:10:00,414.7
2020-06-03 16:20:00,416.4
2020-06-03 16:30:00,416.6
2020-06-03 16:40:00,416.7
2020-06-03 16:50:00,415.7
2020-06-03 17:00:00,411.8
2020-06-03 17:10:00,409.8
2020-06-03 17:20:00,407.5
2020-06-03 17:30:00,405.5
2020-06-03 17:40:00,405.4
2020-06-03 17:50:00,415.0
2020-06-03 18:00:00,413.7
2020-06-03 18:10:00,411.1
2020-06-03 18:20:00,410.7
2020-06-03 18:30:00,409.6
2020-06-03 18:40:00,407.0
2020-06-03 18:50:00,406.5
2020-06-03 19:00:00,407.6
2020-06-03 19:10:00,408.7
2020-06-03 19:20:00,410.0
2020-06-03 19:30:00,409.5
2020-06-03 19:40:00,410.9
2020-06-03 19:50:00,411.6
2020-06-03 20:00:00,411.0
2020-06-03 20:10:00,414.3
2020-06-03 20:20:00,413.4
2020-06-03 20:30:00,415.4
2020-06-03 20:40:00,417.6
2020-06-03 20:50:00,416.6
2020-06-03 21:00:00,418.4
2020-06-03 21:10:00,418.7
2020-06-03 21:20:00,416.6
2020-06-03 21:30:00,420.2
2020-06-03 21:40:00,420.9
2020-06-03 21:50:00,429.8
2020-06-03 22:00:00,437.0
2020-06-03 22:10:00,434.9
2020-06-03 22:20:00,431.4
2020-06-03 22:30:00,424.6
2020-06-03 22:40:00,426.9
2020-06-03 22:50:00,428.4
2020-06-03 23:00:00,436.4
2020-06-03 23:10:00,437.4
2020-06-03 23:20:00,437.1
2020-06-03 23:30:00,435.2
2020-06-03 23:40:00,436.0
2020-06-03 23:50:00,439.0
2020-06-04 00:00:00,444.7
2020-06-04 00:10:00,458.2
2020-06-04 00:20:00,456.9
2020-06-04 00:30:00,456.8
2020-06-04 00:40:00,454.1
2020-06-04 00:50:00,447.0
2020-06-04 01:00:00,442.7
2020-06-04 01:10:00,440.0
2020-06-04 01:20:00,438.4
2020-06-04 01:30:00,436.4
2020-06-04 01:40:00,441.3
2020-06-04 01:50:00,446.2
2020-06-04 02:00:00,454.7
2020-06-04 02:10:00,457.9
2020-06-04 02:20:00,454.3
2020-06-04 02:30:00,453.7
2020-06-04 02:40:00,456.0
2020-06-04 02:50:00,457.9
2020-06-04 03:00:00,459.3
2020-06-04 03:10:00,465.2
2020-06-04 03:20:00,466.6
2020-06-04 03:30:00,464.5
2020-06-04 03:40:00,463.2
2020-06-04 03:50:00,456.8
2020-06-04 04:00:00,462.2
2020-06-04 04:10:00,476.0
2020-06-04 04:20:00,477.8
2020-06-04 04:30:00,477.3
2020-06-04 04:40:00,478.0
2020-06-04 04:50:00,473.6
2020-06-04 05:00:00,473.8
2020-06-04 05:10:00,473.1
2020-06-04 05:20:00,468.5
2020-06-04 05:30:00,468.3
2020-06-04 05:40:00,468.8
2020-06-04 05:50:00,470.9
2020-06-04 06:00:00,472.9
2020-06-04 06:10:00,473.9
2020-06-04 06:20:00,474.1
2020-06-04 06:30:00,477.8
2020-06-04 06:40:00,476.6
2020-06-04 06:50:00,473.1
2020-06-04 07:00:00,462.9
2020-06-04 07:10:00,456.1
2020-06-04 07:20:00,453.8
2020-06-04 07:30:00,455.7
2020-06-04 07:40:00,457.1
2020-06-04 07:50:00,452.4
2020-06-04 08:00:00,448.3
2020-06-04 08:10:00,446.1
2020-06-04 08:20:00,443.6
2020-06-04 08:30:00,442.7
2020-06-04 08:40:00,441.3
2020-06-04 08:50:00,440.6
2020-06-04 09:00:00,439.6
2020-06-04 09:10:00,438.7
2020-06-04 09:20:00,438.9
2020-06-04 09:30:00,438.5
2020-06-04 09:40:00,436.6
2020-06-04 09:50:00,436.7
2020-06-04 10:00:00,433.5
2020-06-04 10:10:00,436.3
2020-06-04 10:20:00,435.2
2020-06-04 10:30:00,432.8
2020-06-04 10:40:00,429.9
2020-06-04 10:50:00,426.9
2020-06-04 11:00:00,423.1
2020-06-04 11:10:00,420.2
2020-06-04 11:20:00,418.6
2020-06-04 11:30:00,418.9
2020-06-04 11:40:00,418.1
2020-06-04 11:50:00,415.9
2020-06-04 12:00:00,414.4
2020-06-04 12:10:00,413.2
2020-06-04 12:20:00,413.1
2020-06-04 12:30:00,412.5
2020-06-04 12:40:00,411.8
2020-06-04 12:50:00,411.5
2020-06-04 13:00:00,411.2
2020-06-04 13:10:00,411.7
2020-06-04 13:20:00,411.1
2020-06-04 13:30:00,411.0
2020-06-04 13:40:00,411.2
2020-06-04 13:50:00,411.1
2020-06-04 14:00:00,411.9
2020-06-04 14:10:00,412.5
2020-06-04 14:20:00,412.9
2020-06-04 14:30:00,412.9
2020-06-04 14:40:00,412.1
2020-06-04 14:50:00,412.4
2020-06-04 15:00:00,412.3
2020-06-04 15:10:00,412.0
2020-06-04 15:20:00,411.5
2020-06-04 15:30:00,412.0
2020-06-04 15:40:00,410.3
2020-06-04 15:50:00,409.1
2020-06-04 16:00:00,410.5
2020-06-04 16:10:00,410.9
2020-06-04 16:20:00,411.0
2020-06-04 16:30:00,411.3
2020-06-04 16:40:00,411.1
2020-06-04 16:50:00,410.1
2020-06-04 17:00:00,408.3
2020-06-04 17:10:00,408.0
2020-06-04 17:20:00,407.9
2020-06-04 17:30:00,408.3
2020-06-04 17:40:00,408.4
2020-06-04 17:50:00,408.7
2020-06-04 18:00:00,409.8
2020-06-04 18:10:00,409.2
2020-06-04 18:20:00,411.8
2020-06-04 18:30:00,412.2
2020-06-04 18:40:00,413.9
2020-06-04 18:50:00,414.6
2020-06-04 19:00:00,416.5
2020-06-04 19:10:00,419.9
2020-06-04 19:20:00,421.0
2020-06-04 19:30:00,422.2
2020-06-04 19:40:00,423.4
2020-06-04 19:50:00,423.0
2020-06-04 20:00:00,422.9
2020-06-04 20:10:00,424.2
2020-06-04 20:20:00,425.0
2020-06-04 20:30:00,425.5
2020-06-04 20:40:00,422.8
2020-06-04 20:50:00,423.7
2020-06-04 21:00:00,423.5
2020-06-04 21:10:00,423.4
2020-06-04 21:20:00,423.9
2020-06-04 21:30:00,424.5
2020-06-04 21:40:00,425.8
2020-06-04 21:50:00,426.1
2020-06-04 22:00:00,426.6
2020-06-04 22:10:00,427.6
2020-06-04 22:20:00,429.4
2020-06-04 22:30:00,428.7
2020-06-04 22:40:00,428.4
2020-06-04 22:50:00,428.6
2020-06-04 23:00:00,426.2
2020-06-04 23:10:00,427.9
2020-06-04 23:20:00,427.6
2020-06-04 23:30:00,428.3
2020-06-04 23:40:00,427.2
2020-06-04 23:50:00,425.6
2020-06-05 00:00:00,426.5
2020-06-05 00:10:00,428.1
2020-06-05 00:20:00,428.7
2020-06-05 00:30:00,425.3
2020-06-05 00:40:00,421.9
2020-06-05 00:50:00,420.0
2020-06-05 01:00:00,418.3
2020-06-05 01:10:00,418.2
2020-06-05 01:20:00,418.7
2020-06-05 01:30:00,418.9
2020-06-05 01:40:00,419.1
2020-06-05 01:50:00,419.1
2020-06-05 02:00:00,420.3
2020-06-05 02:10:00,420.3
2020-06-05 02:20:00,420.3
2020-06-05 02:30:00,421.0
2020-06-05 02:40:00,421.2
2020-06-05 02:50:00,421.7
2020-06-05 03:00:00,421.7
2020-06-05 03:10:00,422.2
2020-06-05 03:20:00,423.6
2020-06-05 03:30:00,422.7
2020-06-05 03:40:00,422.9
2020-06-05 03:50:00,423.3
2020-06-05 04:00:00,424.2
2020-06-05 04:10:00,425.8
2020-06-05 04:20:00,427.3
2020-06-05 04:30:00,428.8
2020-06-05 04:40:00,428.1
2020-06-05 04:50:00,427.2
2020-06-05 05:00:00,427.5
2020-06-05 05:10:00,425.5
2020-06-05 05:20:00,428.9
2020-06-05 05:30:00,428.7
2020-06-05 05:40:00,425.2
2020-06-05 05:50:00,425.3
2020-06-05 06:00:00,424.2
2020-06-05 06:10:00,421.2
2020-06-05 06:20:00,419.7
2020-06-05 06:30:00,419.1
2020-06-05 06:40:00,418.2
2020-06-05 06:50:00,417.3
2020-06-05 07:00:00,416.3
2020-06-05 07:10:00,415.5
2020-06-05 07:20:00,415.9
2020-06-05 07:30:00,416.0
2020-06-05 07:40:00,416.0
2020-06-05 07:50:00,416.2
2020-06-05 08:00:00,416.4
2020-06-05 08:10:00,415.6
2020-06-05 08:20:00,416.0
2020-06-05 08:30:00,415.6
2020-06-05 08:40:00,414.9
2020-06-05 08:50:00,414.4
2020-06-05 09:00:00,413.5
2020-06-05 09:10:00,413.1
2020-06-05 09:20:00,412.7
2020-06-05 09:30:00,412.3
2020-06-05 09:40:00,411.9
2020-06-05 09:50:00,412.0
2020-06-05 10:00:00,411.0
2020-06-05 10:10:00,411.2
2020-06-05 10:20:00,410.4
2020-06-05 10:30:00,409.2
2020-06-05 10:40:00,408.4
2020-06-05 10:50:00,408.4
2020-06-05 11:00:00,408.1
2020-06-05 11:10:00,408.1
2020-06-05 11:20:00,408.0
2020-06-05 11:30:00,407.8
2020-06-05 11:40:00,408.9
2020-06-05 11:50:00,409.2
2020-06-05 12:00:00,409.4
2020-06-05 12:10:00,409.3
2020-06-05 12:20:00,409.3
2020-06-05 12:30:00,408.6
2020-06-05 12:40:00,408.7
2020-06-05 12:50:00,408.2
2020-06-05 13:00:00,408.5
2020-06-05 13:10:00,408.4
2020-06-05 13:20:00,407.9
2020-06-05 13:30:00,407.9
2020-06-05 13:40:00,408.1
2020-06-05 13:50:00,408.2
2020-06-05 14:00:00,408.3
2020-06-05 14:10:00,407.7
2020-06-05 14:20:00,407.7
2020-06-05 14:30:00,408.4
2020-06-05 14:40:00,408.4
2020-06-05 14:50:00,408.7
2020-06-05 15:00:00,408.4
2020-06-05 15:10:00,408.0
2020-06-05 15:20:00,408.1
2020-06-05 15:30:00,408.1
2020-06-05 15:40:00,409.0
2020-06-05 15:50:00,408.6
2020-06-05 16:00:00,408.3
2020-06-05 16:10:00,408.6
2020-06-05 16:20:00,408.8
2020-06-05 16:30:00,409.2
2020-06-05 16:40:00,409.2
2020-06-05 16:50:00,409.2
2020-06-05 17:00:00,409.7
2020-06-05 17:10:00,409.8
2020-06-05 17:20:00,410.2
2020-06-05 17:30:00,410.5
2020-06-05 17:40:00,410.8
2020-06-05 17:50:00,410.6
2020-06-05 18:00:00,410.5
2020-06-05 18:10:00,410.8
2020-06-05 18:20:00,410.7
2020-06-05 18:30:00,410.6
2020-06-05 18:40:00,411.1
2020-06-05 18:50:00,411.9
2020-06-05 19:00:00,412.4
2020-06-05 19:10:00,412.5
2020-06-05 19:20:00,413.0
2020-06-05 19:30:00,413.0
2020-06-05 19:40:00,413.3
2020-06-05 19:50:00,414.0
2020-06-05 20:00:00,413.8
2020-06-05 20:10:00,414.4
2020-06-05 20:20:00,415.4
2020-06-05 20:30:00,416.4
2020-06-05 20:40:00,416.5
2020-06-05 20:50:00,417.4
2020-06-05 21:00:00,418.3
2020-06-05 21:10:00,418.1
2020-06-05 21:20:00,418.2
2020-06-05 21:30:00,417.8
2020-06-05 21:40:00,417.7
2020-06-05 21:50:00,417.6
2020-06-05 22:00:00,417.7
2020-06-05 22:10:00,418.2
2020-06-05 22:20:00,418.3
2020-06-05 22:30:00,418.7
2020-06-05 22:40:00,419.4
2020-06-05 22:50:00,419.1
2020-06-05 23:00:00,419.6
2020-06-05 23:10:00,419.7
2020-06-05 23:20:00,420.7
2020-06-05 23:30:00,421.3
2020-06-05 23:40:00,421.3
2020-06-05 23:50:00,421.4
2020-06-06 00:00:00,421.9
2020-06-06 00:10:00,421.9
2020-06-06 00:20:00,421.0
2020-06-06 00:30:00,420.5
2020-06-06 00:40:00,420.7
2020-06-06 00:50:00,421.2
2020-06-06 01:00:00,424.0
2020-06-06 01:10:00,426.0
2020-06-06 01:20:00,426.9
2020-06-06 01:30:00,427.4
2020-06-06 01:40:00,426.5
2020-06-06 01:50:00,425.1
2020-06-06 02:00:00,423.7
2020-06-06 02:10:00,424.7
2020-06-06 02:20:00,423.8
2020-06-06 02:30:00,422.7
2020-06-06 02:40:00,422.8
2020-06-06 02:50:00,423.2
2020-06-06 03:00:00,425.8
2020-06-06 03:10:00,423.9
2020-06-06 03:20:00,423.7
2020-06-06 03:30:00,424.9
2020-06-06 03:40:00,425.1
2020-06-06 03:50:00,426.5
2020-06-06 04:00:00,427.5
2020-06-06 04:10:00,427.9
2020-06-06 04:20:00,431.4
2020-06-06 04:30:00,432.5
2020-06-06 04:40:00,429.4
2020-06-06 04:50:00,428.8
2020-06-06 05:00:00,425.8
2020-06-06 05:10:00,425.1
2020-06-06 05:20:00,424.5
2020-06-06 05:30:00,422.1
2020-06-06 05:40:00,421.7
2020-06-06 05:50:00,421.7
2020-06-06 06:00:00,420.9
2020-06-06 06:10:00,420.5
2020-06-06 06:20:00,420.2
2020-06-06 06:30:00,419.5
2020-06-06 06:40:00,418.6
2020-06-06 06:50:00,418.0
2020-06-06 07:00:00,417.5
2020-06-06 07:10:00,417.0
2020-06-06 07:20:00,416.3
2020-06-06 07:30:00,416.3
2020-06-06 07:40:00,415.9
2020-06-06 07:50:00,415.5
2020-06-06 08:00:00,415.1
2020-06-06 08:10:00,414.4
2020-06-06 08:20:00,414.1
2020-06-06 08:30:00,413.6
2020-06-06 08:40:00,413.8
2020-06-06 08:50:00,413.7
2020-06-06 09:00:00,413.7
2020-06-06 09:10:00,413.3
2020-06-06 09:20:00,413.1
2020-06-06 09:30:00,413.1
2020-06-06 09:40:00,413.3
2020-06-06 09:50:00,412.9
2020-06-06 10:00:00,412.4
2020-06-06 10:10:00,411.9
2020-06-06 10:20:00,411.5
2020-06-06 10:30:00,411.2
2020-06-06 10:40:00,411.3
2020-06-06 10:50:00,411.6
2020-06-06 11:00:00,412.2
2020-06-06 11:10:00,411.8
2020-06-06 11:20:00,411.7
2020-06-06 11:30:00,411.4
2020-06-06 11:40:00,411.2
2020-06-06 11:50:00,411.3
2020-06-06 12:00:00,410.8
2020-06-06 12:10:00,410.5
2020-06-06 12:20:00,410.9
2020-06-06 12:30:00,410.8
2020-06-06 12:40:00,411.2
2020-06-06 12:50:00,411.6
2020-06-06 13:00:00,411.8
2020-06-06 13:10:00,411.7
2020-06-06 13:20:00,411.7
2020-06-06 13:30:00,410.9
2020-06-06 13:40:00,410.6
2020-06-06 13:50:00,410.4
2020-06-06 14:00:00,410.2
2020-06-06 14:10:00,409.8
2020-06-06 14:20:00,409.4
2020-06-06 14:30:00,409.7
2020-06-06 14:40:00,408.8
2020-06-06 14:50:00,409.1
2020-06-06 15:00:00,409.1
2020-06-06 15:10:00,409.0
2020-06-06 15:20:00,409.3
2020-06-06 15:30:00,409.7
2020-06-06 15:40:00,409.7
2020-06-06 15:50:00,409.7
2020-06-06 16:00:00,409.7
2020-06-06 16:10:00,409.8
2020-06-06 16:20:00,410.0
2020-06-06 16:30:00,412.1
2020-06-06 16:40:00,412.4
2020-06-06 16:50:00,412.1
2020-06-06 17:00:00,411.9
2020-06-06 17:10:00,412.2
2020-06-06 17:20:00,412.5
2020-06-06 17:30:00,412.5
2020-06-06 17:40:00,412.3
2020-06-06 17:50:00,412.4
2020-06-06 18:00:00,412.8
2020-06-06 18:10:00,412.4
2020-06-06 18:20:00,412.3
2020-06-06 18:30:00,411.9
2020-06-06 18:40:00,410.6
2020-06-06 18:50:00,410.6
2020-06-06 19:00:00,410.7
2020-06-06 19:10:00,410.5
2020-06-06 19:20:00,410.5
2020-06-06 19:30:00,410.5
2020-06-06 19:40:00,411.7
2020-06-06 19:50:00,412.9
2020-06-06 20:00:00,412.0
2020-06-06 20:10:00,411.8
2020-06-06 20:20:00,411.9
2020-06-06 20:30:00,411.8
2020-06-06 20:40:00,412.8
2020-06-06 20:50:00,412.7
2020-06-06 21:00:00,412.2
2020-06-06 21:10:00,412.4
2020-06-06 21:20:00,414.3
2020-06-06 21:30:00,414.3
2020-06-06 21:40:00,416.9
2020-06-06 21:50:00,416.4
2020-06-06 22:00:00,415.2
2020-06-06 22:10:00,422.0
2020-06-06 22:20:00,427.4
2020-06-06 22:30:00,426.6
2020-06-06 22:40:00,427.8
2020-06-06 22:50:00,430.3
2020-06-06 23:00:00,426.7
2020-06-06 23:10:00,425.4
2020-06-06 23:20:00,425.7
2020-06-06 23:30:00,424.5
2020-06-06 23:40:00,427.2
2020-06-06 23:50:00,430.9
2020-06-07 00:00:00,431.8
2020-06-07 00:10:00,435.8
2020-06-07 00:20:00,433.6
2020-06-07 00:30:00,434.4
2020-06-07 00:40:00,433.7
2020-06-07 00:50:00,438.8
2020-06-07 01:00:00,443.9
2020-06-07 01:10:00,443.8
2020-06-07 01:20:00,440.0
2020-06-07 01:30:00,439.6
2020-06-07 01:40:00,439.7
2020-06-07 01:50:00,437.9
2020-06-07 02:00:00,436.3
2020-06-07 02:10:00,436.8
2020-06-07 02:20:00,437.2
2020-06-07 02:30:00,436.9
2020-06-07 02:40:00,436.3
2020-06-07 02:50:00,431.9
2020-06-07 03:00:00,434.4
2020-06-07 03:10:00,442.6
2020-06-07 03:20:00,436.6
2020-06-07 03:30:00,450.1
2020-06-07 03:40:00,445.2
2020-06-07 03:50:00,450.3
2020-06-07 04:00:00,454.6
2020-06-07 04:10:00,449.5
2020-06-07 04:20:00,442.0
2020-06-07 04:30:00,442.8
2020-06-07 04:40:00,432.6
2020-06-07 04:50:00,446.5
2020-06-07 05:00:00,453.3
2020-06-07 05:10:00,449.0
2020-06-07 05:20:00,439.6
2020-06-07 05:30:00,454.6
2020-06-07 05:40:00,469.3
2020-06-07 05:50:00,468.0
2020-06-07 06:00:00,459.4
2020-06-07 06:10:00,448.7
2020-06-07 06:20:00,444.4
2020-06-07 06:30:00,441.3
2020-06-07 06:40:00,447.0
2020-06-07 06:50:00,447.1
2020-06-07 07:00:00,438.0
2020-06-07 07:10:00,441.4
2020-06-07 07:20:00,441.4
2020-06-07 07:30:00,440.6
2020-06-07 07:40:00,439.5
2020-06-07 07:50:00,439.2
2020-06-07 08:00:00,439.4
2020-06-07 08:10:00,439.8
2020-06-07 08:20:00,438.3
2020-06-07 08:30:00,434.4
2020-06-07 08:40:00,431.6
2020-06-07 08:50:00,429.5
2020-06-07 09:00:00,426.2
2020-06-07 09:10:00,422.9
2020-06-07 09:20:00,420.4
2020-06-07 09:30:00,418.3
2020-06-07 09:40:00,416.4
2020-06-07 09:50:00,413.5
2020-06-07 10:00:00,411.0
2020-06-07 10:10:00,408.9
2020-06-07 10:20:00,407.2
2020-06-07 10:30:00,406.7
2020-06-07 10:40:00,406.6
2020-06-07 10:50:00,405.5
2020-06-07 11:00:00,405.6
2020-06-07 11:10:00,405.5
2020-06-07 11:20:00,404.9
2020-06-07 11:30:00,404.5
2020-06-07 11:40:00,404.2
2020-06-07 11:50:00,403.5
2020-06-07 12:00:00,403.8
2020-06-07 12:10:00,404.4
2020-06-07 12:20:00,403.9
2020-06-07 12:30:00,403.8
2020-06-07 12:40:00,404.0
2020-06-07 12:50:00,403.5
2020-06-07 13:00:00,404.0
2020-06-07 13:10:00,404.7
2020-06-07 13:20:00,404.7
2020-06-07 13:30:00,404.5
2020-06-07 13:40:00,403.8
2020-06-07 13:50:00,403.8
2020-06-07 14:00:00,404.1
2020-06-07 14:10:00,404.1
2020-06-07 14:20:00,404.3
2020-06-07 14:30:00,403.8
2020-06-07 14:40:00,403.6
2020-06-07 14:50:00,403.7
2020-06-07 15:00:00,404.0
2020-06-07 15:10:00,403.8
2020-06-07 15:20:00,403.8
2020-06-07 15:30:00,403.3
2020-06-07 15:40:00,402.7
2020-06-07 15:50:00,402.0
2020-06-07 16:00:00,401.4
2020-06-07 16:10:00,401.2
2020-06-07 16:20:00,401.8
2020-06-07 16:30:00,401.6
2020-06-07 16:40:00,401.7
2020-06-07 16:50:00,401.5
2020-06-07 17:00:00,401.7
2020-06-07 17:10:00,401.5
2020-06-07 17:20:00,402.1
2020-06-07 17:30:00,402.4
2020-06-07 17:40:00,402.4
2020-06-07 17:50:00,402.8
2020-06-07 18:00:00,402.8
2020-06-07 18:10:00,402.6
2020-06-07 18:20:00,402.9
2020-06-07 18:30:00,402.9
2020-06-07 18:40:00,402.4
2020-06-07 18:50:00,401.9
2020-06-07 19:00:00,401.9
2020-06-07 19:10:00,401.4
2020-06-07 19:20:00,401.3
2020-06-07 19:30:00,401.1
2020-06-07 19:40:00,400.7
2020-06-07 19:50:00,401.0
2020-06-07 20:00:00,401.4
2020-06-07 20:10:00,402.0
2020-06-07 20:20:00,402.7
2020-06-07 20:30:00,403.5
2020-06-07 20:40:00,404.3
2020-06-07 20:50:00,404.9
2020-06-07 21:00:00,405.5
2020-06-07 21:10:00,405.7
2020-06-07 21:20:00,406.1
2020-06-07 21:30:00,406.9
2020-06-07 21:40:00,406.9
2020-06-07 21:50:00,407.1
2020-06-07 22:00:00,408.5
2020-06-07 22:10:00,419.9
2020-06-07 22:20:00,421.4
2020-06-07 22:30:00,422.1
2020-06-07 22:40:00,422.6
2020-06-07 22:50:00,423.4
2020-06-07 23:00:00,429.2
2020-06-07 23:10:00,426.6
2020-06-07 23:20:00,429.8
2020-06-07 23:30:00,433.6
2020-06-07 23:40:00,437.0
2020-06-07 23:50:00,437.7
2020-06-08 00:00:00,438.9
2020-06-08 00:10:00,439.7
2020-06-08 00:20:00,439.0
2020-06-08 00:30:00,440.4
2020-06-08 00:40:00,444.3
2020-06-08 00:50:00,449.1
2020-06-08 01:00:00,447.4
2020-06-08 01:10:00,453.6
2020-06-08 01:20:00,457.4
2020-06-08 01:30:00,452.8
2020-06-08 01:40:00,456.0
2020-06-08 01:50:00,461.6
2020-06-08 02:00:00,463.7
2020-06-08 02:10:00,459.3
2020-06-08 02:20:00,458.3
2020-06-08 02:30:00,458.0
2020-06-08 02:40:00,458.1
2020-06-08 02:50:00,458.9
2020-06-08 03:00:00,447.2
2020-06-08 03:10:00,456.5
2020-06-08 03:20:00,475.0
2020-06-08 03:30:00,469.0
2020-06-08 03:40:00,459.5
2020-06-08 03:50:00,466.7
2020-06-08 04:00:00,468.1
2020-06-08 04:10:00,468.6
2020-06-08 04:20:00,468.8
2020-06-08 04:30:00,467.4
2020-06-08 04:40:00,469.3
2020-06-08 04:50:00,464.3
2020-06-08 05:00:00,462.3
2020-06-08 05:10:00,462.0
2020-06-08 05:20:00,464.0
2020-06-08 05:30:00,463.0
2020-06-08 05:40:00,473.5
2020-06-08 05:50:00,476.9
2020-06-08 06:00:00,471.6
2020-06-08 06:10:00,469.1
2020-06-08 06:20:00,467.7
2020-06-08 06:30:00,470.8
2020-06-08 06:40:00,468.9
2020-06-08 06:50:00,462.2
2020-06-08 07:00:00,454.7
2020-06-08 07:10:00,455.6
2020-06-08 07:20:00,453.8
2020-06-08 07:30:00,450.6
2020-06-08 07:40:00,447.2
2020-06-08 07:50:00,446.4
2020-06-08 08:00:00,442.1
2020-06-08 08:10:00,440.6
2020-06-08 08:20:00,440.1
2020-06-08 08:30:00,437.7
2020-06-08 08:40:00,435.0
2020-06-08 08:50:00,433.4
2020-06-08 09:00:00,429.2
2020-06-08 09:10:00,424.4
2020-06-08 09:20:00,423.1
2020-06-08 09:30:00,418.8
2020-06-08 09:40:00,419.3
2020-06-08 09:50:00,415.2
2020-06-08 10:00:00,414.2
2020-06-08 10:10:00,411.1
2020-06-08 10:20:00,410.7
2020-06-08 10:30:00,409.0
2020-06-08 10:40:00,409.7
2020-06-08 10:50:00,409.1
2020-06-08 11:00:00,409.3
2020-06-08 11:10:00,408.6
2020-06-08 11:20:00,409.2
2020-06-08 11:30:00,408.4
2020-06-08 11:40:00,408.6
2020-06-08 11:50:00,408.6
2020-06-08 12:00:00,408.5
2020-06-08 12:10:00,408.8
2020-06-08 12:20:00,408.4
2020-06-08 12:30:00,408.0
2020-06-08 12:40:00,407.6
2020-06-08 12:50:00,407.4
2020-06-08 13:00:00,407.5
2020-06-08 13:10:00,407.4
2020-06-08 13:20:00,407.6
2020-06-08 13:30:00,407.6
2020-06-08 13:40:00,407.6
2020-06-08 13:50:00,407.2
2020-06-08 14:00:00,407.1
2020-06-08 14:10:00,407.0
2020-06-08 14:20:00,406.2
2020-06-08 14:30:00,407.9
2020-06-08 14:40:00,408.0
2020-06-08 14:50:00,407.7
2020-06-08 15:00:00,407.2
2020-06-08 15:10:00,405.0
2020-06-08 15:20:00,404.3
2020-06-08 15:30:00,404.7
2020-06-08 15:40:00,405.1
2020-06-08 15:50:00,405.1
2020-06-08 16:00:00,404.4
2020-06-08 16:10:00,404.7
2020-06-08 16:20:00,404.2
2020-06-08 16:30:00,404.3
2020-06-08 16:40:00,404.2
2020-06-08 16:50:00,403.8
2020-06-08 17:00:00,403.7
2020-06-08 17:10:00,403.6
2020-06-08 17:20:00,403.2
2020-06-08 17:30:00,403.8
2020-06-08 17:40:00,405.9
2020-06-08 17:50:00,404.9
2020-06-08 18:00:00,404.6
2020-06-08 18:10:00,405.7
2020-06-08 18:20:00,407.4
2020-06-08 18:30:00,408.1
2020-06-08 18:40:00,408.3
2020-06-08 18:50:00,408.2
2020-06-08 19:00:00,408.6
2020-06-08 19:10:00,408.1
2020-06-08 19:20:00,408.1
2020-06-08 19:30:00,407.6
2020-06-08 19:40:00,407.7
2020-06-08 19:50:00,408.5
2020-06-08 20:00:00,408.5
2020-06-08 20:10:00,409.3
2020-06-08 20:20:00,408.5
2020-06-08 20:30:00,409.4
2020-06-08 20:40:00,410.0
2020-06-08 20:50:00,410.7
2020-06-08 21:00:00,411.7
2020-06-08 21:10:00,423.4
2020-06-08 21:20:00,425.3
2020-06-08 21:30:00,426.8
2020-06-08 21:40:00,426.8
2020-06-08 21:50:00,427.2
2020-06-08 22:00:00,428.0
2020-06-08 22:10:00,426.8
2020-06-08 22:20:00,428.4
2020-06-08 22:30:00,438.1
2020-06-08 22:40:00,437.7
2020-06-08 22:50:00,437.0
2020-06-08 23:00:00,435.1
2020-06-08 23:10:00,445.4
2020-06-08 23:20:00,445.6
2020-06-08 23:30:00,447.8
2020-06-08 23:40:00,443.5
2020-06-08 23:50:00,435.7
2020-06-09 00:00:00,434.9
2020-06-09 00:10:00,441.1
2020-06-09 00:20:00,440.4
2020-06-09 00:30:00,443.3
2020-06-09 00:40:00,452.9
2020-06-09 00:50:00,451.5
2020-06-09 01:00:00,448.0
2020-06-09 01:10:00,453.6
2020-06-09 01:20:00,459.1
2020-06-09 01:30:00,459.9
2020-06-09 01:40:00,462.1
2020-06-09 01:50:00,463.4
2020-06-09 02:00:00,467.7
2020-06-09 02:10:00,464.9
2020-06-09 02:20:00,463.9
2020-06-09 02:30:00,458.1
2020-06-09 02:40:00,468.6
2020-06-09 02:50:00,471.1
2020-06-09 03:00:00,477.0
2020-06-09 03:10:00,478.0
2020-06-09 03:20:00,478.6
2020-06-09 03:30:00,480.3
2020-06-09 03:40:00,481.4
2020-06-09 03:50:00,484.8
2020-06-09 04:00:00,483.5
2020-06-09 04:10:00,481.9
2020-06-09 04:20:00,485.1
2020-06-09 04:30:00,475.9
2020-06-09 04:40:00,473.0
2020-06-09 04:50:00,462.0
2020-06-09 05:00:00,465.6
2020-06-09 05:10:00,480.7
2020-06-09 05:20:00,486.5
2020-06-09 05:30:00,488.6
2020-06-09 05:40:00,489.4
2020-06-09 05:50:00,485.7
2020-06-09 06:00:00,478.7
2020-06-09 06:10:00,472.4
2020-06-09 06:20:00,480.9
2020-06-09 06:30:00,482.7
2020-06-09 06:40:00,482.8
2020-06-09 06:50:00,478.7
2020-06-09 07:00:00,475.9
2020-06-09 07:10:00,484.5
2020-06-09 07:20:00,483.8
2020-06-09 07:30:00,477.6
2020-06-09 07:40:00,481.1
2020-06-09 07:50:00,482.6
2020-06-09 08:00:00,473.9
2020-06-09 08:10:00,469.6
2020-06-09 08:20:00,451.0
2020-06-09 08:30:00,441.0
2020-06-09 08:40:00,440.1
2020-06-09 08:50:00,442.1
2020-06-09 09:00:00,442.8
2020-06-09 09:10:00,438.7
2020-06-09 09:20:00,437.4
2020-06-09 09:30:00,435.8
2020-06-09 09:40:00,432.1
2020-06-09 09:50:00,428.1
2020-06-09 10:00:00,425.6
2020-06-09 10:10:00,424.5
2020-06-09 10:20:00,423.9
2020-06-09 10:30:00,423.6
2020-06-09 10:40:00,422.3
2020-06-09 10:50:00,421.0
2020-06-09 11:00:00,420.2
2020-06-09 11:10:00,419.5
2020-06-09 11:20:00,419.2
2020-06-09 11:30:00,417.2
2020-06-09 11:40:00,415.7
2020-06-09 11:50:00,413.6
2020-06-09 12:00:00,412.7
2020-06-09 12:10:00,412.4
2020-06-09 12:20:00,412.6
2020-06-09 12:30:00,411.5
2020-06-09 12:40:00,412.0
2020-06-09 12:50:00,412.7
2020-06-09 13:00:00,412.3
2020-06-09 13:10:00,412.9
2020-06-09 13:20:00,412.2
2020-06-09 13:30:00,411.7
2020-06-09 13:40:00,411.2
2020-06-09 13:50:00,411.3
2020-06-09 14:00:00,410.1
2020-06-09 14:10:00,409.7
2020-06-09 14:20:00,408.8
2020-06-09 14:30:00,408.3
2020-06-09 14:40:00,408.6
2020-06-09 14:50:00,406.6
2020-06-09 15:00:00,406.8
2020-06-09 15:10:00,408.0
2020-06-09 15:20:00,408.2
2020-06-09 15:30:00,407.8
2020-06-09 15:40:00,408.4
2020-06-09 15:50:00,410.8
2020-06-09 16:00:00,412.5
2020-06-09 16:10:00,414.2
2020-06-09 16:20:00,414.2
2020-06-09 16:30:00,415.7
2020-06-09 16:40:00,414.7
2020-06-09 16:50:00,415.2
2020-06-09 17:00:00,412.9
2020-06-09 17:10:00,413.0
2020-06-09 17:20:00,413.0
2020-06-09 17:30:00,412.1
2020-06-09 17:40:00,413.0
2020-06-09 17:50:00,412.6
2020-06-09 18:00:00,412.1
2020-06-09 18:10:00,414.1
2020-06-09 18:20:00,414.0
2020-06-09 18:30:00,413.6
2020-06-09 18:40:00,416.1
2020-06-09 18:50:00,415.5
2020-06-09 19:00:00,417.9
2020-06-09 19:10:00,416.8
2020-06-09 19:20:00,416.0
2020-06-09 19:30:00,417.0
2020-06-09 19:40:00,421.2
2020-06-09 19:50:00,419.0
2020-06-09 20:00:00,419.9
2020-06-09 20:10:00,420.6
2020-06-09 20:20:00,422.0
2020-06-09 20:30:00,424.4
2020-06-09 20:40:00,423.2
2020-06-09 20:50:00,424.1
2020-06-09 21:00:00,423.9
2020-06-09 21:10:00,426.0
2020-06-09 21:20:00,428.3
2020-06-09 21:30:00,428.9
2020-06-09 21:40:00,428.6
2020-06-09 21:50:00,428.9
2020-06-09 22:00:00,427.0
2020-06-09 22:10:00,424.0
2020-06-09 22:20:00,430.3
2020-06-09 22:30:00,433.8
2020-06-09 22:40:00,436.8
2020-06-09 22:50:00,433.8
2020-06-09 23:00:00,433.1
2020-06-09 23:10:00,430.0
2020-06-09 23:20:00,427.1
2020-06-09 23:30:00,428.0
2020-06-09 23:40:00,430.8
2020-06-09 23:50:00,427.3
2020-06-10 00:00:00,422.8
2020-06-10 00:10:00,426.3
2020-06-10 00:20:00,425.1
2020-06-10 00:30:00,432.0
2020-06-10 00:40:00,433.1
2020-06-10 00:50:00,428.7
2020-06-10 01:00:00,429.4
2020-06-10 01:10:00,430.3
2020-06-10 01:20:00,429.4
2020-06-10 01:30:00,429.6
2020-06-10 01:40:00,430.7
2020-06-10 01:50:00,431.2
2020-06-10 02:00:00,430.5
2020-06-10 02:10:00,432.1
2020-06-10 02:20:00,433.8
2020-06-10 02:30:00,435.1
2020-06-10 02:40:00,433.4
2020-06-10 02:50:00,432.8
2020-06-10 03:00:00,428.8
2020-06-10 03:10:00,432.3
2020-06-10 03:20:00,431.7
2020-06-10 03:30:00,431.3
2020-06-10 03:40:00,430.8
2020-06-10 03:50:00,431.3
2020-06-10 04:00:00,430.0
2020-06-10 04:10:00,429.5
2020-06-10 04:20:00,431.6
2020-06-10 04:30:00,431.3
2020-06-10 04:40:00,430.7
2020-06-10 04:50:00,431.2
2020-06-10 05:00:00,430.8
2020-06-10 05:10:00,430.5
2020-06-10 05:20:00,430.3
2020-06-10 05:30:00,430.4
2020-06-10 05:40:00,430.7
2020-06-10 05:50:00,430.3
2020-06-10 06:00:00,430.8
2020-06-10 06:10:00,431.9
2020-06-10 06:20:00,432.1
2020-06-10 06:30:00,432.2
2020-06-10 06:40:00,432.8
2020-06-10 06:50:00,433.4
2020-06-10 07:00:00,433.3
2020-06-10 07:10:00,432.2
2020-06-10 07:20:00,431.5
2020-06-10 07:30:00,429.9
2020-06-10 07:40:00,429.6
2020-06-10 07:50:00,429.4
2020-06-10 08:00:00,428.4
2020-06-10 08:10:00,426.9
2020-06-10 08:20:00,424.7
2020-06-10 08:30:00,422.9
2020-06-10 08:40:00,421.5
2020-06-10 08:50:00,420.1
2020-06-10 09:00:00,419.0
2020-06-10 09:10:00,417.9
2020-06-10 09:20:00,416.5
2020-06-10 09:30:00,414.6
2020-06-10 09:40:00,413.8
2020-06-10 09:50:00,411.5
2020-06-10 10:00:00,411.1
2020-06-10 10:10:00,410.6
2020-06-10 10:20:00,410.1
2020-06-10 10:30:00,409.7
2020-06-10 10:40:00,409.8
2020-06-10 10:50:00,409.3
2020-06-10 11:00:00,409.3
2020-06-10 11:10:00,408.1
2020-06-10 11:20:00,406.6
2020-06-10 11:30:00,405.6
2020-06-10 11:40:00,403.7
2020-06-10 11:50:00,404.5
2020-06-10 12:00:00,403.9
2020-06-10 12:10:00,403.6
2020-06-10 12:20:00,402.9
2020-06-10 12:30:00,401.5
2020-06-10 12:40:00,400.9
2020-06-10 12:50:00,400.1
2020-06-10 13:00:00,399.2
2020-06-10 13:10:00,398.1
2020-06-10 13:20:00,398.0
2020-06-10 13:30:00,398.3
2020-06-10 13:40:00,397.6
2020-06-10 13:50:00,397.1
2020-06-10 14:00:00,396.9
2020-06-10 14:10:00,397.2
2020-06-10 14:20:00,397.4
2020-06-10 14:30:00,397.9
2020-06-10 14:40:00,398.8
2020-06-10 14:50:00,397.9
2020-06-10 15:00:00,397.3
2020-06-10 15:10:00,398.2
2020-06-10 15:20:00,399.2
2020-06-10 15:30:00,399.4
2020-06-10 15:40:00,400.0
2020-06-10 15:50:00,400.7
2020-06-10 16:00:00,401.9
2020-06-10 16:10:00,402.4
2020-06-10 16:20:00,402.9
2020-06-10 16:30:00,402.4
2020-06-10 16:40:00,402.4
2020-06-10 16:50:00,403.0
2020-06-10 17:00:00,402.9
2020-06-10 17:10:00,403.4
2020-06-10 17:20:00,402.3
2020-06-10 17:30:00,402.5
2020-06-10 17:40:00,402.9
2020-06-10 17:50:00,402.2
2020-06-10 18:00:00,402.9
2020-06-10 18:10:00,405.7
2020-06-10 18:20:00,405.1
2020-06-10 18:30:00,406.4
2020-06-10 18:40:00,408.5
2020-06-10 18:50:00,407.5
2020-06-10 19:00:00,408.2
2020-06-10 19:10:00,408.4
2020-06-10 19:20:00,409.4
2020-06-10 19:30:00,409.1
2020-06-10 19:40:00,411.4
2020-06-10 19:50:00,411.2
2020-06-10 20:00:00,411.8
2020-06-10 20:10:00,412.4
2020-06-10 20:20:00,412.1
2020-06-10 20:30:00,413.1
2020-06-10 20:40:00,414.0
2020-06-10 20:50:00,414.4
2020-06-10 21:00:00,412.6
2020-06-10 21:10:00,415.5
2020-06-10 21:20:00,418.5
2020-06-10 21:30:00,422.1
2020-06-10 21:40:00,419.9
2020-06-10 21:50:00,422.0
2020-06-10 22:00:00,423.6
2020-06-10 22:10:00,426.2
2020-06-10 22:20:00,428.6
2020-06-10 22:30:00,429.0
2020-06-10 22:40:00,427.0
2020-06-10 22:50:00,434.4
2020-06-10 23:00:00,428.4
2020-06-10 23:10:00,434.2
2020-06-10 23:20:00,428.9
2020-06-10 23:30:00,426.3
2020-06-10 23:40:00,424.7
2020-06-10 23:50:00,419.8
2020-06-11 00:00:00,423.9
2020-06-11 00:10:00,423.7
2020-06-11 00:20:00,425.7
2020-06-11 00:30:00,425.0
2020-06-11 00:40:00,425.7
2020-06-11 00:50:00,424.0
2020-06-11 01:00:00,425.0
2020-06-11 01:10:00,425.7
2020-06-11 01:20:00,422.8
2020-06-11 01:30:00,423.2
2020-06-11 01:40:00,422.7
2020-06-11 01:50:00,427.1
2020-06-11 02:00:00,425.9
2020-06-11 02:10:00,427.3
2020-06-11 02:20:00,427.2
2020-06-11 02:30:00,428.2
2020-06-11 02:40:00,427.2
2020-06-11 02:50:00,428.2
2020-06-11 03:00:00,429.2
2020-06-11 03:10:00,429.9
2020-06-11 03:20:00,428.9
2020-06-11 03:30:00,428.0
2020-06-11 03:40:00,427.1
2020-06-11 03:50:00,427.0
2020-06-11 04:00:00,428.5
2020-06-11 04:10:00,429.0
2020-06-11 04:20:00,429.5
2020-06-11 04:30:00,430.5
2020-06-11 04:40:00,431.0
2020-06-11 04:50:00,432.4
2020-06-11 05:00:00,433.0
2020-06-11 05:10:00,432.9
2020-06-11 05:20:00,432.3
2020-06-11 05:30:00,431.1
2020-06-11 05:40:00,430.4
2020-06-11 05:50:00,429.6
2020-06-11 06:00:00,427.8
2020-06-11 06:10:00,427.3
2020-06-11 06:20:00,426.3
2020-06-11 06:30:00,426.4
2020-06-11 06:40:00,426.6
2020-06-11 06:50:00,426.6
2020-06-11 07:00:00,426.2
2020-06-11 07:10:00,426.6
2020-06-11 07:20:00,426.3
2020-06-11 07:30:00,425.5
2020-06-11 07:40:00,424.9
2020-06-11 07:50:00,424.5
2020-06-11 08:00:00,424.4
2020-06-11 08:10:00,424.8
2020-06-11 08:20:00,427.2
2020-06-11 08:30:00,427.9
2020-06-11 08:40:00,428.3
2020-06-11 08:50:00,427.1
2020-06-11 09:00:00,427.9
2020-06-11 09:10:00,427.8
2020-06-11 09:20:00,427.2
2020-06-11 09:30:00,425.6
2020-06-11 09:40:00,424.1
2020-06-11 09:50:00,422.8
2020-06-11 10:00:00,422.9
2020-06-11 10:10:00,422.2
2020-06-11 10:20:00,421.0
2020-06-11 10:30:00,420.2
2020-06-11 10:40:00,419.8
2020-06-11 10:50:00,418.6
2020-06-11 11:00:00,417.5
2020-06-11 11:10:00,417.4
2020-06-11 11:20:00,417.3
2020-06-11 11:30:00,417.5
2020-06-11 11:40:00,417.4
2020-06-11 11:50:00,417.1
2020-06-11 12:00:00,416.8
2020-06-11 12:10:00,415.7
2020-06-11 12:20:00,414.5
2020-06-11 12:30:00,413.8
2020-06-11 12:40:00,414.5
2020-06-11 12:50:00,416.3
2020-06-11 13:00:00,416.2
2020-06-11 13:10:00,415.7
2020-06-11 13:20:00,415.0
2020-06-11 13:30:00,415.3
2020-06-11 13:40:00,415.9
2020-06-11 13:50:00,416.0
2020-06-11 14:00:00,415.6
2020-06-11 14:10:00,416.1
2020-06-11 14:20:00,415.4
2020-06-11 14:30:00,414.0
2020-06-11 14:40:00,414.1
2020-06-11 14:50:00,414.4
2020-06-11 15:00:00,414.3
2020-06-11 15:10:00,414.5
2020-06-11 15:20:00,414.3
2020-06-11 15:30:00,414.6
2020-06-11 15:40:00,412.7
2020-06-11 15:50:00,412.5
2020-06-11 16:00:00,413.6
2020-06-11 16:10:00,414.3
2020-06-11 16:20:00,413.1
2020-06-11 16:30:00,412.6
2020-06-11 16:40:00,411.9
2020-06-11 16:50:00,411.3
2020-06-11 17:00:00,412.3
2020-06-11 17:10:00,412.3
2020-06-11 17:20:00,411.9
2020-06-11 17:30:00,411.5
2020-06-11 17:40:00,412.4
2020-06-11 17:50:00,411.5
2020-06-11 18:00:00,412.5
2020-06-11 18:10:00,412.4
2020-06-11 18:20:00,413.5
2020-06-11 18:30:00,414.7
2020-06-11 18:40:00,414.7
2020-06-11 18:50:00,415.0
2020-06-11 19:00:00,414.7
2020-06-11 19:10:00,417.4
2020-06-11 19:20:00,416.6
2020-06-11 19:30:00,417.9
2020-06-11 19:40:00,417.3
2020-06-11 19:50:00,415.4
2020-06-11 20:00:00,417.1
2020-06-11 20:10:00,416.7
2020-06-11 20:20:00,414.3
2020-06-11 20:30:00,416.0
2020-06-11 20:40:00,419.7
2020-06-11 20:50:00,420.2
2020-06-11 21:00:00,417.6
2020-06-11 21:10:00,421.3
2020-06-11 21:20:00,424.2
2020-06-11 21:30:00,425.5
2020-06-11 21:40:00,428.0
2020-06-11 21:50:00,423.5
2020-06-11 22:00:00,426.4
2020-06-11 22:10:00,429.9
2020-06-11 22:20:00,427.9
2020-06-11 22:30:00,430.2
2020-06-11 22:40:00,424.2
2020-06-11 22:50:00,422.9
2020-06-11 23:00:00,429.7
2020-06-11 23:10:00,431.5
2020-06-11 23:20:00,441.6
2020-06-11 23:30:00,431.5
2020-06-11 23:40:00,438.6
2020-06-11 23:50:00,433.6
2020-06-12 00:00:00,429.3
2020-06-12 00:10:00,440.2
2020-06-12 00:20:00,444.4
2020-06-12 00:30:00,441.0
2020-06-12 00:40:00,447.0
2020-06-12 00:50:00,447.6
2020-06-12 01:00:00,455.5
2020-06-12 01:10:00,457.8
2020-06-12 01:20:00,446.6
2020-06-12 01:30:00,447.4
2020-06-12 01:40:00,450.1
2020-06-12 01:50:00,450.0
2020-06-12 02:00:00,453.5
2020-06-12 02:10:00,461.8
2020-06-12 02:20:00,461.6
2020-06-12 02:30:00,459.4
2020-06-12 02:40:00,457.8
2020-06-12 02:50:00,454.0
2020-06-12 03:00:00,449.7
2020-06-12 03:10:00,456.8
2020-06-12 03:20:00,458.8
2020-06-12 03:30:00,455.3
2020-06-12 03:40:00,451.8
2020-06-12 03:50:00,452.7
2020-06-12 04:00:00,448.3
2020-06-12 04:10:00,457.9
2020-06-12 04:20:00,466.3
2020-06-12 04:30:00,475.7
2020-06-12 04:40:00,467.2
2020-06-12 04:50:00,465.5
2020-06-12 05:00:00,473.5
2020-06-12 05:10:00,470.9
2020-06-12 05:20:00,473.4
2020-06-12 05:30:00,481.5
2020-06-12 05:40:00,472.4
2020-06-12 05:50:00,485.0
2020-06-12 06:00:00,468.9
2020-06-12 06:10:00,466.2
2020-06-12 06:20:00,462.5
2020-06-12 06:30:00,462.4
2020-06-12 06:40:00,461.5
2020-06-12 06:50:00,464.1
2020-06-12 07:00:00,461.4
2020-06-12 07:10:00,461.4
2020-06-12 07:20:00,461.7
2020-06-12 07:30:00,464.8
2020-06-12 07:40:00,466.3
2020-06-12 07:50:00,446.4
2020-06-12 08:00:00,423.6
2020-06-12 08:10:00,428.4
2020-06-12 08:20:00,428.0
2020-06-12 08:30:00,429.2
2020-06-12 08:40:00,429.9
2020-06-12 08:50:00,426.4
2020-06-12 09:00:00,422.5
2020-06-12 09:10:00,421.7
2020-06-12 09:20:00,423.5
2020-06-12 09:30:00,423.3
2020-06-12 09:40:00,425.4
2020-06-12 09:50:00,424.2
2020-06-12 10:00:00,419.8
2020-06-12 10:10:00,412.8
2020-06-12 10:20:00,411.1
2020-06-12 10:30:00,408.3
2020-06-12 10:40:00,407.4
2020-06-12 10:50:00,407.0
2020-06-12 11:00:00,407.5
2020-06-12 11:10:00,407.4
2020-06-12 11:20:00,406.8
2020-06-12 11:30:00,406.6
2020-06-12 11:40:00,405.9
2020-06-12 11:50:00,405.2
2020-06-12 12:00:00,405.1
2020-06-12 12:10:00,405.4
2020-06-12 12:20:00,405.1
2020-06-12 12:30:00,404.3
2020-06-12 12:40:00,404.0
2020-06-12 12:50:00,404.7
2020-06-12 13:00:00,404.6
2020-06-12 13:10:00,405.0
2020-06-12 13:20:00,404.2
2020-06-12 13:30:00,397.8
2020-06-12 13:40:00,404.6
2020-06-12 13:50:00,404.7
2020-06-12 14:00:00,405.1
2020-06-12 14:10:00,404.8
2020-06-12 14:20:00,404.3
2020-06-12 14:30:00,403.0
2020-06-12 14:40:00,402.7
2020-06-12 14:50:00,402.2
2020-06-12 15:00:00,402.0
2020-06-12 15:10:00,402.3
2020-06-12 15:20:00,402.4
2020-06-12 15:30:00,402.0
2020-06-12 15:40:00,401.8
2020-06-12 15:50:00,402.6
2020-06-12 16:00:00,403.0
2020-06-12 16:10:00,402.6
2020-06-12 16:20:00,402.4
2020-06-12 16:30:00,402.5
2020-06-12 16:40:00,402.2
2020-06-12 16:50:00,401.9
2020-06-12 17:00:00,402.0
2020-06-12 17:10:00,402.8
2020-06-12 17:20:00,403.3
2020-06-12 17:30:00,403.3
2020-06-12 17:40:00,402.9
2020-06-12 17:50:00,403.1
2020-06-12 18:00:00,404.1
2020-06-12 18:10:00,404.4
2020-06-12 18:20:00,404.5
2020-06-12 18:30:00,404.7
2020-06-12 18:40:00,404.7
2020-06-12 18:50:00,404.7
2020-06-12 19:00:00,404.7
2020-06-12 19:10:00,405.1
2020-06-12 19:20:00,405.2
2020-06-12 19:30:00,405.4
2020-06-12 19:40:00,405.7
2020-06-12 19:50:00,406.1
2020-06-12 20:00:00,406.4
2020-06-12 20:10:00,407.1
2020-06-12 20:20:00,408.2
2020-06-12 20:30:00,408.8
2020-06-12 20:40:00,409.5
2020-06-12 20:50:00,410.3
2020-06-12 21:00:00,411.0
2020-06-12 21:10:00,411.7
2020-06-12 21:20:00,412.2
2020-06-12 21:30:00,412.4
2020-06-12 21:40:00,413.0
2020-06-12 21:50:00,413.1
2020-06-12 22:00:00,413.8
2020-06-12 22:10:00,417.8
2020-06-12 22:20:00,419.4
2020-06-12 22:30:00,419.2
2020-06-12 22:40:00,419.5
2020-06-12 22:50:00,418.5
2020-06-12 23:00:00,417.2
2020-06-12 23:10:00,417.8
2020-06-12 23:20:00,417.9
2020-06-12 23:30:00,417.7
2020-06-12 23:40:00,419.3
2020-06-12 23:50:00,421.4
2020-06-13 00:00:00,423.9
2020-06-13 00:10:00,425.1
2020-06-13 00:20:00,428.8
2020-06-13 00:30:00,437.7
2020-06-13 00:40:00,446.2
2020-06-13 00:50:00,440.3
2020-06-13 01:00:00,431.6
2020-06-13 01:10:00,428.5
2020-06-13 01:20:00,429.3
2020-06-13 01:30:00,441.9
2020-06-13 01:40:00,446.3
2020-06-13 01:50:00,437.0
2020-06-13 02:00:00,453.2
2020-06-13 02:10:00,452.4
2020-06-13 02:20:00,461.2
2020-06-13 02:30:00,451.9
2020-06-13 02:40:00,447.4
2020-06-13 02:50:00,451.2
2020-06-13 03:00:00,466.1
2020-06-13 03:10:00,460.8
2020-06-13 03:20:00,464.4
2020-06-13 03:30:00,475.2
2020-06-13 03:40:00,475.9
2020-06-13 03:50:00,479.4
2020-06-13 04:00:00,483.4
2020-06-13 04:10:00,482.3
2020-06-13 04:20:00,485.4
2020-06-13 04:30:00,490.2
2020-06-13 04:40:00,483.6
2020-06-13 04:50:00,479.0
2020-06-13 05:00:00,482.2
2020-06-13 05:10:00,483.0
2020-06-13 05:20:00,499.6
2020-06-13 05:30:00,509.4
2020-06-13 05:40:00,510.2
2020-06-13 05:50:00,497.0
2020-06-13 06:00:00,494.8
2020-06-13 06:10:00,488.0
2020-06-13 06:20:00,492.0
2020-06-13 06:30:00,496.8
2020-06-13 06:40:00,496.7
2020-06-13 06:50:00,499.5
2020-06-13 07:00:00,496.4
2020-06-13 07:10:00,487.8
2020-06-13 07:20:00,480.3
2020-06-13 07:30:00,475.9
2020-06-13 07:40:00,466.8
2020-06-13 07:50:00,458.8
2020-06-13 08:00:00,452.9
2020-06-13 08:10:00,437.6
2020-06-13 08:20:00,443.4
2020-06-13 08:30:00,435.2
2020-06-13 08:40:00,433.4
2020-06-13 08:50:00,427.7
2020-06-13 09:00:00,426.9
2020-06-13 09:10:00,425.4
2020-06-13 09:20:00,423.6
2020-06-13 09:30:00,419.6
2020-06-13 09:40:00,416.7
2020-06-13 09:50:00,413.3
2020-06-13 10:00:00,413.3
2020-06-13 10:10:00,411.2
2020-06-13 10:20:00,409.5
2020-06-13 10:30:00,408.6
2020-06-13 10:40:00,407.9
2020-06-13 10:50:00,406.2
2020-06-13 11:00:00,405.4
2020-06-13 11:10:00,405.1
2020-06-13 11:20:00,404.6
2020-06-13 11:30:00,404.4
2020-06-13 11:40:00,404.4
2020-06-13 11:50:00,405.6
2020-06-13 12:00:00,405.9
2020-06-13 12:10:00,406.1
2020-06-13 12:20:00,406.0
2020-06-13 12:30:00,406.3
2020-06-13 12:40:00,406.0
2020-06-13 12:50:00,405.5
2020-06-13 13:00:00,405.7
2020-06-13 13:10:00,406.1
2020-06-13 13:20:00,406.5
2020-06-13 13:30:00,405.9
2020-06-13 13:40:00,404.8
2020-06-13 13:50:00,404.8
2020-06-13 14:00:00,404.6
2020-06-13 14:10:00,404.2
2020-06-13 14:20:00,404.4
2020-06-13 14:30:00,405.2
2020-06-13 14:40:00,406.0
2020-06-13 14:50:00,406.6
2020-06-13 15:00:00,406.3
2020-06-13 15:10:00,407.3
2020-06-13 15:20:00,407.2
2020-06-13 15:30:00,405.8
2020-06-13 15:40:00,405.5
2020-06-13 15:50:00,404.8
2020-06-13 16:00:00,404.2
2020-06-13 16:10:00,403.6
2020-06-13 16:20:00,403.2
2020-06-13 16:30:00,402.5
2020-06-13 16:40:00,403.0
2020-06-13 16:50:00,402.6
2020-06-13 17:00:00,402.0
2020-06-13 17:10:00,401.2
2020-06-13 17:20:00,400.7
2020-06-13 17:30:00,401.5
2020-06-13 17:40:00,402.1
2020-06-13 17:50:00,401.3
2020-06-13 18:00:00,403.2
2020-06-13 18:10:00,402.9
2020-06-13 18:20:00,404.8
2020-06-13 18:30:00,407.1
2020-06-13 18:40:00,407.1
2020-06-13 18:50:00,408.4
2020-06-13 19:00:00,410.1
2020-06-13 19:10:00,410.6
2020-06-13 19:20:00,411.7
2020-06-13 19:30:00,414.1
2020-06-13 19:40:00,415.0
2020-06-13 19:50:00,416.4
2020-06-13 20:00:00,417.5
2020-06-13 20:10:00,416.4
2020-06-13 20:20:00,417.3
2020-06-13 20:30:00,417.1
2020-06-13 20:40:00,417.3
2020-06-13 20:50:00,417.7
2020-06-13 21:00:00,418.1
2020-06-13 21:10:00,417.9
2020-06-13 21:20:00,418.5
2020-06-13 21:30:00,418.9
2020-06-13 21:40:00,418.9
2020-06-13 21:50:00,419.4
2020-06-13 22:00:00,419.6
2020-06-13 22:10:00,420.5
2020-06-13 22:20:00,421.0
2020-06-13 22:30:00,421.2
2020-06-13 22:40:00,422.0
2020-06-13 22:50:00,420.7
2020-06-13 23:00:00,419.7
2020-06-13 23:10:00,420.6
2020-06-13 23:20:00,421.3
2020-06-13 23:30:00,421.5
2020-06-13 23:40:00,421.8
2020-06-13 23:50:00,422.0
2020-06-14 00:00:00,423.6
2020-06-14 00:10:00,425.9
2020-06-14 00:20:00,424.7
2020-06-14 00:30:00,423.1
2020-06-14 00:40:00,423.1
2020-06-14 00:50:00,423.2
2020-06-14 01:00:00,423.8
2020-06-14 01:10:00,423.7
2020-06-14 01:20:00,424.3
2020-06-14 01:30:00,424.9
2020-06-14 01:40:00,426.7
2020-06-14 01:50:00,427.4
2020-06-14 02:00:00,427.7
2020-06-14 02:10:00,428.6
2020-06-14 02:20:00,429.6
2020-06-14 02:30:00,429.8
2020-06-14 02:40:00,428.7
2020-06-14 02:50:00,427.4
2020-06-14 03:00:00,428.1
2020-06-14 03:10:00,428.7
2020-06-14 03:20:00,429.0
2020-06-14 03:30:00,429.9
2020-06-14 03:40:00,430.1
2020-06-14 03:50:00,432.4
2020-06-14 04:00:00,433.6
2020-06-14 04:10:00,433.6
2020-06-14 04:20:00,432.2
2020-06-14 04:30:00,432.8
2020-06-14 04:40:00,434.9
2020-06-14 04:50:00,437.2
2020-06-14 05:00:00,438.2
2020-06-14 05:10:00,438.8
2020-06-14 05:20:00,439.1
2020-06-14 05:30:00,439.5
2020-06-14 05:40:00,441.2
2020-06-14 05:50:00,444.7
2020-06-14 06:00:00,445.6
2020-06-14 06:10:00,447.5
2020-06-14 06:20:00,447.6
2020-06-14 06:30:00,447.7
2020-06-14 06:40:00,445.7
2020-06-14 06:50:00,442.7
2020-06-14 07:00:00,437.8
2020-06-14 07:10:00,436.3
2020-06-14 07:20:00,435.5
2020-06-14 07:30:00,434.0
2020-06-14 07:40:00,433.3
2020-06-14 07:50:00,432.6
2020-06-14 08:00:00,429.5
2020-06-14 08:10:00,427.8
2020-06-14 08:20:00,427.6
2020-06-14 08:30:00,428.3
2020-06-14 08:40:00,428.1
2020-06-14 08:50:00,427.9
2020-06-14 09:00:00,426.8
2020-06-14 09:10:00,425.3
2020-06-14 09:20:00,424.2
2020-06-14 09:30:00,424.0
2020-06-14 09:40:00,424.9
2020-06-14 09:50:00,426.1
2020-06-14 10:00:00,425.4
2020-06-14 10:10:00,423.1
2020-06-14 10:20:00,421.7
2020-06-14 10:30:00,422.3
2020-06-14 10:40:00,422.9
2020-06-14 10:50:00,424.1
2020-06-14 11:00:00,424.1
2020-06-14 11:10:00,423.6
2020-06-14 11:20:00,422.7
2020-06-14 11:30:00,420.7
2020-06-14 11:40:00,418.5
2020-06-14 11:50:00,417.8
2020-06-14 12:00:00,418.4
2020-06-14 12:10:00,417.2
2020-06-14 12:20:00,417.1
2020-06-14 12:30:00,417.3
2020-06-14 12:40:00,418.0
2020-06-14 12:50:00,419.1
2020-06-14 13:00:00,420.0
2020-06-14 13:10:00,420.2
2020-06-14 13:20:00,420.7
2020-06-14 13:30:00,421.3
2020-06-14 13:40:00,421.1
2020-06-14 13:50:00,420.6
2020-06-14 14:00:00,419.3
2020-06-14 14:10:00,419.3
2020-06-14 14:20:00,419.5
2020-06-14 14:30:00,418.2
2020-06-14 14:40:00,418.1
2020-06-14 14:50:00,418.4
2020-06-14 15:00:00,418.8
2020-06-14 15:10:00,415.7
2020-06-14 15:20:00,414.4
2020-06-14 15:30:00,414.5
2020-06-14 15:40:00,413.9
2020-06-14 15:50:00,414.9
2020-06-14 16:00:00,415.4
2020-06-14 16:10:00,418.8
2020-06-14 16:20:00,420.5
2020-06-14 16:30:00,421.2
2020-06-14 16:40:00,420.0
2020-06-14 16:50:00,419.4
2020-06-14 17:00:00,420.4
2020-06-14 17:10:00,419.8
2020-06-14 17:20:00,417.1
2020-06-14 17:30:00,418.0
2020-06-14 17:40:00,419.9
2020-06-14 17:50:00,420.1
2020-06-14 18:00:00,420.0
2020-06-14 18:10:00,420.7
2020-06-14 18:20:00,419.8
2020-06-14 18:30:00,419.4
2020-06-14 18:40:00,420.8
2020-06-14 18:50:00,422.5
2020-06-14 19:00:00,423.0
2020-06-14 19:10:00,421.6
2020-06-14 19:20:00,423.7
2020-06-14 19:30:00,425.8
2020-06-14 19:40:00,423.1
2020-06-14 19:50:00,425.0
2020-06-14 20:00:00,433.4
2020-06-14 20:10:00,429.6
2020-06-14 20:20:00,425.7
2020-06-14 20:30:00,426.4
2020-06-14 20:40:00,426.9
2020-06-14 20:50:00,433.5
2020-06-14 21:00:00,439.5
2020-06-14 21:10:00,423.3
2020-06-14 21:20:00,422.9
2020-06-14 21:30:00,426.6
2020-06-14 21:40:00,431.1
2020-06-14 21:50:00,431.0
2020-06-14 22:00:00,434.8
2020-06-14 22:10:00,443.1
2020-06-14 22:20:00,440.1
2020-06-14 22:30:00,443.1
2020-06-14 22:40:00,443.1
2020-06-14 22:50:00,443.9
2020-06-14 23:00:00,450.3
2020-06-14 23:10:00,451.1
2020-06-14 23:20:00,463.1
2020-06-14 23:30:00,457.7
2020-06-14 23:40:00,447.2
2020-06-14 23:50:00,443.2
2020-06-15 00:00:00,437.6
2020-06-15 00:10:00,458.3
2020-06-15 00:20:00,449.7
2020-06-15 00:30:00,444.2
2020-06-15 00:40:00,442.9
2020-06-15 00:50:00,437.7
2020-06-15 01:00:00,434.6
2020-06-15 01:10:00,441.1
2020-06-15 01:20:00,437.1
2020-06-15 01:30:00,434.6
2020-06-15 01:40:00,434.2
2020-06-15 01:50:00,431.6
2020-06-15 02:00:00,434.1
2020-06-15 02:10:00,436.3
2020-06-15 02:20:00,434.0
2020-06-15 02:30:00,446.4
2020-06-15 02:40:00,457.4
2020-06-15 02:50:00,448.3
2020-06-15 03:00:00,450.6
2020-06-15 03:10:00,447.4
2020-06-15 03:20:00,439.7
2020-06-15 03:30:00,442.3
2020-06-15 03:40:00,452.0
2020-06-15 03:50:00,445.4
2020-06-15 04:00:00,449.4
2020-06-15 04:10:00,453.8
2020-06-15 04:20:00,454.2
2020-06-15 04:30:00,460.1
2020-06-15 04:40:00,463.8
2020-06-15 04:50:00,463.5
2020-06-15 05:00:00,462.6
2020-06-15 05:10:00,461.6
2020-06-15 05:20:00,460.2
2020-06-15 05:30:00,462.0
2020-06-15 05:40:00,463.6
2020-06-15 05:50:00,478.2
2020-06-15 06:00:00,480.6
2020-06-15 06:10:00,483.5
2020-06-15 06:20:00,485.1
2020-06-15 06:30:00,477.2
2020-06-15 06:40:00,471.6
2020-06-15 06:50:00,469.5
2020-06-15 07:00:00,464.0
2020-06-15 07:10:00,463.7
2020-06-15 07:20:00,461.5
2020-06-15 07:30:00,459.4
2020-06-15 07:40:00,455.9
2020-06-15 07:50:00,450.3
2020-06-15 08:00:00,450.5
2020-06-15 08:10:00,447.6
2020-06-15 08:20:00,444.1
2020-06-15 08:30:00,442.2
2020-06-15 08:40:00,435.0
2020-06-15 08:50:00,425.1
2020-06-15 09:00:00,420.4
2020-06-15 09:10:00,417.7
2020-06-15 09:20:00,419.5
2020-06-15 09:30:00,420.4
2020-06-15 09:40:00,419.7
2020-06-15 09:50:00,438.8
2020-06-15 10:00:00,420.5
2020-06-15 10:10:00,420.1
2020-06-15 10:20:00,418.3
2020-06-15 10:30:00,416.4
2020-06-15 10:40:00,414.9
2020-06-15 10:50:00,412.1
2020-06-15 11:00:00,409.7
2020-06-15 11:10:00,408.9
2020-06-15 11:20:00,408.6
2020-06-15 11:30:00,407.8
2020-06-15 11:40:00,412.6
2020-06-15 11:50:00,413.8
2020-06-15 12:00:00,413.9
2020-06-15 12:10:00,416.6
2020-06-15 12:20:00,418.5
2020-06-15 12:30:00,418.3
2020-06-15 12:40:00,417.9
2020-06-15 12:50:00,416.4
2020-06-15 13:00:00,414.9
2020-06-15 13:10:00,413.4
2020-06-15 13:20:00,412.2
2020-06-15 13:30:00,411.7
2020-06-15 13:40:00,410.2
2020-06-15 13:50:00,410.1
2020-06-15 14:00:00,409.5
2020-06-15 14:10:00,409.5
2020-06-15 14:20:00,408.5
2020-06-15 14:30:00,408.5
2020-06-15 14:40:00,408.3
2020-06-15 14:50:00,408.4
2020-06-15 15:00:00,407.8
2020-06-15 15:10:00,407.7
2020-06-15 15:20:00,408.5
2020-06-15 15:30:00,407.7
2020-06-15 15:40:00,407.0
2020-06-15 15:50:00,407.6
2020-06-15 16:00:00,406.9
2020-06-15 16:10:00,407.8
2020-06-15 16:20:00,408.2
2020-06-15 16:30:00,409.8
2020-06-15 16:40:00,409.8
2020-06-15 16:50:00,409.8
2020-06-15 17:00:00,409.7
2020-06-15 17:10:00,409.4
2020-06-15 17:20:00,409.2
2020-06-15 17:30:00,409.0
2020-06-15 17:40:00,409.1
2020-06-15 17:50:00,409.8
2020-06-15 18:00:00,411.2
2020-06-15 18:10:00,413.0
2020-06-15 18:20:00,414.3
2020-06-15 18:30:00,416.1
2020-06-15 18:40:00,417.0
2020-06-15 18:50:00,417.9
2020-06-15 19:00:00,418.8
2020-06-15 19:10:00,419.6
2020-06-15 19:20:00,420.7
2020-06-15 19:30:00,421.4
2020-06-15 19:40:00,422.5
2020-06-15 19:50:00,423.7
2020-06-15 20:00:00,423.9
2020-06-15 20:10:00,424.7
2020-06-15 20:20:00,424.7
2020-06-15 20:30:00,425.6
2020-06-15 20:40:00,426.2
2020-06-15 20:50:00,425.5
2020-06-15 21:00:00,426.0
2020-06-15 21:10:00,425.7
2020-06-15 21:20:00,425.5
2020-06-15 21:30:00,425.4
2020-06-15 21:40:00,426.6
2020-06-15 21:50:00,426.1
2020-06-15 22:00:00,426.2
2020-06-15 22:10:00,425.0
2020-06-15 22:20:00,426.9
2020-06-15 22:30:00,426.8
2020-06-15 22:40:00,426.2
2020-06-15 22:50:00,427.7
2020-06-15 23:00:00,427.9
2020-06-15 23:10:00,426.9
2020-06-15 23:20:00,427.6
2020-06-15 23:30:00,428.2
2020-06-15 23:40:00,426.2
2020-06-15 23:50:00,428.1
2020-06-16 00:00:00,429.8
2020-06-16 00:10:00,431.0
2020-06-16 00:20:00,428.4
2020-06-16 00:30:00,427.4
2020-06-16 00:40:00,429.5
2020-06-16 00:50:00,429.3
2020-06-16 01:00:00,429.5
2020-06-16 01:10:00,429.5
2020-06-16 01:20:00,429.7
2020-06-16 01:30:00,431.1
2020-06-16 01:40:00,429.3
2020-06-16 01:50:00,432.1
2020-06-16 02:00:00,434.1
2020-06-16 02:10:00,437.6
2020-06-16 02:20:00,440.4
2020-06-16 02:30:00,450.4
2020-06-16 02:40:00,452.3
2020-06-16 02:50:00,453.4
2020-06-16 03:00:00,456.3
2020-06-16 03:10:00,458.2
2020-06-16 03:20:00,463.1
2020-06-16 03:30:00,459.8
2020-06-16 03:40:00,452.3
2020-06-16 03:50:00,443.6
2020-06-16 04:00:00,446.7
2020-06-16 04:10:00,445.6
2020-06-16 04:20:00,446.0
2020-06-16 04:30:00,446.1
2020-06-16 04:40:00,447.0
2020-06-16 04:50:00,447.5
2020-06-16 05:00:00,449.0
2020-06-16 05:10:00,442.9
2020-06-16 05:20:00,435.5
2020-06-16 05:30:00,436.8
2020-06-16 05:40:00,440.7
2020-06-16 05:50:00,437.8
2020-06-16 06:00:00,430.3
2020-06-16 06:10:00,428.3
2020-06-16 06:20:00,428.5
2020-06-16 06:30:00,425.3
2020-06-16 06:40:00,422.3
2020-06-16 06:50:00,420.3
2020-06-16 07:00:00,417.4
2020-06-16 07:10:00,417.1
2020-06-16 07:20:00,416.8
2020-06-16 07:30:00,417.3
2020-06-16 07:40:00,418.6
2020-06-16 07:50:00,417.7
2020-06-16 08:00:00,416.8
2020-06-16 08:10:00,416.0
2020-06-16 08:20:00,416.4
2020-06-16 08:30:00,416.4
2020-06-16 08:40:00,415.6
2020-06-16 08:50:00,412.9
2020-06-16 09:00:00,414.1
2020-06-16 09:10:00,413.4
2020-06-16 09:20:00,414.2
2020-06-16 09:30:00,413.8
2020-06-16 09:40:00,412.7
2020-06-16 09:50:00,411.6
2020-06-16 10:00:00,410.8
2020-06-16 10:10:00,410.0
2020-06-16 10:20:00,408.1
2020-06-16 10:30:00,407.4
2020-06-16 10:40:00,406.4
2020-06-16 10:50:00,406.7
2020-06-16 11:00:00,405.9
2020-06-16 11:10:00,404.5
2020-06-16 11:20:00,406.0
2020-06-16 11:30:00,404.8
2020-06-16 11:40:00,403.7
2020-06-16 11:50:00,403.3
2020-06-16 12:00:00,403.8
2020-06-16 12:10:00,402.6
2020-06-16 12:20:00,402.1
2020-06-16 12:30:00,401.0
2020-06-16 12:40:00,401.5
2020-06-16 12:50:00,401.2
2020-06-16 13:00:00,401.0
2020-06-16 13:10:00,400.8
2020-06-16 13:20:00,400.5
2020-06-16 13:30:00,400.2
2020-06-16 13:40:00,399.9
2020-06-16 13:50:00,399.2
2020-06-16 14:00:00,399.2
2020-06-16 14:10:00,398.8
2020-06-16 14:20:00,398.0
2020-06-16 14:30:00,398.3
2020-06-16 14:40:00,397.8
2020-06-16 14:50:00,397.6
2020-06-16 15:00:00,397.5
2020-06-16 15:10:00,397.5
2020-06-16 15:20:00,397.4
2020-06-16 15:30:00,396.8
2020-06-16 15:40:00,396.8
2020-06-16 15:50:00,397.5
2020-06-16 16:00:00,396.9
2020-06-16 16:10:00,396.4
2020-06-16 16:20:00,396.1
2020-06-16 16:30:00,396.5
2020-06-16 16:40:00,396.6
2020-06-16 16:50:00,397.1
2020-06-16 17:00:00,397.8
2020-06-16 17:10:00,399.7
2020-06-16 17:20:00,400.4
2020-06-16 17:30:00,399.4
2020-06-16 17:40:00,400.1
2020-06-16 17:50:00,399.3
2020-06-16 18:00:00,399.6
2020-06-16 18:10:00,400.9
2020-06-16 18:20:00,402.0
2020-06-16 18:30:00,402.3
2020-06-16 18:40:00,403.0
2020-06-16 18:50:00,403.9
2020-06-16 19:00:00,406.3
2020-06-16 19:10:00,406.8
2020-06-16 19:20:00,406.7
2020-06-16 19:30:00,407.0
2020-06-16 19:40:00,406.3
2020-06-16 19:50:00,406.6
2020-06-16 20:00:00,407.5
2020-06-16 20:10:00,408.0
2020-06-16 20:20:00,409.6
2020-06-16 20:30:00,412.2
2020-06-16 20:40:00,411.9
2020-06-16 20:50:00,411.9
2020-06-16 21:00:00,412.7
2020-06-16 21:10:00,411.9
2020-06-16 21:20:00,412.5
2020-06-16 21:30:00,413.0
2020-06-16 21:40:00,415.4
2020-06-16 21:50:00,415.6
2020-06-16 22:00:00,416.2
2020-06-16 22:10:00,414.7
2020-06-16 22:20:00,416.2
2020-06-16 22:30:00,417.1
2020-06-16 22:40:00,416.8
2020-06-16 22:50:00,416.4
2020-06-16 23:00:00,418.2
2020-06-16 23:10:00,420.3
2020-06-16 23:20:00,420.9
2020-06-16 23:30:00,418.4
2020-06-16 23:40:00,422.8
2020-06-16 23:50:00,426.8
2020-06-17 00:00:00,424.3
2020-06-17 00:10:00,431.8
2020-06-17 00:20:00,434.8
2020-06-17 00:30:00,438.0
2020-06-17 00:40:00,442.6
2020-06-17 00:50:00,443.3
2020-06-17 01:00:00,443.7
2020-06-17 01:10:00,448.9
2020-06-17 01:20:00,453.7
2020-06-17 01:30:00,454.4
2020-06-17 01:40:00,456.1
2020-06-17 01:50:00,460.5
2020-06-17 02:00:00,461.0
2020-06-17 02:10:00,460.5
2020-06-17 02:20:00,461.7
2020-06-17 02:30:00,458.3
2020-06-17 02:40:00,453.9
2020-06-17 02:50:00,451.0
2020-06-17 03:00:00,455.3
2020-06-17 03:10:00,459.5
2020-06-17 03:20:00,468.7
2020-06-17 03:30:00,449.4
2020-06-17 03:40:00,467.3
2020-06-17 03:50:00,473.9
2020-06-17 04:00:00,459.2
2020-06-17 04:10:00,456.3
2020-06-17 04:20:00,465.0
2020-06-17 04:30:00,470.1
2020-06-17 04:40:00,471.2
2020-06-17 04:50:00,462.7
2020-06-17 05:00:00,459.9
2020-06-17 05:10:00,456.1
2020-06-17 05:20:00,459.1
2020-06-17 05:30:00,458.5
2020-06-17 05:40:00,454.6
2020-06-17 05:50:00,460.6
2020-06-17 06:00:00,463.6
2020-06-17 06:10:00,467.7
2020-06-17 06:20:00,466.8
2020-06-17 06:30:00,466.2
2020-06-17 06:40:00,459.5
2020-06-17 06:50:00,455.8
2020-06-17 07:00:00,452.9
2020-06-17 07:10:00,447.6
2020-06-17 07:20:00,446.2
2020-06-17 07:30:00,447.9
2020-06-17 07:40:00,442.7
2020-06-17 07:50:00,444.6
2020-06-17 08:00:00,436.8
2020-06-17 08:10:00,428.4
2020-06-17 08:20:00,423.5
2020-06-17 08:30:00,419.2
2020-06-17 08:40:00,415.9
2020-06-17 08:50:00,415.5
2020-06-17 09:00:00,415.1
2020-06-17 09:10:00,413.5
2020-06-17 09:20:00,411.6
2020-06-17 09:30:00,412.1
2020-06-17 09:40:00,410.8
2020-06-17 09:50:00,410.1
2020-06-17 10:00:00,410.6
2020-06-17 10:10:00,412.3
2020-06-17 10:20:00,412.8
2020-06-17 10:30:00,415.2
2020-06-17 10:40:00,414.0
2020-06-17 10:50:00,411.2
2020-06-17 11:00:00,408.3
2020-06-17 11:10:00,405.9
2020-06-17 11:20:00,404.8
2020-06-17 11:30:00,404.5
2020-06-17 11:40:00,403.9
2020-06-17 11:50:00,404.3
2020-06-17 12:00:00,404.8
2020-06-17 12:10:00,404.2
2020-06-17 12:20:00,403.6
2020-06-17 12:30:00,404.1
2020-06-17 12:40:00,404.3
2020-06-17 12:50:00,403.2
2020-06-17 13:00:00,402.9
2020-06-17 13:10:00,402.7
2020-06-17 13:20:00,402.5
2020-06-17 13:30:00,402.0
2020-06-17 13:40:00,402.4
2020-06-17 13:50:00,401.6
2020-06-17 14:00:00,401.2
2020-06-17 14:10:00,401.3
2020-06-17 14:20:00,401.2
2020-06-17 14:30:00,402.6
2020-06-17 14:40:00,402.4
2020-06-17 14:50:00,402.8
2020-06-17 15:00:00,403.0
2020-06-17 15:10:00,405.1
2020-06-17 15:20:00,405.7
2020-06-17 15:30:00,406.6
2020-06-17 15:40:00,407.3
2020-06-17 15:50:00,407.9
2020-06-17 16:00:00,407.2
2020-06-17 16:10:00,408.5
2020-06-17 16:20:00,408.1
2020-06-17 16:30:00,407.6
2020-06-17 16:40:00,407.6
2020-06-17 16:50:00,407.3
2020-06-17 17:00:00,406.4
2020-06-17 17:10:00,406.3
2020-06-17 17:20:00,405.2
2020-06-17 17:30:00,404.8
2020-06-17 17:40:00,405.4
2020-06-17 17:50:00,405.2
2020-06-17 18:00:00,405.2
2020-06-17 18:10:00,404.8
2020-06-17 18:20:00,404.7
2020-06-17 18:30:00,405.2
2020-06-17 18:40:00,405.2
2020-06-17 18:50:00,405.8
2020-06-17 19:00:00,406.6
2020-06-17 19:10:00,407.4
2020-06-17 19:20:00,408.6
2020-06-17 19:30:00,410.1
2020-06-17 19:40:00,410.0
2020-06-17 19:50:00,411.3
2020-06-17 20:00:00,412.6
2020-06-17 20:10:00,414.1
2020-06-17 20:20:00,413.2
2020-06-17 20:30:00,413.1
2020-06-17 20:40:00,418.1
2020-06-17 20:50:00,420.1
2020-06-17 21:00:00,419.2
2020-06-17 21:10:00,420.9
2020-06-17 21:20:00,424.4
2020-06-17 21:30:00,420.4
2020-06-17 21:40:00,422.3
2020-06-17 21:50:00,430.4
2020-06-17 22:00:00,439.0
2020-06-17 22:10:00,443.7
2020-06-17 22:20:00,449.4
2020-06-17 22:30:00,453.0
2020-06-17 22:40:00,454.1
2020-06-17 22:50:00,456.7
2020-06-17 23:00:00,461.1
2020-06-17 23:10:00,457.2
2020-06-17 23:20:00,461.6
2020-06-17 23:30:00,470.2
2020-06-17 23:40:00,473.9
2020-06-17 23:50:00,478.6
2020-06-18 00:00:00,478.0
2020-06-18 00:10:00,472.0
2020-06-18 00:20:00,473.8
2020-06-18 00:30:00,473.7
2020-06-18 00:40:00,464.5
2020-06-18 00:50:00,478.2
2020-06-18 01:00:00,482.3
2020-06-18 01:10:00,473.0
2020-06-18 01:20:00,476.9
2020-06-18 01:30:00,479.0
2020-06-18 01:40:00,460.2
2020-06-18 01:50:00,469.1
2020-06-18 02:00:00,473.8
2020-06-18 02:10:00,482.4
2020-06-18 02:20:00,480.9
2020-06-18 02:30:00,502.8
2020-06-18 02:40:00,508.2
2020-06-18 02:50:00,518.8
2020-06-18 03:00:00,522.3
2020-06-18 03:10:00,521.2
2020-06-18 03:20:00,523.1
2020-06-18 03:30:00,524.2
2020-06-18 03:40:00,522.2
2020-06-18 03:50:00,519.4
2020-06-18 04:00:00,508.1
2020-06-18 04:10:00,514.3
2020-06-18 04:20:00,510.3
2020-06-18 04:30:00,515.5
2020-06-18 04:40:00,504.6
2020-06-18 04:50:00,465.2
2020-06-18 05:00:00,458.4
2020-06-18 05:10:00,460.4
2020-06-18 05:20:00,451.4
2020-06-18 05:30:00,444.9
2020-06-18 05:40:00,442.6
2020-06-18 05:50:00,443.7
2020-06-18 06:00:00,443.6
2020-06-18 06:10:00,438.4
2020-06-18 06:20:00,439.7
2020-06-18 06:30:00,439.3
2020-06-18 06:40:00,439.2
2020-06-18 06:50:00,441.0
2020-06-18 07:00:00,441.0
2020-06-18 07:10:00,440.0
2020-06-18 07:20:00,438.6
2020-06-18 07:30:00,439.2
2020-06-18 07:40:00,440.0
2020-06-18 07:50:00,439.7
2020-06-18 08:00:00,441.0
2020-06-18 08:10:00,441.6
2020-06-18 08:20:00,437.1
2020-06-18 08:30:00,433.0
2020-06-18 08:40:00,429.2
2020-06-18 08:50:00,427.7
2020-06-18 09:00:00,428.5
2020-06-18 09:10:00,426.5
2020-06-18 09:20:00,425.5
2020-06-18 09:30:00,425.3
2020-06-18 09:40:00,422.8
2020-06-18 09:50:00,420.3
2020-06-18 10:00:00,419.0
2020-06-18 10:10:00,419.7
2020-06-18 10:20:00,420.2
2020-06-18 10:30:00,419.8
2020-06-18 10:40:00,417.0
2020-06-18 10:50:00,415.9
2020-06-18 11:00:00,416.2
2020-06-18 11:10:00,416.8
2020-06-18 11:20:00,416.5
2020-06-18 11:30:00,418.9
2020-06-18 11:40:00,417.6
2020-06-18 11:50:00,416.7
2020-06-18 12:00:00,414.6
2020-06-18 12:10:00,413.2
2020-06-18 12:20:00,413.4
2020-06-18 12:30:00,412.6
2020-06-18 12:40:00,412.3
2020-06-18 12:50:00,411.9
2020-06-18 13:00:00,412.2
2020-06-18 13:10:00,411.1
2020-06-18 13:20:00,411.2
2020-06-18 13:30:00,411.3
2020-06-18 13:40:00,411.3
2020-06-18 13:50:00,412.3
2020-06-18 14:00:00,412.6
2020-06-18 14:10:00,412.0
2020-06-18 14:20:00,412.3
2020-06-18 14:30:00,412.0
2020-06-18 14:40:00,411.4
2020-06-18 14:50:00,411.6
2020-06-18 15:00:00,411.8
2020-06-18 15:10:00,412.6
2020-06-18 15:20:00,413.0
2020-06-18 15:30:00,413.4
2020-06-18 15:40:00,413.8
2020-06-18 15:50:00,414.8
2020-06-18 16:00:00,413.9
2020-06-18 16:10:00,413.1
2020-06-18 16:20:00,411.6
2020-06-18 16:30:00,411.7
2020-06-18 16:40:00,412.0
2020-06-18 16:50:00,412.1
2020-06-18 17:00:00,412.9
2020-06-18 17:10:00,413.5
2020-06-18 17:20:00,415.3
2020-06-18 17:30:00,414.0
2020-06-18 17:40:00,413.0
2020-06-18 17:50:00,414.8
2020-06-18 18:00:00,416.6
2020-06-18 18:10:00,417.0
2020-06-18 18:20:00,416.5
2020-06-18 18:30:00,417.0
2020-06-18 18:40:00,417.7
2020-06-18 18:50:00,417.6
2020-06-18 19:00:00,418.8
2020-06-18 19:10:00,419.9
2020-06-18 19:20:00,418.9
2020-06-18 19:30:00,417.7
2020-06-18 19:40:00,419.2
2020-06-18 19:50:00,420.7
2020-06-18 20:00:00,419.2
2020-06-18 20:10:00,420.1
2020-06-18 20:20:00,419.3
2020-06-18 20:30:00,418.4
2020-06-18 20:40:00,417.7
2020-06-18 20:50:00,419.7
2020-06-18 21:00:00,419.1
2020-06-18 21:10:00,416.4
2020-06-18 21:20:00,423.4
2020-06-18 21:30:00,420.5
2020-06-18 21:40:00,418.1
2020-06-18 21:50:00,419.7
2020-06-18 22:00:00,421.1
2020-06-18 22:10:00,421.8
2020-06-18 22:20:00,422.2
2020-06-18 22:30:00,424.0
2020-06-18 22:40:00,425.3
2020-06-18 22:50:00,428.0
2020-06-18 23:00:00,431.7
2020-06-18 23:10:00,427.2
2020-06-18 23:20:00,426.4
2020-06-18 23:30:00,427.0
2020-06-18 23:40:00,427.4
2020-06-18 23:50:00,433.8
2020-06-19 00:00:00,432.6
2020-06-19 00:10:00,432.4
2020-06-19 00:20:00,433.6
2020-06-19 00:30:00,438.2
2020-06-19 00:40:00,436.6
2020-06-19 00:50:00,435.7
2020-06-19 01:00:00,441.2
2020-06-19 01:10:00,440.7
2020-06-19 01:20:00,436.4
2020-06-19 01:30:00,438.5
2020-06-19 01:40:00,445.0
2020-06-19 01:50:00,442.6
2020-06-19 02:00:00,436.0
2020-06-19 02:10:00,437.2
2020-06-19 02:20:00,438.0
2020-06-19 02:30:00,437.2
2020-06-19 02:40:00,440.3
2020-06-19 02:50:00,447.9
2020-06-19 03:00:00,452.5
2020-06-19 03:10:00,455.9
2020-06-19 03:20:00,456.0
2020-06-19 03:30:00,454.8
2020-06-19 03:40:00,455.5
2020-06-19 03:50:00,456.3
2020-06-19 04:00:00,458.2
2020-06-19 04:10:00,462.9
2020-06-19 04:20:00,465.7
2020-06-19 04:30:00,465.2
2020-06-19 04:40:00,463.0
2020-06-19 04:50:00,462.1
2020-06-19 05:00:00,463.8
2020-06-19 05:10:00,466.5
2020-06-19 05:20:00,462.8
2020-06-19 05:30:00,462.9
2020-06-19 05:40:00,464.8
2020-06-19 05:50:00,464.3
2020-06-19 06:00:00,463.3
2020-06-19 06:10:00,464.2
2020-06-19 06:20:00,462.0
2020-06-19 06:30:00,462.2
2020-06-19 06:40:00,460.2
2020-06-19 06:50:00,457.2
2020-06-19 07:00:00,455.3
2020-06-19 07:10:00,452.9
2020-06-19 07:20:00,450.3
2020-06-19 07:30:00,447.6
2020-06-19 07:40:00,443.7
2020-06-19 07:50:00,439.0
2020-06-19 08:00:00,434.7
2020-06-19 08:10:00,430.9
2020-06-19 08:20:00,405.9
2020-06-19 08:30:00,400.6
2020-06-19 08:40:00,399.9
2020-06-19 08:50:00,400.2
2020-06-19 09:00:00,400.7
2020-06-19 09:10:00,401.4
2020-06-19 09:20:00,402.6
2020-06-19 09:30:00,403.1
2020-06-19 09:40:00,403.4
2020-06-19 09:50:00,402.2
2020-06-19 10:00:00,402.3
2020-06-19 10:10:00,402.3
2020-06-19 10:20:00,402.7
2020-06-19 10:30:00,402.6
2020-06-19 10:40:00,402.5
2020-06-19 10:50:00,402.6
2020-06-19 11:00:00,402.4
2020-06-19 11:10:00,402.1
2020-06-19 11:20:00,402.9
2020-06-19 11:30:00,402.2
2020-06-19 11:40:00,402.5
2020-06-19 11:50:00,402.1
2020-06-19 12:00:00,401.8
2020-06-19 12:10:00,402.7
2020-06-19 12:20:00,401.7
2020-06-19 12:30:00,402.1
2020-06-19 12:40:00,401.7
2020-06-19 12:50:00,401.4
2020-06-19 13:00:00,400.4
2020-06-19 13:10:00,401.3
2020-06-19 13:20:00,402.1
2020-06-19 13:30:00,402.1
2020-06-19 13:40:00,402.8
2020-06-19 13:50:00,403.3
2020-06-19 14:00:00,403.7
2020-06-19 14:10:00,404.0
2020-06-19 14:20:00,403.7
2020-06-19 14:30:00,402.5
2020-06-19 14:40:00,402.5
2020-06-19 14:50:00,402.1
2020-06-19 15:00:00,402.7
2020-06-19 15:10:00,402.6
2020-06-19 15:20:00,402.1
2020-06-19 15:30:00,401.3
2020-06-19 15:40:00,401.9
2020-06-19 15:50:00,401.9
2020-06-19 16:00:00,402.1
2020-06-19 16:10:00,402.6
2020-06-19 16:20:00,402.7
2020-06-19 16:30:00,402.3
2020-06-19 16:40:00,402.1
2020-06-19 16:50:00,402.6
2020-06-19 17:00:00,403.1
2020-06-19 17:10:00,403.4
2020-06-19 17:20:00,403.0
2020-06-19 17:30:00,402.5
2020-06-19 17:40:00,402.2
2020-06-19 17:50:00,401.7
2020-06-19 18:00:00,401.6
2020-06-19 18:10:00,401.4
2020-06-19 18:20:00,403.8
2020-06-19 18:30:00,406.2
2020-06-19 18:40:00,406.8
2020-06-19 18:50:00,407.3
2020-06-19 19:00:00,408.2
2020-06-19 19:10:00,408.2
2020-06-19 19:20:00,407.0
2020-06-19 19:30:00,407.1
2020-06-19 19:40:00,409.1
2020-06-19 19:50:00,409.7
2020-06-19 20:00:00,410.9
2020-06-19 20:10:00,414.5
2020-06-19 20:20:00,420.3
2020-06-19 20:30:00,421.8
2020-06-19 20:40:00,418.7
2020-06-19 20:50:00,418.6
2020-06-19 21:00:00,420.4
2020-06-19 21:10:00,420.8
2020-06-19 21:20:00,421.9
2020-06-19 21:30:00,423.0
2020-06-19 21:40:00,423.2
2020-06-19 21:50:00,420.8
2020-06-19 22:00:00,424.5
2020-06-19 22:10:00,436.3
2020-06-19 22:20:00,437.5
2020-06-19 22:30:00,434.5
2020-06-19 22:40:00,433.0
2020-06-19 22:50:00,440.4
2020-06-19 23:00:00,441.9
2020-06-19 23:10:00,441.0
2020-06-19 23:20:00,443.7
2020-06-19 23:30:00,448.0
2020-06-19 23:40:00,434.4
2020-06-19 23:50:00,420.5
2020-06-20 00:00:00,423.3
2020-06-20 00:10:00,427.1
2020-06-20 00:20:00,425.5
2020-06-20 00:30:00,423.4
2020-06-20 00:40:00,423.7
2020-06-20 00:50:00,421.3
2020-06-20 01:00:00,420.2
2020-06-20 01:10:00,417.6
2020-06-20 01:20:00,416.8
2020-06-20 01:30:00,416.4
2020-06-20 01:40:00,416.7
2020-06-20 01:50:00,416.0
2020-06-20 02:00:00,415.9
2020-06-20 02:10:00,417.1
2020-06-20 02:20:00,417.8
2020-06-20 02:30:00,418.4
2020-06-20 02:40:00,419.4
2020-06-20 02:50:00,421.2
2020-06-20 03:00:00,421.8
2020-06-20 03:10:00,423.2
2020-06-20 03:20:00,424.2
2020-06-20 03:30:00,425.3
2020-06-20 03:40:00,426.5
2020-06-20 03:50:00,427.8
2020-06-20 04:00:00,430.0
2020-06-20 04:10:00,432.9
2020-06-20 04:20:00,436.4
2020-06-20 04:30:00,438.9
2020-06-20 04:40:00,437.8
2020-06-20 04:50:00,433.2
2020-06-20 05:00:00,431.3
2020-06-20 05:10:00,431.5
2020-06-20 05:20:00,431.6
2020-06-20 05:30:00,431.6
2020-06-20 05:40:00,432.3
2020-06-20 05:50:00,432.2
2020-06-20 06:00:00,431.7
2020-06-20 06:10:00,431.1
2020-06-20 06:20:00,430.7
2020-06-20 06:30:00,430.4
2020-06-20 06:40:00,430.7
2020-06-20 06:50:00,430.7
2020-06-20 07:00:00,430.7
2020-06-20 07:10:00,430.2
2020-06-20 07:20:00,429.8
2020-06-20 07:30:00,429.0
2020-06-20 07:40:00,427.4
2020-06-20 07:50:00,426.1
2020-06-20 08:00:00,424.7
2020-06-20 08:10:00,423.4
2020-06-20 08:20:00,421.7
2020-06-20 08:30:00,420.2
2020-06-20 08:40:00,419.4
2020-06-20 08:50:00,418.0
2020-06-20 09:00:00,415.6
2020-06-20 09:10:00,414.1
2020-06-20 09:20:00,412.1
2020-06-20 09:30:00,410.4
2020-06-20 09:40:00,409.6
2020-06-20 09:50:00,409.2
2020-06-20 10:00:00,409.2
2020-06-20 10:10:00,408.7
2020-06-20 10:20:00,407.5
2020-06-20 10:30:00,406.5
2020-06-20 10:40:00,406.3
2020-06-20 10:50:00,405.6
2020-06-20 11:00:00,404.3
2020-06-20 11:10:00,403.9
2020-06-20 11:20:00,402.9
2020-06-20 11:30:00,402.3
2020-06-20 11:40:00,401.4
2020-06-20 11:50:00,401.9
2020-06-20 12:00:00,401.1
2020-06-20 12:10:00,401.8
2020-06-20 12:20:00,400.7
2020-06-20 12:30:00,400.8
2020-06-20 12:40:00,400.5
2020-06-20 12:50:00,401.0
2020-06-20 13:00:00,401.3
2020-06-20 13:10:00,401.4
2020-06-20 13:20:00,401.4
2020-06-20 13:30:00,400.5
2020-06-20 13:40:00,401.1
2020-06-20 13:50:00,400.7
2020-06-20 14:00:00,399.6
2020-06-20 14:10:00,400.6
2020-06-20 14:20:00,400.5
2020-06-20 14:30:00,400.9
2020-06-20 14:40:00,400.9
2020-06-20 14:50:00,401.5
2020-06-20 15:00:00,402.1
2020-06-20 15:10:00,401.9
2020-06-20 15:20:00,401.2
2020-06-20 15:30:00,400.4
2020-06-20 15:40:00,399.9
2020-06-20 15:50:00,399.0
2020-06-20 16:00:00,399.4
2020-06-20 16:10:00,400.1
2020-06-20 16:20:00,400.0
2020-06-20 16:30:00,400.3
2020-06-20 16:40:00,400.8
2020-06-20 16:50:00,400.2
2020-06-20 17:00:00,400.6
2020-06-20 17:10:00,401.1
2020-06-20 17:20:00,401.8
2020-06-20 17:30:00,402.0
2020-06-20 17:40:00,401.4
2020-06-20 17:50:00,401.1
2020-06-20 18:00:00,400.8
2020-06-20 18:10:00,400.4
2020-06-20 18:20:00,400.6
2020-06-20 18:30:00,401.1
2020-06-20 18:40:00,401.1
2020-06-20 18:50:00,401.0
2020-06-20 19:00:00,401.7
2020-06-20 19:10:00,402.5
2020-06-20 19:20:00,403.4
2020-06-20 19:30:00,404.0
2020-06-20 19:40:00,404.6
2020-06-20 19:50:00,404.8
2020-06-20 20:00:00,405.4
2020-06-20 20:10:00,406.1
2020-06-20 20:20:00,407.1
2020-06-20 20:30:00,406.9
2020-06-20 20:40:00,407.7
2020-06-20 20:50:00,409.6
2020-06-20 21:00:00,410.8
2020-06-20 21:10:00,411.7
2020-06-20 21:20:00,412.6
2020-06-20 21:30:00,413.4
2020-06-20 21:40:00,414.5
2020-06-20 21:50:00,415.2
2020-06-20 22:00:00,414.9
2020-06-20 22:10:00,415.3
2020-06-20 22:20:00,414.8
2020-06-20 22:30:00,414.2
2020-06-20 22:40:00,414.6
2020-06-20 22:50:00,415.5
2020-06-20 23:00:00,416.4
2020-06-20 23:10:00,416.5
2020-06-20 23:20:00,415.8
2020-06-20 23:30:00,416.1
2020-06-20 23:40:00,416.4
2020-06-20 23:50:00,417.2
2020-06-21 00:00:00,417.9
2020-06-21 00:10:00,420.4
2020-06-21 00:20:00,419.8
2020-06-21 00:30:00,420.7
2020-06-21 00:40:00,421.8
2020-06-21 00:50:00,422.9
2020-06-21 01:00:00,425.0
2020-06-21 01:10:00,435.4
2020-06-21 01:20:00,432.9
2020-06-21 01:30:00,434.7
2020-06-21 01:40:00,436.7
2020-06-21 01:50:00,438.8
2020-06-21 02:00:00,440.2
2020-06-21 02:10:00,439.2
2020-06-21 02:20:00,441.5
2020-06-21 02:30:00,437.0
2020-06-21 02:40:00,436.5
2020-06-21 02:50:00,437.0
2020-06-21 03:00:00,439.9
2020-06-21 03:10:00,441.8
2020-06-21 03:20:00,441.3
2020-06-21 03:30:00,441.8
2020-06-21 03:40:00,440.0
2020-06-21 03:50:00,439.6
2020-06-21 04:00:00,439.1
2020-06-21 04:10:00,444.3
2020-06-21 04:20:00,446.5
2020-06-21 04:30:00,448.1
2020-06-21 04:40:00,445.6
2020-06-21 04:50:00,444.4
2020-06-21 05:00:00,446.0
2020-06-21 05:10:00,448.4
2020-06-21 05:20:00,445.2
2020-06-21 05:30:00,443.2
2020-06-21 05:40:00,443.8
2020-06-21 05:50:00,446.4
2020-06-21 06:00:00,443.5
2020-06-21 06:10:00,439.9
2020-06-21 06:20:00,440.0
2020-06-21 06:30:00,440.9
2020-06-21 06:40:00,438.1
2020-06-21 06:50:00,435.0
2020-06-21 07:00:00,431.7
2020-06-21 07:10:00,426.9
2020-06-21 07:20:00,425.1
2020-06-21 07:30:00,423.3
2020-06-21 07:40:00,421.7
2020-06-21 07:50:00,419.9
2020-06-21 08:00:00,418.8
2020-06-21 08:10:00,417.9
2020-06-21 08:20:00,415.7
2020-06-21 08:30:00,414.5
2020-06-21 08:40:00,412.2
2020-06-21 08:50:00,410.2
2020-06-21 09:00:00,409.5
2020-06-21 09:10:00,409.6
2020-06-21 09:20:00,409.6
2020-06-21 09:30:00,408.6
2020-06-21 09:40:00,409.0
2020-06-21 09:50:00,408.9
2020-06-21 10:00:00,409.0
2020-06-21 10:10:00,408.7
2020-06-21 10:20:00,408.6
2020-06-21 10:30:00,408.4
2020-06-21 10:40:00,408.0
2020-06-21 10:50:00,407.4
2020-06-21 11:00:00,407.2
2020-06-21 11:10:00,407.4
2020-06-21 11:20:00,407.4
2020-06-21 11:30:00,407.3
2020-06-21 11:40:00,406.3
2020-06-21 11:50:00,405.7
2020-06-21 12:00:00,405.2
2020-06-21 12:10:00,404.3
2020-06-21 12:20:00,403.8
2020-06-21 12:30:00,402.8
2020-06-21 12:40:00,402.6
2020-06-21 12:50:00,402.8
2020-06-21 13:00:00,403.3
2020-06-21 13:10:00,404.0
2020-06-21 13:20:00,403.8
2020-06-21 13:30:00,403.4
2020-06-21 13:40:00,402.9
2020-06-21 13:50:00,402.7
2020-06-21 14:00:00,403.5
2020-06-21 14:10:00,403.9
2020-06-21 14:20:00,404.0
2020-06-21 14:30:00,403.5
2020-06-21 14:40:00,402.9
2020-06-21 14:50:00,402.5
2020-06-21 15:00:00,402.9
2020-06-21 15:10:00,402.8
2020-06-21 15:20:00,402.3
2020-06-21 15:30:00,402.4
2020-06-21 15:40:00,402.6
2020-06-21 15:50:00,402.8
2020-06-21 16:00:00,402.6
2020-06-21 16:10:00,402.2
2020-06-21 16:20:00,402.0
2020-06-21 16:30:00,402.0
2020-06-21 16:40:00,402.3
2020-06-21 16:50:00,402.7
2020-06-21 17:00:00,403.1
2020-06-21 17:10:00,403.3
2020-06-21 17:20:00,403.1
2020-06-21 17:30:00,402.9
2020-06-21 17:40:00,402.4
2020-06-21 17:50:00,402.3
2020-06-21 18:00:00,402.0
2020-06-21 18:10:00,402.2
2020-06-21 18:20:00,402.4
2020-06-21 18:30:00,402.3
2020-06-21 18:40:00,402.2
2020-06-21 18:50:00,402.8
2020-06-21 19:00:00,402.6
2020-06-21 19:10:00,402.6
2020-06-21 19:20:00,403.7
2020-06-21 19:30:00,403.0
2020-06-21 19:40:00,403.2
2020-06-21 19:50:00,404.0
2020-06-21 20:00:00,404.4
2020-06-21 20:10:00,405.1
2020-06-21 20:20:00,405.7
2020-06-21 20:30:00,406.4
2020-06-21 20:40:00,406.8
2020-06-21 20:50:00,406.8
2020-06-21 21:00:00,406.6
2020-06-21 21:10:00,407.4
2020-06-21 21:20:00,413.9
2020-06-21 21:30:00,421.1
2020-06-21 21:40:00,423.5
2020-06-21 21:50:00,427.5
2020-06-21 22:00:00,429.4
2020-06-21 22:10:00,424.7
2020-06-21 22:20:00,423.9
2020-06-21 22:30:00,426.5
2020-06-21 22:40:00,431.4
2020-06-21 22:50:00,432.4
2020-06-21 23:00:00,439.3
2020-06-21 23:10:00,445.6
2020-06-21 23:20:00,446.1
2020-06-21 23:30:00,443.1
2020-06-21 23:40:00,436.2
2020-06-21 23:50:00,435.5
2020-06-22 00:00:00,440.0
2020-06-22 00:10:00,455.7
2020-06-22 00:20:00,458.8
2020-06-22 00:30:00,459.4
2020-06-22 00:40:00,449.4
2020-06-22 00:50:00,445.2
2020-06-22 01:00:00,454.4
2020-06-22 01:10:00,452.6
2020-06-22 01:20:00,458.2
2020-06-22 01:30:00,464.7
2020-06-22 01:40:00,473.8
2020-06-22 01:50:00,472.8
2020-06-22 02:00:00,476.4
2020-06-22 02:10:00,476.4
2020-06-22 02:20:00,479.8
2020-06-22 02:30:00,467.0
2020-06-22 02:40:00,467.0
2020-06-22 02:50:00,468.6
2020-06-22 03:00:00,471.4
2020-06-22 03:10:00,466.5
2020-06-22 03:20:00,470.1
2020-06-22 03:30:00,477.1
2020-06-22 03:40:00,480.9
2020-06-22 03:50:00,474.4
2020-06-22 04:00:00,492.9
2020-06-22 04:10:00,498.0
2020-06-22 04:20:00,497.0
2020-06-22 04:30:00,496.9
2020-06-22 04:40:00,492.8
2020-06-22 04:50:00,497.0
2020-06-22 05:00:00,493.3
2020-06-22 05:10:00,493.4
2020-06-22 05:20:00,494.5
2020-06-22 05:30:00,494.8
2020-06-22 05:40:00,495.6
2020-06-22 05:50:00,504.8
2020-06-22 06:00:00,503.9
2020-06-22 06:10:00,498.2
2020-06-22 06:20:00,492.5
2020-06-22 06:30:00,489.1
2020-06-22 06:40:00,474.7
2020-06-22 06:50:00,468.7
2020-06-22 07:00:00,480.0
2020-06-22 07:10:00,485.9
2020-06-22 07:20:00,488.8
2020-06-22 07:30:00,486.8
2020-06-22 07:40:00,479.0
2020-06-22 07:50:00,478.5
2020-06-22 08:00:00,478.1
2020-06-22 08:10:00,465.1
2020-06-22 08:20:00,439.4
2020-06-22 08:30:00,424.4
2020-06-22 08:40:00,425.8
2020-06-22 08:50:00,422.0
2020-06-22 09:00:00,417.9
2020-06-22 09:10:00,417.5
2020-06-22 09:20:00,415.5
2020-06-22 09:30:00,415.2
2020-06-22 09:40:00,415.7
2020-06-22 09:50:00,414.8
2020-06-22 10:00:00,410.6
2020-06-22 10:10:00,411.7
2020-06-22 10:20:00,411.5
2020-06-22 10:30:00,411.3
2020-06-22 10:40:00,412.1
2020-06-22 10:50:00,411.7
2020-06-22 11:00:00,411.5
2020-06-22 11:10:00,409.7
2020-06-22 11:20:00,410.0
2020-06-22 11:30:00,409.9
2020-06-22 11:40:00,409.6
2020-06-22 11:50:00,408.2
2020-06-22 12:00:00,408.2
2020-06-22 12:10:00,408.3
2020-06-22 12:20:00,408.2
2020-06-22 12:30:00,407.4
2020-06-22 12:40:00,407.6
2020-06-22 12:50:00,408.5
2020-06-22 13:00:00,409.6
2020-06-22 13:10:00,409.3
2020-06-22 13:20:00,410.4
2020-06-22 13:30:00,408.9
2020-06-22 13:40:00,408.4
2020-06-22 13:50:00,407.8
2020-06-22 14:00:00,404.5
2020-06-22 14:10:00,403.3
2020-06-22 14:20:00,403.8
2020-06-22 14:30:00,404.0
2020-06-22 14:40:00,405.0
2020-06-22 14:50:00,405.4
2020-06-22 15:00:00,404.5
2020-06-22 15:10:00,404.0
2020-06-22 15:20:00,404.7
2020-06-22 15:30:00,405.9
2020-06-22 15:40:00,405.8
2020-06-22 15:50:00,407.3
2020-06-22 16:00:00,407.2
2020-06-22 16:10:00,406.8
2020-06-22 16:20:00,408.4
2020-06-22 16:30:00,408.7
2020-06-22 16:40:00,406.8
2020-06-22 16:50:00,406.4
2020-06-22 17:00:00,406.2
2020-06-22 17:10:00,405.4
2020-06-22 17:20:00,404.8
2020-06-22 17:30:00,404.6
2020-06-22 17:40:00,404.7
2020-06-22 17:50:00,404.4
2020-06-22 18:00:00,403.8
2020-06-22 18:10:00,403.6
2020-06-22 18:20:00,404.0
2020-06-22 18:30:00,404.7
2020-06-22 18:40:00,405.1
2020-06-22 18:50:00,405.1
2020-06-22 19:00:00,405.3
2020-06-22 19:10:00,405.7
2020-06-22 19:20:00,406.5
2020-06-22 19:30:00,406.4
2020-06-22 19:40:00,406.2
2020-06-22 19:50:00,406.4
2020-06-22 20:00:00,406.5
2020-06-22 20:10:00,407.1
2020-06-22 20:20:00,407.8
2020-06-22 20:30:00,407.9
2020-06-22 20:40:00,408.4
2020-06-22 20:50:00,409.7
2020-06-22 21:00:00,411.1
2020-06-22 21:10:00,411.8
2020-06-22 21:20:00,412.8
2020-06-22 21:30:00,413.4
2020-06-22 21:40:00,414.7
2020-06-22 21:50:00,416.0
2020-06-22 22:00:00,421.9
2020-06-22 22:10:00,426.7
2020-06-22 22:20:00,428.3
2020-06-22 22:30:00,430.0
2020-06-22 22:40:00,432.3
2020-06-22 22:50:00,436.2
2020-06-22 23:00:00,429.6
2020-06-22 23:10:00,418.9
2020-06-22 23:20:00,424.9
2020-06-22 23:30:00,431.6
2020-06-22 23:40:00,434.8
2020-06-22 23:50:00,425.2
2020-06-23 00:00:00,426.4
2020-06-23 00:10:00,441.4
2020-06-23 00:20:00,441.5
2020-06-23 00:30:00,434.5
2020-06-23 00:40:00,442.0
2020-06-23 00:50:00,447.7
2020-06-23 01:00:00,439.0
2020-06-23 01:10:00,436.7
2020-06-23 01:20:00,434.9
2020-06-23 01:30:00,435.0
2020-06-23 01:40:00,435.2
2020-06-23 01:50:00,441.7
2020-06-23 02:00:00,440.3
2020-06-23 02:10:00,455.0
2020-06-23 02:20:00,461.5
2020-06-23 02:30:00,454.3
2020-06-23 02:40:00,460.5
2020-06-23 02:50:00,464.1
2020-06-23 03:00:00,454.6
2020-06-23 03:10:00,443.2
2020-06-23 03:20:00,446.9
2020-06-23 03:30:00,449.3
2020-06-23 03:40:00,449.0
2020-06-23 03:50:00,455.8
2020-06-23 04:00:00,452.2
2020-06-23 04:10:00,458.5
2020-06-23 04:20:00,454.1
2020-06-23 04:30:00,456.3
2020-06-23 04:40:00,463.2
2020-06-23 04:50:00,464.2
2020-06-23 05:00:00,459.7
2020-06-23 05:10:00,465.0
2020-06-23 05:20:00,470.4
2020-06-23 05:30:00,478.9
2020-06-23 05:40:00,483.1
2020-06-23 05:50:00,488.3
2020-06-23 06:00:00,485.9
2020-06-23 06:10:00,491.8
2020-06-23 06:20:00,494.3
2020-06-23 06:30:00,490.6
2020-06-23 06:40:00,493.1
2020-06-23 06:50:00,485.9
2020-06-23 07:00:00,480.1
2020-06-23 07:10:00,477.0
2020-06-23 07:20:00,476.0
2020-06-23 07:30:00,472.2
2020-06-23 07:40:00,466.6
2020-06-23 07:50:00,460.3
2020-06-23 08:00:00,451.7
2020-06-23 08:10:00,447.0
2020-06-23 08:20:00,443.7
2020-06-23 08:30:00,437.2
2020-06-23 08:40:00,432.4
2020-06-23 08:50:00,431.9
2020-06-23 09:00:00,431.8
2020-06-23 09:10:00,428.8
2020-06-23 09:20:00,425.4
2020-06-23 09:30:00,415.3
2020-06-23 09:40:00,411.4
2020-06-23 09:50:00,409.4
2020-06-23 10:00:00,407.9
2020-06-23 10:10:00,405.8
2020-06-23 10:20:00,405.5
2020-06-23 10:30:00,404.4
2020-06-23 10:40:00,404.2
2020-06-23 10:50:00,403.9
2020-06-23 11:00:00,404.5
2020-06-23 11:10:00,404.7
2020-06-23 11:20:00,404.1
2020-06-23 11:30:00,404.9
2020-06-23 11:40:00,405.0
2020-06-23 11:50:00,404.2
2020-06-23 12:00:00,404.5
2020-06-23 12:10:00,404.9
2020-06-23 12:20:00,404.1
2020-06-23 12:30:00,405.6
2020-06-23 12:40:00,406.4
2020-06-23 12:50:00,406.3
2020-06-23 13:00:00,405.2
2020-06-23 13:10:00,405.1
2020-06-23 13:20:00,403.9
2020-06-23 13:30:00,403.7
2020-06-23 13:40:00,403.4
2020-06-23 13:50:00,403.8
2020-06-23 14:00:00,403.3
2020-06-23 14:10:00,403.2
2020-06-23 14:20:00,402.8
2020-06-23 14:30:00,403.2
2020-06-23 14:40:00,403.1
2020-06-23 14:50:00,403.0
2020-06-23 15:00:00,402.0
2020-06-23 15:10:00,402.1
2020-06-23 15:20:00,402.3
2020-06-23 15:30:00,403.0
2020-06-23 15:40:00,402.6
2020-06-23 15:50:00,401.9
2020-06-23 16:00:00,401.2
2020-06-23 16:10:00,401.0
2020-06-23 16:20:00,401.2
2020-06-23 16:30:00,401.1
2020-06-23 16:40:00,400.8
2020-06-23 16:50:00,400.4
2020-06-23 17:00:00,399.7
2020-06-23 17:10:00,401.0
2020-06-23 17:20:00,402.0
2020-06-23 17:30:00,402.6
2020-06-23 17:40:00,403.8
2020-06-23 17:50:00,404.8
2020-06-23 18:00:00,404.5
2020-06-23 18:10:00,404.4
2020-06-23 18:20:00,404.7
2020-06-23 18:30:00,406.1
2020-06-23 18:40:00,405.1
2020-06-23 18:50:00,405.2
2020-06-23 19:00:00,406.2
2020-06-23 19:10:00,405.5
2020-06-23 19:20:00,405.9
2020-06-23 19:30:00,406.4
2020-06-23 19:40:00,407.4
2020-06-23 19:50:00,407.9
2020-06-23 20:00:00,407.9
2020-06-23 20:10:00,408.4
2020-06-23 20:20:00,408.2
2020-06-23 20:30:00,409.0
2020-06-23 20:40:00,409.8
2020-06-23 20:50:00,409.0
2020-06-23 21:00:00,408.8
2020-06-23 21:10:00,409.4
2020-06-23 21:20:00,410.4
2020-06-23 21:30:00,411.4
2020-06-23 21:40:00,411.9
2020-06-23 21:50:00,413.3
2020-06-23 22:00:00,413.8
2020-06-23 22:10:00,414.8
2020-06-23 22:20:00,425.5
2020-06-23 22:30:00,426.5
2020-06-23 22:40:00,428.1
2020-06-23 22:50:00,433.4
2020-06-23 23:00:00,435.2
2020-06-23 23:10:00,435.2
2020-06-23 23:20:00,442.8
2020-06-23 23:30:00,440.6
2020-06-23 23:40:00,430.3
2020-06-23 23:50:00,441.2
2020-06-24 00:00:00,444.2
2020-06-24 00:10:00,446.6
2020-06-24 00:20:00,440.3
2020-06-24 00:30:00,433.2
2020-06-24 00:40:00,434.3
2020-06-24 00:50:00,435.1
2020-06-24 01:00:00,432.5
2020-06-24 01:10:00,441.4
2020-06-24 01:20:00,447.8
2020-06-24 01:30:00,443.9
2020-06-24 01:40:00,446.8
2020-06-24 01:50:00,445.5
2020-06-24 02:00:00,453.4
2020-06-24 02:10:00,451.0
2020-06-24 02:20:00,446.9
2020-06-24 02:30:00,451.2
2020-06-24 02:40:00,452.3
2020-06-24 02:50:00,455.6
2020-06-24 03:00:00,464.3
2020-06-24 03:10:00,465.2
2020-06-24 03:20:00,464.7
2020-06-24 03:30:00,461.1
2020-06-24 03:40:00,471.8
2020-06-24 03:50:00,476.6
2020-06-24 04:00:00,478.3
2020-06-24 04:10:00,479.5
2020-06-24 04:20:00,480.9
2020-06-24 04:30:00,478.9
2020-06-24 04:40:00,464.8
2020-06-24 04:50:00,471.1
2020-06-24 05:00:00,479.6
2020-06-24 05:10:00,483.0
2020-06-24 05:20:00,491.6
2020-06-24 05:30:00,496.6
2020-06-24 05:40:00,498.9
2020-06-24 05:50:00,505.5
2020-06-24 06:00:00,504.4
2020-06-24 06:10:00,505.9
2020-06-24 06:20:00,508.6
2020-06-24 06:30:00,510.0
2020-06-24 06:40:00,509.5
2020-06-24 06:50:00,509.3
2020-06-24 07:00:00,505.7
2020-06-24 07:10:00,499.4
2020-06-24 07:20:00,492.9
2020-06-24 07:30:00,483.5
2020-06-24 07:40:00,471.1
2020-06-24 07:50:00,458.5
2020-06-24 08:00:00,452.3
2020-06-24 08:10:00,441.6
2020-06-24 08:20:00,433.7
2020-06-24 08:30:00,434.3
2020-06-24 08:40:00,431.1
2020-06-24 08:50:00,424.5
2020-06-24 09:00:00,422.4
2020-06-24 09:10:00,417.6
2020-06-24 09:20:00,415.1
2020-06-24 09:30:00,413.6
2020-06-24 09:40:00,411.9
2020-06-24 09:50:00,407.0
2020-06-24 10:00:00,406.8
2020-06-24 10:10:00,407.3
2020-06-24 10:20:00,408.6
2020-06-24 10:30:00,407.6
2020-06-24 10:40:00,406.8
2020-06-24 10:50:00,406.8
2020-06-24 11:00:00,407.5
2020-06-24 11:10:00,408.9
2020-06-24 11:20:00,410.3
2020-06-24 11:30:00,410.0
2020-06-24 11:40:00,409.3
2020-06-24 11:50:00,408.4
2020-06-24 12:00:00,407.9
2020-06-24 12:10:00,406.9
2020-06-24 12:20:00,406.8
2020-06-24 12:30:00,406.5
2020-06-24 12:40:00,407.0
2020-06-24 12:50:00,406.7
2020-06-24 13:00:00,405.9
2020-06-24 13:10:00,405.1
2020-06-24 13:20:00,405.2
2020-06-24 13:30:00,404.7
2020-06-24 13:40:00,404.8
2020-06-24 13:50:00,404.8
2020-06-24 14:00:00,404.8
2020-06-24 14:10:00,404.2
2020-06-24 14:20:00,404.1
2020-06-24 14:30:00,404.1
2020-06-24 14:40:00,404.1
2020-06-24 14:50:00,404.1
2020-06-24 15:00:00,405.4
2020-06-24 15:10:00,404.6
2020-06-24 15:20:00,405.0
2020-06-24 15:30:00,404.6
2020-06-24 15:40:00,405.3
2020-06-24 15:50:00,405.4
2020-06-24 16:00:00,405.6
2020-06-24 16:10:00,405.6
2020-06-24 16:20:00,405.9
2020-06-24 16:30:00,405.6
2020-06-24 16:40:00,404.3
2020-06-24 16:50:00,403.9
2020-06-24 17:00:00,403.5
2020-06-24 17:10:00,403.3
2020-06-24 17:20:00,403.8
2020-06-24 17:30:00,403.9
2020-06-24 17:40:00,404.3
2020-06-24 17:50:00,404.8
2020-06-24 18:00:00,404.7
2020-06-24 18:10:00,404.4
2020-06-24 18:20:00,404.4
2020-06-24 18:30:00,404.7
2020-06-24 18:40:00,404.6
2020-06-24 18:50:00,405.4
2020-06-24 19:00:00,405.7
2020-06-24 19:10:00,405.6
2020-06-24 19:20:00,405.0
2020-06-24 19:30:00,405.0
2020-06-24 19:40:00,405.6
2020-06-24 19:50:00,405.4
2020-06-24 20:00:00,405.5
2020-06-24 20:10:00,405.9
2020-06-24 20:20:00,406.5
2020-06-24 20:30:00,405.6
2020-06-24 20:40:00,405.4
2020-06-24 20:50:00,406.5
2020-06-24 21:00:00,406.1
2020-06-24 21:10:00,406.3
2020-06-24 21:20:00,406.7
2020-06-24 21:30:00,407.9
2020-06-24 21:40:00,412.9
2020-06-24 21:50:00,413.2
2020-06-24 22:00:00,414.2
2020-06-24 22:10:00,411.5
2020-06-24 22:20:00,411.4
2020-06-24 22:30:00,413.1
2020-06-24 22:40:00,414.5
2020-06-24 22:50:00,409.8
2020-06-24 23:00:00,424.4
2020-06-24 23:10:00,432.7
2020-06-24 23:20:00,436.6
2020-06-24 23:30:00,435.4
2020-06-24 23:40:00,433.5
2020-06-24 23:50:00,435.4
2020-06-25 00:00:00,434.4
2020-06-25 00:10:00,438.7
2020-06-25 00:20:00,443.8
2020-06-25 00:30:00,444.0
2020-06-25 00:40:00,445.2
2020-06-25 00:50:00,444.3
2020-06-25 01:00:00,447.0
2020-06-25 01:10:00,454.8
2020-06-25 01:20:00,454.7
2020-06-25 01:30:00,455.1
2020-06-25 01:40:00,452.8
2020-06-25 01:50:00,449.4
2020-06-25 02:00:00,444.1
2020-06-25 02:10:00,447.3
2020-06-25 02:20:00,457.1
2020-06-25 02:30:00,448.6
2020-06-25 02:40:00,453.8
2020-06-25 02:50:00,457.2
2020-06-25 03:00:00,452.9
2020-06-25 03:10:00,459.0
2020-06-25 03:20:00,462.6
2020-06-25 03:30:00,466.0
2020-06-25 03:40:00,471.8
2020-06-25 03:50:00,473.5
2020-06-25 04:00:00,471.7
2020-06-25 04:10:00,472.4
2020-06-25 04:20:00,458.4
2020-06-25 04:30:00,451.6
2020-06-25 04:40:00,449.3
2020-06-25 04:50:00,439.7
2020-06-25 05:00:00,436.1
2020-06-25 05:10:00,436.8
2020-06-25 05:20:00,441.1
2020-06-25 05:30:00,436.6
2020-06-25 05:40:00,439.0
2020-06-25 05:50:00,435.7
2020-06-25 06:00:00,438.7
2020-06-25 06:10:00,441.9
2020-06-25 06:20:00,442.5
2020-06-25 06:30:00,445.8
2020-06-25 06:40:00,448.8
2020-06-25 06:50:00,448.6
2020-06-25 07:00:00,446.9
2020-06-25 07:10:00,445.6
2020-06-25 07:20:00,447.8
2020-06-25 07:30:00,450.3
2020-06-25 07:40:00,442.7
2020-06-25 07:50:00,437.7
2020-06-25 08:00:00,438.2
2020-06-25 08:10:00,436.1
2020-06-25 08:20:00,434.4
2020-06-25 08:30:00,428.6
2020-06-25 08:40:00,424.4
2020-06-25 08:50:00,424.8
2020-06-25 09:00:00,425.1
2020-06-25 09:10:00,425.6
2020-06-25 09:20:00,425.9
2020-06-25 09:30:00,427.1
2020-06-25 09:40:00,426.4
2020-06-25 09:50:00,426.7
2020-06-25 10:00:00,426.7
2020-06-25 10:10:00,424.6
2020-06-25 10:20:00,423.0
2020-06-25 10:30:00,417.6
2020-06-25 10:40:00,416.4
2020-06-25 10:50:00,416.0
2020-06-25 11:00:00,415.3
2020-06-25 11:10:00,414.8
2020-06-25 11:20:00,415.6
2020-06-25 11:30:00,413.5
2020-06-25 11:40:00,410.8
2020-06-25 11:50:00,410.0
2020-06-25 12:00:00,409.0
2020-06-25 12:10:00,407.9
2020-06-25 12:20:00,407.8
2020-06-25 12:30:00,406.6
2020-06-25 12:40:00,406.0
2020-06-25 12:50:00,405.3
2020-06-25 13:00:00,404.1
2020-06-25 13:10:00,403.3
2020-06-25 13:20:00,402.8
2020-06-25 13:30:00,402.1
2020-06-25 13:40:00,402.4
2020-06-25 13:50:00,402.0
2020-06-25 14:00:00,402.3
2020-06-25 14:10:00,402.8
2020-06-25 14:20:00,403.0
2020-06-25 14:30:00,403.4
2020-06-25 14:40:00,403.0
2020-06-25 14:50:00,402.8
2020-06-25 15:00:00,402.3
2020-06-25 15:10:00,402.4
2020-06-25 15:20:00,402.2
2020-06-25 15:30:00,401.8
2020-06-25 15:40:00,401.4
2020-06-25 15:50:00,401.5
2020-06-25 16:00:00,401.2
2020-06-25 16:10:00,401.7
2020-06-25 16:20:00,402.0
2020-06-25 16:30:00,401.6
2020-06-25 16:40:00,401.2
2020-06-25 16:50:00,401.3
2020-06-25 17:00:00,401.0
2020-06-25 17:10:00,400.9
2020-06-25 17:20:00,401.0
2020-06-25 17:30:00,401.6
2020-06-25 17:40:00,401.3
2020-06-25 17:50:00,401.7
2020-06-25 18:00:00,401.8
2020-06-25 18:10:00,401.7
2020-06-25 18:20:00,402.1
2020-06-25 18:30:00,401.9
2020-06-25 18:40:00,401.9
2020-06-25 18:50:00,402.6
2020-06-25 19:00:00,402.5
2020-06-25 19:10:00,402.7
2020-06-25 19:20:00,404.0
2020-06-25 19:30:00,404.0
2020-06-25 19:40:00,404.1
2020-06-25 19:50:00,404.4
2020-06-25 20:00:00,404.8
2020-06-25 20:10:00,405.4
2020-06-25 20:20:00,406.0
2020-06-25 20:30:00,406.5
2020-06-25 20:40:00,409.3
2020-06-25 20:50:00,409.5
2020-06-25 21:00:00,410.4
2020-06-25 21:10:00,410.3
2020-06-25 21:20:00,410.4
2020-06-25 21:30:00,411.0
2020-06-25 21:40:00,411.4
2020-06-25 21:50:00,411.8
2020-06-25 22:00:00,413.0
2020-06-25 22:10:00,413.0
2020-06-25 22:20:00,413.0
2020-06-25 22:30:00,413.0
2020-06-25 22:40:00,413.5
2020-06-25 22:50:00,414.8
2020-06-25 23:00:00,414.2
2020-06-25 23:10:00,420.3
2020-06-25 23:20:00,421.7
2020-06-25 23:30:00,427.8
2020-06-25 23:40:00,428.1
2020-06-25 23:50:00,436.1
2020-06-26 00:00:00,437.0
2020-06-26 00:10:00,435.2
2020-06-26 00:20:00,431.7
2020-06-26 00:30:00,438.3
2020-06-26 00:40:00,440.8
2020-06-26 00:50:00,439.3
2020-06-26 01:00:00,438.7
2020-06-26 01:10:00,444.1
2020-06-26 01:20:00,446.8
2020-06-26 01:30:00,441.9
2020-06-26 01:40:00,451.9
2020-06-26 01:50:00,461.1
2020-06-26 02:00:00,455.8
2020-06-26 02:10:00,456.8
2020-06-26 02:20:00,458.0
2020-06-26 02:30:00,465.4
2020-06-26 02:40:00,469.3
2020-06-26 02:50:00,472.6
2020-06-26 03:00:00,474.8
2020-06-26 03:10:00,465.6
2020-06-26 03:20:00,465.8
2020-06-26 03:30:00,467.8
2020-06-26 03:40:00,474.7
2020-06-26 03:50:00,471.4
2020-06-26 04:00:00,476.6
2020-06-26 04:10:00,470.0
2020-06-26 04:20:00,467.4
2020-06-26 04:30:00,463.4
2020-06-26 04:40:00,478.4
2020-06-26 04:50:00,493.1
2020-06-26 05:00:00,494.7
2020-06-26 05:10:00,490.4
2020-06-26 05:20:00,495.6
2020-06-26 05:30:00,499.7
2020-06-26 05:40:00,496.9
2020-06-26 05:50:00,495.5
2020-06-26 06:00:00,493.9
2020-06-26 06:10:00,490.1
2020-06-26 06:20:00,489.0
2020-06-26 06:30:00,485.3
2020-06-26 06:40:00,488.2
2020-06-26 06:50:00,481.1
2020-06-26 07:00:00,476.8
2020-06-26 07:10:00,471.2
2020-06-26 07:20:00,468.6
2020-06-26 07:30:00,465.1
2020-06-26 07:40:00,459.2
2020-06-26 07:50:00,443.4
2020-06-26 08:00:00,435.0
2020-06-26 08:10:00,437.0
2020-06-26 08:20:00,433.3
2020-06-26 08:30:00,427.7
2020-06-26 08:40:00,428.0
2020-06-26 08:50:00,422.2
2020-06-26 09:00:00,419.6
2020-06-26 09:10:00,418.5
2020-06-26 09:20:00,417.7
2020-06-26 09:30:00,411.1
2020-06-26 09:40:00,407.0
2020-06-26 09:50:00,404.9
2020-06-26 10:00:00,403.2
2020-06-26 10:10:00,403.7
2020-06-26 10:20:00,402.4
2020-06-26 10:30:00,402.3
2020-06-26 10:40:00,402.7
2020-06-26 10:50:00,403.5
2020-06-26 11:00:00,403.0
2020-06-26 11:10:00,403.2
2020-06-26 11:20:00,403.5
2020-06-26 11:30:00,403.5
2020-06-26 11:40:00,403.1
2020-06-26 11:50:00,403.3
2020-06-26 12:00:00,402.6
2020-06-26 12:10:00,402.5
2020-06-26 12:20:00,403.4
2020-06-26 12:30:00,403.4
2020-06-26 12:40:00,403.6
2020-06-26 12:50:00,403.3
2020-06-26 13:00:00,402.7
2020-06-26 13:10:00,402.8
2020-06-26 13:20:00,403.0
2020-06-26 13:30:00,402.5
2020-06-26 13:40:00,402.8
2020-06-26 13:50:00,402.6
2020-06-26 14:00:00,402.0
2020-06-26 14:10:00,402.4
2020-06-26 14:20:00,401.7
2020-06-26 14:30:00,401.1
2020-06-26 14:40:00,400.5
2020-06-26 14:50:00,399.8
2020-06-26 15:00:00,398.8
2020-06-26 15:10:00,398.3
2020-06-26 15:20:00,398.7
2020-06-26 15:30:00,398.6
2020-06-26 15:40:00,398.8
2020-06-26 15:50:00,398.6
2020-06-26 16:00:00,398.5
2020-06-26 16:10:00,398.7
2020-06-26 16:20:00,398.7
2020-06-26 16:30:00,398.7
2020-06-26 16:40:00,398.7
2020-06-26 16:50:00,398.7
2020-06-26 17:00:00,398.7
2020-06-26 17:10:00,398.8
2020-06-26 17:20:00,398.8
2020-06-26 17:30:00,399.1
2020-06-26 17:40:00,399.2
2020-06-26 17:50:00,399.2
2020-06-26 18:00:00,399.6
2020-06-26 18:10:00,400.1
2020-06-26 18:20:00,399.8
2020-06-26 18:30:00,400.2
2020-06-26 18:40:00,399.9
2020-06-26 18:50:00,399.8
2020-06-26 19:00:00,399.5
2020-06-26 19:10:00,399.5
2020-06-26 19:20:00,398.3
2020-06-26 19:30:00,397.9
2020-06-26 19:40:00,398.6
2020-06-26 19:50:00,398.9
2020-06-26 20:00:00,399.2
2020-06-26 20:10:00,401.8
2020-06-26 20:20:00,405.4
2020-06-26 20:30:00,404.0
2020-06-26 20:40:00,405.4
2020-06-26 20:50:00,411.4
2020-06-26 21:00:00,416.3
2020-06-26 21:10:00,416.6
2020-06-26 21:20:00,423.1
2020-06-26 21:30:00,429.3
2020-06-26 21:40:00,426.0
2020-06-26 21:50:00,420.1
2020-06-26 22:00:00,422.7
2020-06-26 22:10:00,430.9
2020-06-26 22:20:00,435.6
2020-06-26 22:30:00,439.8
2020-06-26 22:40:00,427.1
2020-06-26 22:50:00,434.5
2020-06-26 23:00:00,440.0
2020-06-26 23:10:00,440.5
2020-06-26 23:20:00,442.0
2020-06-26 23:30:00,445.6
2020-06-26 23:40:00,451.4
2020-06-26 23:50:00,453.6
2020-06-27 00:00:00,452.6
2020-06-27 00:10:00,446.1
2020-06-27 00:20:00,444.5
2020-06-27 00:30:00,452.5
2020-06-27 00:40:00,452.4
2020-06-27 00:50:00,463.2
2020-06-27 01:00:00,454.7
2020-06-27 01:10:00,463.4
2020-06-27 01:20:00,450.8
2020-06-27 01:30:00,453.8
2020-06-27 01:40:00,453.6
2020-06-27 01:50:00,453.3
2020-06-27 02:00:00,456.5
2020-06-27 02:10:00,470.2
2020-06-27 02:20:00,479.4
2020-06-27 02:30:00,482.9
2020-06-27 02:40:00,480.6
2020-06-27 02:50:00,468.5
2020-06-27 03:00:00,458.7
2020-06-27 03:10:00,472.5
2020-06-27 03:20:00,472.6
2020-06-27 03:30:00,472.3
2020-06-27 03:40:00,472.6
2020-06-27 03:50:00,471.6
2020-06-27 04:00:00,484.2
2020-06-27 04:10:00,498.7
2020-06-27 04:20:00,497.3
2020-06-27 04:30:00,502.5
2020-06-27 04:40:00,495.6
2020-06-27 04:50:00,484.9
2020-06-27 05:00:00,500.4
2020-06-27 05:10:00,502.0
2020-06-27 05:20:00,501.9
2020-06-27 05:30:00,495.4
2020-06-27 05:40:00,488.9
2020-06-27 05:50:00,493.3
2020-06-27 06:00:00,497.0
2020-06-27 06:10:00,505.9
2020-06-27 06:20:00,500.0
2020-06-27 06:30:00,499.2
2020-06-27 06:40:00,500.4
2020-06-27 06:50:00,493.5
2020-06-27 07:00:00,487.5
2020-06-27 07:10:00,486.2
2020-06-27 07:20:00,483.7
2020-06-27 07:30:00,476.3
2020-06-27 07:40:00,464.9
2020-06-27 07:50:00,462.2
2020-06-27 08:00:00,461.2
2020-06-27 08:10:00,456.5
2020-06-27 08:20:00,450.4
2020-06-27 08:30:00,441.1
2020-06-27 08:40:00,434.4
2020-06-27 08:50:00,429.3
2020-06-27 09:00:00,427.6
2020-06-27 09:10:00,423.2
2020-06-27 09:20:00,422.3
2020-06-27 09:30:00,418.3
2020-06-27 09:40:00,407.6
2020-06-27 09:50:00,408.0
2020-06-27 10:00:00,407.7
2020-06-27 10:10:00,407.6
2020-06-27 10:20:00,407.5
2020-06-27 10:30:00,406.5
2020-06-27 10:40:00,405.7
2020-06-27 10:50:00,405.5
2020-06-27 11:00:00,405.7
2020-06-27 11:10:00,405.5
2020-06-27 11:20:00,406.0
2020-06-27 11:30:00,406.1
2020-06-27 11:40:00,406.2
2020-06-27 11:50:00,405.3
2020-06-27 12:00:00,404.9
2020-06-27 12:10:00,405.1
2020-06-27 12:20:00,404.6
2020-06-27 12:30:00,404.6
2020-06-27 12:40:00,404.5
2020-06-27 12:50:00,404.7
2020-06-27 13:00:00,404.8
2020-06-27 13:10:00,404.9
2020-06-27 13:20:00,405.6
2020-06-27 13:30:00,405.7
2020-06-27 13:40:00,405.6
2020-06-27 13:50:00,405.5
2020-06-27 14:00:00,404.7
2020-06-27 14:10:00,404.4
2020-06-27 14:20:00,404.4
2020-06-27 14:30:00,403.8
2020-06-27 14:40:00,403.6
2020-06-27 14:50:00,403.3
2020-06-27 15:00:00,403.6
2020-06-27 15:10:00,404.9
2020-06-27 15:20:00,405.8
2020-06-27 15:30:00,406.4
2020-06-27 15:40:00,406.9
2020-06-27 15:50:00,407.4
2020-06-27 16:00:00,406.8
2020-06-27 16:10:00,407.4
2020-06-27 16:20:00,408.8
2020-06-27 16:30:00,409.1
2020-06-27 16:40:00,409.0
2020-06-27 16:50:00,409.3
2020-06-27 17:00:00,409.1
2020-06-27 17:10:00,408.2
2020-06-27 17:20:00,407.0
2020-06-27 17:30:00,405.8
2020-06-27 17:40:00,404.6
2020-06-27 17:50:00,404.7
2020-06-27 18:00:00,404.6
2020-06-27 18:10:00,405.1
2020-06-27 18:20:00,405.6
2020-06-27 18:30:00,404.4
2020-06-27 18:40:00,404.3
2020-06-27 18:50:00,405.2
2020-06-27 19:00:00,407.0
2020-06-27 19:10:00,406.6
2020-06-27 19:20:00,408.1
2020-06-27 19:30:00,413.6
2020-06-27 19:40:00,414.8
2020-06-27 19:50:00,415.7
2020-06-27 20:00:00,415.8
2020-06-27 20:10:00,418.3
2020-06-27 20:20:00,417.3
2020-06-27 20:30:00,422.9
2020-06-27 20:40:00,421.7
2020-06-27 20:50:00,419.9
2020-06-27 21:00:00,422.0
2020-06-27 21:10:00,424.1
2020-06-27 21:20:00,424.6
2020-06-27 21:30:00,423.0
2020-06-27 21:40:00,422.8
2020-06-27 21:50:00,425.1
2020-06-27 22:00:00,425.4
2020-06-27 22:10:00,424.4
2020-06-27 22:20:00,428.0
2020-06-27 22:30:00,429.3
2020-06-27 22:40:00,430.9
2020-06-27 22:50:00,431.5
2020-06-27 23:00:00,430.7
2020-06-27 23:10:00,429.3
2020-06-27 23:20:00,427.6
2020-06-27 23:30:00,435.6
2020-06-27 23:40:00,448.8
2020-06-27 23:50:00,458.5
2020-06-28 00:00:00,464.5
2020-06-28 00:10:00,462.8
2020-06-28 00:20:00,455.9
2020-06-28 00:30:00,453.6
2020-06-28 00:40:00,453.4
2020-06-28 00:50:00,459.9
2020-06-28 01:00:00,462.0
2020-06-28 01:10:00,458.3
2020-06-28 01:20:00,458.9
2020-06-28 01:30:00,459.5
2020-06-28 01:40:00,451.3
2020-06-28 01:50:00,438.9
2020-06-28 02:00:00,438.2
2020-06-28 02:10:00,434.6
2020-06-28 02:20:00,449.2
2020-06-28 02:30:00,451.3
2020-06-28 02:40:00,458.4
2020-06-28 02:50:00,488.2
2020-06-28 03:00:00,479.9
2020-06-28 03:10:00,485.9
2020-06-28 03:20:00,484.5
2020-06-28 03:30:00,474.8
2020-06-28 03:40:00,468.6
2020-06-28 03:50:00,469.6
2020-06-28 04:00:00,470.3
2020-06-28 04:10:00,479.6
2020-06-28 04:20:00,476.3
2020-06-28 04:30:00,478.1
2020-06-28 04:40:00,477.8
2020-06-28 04:50:00,470.4
2020-06-28 05:00:00,468.9
2020-06-28 05:10:00,471.5
2020-06-28 05:20:00,471.1
2020-06-28 05:30:00,471.7
2020-06-28 05:40:00,480.1
2020-06-28 05:50:00,475.9
2020-06-28 06:00:00,475.4
2020-06-28 06:10:00,468.8
2020-06-28 06:20:00,472.6
2020-06-28 06:30:00,477.3
2020-06-28 06:40:00,476.3
2020-06-28 06:50:00,473.3
2020-06-28 07:00:00,470.7
2020-06-28 07:10:00,468.2
2020-06-28 07:20:00,462.2
2020-06-28 07:30:00,458.2
2020-06-28 07:40:00,456.4
2020-06-28 07:50:00,452.6
2020-06-28 08:00:00,453.4
2020-06-28 08:10:00,450.8
2020-06-28 08:20:00,449.7
2020-06-28 08:30:00,448.2
2020-06-28 08:40:00,446.8
2020-06-28 08:50:00,445.2
2020-06-28 09:00:00,441.1
2020-06-28 09:10:00,437.4
2020-06-28 09:20:00,430.5
2020-06-28 09:30:00,424.6
2020-06-28 09:40:00,418.3
2020-06-28 09:50:00,415.3
2020-06-28 10:00:00,413.5
2020-06-28 10:10:00,413.5
2020-06-28 10:20:00,414.0
2020-06-28 10:30:00,415.6
2020-06-28 10:40:00,417.4
2020-06-28 10:50:00,417.1
2020-06-28 11:00:00,416.1
2020-06-28 11:10:00,415.8
2020-06-28 11:20:00,415.3
2020-06-28 11:30:00,415.5
2020-06-28 11:40:00,415.7
2020-06-28 11:50:00,415.2
2020-06-28 12:00:00,414.6
2020-06-28 12:10:00,413.8
2020-06-28 12:20:00,412.9
2020-06-28 12:30:00,411.6
2020-06-28 12:40:00,411.5
2020-06-28 12:50:00,412.0
2020-06-28 13:00:00,412.3
2020-06-28 13:10:00,412.4
2020-06-28 13:20:00,412.9
2020-06-28 13:30:00,412.8
2020-06-28 13:40:00,412.8
2020-06-28 13:50:00,412.6
2020-06-28 14:00:00,412.5
2020-06-28 14:10:00,412.3
2020-06-28 14:20:00,412.5
2020-06-28 14:30:00,413.0
2020-06-28 14:40:00,412.4
2020-06-28 14:50:00,412.7
2020-06-28 15:00:00,412.3
2020-06-28 15:10:00,410.6
2020-06-28 15:20:00,406.9
2020-06-28 15:30:00,405.4
2020-06-28 15:40:00,406.1
2020-06-28 15:50:00,406.2
2020-06-28 16:00:00,404.7
2020-06-28 16:10:00,402.9
2020-06-28 16:20:00,402.5
2020-06-28 16:30:00,402.0
2020-06-28 16:40:00,402.1
2020-06-28 16:50:00,401.8
2020-06-28 17:00:00,401.6
2020-06-28 17:10:00,402.0
2020-06-28 17:20:00,402.5
2020-06-28 17:30:00,402.4
2020-06-28 17:40:00,402.5
2020-06-28 17:50:00,403.6
2020-06-28 18:00:00,404.6
2020-06-28 18:10:00,405.0
2020-06-28 18:20:00,405.1
2020-06-28 18:30:00,405.0
2020-06-28 18:40:00,404.9
2020-06-28 18:50:00,405.2
2020-06-28 19:00:00,406.1
2020-06-28 19:10:00,406.8
2020-06-28 19:20:00,408.4
2020-06-28 19:30:00,409.0
2020-06-28 19:40:00,410.5
2020-06-28 19:50:00,412.0
2020-06-28 20:00:00,412.7
2020-06-28 20:10:00,413.1
2020-06-28 20:20:00,413.7
2020-06-28 20:30:00,414.0
2020-06-28 20:40:00,413.7
2020-06-28 20:50:00,414.0
2020-06-28 21:00:00,413.8
2020-06-28 21:10:00,415.4
2020-06-28 21:20:00,417.0
2020-06-28 21:30:00,414.7
2020-06-28 21:40:00,414.1
2020-06-28 21:50:00,413.7
2020-06-28 22:00:00,414.9
2020-06-28 22:10:00,416.5
2020-06-28 22:20:00,417.7
2020-06-28 22:30:00,418.2
2020-06-28 22:40:00,420.1
2020-06-28 22:50:00,421.1
2020-06-28 23:00:00,421.3
2020-06-28 23:10:00,416.8
2020-06-28 23:20:00,416.3
2020-06-28 23:30:00,416.7
2020-06-28 23:40:00,417.1
2020-06-28 23:50:00,421.1
2020-06-29 00:00:00,421.9
2020-06-29 00:10:00,430.5
2020-06-29 00:20:00,427.0
2020-06-29 00:30:00,425.6
2020-06-29 00:40:00,424.7
2020-06-29 00:50:00,424.2
2020-06-29 01:00:00,425.2
2020-06-29 01:10:00,428.8
2020-06-29 01:20:00,431.2
2020-06-29 01:30:00,436.1
2020-06-29 01:40:00,437.0
2020-06-29 01:50:00,439.0
2020-06-29 02:00:00,441.0
2020-06-29 02:10:00,441.4
2020-06-29 02:20:00,441.9
2020-06-29 02:30:00,443.8
2020-06-29 02:40:00,444.4
2020-06-29 02:50:00,440.2
2020-06-29 03:00:00,438.5
2020-06-29 03:10:00,435.8
2020-06-29 03:20:00,435.9
2020-06-29 03:30:00,434.9
2020-06-29 03:40:00,436.2
2020-06-29 03:50:00,435.7
2020-06-29 04:00:00,440.9
2020-06-29 04:10:00,438.9
2020-06-29 04:20:00,444.2
2020-06-29 04:30:00,439.0
2020-06-29 04:40:00,431.5
2020-06-29 04:50:00,428.0
2020-06-29 05:00:00,428.5
2020-06-29 05:10:00,430.7
2020-06-29 05:20:00,430.9
2020-06-29 05:30:00,430.5
2020-06-29 05:40:00,430.3
2020-06-29 05:50:00,434.0
2020-06-29 06:00:00,452.3
2020-06-29 06:10:00,447.2
2020-06-29 06:20:00,447.3
2020-06-29 06:30:00,443.5
2020-06-29 06:40:00,445.7
2020-06-29 06:50:00,440.5
2020-06-29 07:00:00,442.2
2020-06-29 07:10:00,432.0
2020-06-29 07:20:00,431.3
2020-06-29 07:30:00,429.6
2020-06-29 07:40:00,429.0
2020-06-29 07:50:00,417.3
2020-06-29 08:00:00,416.4
2020-06-29 08:10:00,420.8
2020-06-29 08:20:00,419.9
2020-06-29 08:30:00,420.0
2020-06-29 08:40:00,419.9
2020-06-29 08:50:00,415.9
2020-06-29 09:00:00,413.8
2020-06-29 09:10:00,408.2
2020-06-29 09:20:00,407.9
2020-06-29 09:30:00,406.9
2020-06-29 09:40:00,405.7
2020-06-29 09:50:00,405.0
2020-06-29 10:00:00,405.5
2020-06-29 10:10:00,405.4
2020-06-29 10:20:00,405.3
2020-06-29 10:30:00,405.9
2020-06-29 10:40:00,405.5
2020-06-29 10:50:00,405.2
2020-06-29 11:00:00,405.3
2020-06-29 11:10:00,406.1
2020-06-29 11:20:00,405.3
2020-06-29 11:30:00,404.3
2020-06-29 11:40:00,405.1
2020-06-29 11:50:00,406.5
2020-06-29 12:00:00,407.8
2020-06-29 12:10:00,407.5
2020-06-29 12:20:00,407.2
2020-06-29 12:30:00,406.7
2020-06-29 12:40:00,406.4
2020-06-29 12:50:00,406.3
2020-06-29 13:00:00,405.4
2020-06-29 13:10:00,404.2
2020-06-29 13:20:00,405.8
2020-06-29 13:30:00,406.0
2020-06-29 13:40:00,404.9
2020-06-29 13:50:00,403.8
2020-06-29 14:00:00,404.6
2020-06-29 14:10:00,405.3
2020-06-29 14:20:00,405.0
2020-06-29 14:30:00,404.8
2020-06-29 14:40:00,405.0
2020-06-29 14:50:00,404.9
2020-06-29 15:00:00,405.2
2020-06-29 15:10:00,404.8
2020-06-29 15:20:00,405.0
2020-06-29 15:30:00,404.9
2020-06-29 15:40:00,404.4
2020-06-29 15:50:00,403.7
2020-06-29 16:00:00,403.8
2020-06-29 16:10:00,403.5
2020-06-29 16:20:00,404.1
2020-06-29 16:30:00,404.1
2020-06-29 16:40:00,404.5
2020-06-29 16:50:00,404.6
2020-06-29 17:00:00,404.4
2020-06-29 17:10:00,404.3
2020-06-29 17:20:00,404.1
2020-06-29 17:30:00,404.0
2020-06-29 17:40:00,404.1
2020-06-29 17:50:00,403.9
2020-06-29 18:00:00,403.6
2020-06-29 18:10:00,403.7
2020-06-29 18:20:00,403.6
2020-06-29 18:30:00,403.8
2020-06-29 18:40:00,403.6
2020-06-29 18:50:00,404.0
2020-06-29 19:00:00,404.3
2020-06-29 19:10:00,404.7
2020-06-29 19:20:00,405.5
2020-06-29 19:30:00,405.5
2020-06-29 19:40:00,405.5
2020-06-29 19:50:00,405.5
2020-06-29 20:00:00,405.8
2020-06-29 20:10:00,406.9
2020-06-29 20:20:00,407.0
2020-06-29 20:30:00,409.5
2020-06-29 20:40:00,411.0
2020-06-29 20:50:00,412.9
2020-06-29 21:00:00,412.4
2020-06-29 21:10:00,413.7
2020-06-29 21:20:00,415.9
2020-06-29 21:30:00,416.3
2020-06-29 21:40:00,417.7
2020-06-29 21:50:00,418.5
2020-06-29 22:00:00,418.0
2020-06-29 22:10:00,417.9
2020-06-29 22:20:00,417.1
2020-06-29 22:30:00,419.3
2020-06-29 22:40:00,422.9
2020-06-29 22:50:00,425.8
2020-06-29 23:00:00,427.2
2020-06-29 23:10:00,427.2
2020-06-29 23:20:00,428.8
2020-06-29 23:30:00,428.7
2020-06-29 23:40:00,427.7
2020-06-29 23:50:00,428.1
2020-06-30 00:00:00,426.8
2020-06-30 00:10:00,426.8
2020-06-30 00:20:00,423.8
2020-06-30 00:30:00,424.5
2020-06-30 00:40:00,424.3
2020-06-30 00:50:00,424.0
2020-06-30 01:00:00,421.9
2020-06-30 01:10:00,421.7
2020-06-30 01:20:00,421.5
2020-06-30 01:30:00,421.2
2020-06-30 01:40:00,421.0
2020-06-30 01:50:00,420.6
2020-06-30 02:00:00,420.3
2020-06-30 02:10:00,420.7
2020-06-30 02:20:00,421.3
2020-06-30 02:30:00,421.1
2020-06-30 02:40:00,421.9
2020-06-30 02:50:00,422.7
2020-06-30 03:00:00,424.0
2020-06-30 03:10:00,425.7
2020-06-30 03:20:00,426.7
2020-06-30 03:30:00,427.4
2020-06-30 03:40:00,427.2
2020-06-30 03:50:00,428.2
2020-06-30 04:00:00,428.2
2020-06-30 04:10:00,429.1
2020-06-30 04:20:00,429.2
2020-06-30 04:30:00,427.5
2020-06-30 04:40:00,426.7
2020-06-30 04:50:00,425.8
2020-06-30 05:00:00,425.7
2020-06-30 05:10:00,425.1
2020-06-30 05:20:00,423.4
2020-06-30 05:30:00,421.3
2020-06-30 05:40:00,419.9
2020-06-30 05:50:00,418.0
2020-06-30 06:00:00,416.0
2020-06-30 06:10:00,414.7
2020-06-30 06:20:00,414.1
2020-06-30 06:30:00,413.6
2020-06-30 06:40:00,416.5
2020-06-30 06:50:00,412.2
2020-06-30 07:00:00,410.7
2020-06-30 07:10:00,410.0
2020-06-30 07:20:00,409.4
2020-06-30 07:30:00,408.5
2020-06-30 07:40:00,407.9
2020-06-30 07:50:00,407.3
2020-06-30 08:00:00,406.6
2020-06-30 08:10:00,405.8
2020-06-30 08:20:00,405.4
2020-06-30 08:30:00,405.2
2020-06-30 08:40:00,404.4
2020-06-30 08:50:00,404.1
2020-06-30 09:00:00,404.1
2020-06-30 09:10:00,404.3
2020-06-30 09:20:00,404.4
2020-06-30 09:30:00,404.5
2020-06-30 09:40:00,404.6
2020-06-30 09:50:00,405.1
2020-06-30 10:00:00,404.5
2020-06-30 10:10:00,404.2
2020-06-30 10:20:00,404.1
2020-06-30 10:30:00,404.0
2020-06-30 10:40:00,404.2
2020-06-30 10:50:00,404.2
2020-06-30 11:00:00,404.2
2020-06-30 11:10:00,404.0
2020-06-30 11:20:00,403.7
2020-06-30 11:30:00,403.2
2020-06-30 11:40:00,403.3
2020-06-30 11:50:00,403.0
2020-06-30 12:00:00,402.5
2020-06-30 12:10:00,403.0
2020-06-30 12:20:00,403.2
2020-06-30 12:30:00,402.9
2020-06-30 12:40:00,403.5
2020-06-30 12:50:00,403.3
2020-06-30 13:00:00,403.3
2020-06-30 13:10:00,403.4
2020-06-30 13:20:00,404.0
2020-06-30 13:30:00,403.5
2020-06-30 13:40:00,403.6
2020-06-30 13:50:00,403.7
2020-06-30 14:00:00,403.1
2020-06-30 14:10:00,403.3
2020-06-30 14:20:00,403.1
2020-06-30 14:30:00,403.1
2020-06-30 14:40:00,403.3
2020-06-30 14:50:00,402.7
2020-06-30 15:00:00,402.5
2020-06-30 15:10:00,402.8
2020-06-30 15:20:00,403.6
2020-06-30 15:30:00,403.7
2020-06-30 15:40:00,403.3
2020-06-30 15:50:00,402.9
2020-06-30 16:00:00,403.9
2020-06-30 16:10:00,403.2
2020-06-30 16:20:00,402.9
2020-06-30 16:30:00,402.8
2020-06-30 16:40:00,402.9
2020-06-30 16:50:00,403.1
2020-06-30 17:00:00,403.1
2020-06-30 17:10:00,403.4
2020-06-30 17:20:00,403.3
2020-06-30 17:30:00,403.5
2020-06-30 17:40:00,403.5
2020-06-30 17:50:00,403.5
2020-06-30 18:00:00,403.5
2020-06-30 18:10:00,403.4
2020-06-30 18:20:00,403.3
2020-06-30 18:30:00,403.2
2020-06-30 18:40:00,403.3
2020-06-30 18:50:00,403.5
2020-06-30 19:00:00,403.5
2020-06-30 19:10:00,403.6
2020-06-30 19:20:00,403.7
2020-06-30 19:30:00,403.7
2020-06-30 19:40:00,403.7
2020-06-30 19:50:00,404.4
2020-06-30 20:00:00,404.8
2020-06-30 20:10:00,404.8
2020-06-30 20:20:00,405.3
2020-06-30 20:30:00,406.6
2020-06-30 20:40:00,406.9
2020-06-30 20:50:00,407.2
2020-06-30 21:00:00,408.3
2020-06-30 21:10:00,409.1
2020-06-30 21:20:00,409.2
2020-06-30 21:30:00,409.7
2020-06-30 21:40:00,409.4
2020-06-30 21:50:00,408.9
2020-06-30 22:00:00,409.2
2020-06-30 22:10:00,409.6
2020-06-30 22:20:00,410.7
2020-06-30 22:30:00,409.6
2020-06-30 22:40:00,409.8
2020-06-30 22:50:00,409.5
2020-06-30 23:00:00,410.5
2020-06-30 23:10:00,411.6
2020-06-30 23:20:00,412.8
2020-06-30 23:30:00,413.6
2020-06-30 23:40:00,413.9
2020-06-30 23:50:00,416.7
2020-07-01 00:00:00,419.4
2020-07-01 00:10:00,422.1
2020-07-01 00:20:00,422.9
2020-07-01 00:30:00,423.8
2020-07-01 00:40:00,424.6
2020-07-01 00:50:00,423.5
2020-07-01 01:00:00,425.0
2020-07-01 01:10:00,426.9
2020-07-01 01:20:00,425.5
2020-07-01 01:30:00,423.4
2020-07-01 01:40:00,423.5
2020-07-01 01:50:00,426.9
2020-07-01 02:00:00,428.0
2020-07-01 02:10:00,430.2
2020-07-01 02:20:00,428.0
2020-07-01 02:30:00,426.6
2020-07-01 02:40:00,425.0
2020-07-01 02:50:00,425.1
2020-07-01 03:00:00,425.3
2020-07-01 03:10:00,425.0
2020-07-01 03:20:00,424.4
2020-07-01 03:30:00,423.7
2020-07-01 03:40:00,421.2
2020-07-01 03:50:00,420.4
2020-07-01 04:00:00,422.4
2020-07-01 04:10:00,423.0
2020-07-01 04:20:00,425.9
2020-07-01 04:30:00,426.7
2020-07-01 04:40:00,428.4
2020-07-01 04:50:00,427.0
2020-07-01 05:00:00,428.8
2020-07-01 05:10:00,429.5
2020-07-01 05:20:00,429.2
2020-07-01 05:30:00,427.1
2020-07-01 05:40:00,426.7
2020-07-01 05:50:00,426.5
2020-07-01 06:00:00,424.8
2020-07-01 06:10:00,422.4
2020-07-01 06:20:00,420.8
2020-07-01 06:30:00,419.5
2020-07-01 06:40:00,418.4
2020-07-01 06:50:00,418.1
2020-07-01 07:00:00,417.9
2020-07-01 07:10:00,414.2
2020-07-01 07:20:00,410.4
2020-07-01 07:30:00,409.9
2020-07-01 07:40:00,409.6
2020-07-01 07:50:00,409.1
2020-07-01 08:00:00,408.9
2020-07-01 08:10:00,408.5
2020-07-01 08:20:00,408.1
2020-07-01 08:30:00,407.7
2020-07-01 08:40:00,407.5
2020-07-01 08:50:00,407.1
2020-07-01 09:00:00,407.0
2020-07-01 09:10:00,406.5
2020-07-01 09:20:00,406.5
2020-07-01 09:30:00,405.6
2020-07-01 09:40:00,405.1
2020-07-01 09:50:00,404.8
2020-07-01 10:00:00,404.5
2020-07-01 10:10:00,404.9
2020-07-01 10:20:00,405.2
2020-07-01 10:30:00,405.1
2020-07-01 10:40:00,405.1
2020-07-01 10:50:00,404.2
2020-07-01 11:00:00,403.6
2020-07-01 11:10:00,403.0
2020-07-01 11:20:00,402.7
2020-07-01 11:30:00,402.2
2020-07-01 11:40:00,402.6
2020-07-01 11:50:00,402.5
2020-07-01 12:00:00,402.6
2020-07-01 12:10:00,403.1
2020-07-01 12:20:00,403.3
2020-07-01 12:30:00,403.5
2020-07-01 12:40:00,403.7
2020-07-01 12:50:00,403.1
2020-07-01 13:00:00,403.0
2020-07-01 13:10:00,403.0
2020-07-01 13:20:00,403.6
2020-07-01 13:30:00,403.3
2020-07-01 13:40:00,403.4
2020-07-01 13:50:00,403.1
2020-07-01 14:00:00,402.4
2020-07-01 14:10:00,402.4
2020-07-01 14:20:00,401.7
2020-07-01 14:30:00,401.8
2020-07-01 14:40:00,402.8
2020-07-01 14:50:00,403.1
2020-07-01 15:00:00,402.6
2020-07-01 15:10:00,402.8
2020-07-01 15:20:00,403.6
2020-07-01 15:30:00,403.4
2020-07-01 15:40:00,403.1
2020-07-01 15:50:00,403.0
2020-07-01 16:00:00,402.8
2020-07-01 16:10:00,402.7
2020-07-01 16:20:00,403.0
2020-07-01 16:30:00,403.3
2020-07-01 16:40:00,403.3
2020-07-01 16:50:00,403.1
2020-07-01 17:00:00,403.0
2020-07-01 17:10:00,403.2
2020-07-01 17:20:00,403.2
2020-07-01 17:30:00,403.1
2020-07-01 17:40:00,403.7
2020-07-01 17:50:00,404.7
2020-07-01 18:00:00,405.5
2020-07-01 18:10:00,405.7
2020-07-01 18:20:00,406.1
2020-07-01 18:30:00,405.8
2020-07-01 18:40:00,406.3
2020-07-01 18:50:00,406.8
2020-07-01 19:00:00,406.6
2020-07-01 19:10:00,406.5
2020-07-01 19:20:00,406.7
2020-07-01 19:30:00,407.4
2020-07-01 19:40:00,408.2
2020-07-01 19:50:00,408.0
2020-07-01 20:00:00,408.5
2020-07-01 20:10:00,409.3
2020-07-01 20:20:00,410.3
2020-07-01 20:30:00,411.7
2020-07-01 20:40:00,410.9
2020-07-01 20:50:00,409.7
2020-07-01 21:00:00,409.5
2020-07-01 21:10:00,409.9
2020-07-01 21:20:00,410.8
2020-07-01 21:30:00,410.6
2020-07-01 21:40:00,411.0
2020-07-01 21:50:00,411.8
2020-07-01 22:00:00,412.6
2020-07-01 22:10:00,412.8
2020-07-01 22:20:00,413.4
2020-07-01 22:30:00,413.7
2020-07-01 22:40:00,414.0
2020-07-01 22:50:00,414.8
2020-07-01 23:00:00,415.7
2020-07-01 23:10:00,416.1
2020-07-01 23:20:00,415.3
2020-07-01 23:30:00,415.6
2020-07-01 23:40:00,416.1
2020-07-01 23:50:00,416.5
2020-07-02 00:00:00,417.6
2020-07-02 00:10:00,420.5
2020-07-02 00:20:00,418.7
2020-07-02 00:30:00,418.8
2020-07-02 00:40:00,422.3
2020-07-02 00:50:00,423.0
2020-07-02 01:00:00,424.1
2020-07-02 01:10:00,422.1
2020-07-02 01:20:00,422.1
2020-07-02 01:30:00,419.1
2020-07-02 01:40:00,419.5
2020-07-02 01:50:00,419.4
2020-07-02 02:00:00,419.4
2020-07-02 02:10:00,429.0
2020-07-02 02:20:00,427.9
2020-07-02 02:30:00,423.0
2020-07-02 02:40:00,424.1
2020-07-02 02:50:00,425.9
2020-07-02 03:00:00,429.9
2020-07-02 03:10:00,433.5
2020-07-02 03:20:00,435.6
2020-07-02 03:30:00,435.2
2020-07-02 03:40:00,431.7
2020-07-02 03:50:00,427.5
2020-07-02 04:00:00,425.4
2020-07-02 04:10:00,423.8
2020-07-02 04:20:00,423.5
2020-07-02 04:30:00,423.5
2020-07-02 04:40:00,423.5
2020-07-02 04:50:00,422.8
2020-07-02 05:00:00,421.2
2020-07-02 05:10:00,421.8
2020-07-02 05:20:00,420.6
2020-07-02 05:30:00,420.1
2020-07-02 05:40:00,420.2
2020-07-02 05:50:00,420.5
2020-07-02 06:00:00,420.5
2020-07-02 06:10:00,420.5
2020-07-02 06:20:00,417.6
2020-07-02 06:30:00,416.2
2020-07-02 06:40:00,415.7
2020-07-02 06:50:00,417.0
2020-07-02 07:00:00,416.6
2020-07-02 07:10:00,417.3
2020-07-02 07:20:00,415.9
2020-07-02 07:30:00,414.7
2020-07-02 07:40:00,412.5
2020-07-02 07:50:00,412.0
2020-07-02 08:00:00,412.2
2020-07-02 08:10:00,411.0
2020-07-02 08:20:00,410.6
2020-07-02 08:30:00,409.2
2020-07-02 08:40:00,408.2
2020-07-02 08:50:00,408.0
2020-07-02 09:00:00,407.4
2020-07-02 09:10:00,406.4
2020-07-02 09:20:00,405.2
2020-07-02 09:30:00,404.4
2020-07-02 09:40:00,404.4
2020-07-02 09:50:00,404.1
2020-07-02 10:00:00,403.4
2020-07-02 10:10:00,403.6
2020-07-02 10:20:00,402.9
2020-07-02 10:30:00,403.6
2020-07-02 10:40:00,403.9
2020-07-02 10:50:00,403.6
2020-07-02 11:00:00,402.8
2020-07-02 11:10:00,402.9
2020-07-02 11:20:00,403.0
2020-07-02 11:30:00,402.9
2020-07-02 11:40:00,402.3
2020-07-02 11:50:00,402.9
2020-07-02 12:00:00,402.7
2020-07-02 12:10:00,402.3
2020-07-02 12:20:00,402.4
2020-07-02 12:30:00,403.1
2020-07-02 12:40:00,402.2
2020-07-02 12:50:00,401.3
2020-07-02 13:00:00,401.8
2020-07-02 13:10:00,402.2
2020-07-02 13:20:00,401.6
2020-07-02 13:30:00,401.2
2020-07-02 13:40:00,401.9
2020-07-02 13:50:00,401.7
2020-07-02 14:00:00,401.4
2020-07-02 14:10:00,401.0
2020-07-02 14:20:00,400.6
2020-07-02 14:30:00,401.1
2020-07-02 14:40:00,401.1
2020-07-02 14:50:00,401.4
2020-07-02 15:00:00,401.6
2020-07-02 15:10:00,401.8
2020-07-02 15:20:00,401.7
2020-07-02 15:30:00,402.2
2020-07-02 15:40:00,401.4
2020-07-02 15:50:00,401.6
2020-07-02 16:00:00,401.9
2020-07-02 16:10:00,401.5
2020-07-02 16:20:00,401.2
2020-07-02 16:30:00,401.8
2020-07-02 16:40:00,401.8
2020-07-02 16:50:00,402.0
2020-07-02 17:00:00,401.5
2020-07-02 17:10:00,401.6
2020-07-02 17:20:00,402.2
2020-07-02 17:30:00,402.8
2020-07-02 17:40:00,403.0
2020-07-02 17:50:00,406.3
2020-07-02 18:00:00,407.3
2020-07-02 18:10:00,408.0
2020-07-02 18:20:00,408.3
2020-07-02 18:30:00,407.7
2020-07-02 18:40:00,407.9
2020-07-02 18:50:00,408.5
2020-07-02 19:00:00,411.5
2020-07-02 19:10:00,412.9
2020-07-02 19:20:00,413.7
2020-07-02 19:30:00,415.6
2020-07-02 19:40:00,415.5
2020-07-02 19:50:00,418.4
2020-07-02 20:00:00,419.8
2020-07-02 20:10:00,419.7
2020-07-02 20:20:00,420.3
2020-07-02 20:30:00,422.8
2020-07-02 20:40:00,422.1
2020-07-02 20:50:00,421.7
2020-07-02 21:00:00,424.0
2020-07-02 21:10:00,427.0
2020-07-02 21:20:00,429.8
2020-07-02 21:30:00,429.8
2020-07-02 21:40:00,431.3
2020-07-02 21:50:00,431.3
2020-07-02 22:00:00,428.1
2020-07-02 22:10:00,427.2
2020-07-02 22:20:00,431.9
2020-07-02 22:30:00,433.8
2020-07-02 22:40:00,431.2
2020-07-02 22:50:00,430.6
2020-07-02 23:00:00,434.2
2020-07-02 23:10:00,430.4
2020-07-02 23:20:00,433.5
2020-07-02 23:30:00,433.6
2020-07-02 23:40:00,425.3
2020-07-02 23:50:00,424.6
2020-07-03 00:00:00,428.4
2020-07-03 00:10:00,431.2
2020-07-03 00:20:00,433.0
2020-07-03 00:30:00,431.7
2020-07-03 00:40:00,424.6
2020-07-03 00:50:00,420.6
2020-07-03 01:00:00,418.6
2020-07-03 01:10:00,419.4
2020-07-03 01:20:00,418.9
2020-07-03 01:30:00,419.7
2020-07-03 01:40:00,418.9
2020-07-03 01:50:00,419.7
2020-07-03 02:00:00,419.2
2020-07-03 02:10:00,418.6
2020-07-03 02:20:00,419.3
2020-07-03 02:30:00,420.7
2020-07-03 02:40:00,421.3
2020-07-03 02:50:00,420.9
2020-07-03 03:00:00,421.4
2020-07-03 03:10:00,420.6
2020-07-03 03:20:00,420.2
2020-07-03 03:30:00,420.1
2020-07-03 03:40:00,420.2
2020-07-03 03:50:00,420.2
2020-07-03 04:00:00,420.5
2020-07-03 04:10:00,419.9
2020-07-03 04:20:00,420.7
2020-07-03 04:30:00,421.0
2020-07-03 04:40:00,420.6
2020-07-03 04:50:00,419.9
2020-07-03 05:00:00,419.0
2020-07-03 05:10:00,418.7
2020-07-03 05:20:00,418.1
2020-07-03 05:30:00,418.0
2020-07-03 05:40:00,418.0
2020-07-03 05:50:00,418.3
2020-07-03 06:00:00,419.6
2020-07-03 06:10:00,422.0
2020-07-03 06:20:00,423.7
2020-07-03 06:30:00,419.6
2020-07-03 06:40:00,416.2
2020-07-03 06:50:00,415.6
2020-07-03 07:00:00,415.6
2020-07-03 07:10:00,415.1
2020-07-03 07:20:00,414.8
2020-07-03 07:30:00,415.0
2020-07-03 07:40:00,415.0
2020-07-03 07:50:00,415.0
2020-07-03 08:00:00,414.6
2020-07-03 08:10:00,412.9
2020-07-03 08:20:00,412.4
2020-07-03 08:30:00,411.5
2020-07-03 08:40:00,410.3
2020-07-03 08:50:00,409.9
2020-07-03 09:00:00,409.8
2020-07-03 09:10:00,409.4
2020-07-03 09:20:00,409.2
2020-07-03 09:30:00,408.4
2020-07-03 09:40:00,407.4
2020-07-03 09:50:00,406.8
2020-07-03 10:00:00,406.4
2020-07-03 10:10:00,404.8
2020-07-03 10:20:00,404.5
2020-07-03 10:30:00,404.7
2020-07-03 10:40:00,405.2
2020-07-03 10:50:00,404.7
2020-07-03 11:00:00,404.4
2020-07-03 11:10:00,404.7
2020-07-03 11:20:00,405.8
2020-07-03 11:30:00,405.4
2020-07-03 11:40:00,405.2
2020-07-03 11:50:00,404.8
2020-07-03 12:00:00,404.7
2020-07-03 12:10:00,404.1
2020-07-03 12:20:00,404.1
2020-07-03 12:30:00,404.4
2020-07-03 12:40:00,403.9
2020-07-03 12:50:00,403.7
2020-07-03 13:00:00,402.5
2020-07-03 13:10:00,403.4
2020-07-03 13:20:00,403.6
2020-07-03 13:30:00,403.7
2020-07-03 13:40:00,403.3
2020-07-03 13:50:00,402.9
2020-07-03 14:00:00,403.9
2020-07-03 14:10:00,403.8
2020-07-03 14:20:00,403.3
2020-07-03 14:30:00,402.7
2020-07-03 14:40:00,403.7
2020-07-03 14:50:00,403.3
2020-07-03 15:00:00,403.4
2020-07-03 15:10:00,403.0
2020-07-03 15:20:00,404.2
2020-07-03 15:30:00,404.3
2020-07-03 15:40:00,403.5
2020-07-03 15:50:00,403.3
2020-07-03 16:00:00,404.1
2020-07-03 16:10:00,403.9
2020-07-03 16:20:00,403.4
2020-07-03 16:30:00,403.8
2020-07-03 16:40:00,404.4
2020-07-03 16:50:00,404.1
2020-07-03 17:00:00,404.6
2020-07-03 17:10:00,404.6
2020-07-03 17:20:00,404.5
2020-07-03 17:30:00,404.6
2020-07-03 17:40:00,405.2
2020-07-03 17:50:00,405.2
2020-07-03 18:00:00,405.1
2020-07-03 18:10:00,404.9
2020-07-03 18:20:00,405.0
2020-07-03 18:30:00,405.3
2020-07-03 18:40:00,405.3
2020-07-03 18:50:00,405.1
2020-07-03 19:00:00,404.8
2020-07-03 19:10:00,404.9
2020-07-03 19:20:00,404.8
2020-07-03 19:30:00,404.9
2020-07-03 19:40:00,404.7
2020-07-03 19:50:00,404.8
2020-07-03 20:00:00,405.0
2020-07-03 20:10:00,405.2
2020-07-03 20:20:00,405.9
2020-07-03 20:30:00,407.0
2020-07-03 20:40:00,406.4
2020-07-03 20:50:00,406.0
2020-07-03 21:00:00,407.5
2020-07-03 21:10:00,409.3
2020-07-03 21:20:00,410.0
2020-07-03 21:30:00,408.1
2020-07-03 21:40:00,410.4
2020-07-03 21:50:00,411.5
2020-07-03 22:00:00,413.9
2020-07-03 22:10:00,416.3
2020-07-03 22:20:00,419.6
2020-07-03 22:30:00,424.0
2020-07-03 22:40:00,425.0
2020-07-03 22:50:00,433.3
2020-07-03 23:00:00,437.4
2020-07-03 23:10:00,436.9
2020-07-03 23:20:00,436.1
2020-07-03 23:30:00,437.8
2020-07-03 23:40:00,439.9
2020-07-03 23:50:00,441.6
2020-07-04 00:00:00,442.1
2020-07-04 00:10:00,446.2
2020-07-04 00:20:00,445.9
2020-07-04 00:30:00,446.4
2020-07-04 00:40:00,448.8
2020-07-04 00:50:00,447.5
2020-07-04 01:00:00,448.5
2020-07-04 01:10:00,450.4
2020-07-04 01:20:00,451.2
2020-07-04 01:30:00,457.2
2020-07-04 01:40:00,460.3
2020-07-04 01:50:00,461.1
2020-07-04 02:00:00,460.9
2020-07-04 02:10:00,460.2
2020-07-04 02:20:00,460.5
2020-07-04 02:30:00,467.5
2020-07-04 02:40:00,459.3
2020-07-04 02:50:00,465.5
2020-07-04 03:00:00,468.2
2020-07-04 03:10:00,470.8
2020-07-04 03:20:00,470.5
2020-07-04 03:30:00,470.3
2020-07-04 03:40:00,471.0
2020-07-04 03:50:00,468.6
2020-07-04 04:00:00,466.0
2020-07-04 04:10:00,465.7
2020-07-04 04:20:00,469.3
2020-07-04 04:30:00,470.9
2020-07-04 04:40:00,471.2
2020-07-04 04:50:00,471.2
2020-07-04 05:00:00,470.5
2020-07-04 05:10:00,472.6
2020-07-04 05:20:00,472.3
2020-07-04 05:30:00,470.4
2020-07-04 05:40:00,463.6
2020-07-04 05:50:00,454.3
2020-07-04 06:00:00,458.5
2020-07-04 06:10:00,464.1
2020-07-04 06:20:00,461.9
2020-07-04 06:30:00,459.9
2020-07-04 06:40:00,456.9
2020-07-04 06:50:00,453.6
2020-07-04 07:00:00,448.8
2020-07-04 07:10:00,442.0
2020-07-04 07:20:00,429.9
2020-07-04 07:30:00,412.3
2020-07-04 07:40:00,404.5
2020-07-04 07:50:00,403.7
2020-07-04 08:00:00,403.2
2020-07-04 08:10:00,403.6
2020-07-04 08:20:00,403.2
2020-07-04 08:30:00,403.5
2020-07-04 08:40:00,404.0
2020-07-04 08:50:00,403.8
2020-07-04 09:00:00,403.6
2020-07-04 09:10:00,403.2
2020-07-04 09:20:00,402.9
2020-07-04 09:30:00,403.3
2020-07-04 09:40:00,403.2
2020-07-04 09:50:00,403.5
2020-07-04 10:00:00,403.1
2020-07-04 10:10:00,402.7
2020-07-04 10:20:00,403.2
2020-07-04 10:30:00,403.1
2020-07-04 10:40:00,403.0
2020-07-04 10:50:00,403.5
2020-07-04 11:00:00,403.5
2020-07-04 11:10:00,403.8
2020-07-04 11:20:00,404.0
2020-07-04 11:30:00,404.4
2020-07-04 11:40:00,403.8
2020-07-04 11:50:00,403.8
2020-07-04 12:00:00,402.9
2020-07-04 12:10:00,402.6
2020-07-04 12:20:00,402.8
2020-07-04 12:30:00,403.1
2020-07-04 12:40:00,402.2
2020-07-04 12:50:00,402.8
2020-07-04 13:00:00,403.5
2020-07-04 13:10:00,403.5
2020-07-04 13:20:00,403.0
2020-07-04 13:30:00,402.6
2020-07-04 13:40:00,401.9
2020-07-04 13:50:00,401.9
2020-07-04 14:00:00,401.7
2020-07-04 14:10:00,401.6
2020-07-04 14:20:00,402.1
2020-07-04 14:30:00,401.9
2020-07-04 14:40:00,401.5
2020-07-04 14:50:00,401.1
2020-07-04 15:00:00,400.8
2020-07-04 15:10:00,400.9
2020-07-04 15:20:00,400.6
2020-07-04 15:30:00,400.2
2020-07-04 15:40:00,399.7
2020-07-04 15:50:00,399.7
2020-07-04 16:00:00,400.1
2020-07-04 16:10:00,399.7
2020-07-04 16:20:00,400.1
2020-07-04 16:30:00,401.0
2020-07-04 16:40:00,401.3
2020-07-04 16:50:00,400.9
2020-07-04 17:00:00,401.1
2020-07-04 17:10:00,401.2
2020-07-04 17:20:00,401.0
2020-07-04 17:30:00,401.1
2020-07-04 17:40:00,401.3
2020-07-04 17:50:00,401.4
2020-07-04 18:00:00,401.9
2020-07-04 18:10:00,402.2
2020-07-04 18:20:00,402.2
2020-07-04 18:30:00,402.1
2020-07-04 18:40:00,402.6
2020-07-04 18:50:00,402.8
2020-07-04 19:00:00,402.4
2020-07-04 19:10:00,402.3
2020-07-04 19:20:00,402.6
2020-07-04 19:30:00,403.3
2020-07-04 19:40:00,403.0
2020-07-04 19:50:00,403.2
2020-07-04 20:00:00,403.3
2020-07-04 20:10:00,404.3
2020-07-04 20:20:00,404.7
2020-07-04 20:30:00,404.9
2020-07-04 20:40:00,405.7
2020-07-04 20:50:00,406.4
2020-07-04 21:00:00,407.0
2020-07-04 21:10:00,408.5
2020-07-04 21:20:00,409.2
2020-07-04 21:30:00,409.6
2020-07-04 21:40:00,408.9
2020-07-04 21:50:00,408.6
2020-07-04 22:00:00,408.8
2020-07-04 22:10:00,409.7
2020-07-04 22:20:00,410.2
2020-07-04 22:30:00,410.3
2020-07-04 22:40:00,411.9
2020-07-04 22:50:00,414.4
2020-07-04 23:00:00,416.1
2020-07-04 23:10:00,414.3
2020-07-04 23:20:00,416.4
2020-07-04 23:30:00,414.6
2020-07-04 23:40:00,416.4
2020-07-04 23:50:00,415.3
2020-07-05 00:00:00,417.3
2020-07-05 00:10:00,417.0
2020-07-05 00:20:00,415.1
2020-07-05 00:30:00,417.0
2020-07-05 00:40:00,415.0
2020-07-05 00:50:00,413.6
2020-07-05 01:00:00,415.0
2020-07-05 01:10:00,415.1
2020-07-05 01:20:00,416.0
2020-07-05 01:30:00,417.7
2020-07-05 01:40:00,419.3
2020-07-05 01:50:00,420.2
2020-07-05 02:00:00,423.2
2020-07-05 02:10:00,421.3
2020-07-05 02:20:00,420.0
2020-07-05 02:30:00,423.8
2020-07-05 02:40:00,420.5
2020-07-05 02:50:00,418.1
2020-07-05 03:00:00,420.3
2020-07-05 03:10:00,418.6
2020-07-05 03:20:00,416.9
2020-07-05 03:30:00,416.4
2020-07-05 03:40:00,417.2
2020-07-05 03:50:00,418.1
2020-07-05 04:00:00,421.9
2020-07-05 04:10:00,419.1
2020-07-05 04:20:00,419.1
2020-07-05 04:30:00,421.6
2020-07-05 04:40:00,420.9
2020-07-05 04:50:00,422.4
2020-07-05 05:00:00,420.1
2020-07-05 05:10:00,418.6
2020-07-05 05:20:00,417.2
2020-07-05 05:30:00,416.3
2020-07-05 05:40:00,413.5
2020-07-05 05:50:00,412.4
2020-07-05 06:00:00,412.3
2020-07-05 06:10:00,412.3
2020-07-05 06:20:00,411.8
2020-07-05 06:30:00,411.8
2020-07-05 06:40:00,411.8
2020-07-05 06:50:00,411.4
2020-07-05 07:00:00,411.3
2020-07-05 07:10:00,411.5
2020-07-05 07:20:00,411.2
2020-07-05 07:30:00,410.8
2020-07-05 07:40:00,411.1
2020-07-05 07:50:00,410.8
2020-07-05 08:00:00,410.4
2020-07-05 08:10:00,409.4
2020-07-05 08:20:00,408.9
2020-07-05 08:30:00,409.0
2020-07-05 08:40:00,409.4
2020-07-05 08:50:00,409.3
2020-07-05 09:00:00,409.3
2020-07-05 09:10:00,409.7
2020-07-05 09:20:00,409.6
2020-07-05 09:30:00,409.3
2020-07-05 09:40:00,409.5
2020-07-05 09:50:00,409.3
2020-07-05 10:00:00,409.6
2020-07-05 10:10:00,409.8
2020-07-05 10:20:00,409.3
2020-07-05 10:30:00,408.3
2020-07-05 10:40:00,407.7
2020-07-05 10:50:00,407.2
2020-07-05 11:00:00,407.4
2020-07-05 11:10:00,407.4
2020-07-05 11:20:00,407.3
2020-07-05 11:30:00,407.3
2020-07-05 11:40:00,406.7
2020-07-05 11:50:00,406.7
2020-07-05 12:00:00,406.7
2020-07-05 12:10:00,406.7
2020-07-05 12:20:00,407.1
2020-07-05 12:30:00,406.9
2020-07-05 12:40:00,407.1
2020-07-05 12:50:00,406.5
2020-07-05 13:00:00,406.6
2020-07-05 13:10:00,406.4
2020-07-05 13:20:00,405.8
2020-07-05 13:30:00,405.9
2020-07-05 13:40:00,406.2
2020-07-05 13:50:00,406.5
2020-07-05 14:00:00,406.9
2020-07-05 14:10:00,406.8
2020-07-05 14:20:00,406.3
2020-07-05 14:30:00,406.1
2020-07-05 14:40:00,406.5
2020-07-05 14:50:00,406.3
2020-07-05 15:00:00,406.1
2020-07-05 15:10:00,407.2
2020-07-05 15:20:00,407.3
2020-07-05 15:30:00,406.7
2020-07-05 15:40:00,406.7
2020-07-05 15:50:00,406.6
2020-07-05 16:00:00,406.7
2020-07-05 16:10:00,406.4
2020-07-05 16:20:00,406.2
2020-07-05 16:30:00,405.9
2020-07-05 16:40:00,405.8
2020-07-05 16:50:00,405.5
2020-07-05 17:00:00,405.8
2020-07-05 17:10:00,406.1
2020-07-05 17:20:00,406.3
2020-07-05 17:30:00,406.3
2020-07-05 17:40:00,406.4
2020-07-05 17:50:00,406.4
2020-07-05 18:00:00,406.3
2020-07-05 18:10:00,406.4
2020-07-05 18:20:00,406.7
2020-07-05 18:30:00,406.9
2020-07-05 18:40:00,406.9
2020-07-05 18:50:00,407.2
2020-07-05 19:00:00,407.7
2020-07-05 19:10:00,407.9
2020-07-05 19:20:00,408.4
2020-07-05 19:30:00,409.1
2020-07-05 19:40:00,409.5
2020-07-05 19:50:00,409.6
2020-07-05 20:00:00,409.9
2020-07-05 20:10:00,410.3
2020-07-05 20:20:00,410.3
2020-07-05 20:30:00,410.6
2020-07-05 20:40:00,410.9
2020-07-05 20:50:00,411.6
2020-07-05 21:00:00,411.7
2020-07-05 21:10:00,412.1
2020-07-05 21:20:00,412.4
2020-07-05 21:30:00,413.2
2020-07-05 21:40:00,413.3
2020-07-05 21:50:00,413.4
2020-07-05 22:00:00,413.9
2020-07-05 22:10:00,414.4
2020-07-05 22:20:00,415.2
2020-07-05 22:30:00,415.9
2020-07-05 22:40:00,416.2
2020-07-05 22:50:00,417.0
2020-07-05 23:00:00,417.6
2020-07-05 23:10:00,417.8
2020-07-05 23:20:00,418.3
2020-07-05 23:30:00,418.8
2020-07-05 23:40:00,417.5
2020-07-05 23:50:00,418.1
2020-07-06 00:00:00,418.1
2020-07-06 00:10:00,420.0
2020-07-06 00:20:00,420.2
2020-07-06 00:30:00,420.4
2020-07-06 00:40:00,420.8
2020-07-06 00:50:00,419.7
2020-07-06 01:00:00,420.3
2020-07-06 01:10:00,420.2
2020-07-06 01:20:00,422.2
2020-07-06 01:30:00,423.3
2020-07-06 01:40:00,421.2
2020-07-06 01:50:00,424.0
2020-07-06 02:00:00,422.0
2020-07-06 02:10:00,420.3
2020-07-06 02:20:00,419.4
2020-07-06 02:30:00,418.9
2020-07-06 02:40:00,419.5
2020-07-06 02:50:00,418.3
2020-07-06 03:00:00,418.7
2020-07-06 03:10:00,418.9
2020-07-06 03:20:00,416.5
2020-07-06 03:30:00,416.2
2020-07-06 03:40:00,415.9
2020-07-06 03:50:00,415.2
2020-07-06 04:00:00,415.1
2020-07-06 04:10:00,414.1
2020-07-06 04:20:00,413.9
2020-07-06 04:30:00,413.8
2020-07-06 04:40:00,413.7
2020-07-06 04:50:00,413.6
2020-07-06 05:00:00,413.3
2020-07-06 05:10:00,413.8
2020-07-06 05:20:00,414.1
2020-07-06 05:30:00,414.8
2020-07-06 05:40:00,414.8
2020-07-06 05:50:00,413.7
2020-07-06 06:00:00,412.8
2020-07-06 06:10:00,412.5
2020-07-06 06:20:00,412.0
2020-07-06 06:30:00,410.5
2020-07-06 06:40:00,410.0
2020-07-06 06:50:00,410.1
2020-07-06 07:00:00,409.3
2020-07-06 07:10:00,408.6
2020-07-06 07:20:00,408.1
2020-07-06 07:30:00,408.2
2020-07-06 07:40:00,407.6
2020-07-06 07:50:00,407.0
2020-07-06 08:00:00,406.7
2020-07-06 08:10:00,406.9
2020-07-06 08:20:00,406.7
2020-07-06 08:30:00,406.8
2020-07-06 08:40:00,406.1
2020-07-06 08:50:00,406.5
2020-07-06 09:00:00,405.9
2020-07-06 09:10:00,406.0
2020-07-06 09:20:00,405.9
2020-07-06 09:30:00,406.5
2020-07-06 09:40:00,406.7
2020-07-06 09:50:00,406.4
2020-07-06 10:00:00,406.2
2020-07-06 10:10:00,406.1
2020-07-06 10:20:00,406.3
2020-07-06 10:30:00,406.1
2020-07-06 10:40:00,406.4
2020-07-06 10:50:00,406.4
2020-07-06 11:00:00,406.7
2020-07-06 11:10:00,406.3
2020-07-06 11:20:00,406.0
2020-07-06 11:30:00,406.5
2020-07-06 11:40:00,405.9
2020-07-06 11:50:00,406.0
2020-07-06 12:00:00,405.8
2020-07-06 12:10:00,405.8
2020-07-06 12:20:00,405.9
2020-07-06 12:30:00,405.6
2020-07-06 12:40:00,405.3
2020-07-06 12:50:00,405.3
2020-07-06 13:00:00,404.9
2020-07-06 13:10:00,404.8
2020-07-06 13:20:00,404.4
2020-07-06 13:30:00,404.4
2020-07-06 13:40:00,404.7
2020-07-06 13:50:00,405.1
2020-07-06 14:00:00,405.1
2020-07-06 14:10:00,405.0
2020-07-06 14:20:00,404.7
2020-07-06 14:30:00,404.4
2020-07-06 14:40:00,405.1
2020-07-06 14:50:00,404.8
2020-07-06 15:00:00,405.6
2020-07-06 15:10:00,405.8
2020-07-06 15:20:00,405.3
2020-07-06 15:30:00,405.0
2020-07-06 15:40:00,405.2
2020-07-06 15:50:00,405.0
2020-07-06 16:00:00,404.9
2020-07-06 16:10:00,405.5
2020-07-06 16:20:00,407.3
2020-07-06 16:30:00,408.9
2020-07-06 16:40:00,408.6
2020-07-06 16:50:00,408.0
2020-07-06 17:00:00,408.1
2020-07-06 17:10:00,408.5
2020-07-06 17:20:00,408.9
2020-07-06 17:30:00,409.0
2020-07-06 17:40:00,409.0
2020-07-06 17:50:00,408.4
2020-07-06 18:00:00,407.5
2020-07-06 18:10:00,407.4
2020-07-06 18:20:00,408.1
2020-07-06 18:30:00,408.8
2020-07-06 18:40:00,408.7
2020-07-06 18:50:00,408.4
2020-07-06 19:00:00,408.4
2020-07-06 19:10:00,408.4
2020-07-06 19:20:00,408.4
2020-07-06 19:30:00,408.5
2020-07-06 19:40:00,408.4
2020-07-06 19:50:00,408.4
2020-07-06 20:00:00,408.9
2020-07-06 20:10:00,409.0
2020-07-06 20:20:00,409.1
2020-07-06 20:30:00,409.4
2020-07-06 20:40:00,409.5
2020-07-06 20:50:00,410.0
2020-07-06 21:00:00,410.7
2020-07-06 21:10:00,411.4
2020-07-06 21:20:00,411.7
2020-07-06 21:30:00,412.1
2020-07-06 21:40:00,412.6
2020-07-06 21:50:00,412.6
2020-07-06 22:00:00,412.8
2020-07-06 22:10:00,412.8
2020-07-06 22:20:00,413.1
2020-07-06 22:30:00,413.5
2020-07-06 22:40:00,413.4
2020-07-06 22:50:00,413.4
2020-07-06 23:00:00,413.6
2020-07-06 23:10:00,414.1
2020-07-06 23:20:00,414.3
2020-07-06 23:30:00,414.4
2020-07-06 23:40:00,415.1
2020-07-06 23:50:00,415.1
2020-07-07 00:00:00,415.1
2020-07-07 00:10:00,415.4
2020-07-07 00:20:00,414.8
2020-07-07 00:30:00,414.8
2020-07-07 00:40:00,414.4
2020-07-07 00:50:00,414.5
2020-07-07 01:00:00,415.0
2020-07-07 01:10:00,415.3
2020-07-07 01:20:00,417.0
2020-07-07 01:30:00,416.8
2020-07-07 01:40:00,418.6
2020-07-07 01:50:00,417.5
2020-07-07 02:00:00,417.3
2020-07-07 02:10:00,419.1
2020-07-07 02:20:00,419.2
2020-07-07 02:30:00,420.4
2020-07-07 02:40:00,421.7
2020-07-07 02:50:00,422.1
2020-07-07 03:00:00,423.5
2020-07-07 03:10:00,424.8
2020-07-07 03:20:00,424.8
2020-07-07 03:30:00,425.4
2020-07-07 03:40:00,423.7
2020-07-07 03:50:00,423.1
2020-07-07 04:00:00,421.0
2020-07-07 04:10:00,421.8
2020-07-07 04:20:00,420.4
2020-07-07 04:30:00,419.9
2020-07-07 04:40:00,419.5
2020-07-07 04:50:00,418.9
2020-07-07 05:00:00,419.7
2020-07-07 05:10:00,419.9
2020-07-07 05:20:00,420.0
2020-07-07 05:30:00,421.9
2020-07-07 05:40:00,425.4
2020-07-07 05:50:00,423.8
2020-07-07 06:00:00,424.2
2020-07-07 06:10:00,423.3
2020-07-07 06:20:00,421.2
2020-07-07 06:30:00,419.5
2020-07-07 06:40:00,417.9
2020-07-07 06:50:00,418.4
2020-07-07 07:00:00,413.4
2020-07-07 07:10:00,412.2
2020-07-07 07:20:00,411.7
2020-07-07 07:30:00,411.3
2020-07-07 07:40:00,411.2
2020-07-07 07:50:00,410.4
2020-07-07 08:00:00,410.2
2020-07-07 08:10:00,409.6
2020-07-07 08:20:00,409.5
2020-07-07 08:30:00,410.2
2020-07-07 08:40:00,409.8
2020-07-07 08:50:00,409.4
2020-07-07 09:00:00,407.9
2020-07-07 09:10:00,407.6
2020-07-07 09:20:00,407.2
2020-07-07 09:30:00,408.1
2020-07-07 09:40:00,408.2
2020-07-07 09:50:00,407.5
2020-07-07 10:00:00,407.0
2020-07-07 10:10:00,408.0
2020-07-07 10:20:00,407.0
2020-07-07 10:30:00,407.1
2020-07-07 10:40:00,407.1
2020-07-07 10:50:00,406.8
2020-07-07 11:00:00,406.9
2020-07-07 11:10:00,406.8
2020-07-07 11:20:00,406.2
2020-07-07 11:30:00,406.2
2020-07-07 11:40:00,406.2
2020-07-07 11:50:00,405.4
2020-07-07 12:00:00,405.5
2020-07-07 12:10:00,405.6
2020-07-07 12:20:00,405.9
2020-07-07 12:30:00,404.8
2020-07-07 12:40:00,405.1
2020-07-07 12:50:00,404.9
2020-07-07 13:00:00,405.2
2020-07-07 13:10:00,405.1
2020-07-07 13:20:00,405.0
2020-07-07 13:30:00,405.5
2020-07-07 13:40:00,404.1
2020-07-07 13:50:00,403.8
2020-07-07 14:00:00,404.7
2020-07-07 14:10:00,404.3
2020-07-07 14:20:00,404.8
2020-07-07 14:30:00,404.5
2020-07-07 14:40:00,404.0
2020-07-07 14:50:00,404.5
2020-07-07 15:00:00,403.5
2020-07-07 15:10:00,403.6
2020-07-07 15:20:00,403.6
2020-07-07 15:30:00,404.2
2020-07-07 15:40:00,403.6
2020-07-07 15:50:00,404.0
2020-07-07 16:00:00,403.8
2020-07-07 16:10:00,403.5
2020-07-07 16:20:00,403.7
2020-07-07 16:30:00,403.6
2020-07-07 16:40:00,403.1
2020-07-07 16:50:00,403.1
2020-07-07 17:00:00,403.0
2020-07-07 17:10:00,403.2
2020-07-07 17:20:00,402.9
2020-07-07 17:30:00,403.0
2020-07-07 17:40:00,403.0
2020-07-07 17:50:00,403.1
2020-07-07 18:00:00,403.1
2020-07-07 18:10:00,403.1
2020-07-07 18:20:00,403.0
2020-07-07 18:30:00,403.1
2020-07-07 18:40:00,402.9
2020-07-07 18:50:00,402.9
2020-07-07 19:00:00,402.9
2020-07-07 19:10:00,402.9
2020-07-07 19:20:00,403.1
2020-07-07 19:30:00,403.4
2020-07-07 19:40:00,403.8
2020-07-07 19:50:00,404.2
2020-07-07 20:00:00,404.7
2020-07-07 20:10:00,405.4
2020-07-07 20:20:00,406.4
2020-07-07 20:30:00,406.8
2020-07-07 20:40:00,407.4
2020-07-07 20:50:00,407.8
2020-07-07 21:00:00,409.0
2020-07-07 21:10:00,411.3
2020-07-07 21:20:00,412.1
2020-07-07 21:30:00,411.4
2020-07-07 21:40:00,411.1
2020-07-07 21:50:00,411.3
2020-07-07 22:00:00,411.1
2020-07-07 22:10:00,411.3
2020-07-07 22:20:00,411.6
2020-07-07 22:30:00,411.8
2020-07-07 22:40:00,412.1
2020-07-07 22:50:00,411.8
2020-07-07 23:00:00,411.9
2020-07-07 23:10:00,411.6
2020-07-07 23:20:00,411.5
2020-07-07 23:30:00,411.7
2020-07-07 23:40:00,412.2
2020-07-07 23:50:00,412.6
2020-07-08 00:00:00,413.6
2020-07-08 00:10:00,417.1
2020-07-08 00:20:00,417.4
2020-07-08 00:30:00,415.3
2020-07-08 00:40:00,414.5
2020-07-08 00:50:00,413.6
2020-07-08 01:00:00,415.0
2020-07-08 01:10:00,414.1
2020-07-08 01:20:00,414.9
2020-07-08 01:30:00,415.7
2020-07-08 01:40:00,413.8
2020-07-08 01:50:00,412.8
2020-07-08 02:00:00,412.7
2020-07-08 02:10:00,412.5
2020-07-08 02:20:00,415.0
2020-07-08 02:30:00,415.4
2020-07-08 02:40:00,418.5
2020-07-08 02:50:00,420.2
2020-07-08 03:00:00,422.6
2020-07-08 03:10:00,420.4
2020-07-08 03:20:00,417.4
2020-07-08 03:30:00,418.6
2020-07-08 03:40:00,418.2
2020-07-08 03:50:00,419.8
2020-07-08 04:00:00,422.4
2020-07-08 04:10:00,422.5
2020-07-08 04:20:00,424.9
2020-07-08 04:30:00,426.9
2020-07-08 04:40:00,427.3
2020-07-08 04:50:00,426.3
2020-07-08 05:00:00,425.1
2020-07-08 05:10:00,426.3
2020-07-08 05:20:00,426.6
2020-07-08 05:30:00,428.4
2020-07-08 05:40:00,428.6
2020-07-08 05:50:00,430.5
2020-07-08 06:00:00,431.7
2020-07-08 06:10:00,432.9
2020-07-08 06:20:00,435.4
2020-07-08 06:30:00,436.3
2020-07-08 06:40:00,435.8
2020-07-08 06:50:00,434.8
2020-07-08 07:00:00,435.9
2020-07-08 07:10:00,435.9
2020-07-08 07:20:00,437.3
2020-07-08 07:30:00,436.7
2020-07-08 07:40:00,434.8
2020-07-08 07:50:00,434.6
2020-07-08 08:00:00,434.0
2020-07-08 08:10:00,433.8
2020-07-08 08:20:00,432.4
2020-07-08 08:30:00,432.2
2020-07-08 08:40:00,431.8
2020-07-08 08:50:00,432.9
2020-07-08 09:00:00,431.8
2020-07-08 09:10:00,430.7
2020-07-08 09:20:00,428.3
2020-07-08 09:30:00,426.0
2020-07-08 09:40:00,423.0
2020-07-08 09:50:00,418.3
2020-07-08 10:00:00,416.5
2020-07-08 10:10:00,417.4
2020-07-08 10:20:00,416.6
2020-07-08 10:30:00,416.0
2020-07-08 10:40:00,416.3
2020-07-08 10:50:00,416.4
2020-07-08 11:00:00,415.7
2020-07-08 11:10:00,414.7
2020-07-08 11:20:00,412.0
2020-07-08 11:30:00,410.0
2020-07-08 11:40:00,408.6
2020-07-08 11:50:00,407.6
2020-07-08 12:00:00,407.1
2020-07-08 12:10:00,405.8
2020-07-08 12:20:00,405.5
2020-07-08 12:30:00,404.6
2020-07-08 12:40:00,405.2
2020-07-08 12:50:00,406.8
2020-07-08 13:00:00,407.1
2020-07-08 13:10:00,407.5
2020-07-08 13:20:00,407.0
2020-07-08 13:30:00,406.3
2020-07-08 13:40:00,405.4
2020-07-08 13:50:00,405.2
2020-07-08 14:00:00,406.6
2020-07-08 14:10:00,405.6
2020-07-08 14:20:00,405.9
2020-07-08 14:30:00,407.1
2020-07-08 14:40:00,407.1
2020-07-08 14:50:00,407.0
2020-07-08 15:00:00,407.6
2020-07-08 15:10:00,408.5
2020-07-08 15:20:00,408.4
2020-07-08 15:30:00,409.1
2020-07-08 15:40:00,409.1
2020-07-08 15:50:00,411.8
2020-07-08 16:00:00,411.5
2020-07-08 16:10:00,410.5
2020-07-08 16:20:00,410.8
2020-07-08 16:30:00,409.1
2020-07-08 16:40:00,406.9
2020-07-08 16:50:00,406.5
2020-07-08 17:00:00,405.9
2020-07-08 17:10:00,405.1
2020-07-08 17:20:00,405.0
2020-07-08 17:30:00,405.8
2020-07-08 17:40:00,405.3
2020-07-08 17:50:00,405.3
2020-07-08 18:00:00,406.0
2020-07-08 18:10:00,406.6
2020-07-08 18:20:00,406.5
2020-07-08 18:30:00,406.6
2020-07-08 18:40:00,406.9
2020-07-08 18:50:00,407.3
2020-07-08 19:00:00,407.2
2020-07-08 19:10:00,407.5
2020-07-08 19:20:00,407.6
2020-07-08 19:30:00,408.0
2020-07-08 19:40:00,408.5
2020-07-08 19:50:00,408.6
2020-07-08 20:00:00,409.3
2020-07-08 20:10:00,409.5
2020-07-08 20:20:00,409.8
2020-07-08 20:30:00,411.0
2020-07-08 20:40:00,414.9
2020-07-08 20:50:00,413.2
2020-07-08 21:00:00,413.9
2020-07-08 21:10:00,414.7
2020-07-08 21:20:00,415.6
2020-07-08 21:30:00,416.3
2020-07-08 21:40:00,419.1
2020-07-08 21:50:00,418.6
2020-07-08 22:00:00,419.5
2020-07-08 22:10:00,420.9
2020-07-08 22:20:00,423.7
2020-07-08 22:30:00,423.8
2020-07-08 22:40:00,424.9
2020-07-08 22:50:00,428.9
2020-07-08 23:00:00,428.4
2020-07-08 23:10:00,428.3
2020-07-08 23:20:00,429.9
2020-07-08 23:30:00,432.0
2020-07-08 23:40:00,430.5
2020-07-08 23:50:00,431.6
2020-07-09 00:00:00,432.8
2020-07-09 00:10:00,437.3
2020-07-09 00:20:00,438.9
2020-07-09 00:30:00,441.3
2020-07-09 00:40:00,444.5
2020-07-09 00:50:00,445.5
2020-07-09 01:00:00,450.4
2020-07-09 01:10:00,451.5
2020-07-09 01:20:00,453.3
2020-07-09 01:30:00,449.6
2020-07-09 01:40:00,447.4
2020-07-09 01:50:00,448.1
2020-07-09 02:00:00,450.5
2020-07-09 02:10:00,450.7
2020-07-09 02:20:00,451.9
2020-07-09 02:30:00,449.7
2020-07-09 02:40:00,445.4
2020-07-09 02:50:00,442.0
2020-07-09 03:00:00,446.6
2020-07-09 03:10:00,443.9
2020-07-09 03:20:00,442.6
2020-07-09 03:30:00,446.8
2020-07-09 03:40:00,452.5
2020-07-09 03:50:00,451.6
2020-07-09 04:00:00,457.7
2020-07-09 04:10:00,456.4
2020-07-09 04:20:00,452.3
2020-07-09 04:30:00,453.3
2020-07-09 04:40:00,448.4
2020-07-09 04:50:00,446.1
2020-07-09 05:00:00,450.5
2020-07-09 05:10:00,457.9
2020-07-09 05:20:00,459.1
2020-07-09 05:30:00,461.9
2020-07-09 05:40:00,466.4
2020-07-09 05:50:00,470.8
2020-07-09 06:00:00,473.5
2020-07-09 06:10:00,474.1
2020-07-09 06:20:00,466.2
2020-07-09 06:30:00,473.8
2020-07-09 06:40:00,470.3
2020-07-09 06:50:00,460.5
2020-07-09 07:00:00,452.0
2020-07-09 07:10:00,444.6
2020-07-09 07:20:00,443.0
2020-07-09 07:30:00,443.5
2020-07-09 07:40:00,442.1
2020-07-09 07:50:00,441.6
2020-07-09 08:00:00,440.9
2020-07-09 08:10:00,439.6
2020-07-09 08:20:00,437.5
2020-07-09 08:30:00,437.8
2020-07-09 08:40:00,436.8
2020-07-09 08:50:00,435.8
2020-07-09 09:00:00,433.5
2020-07-09 09:10:00,429.8
2020-07-09 09:20:00,427.2
2020-07-09 09:30:00,425.4
2020-07-09 09:40:00,424.6
2020-07-09 09:50:00,423.8
2020-07-09 10:00:00,423.0
2020-07-09 10:10:00,421.2
2020-07-09 10:20:00,419.0
2020-07-09 10:30:00,415.9
2020-07-09 10:40:00,413.0
2020-07-09 10:50:00,412.7
2020-07-09 11:00:00,413.2
2020-07-09 11:10:00,413.3
2020-07-09 11:20:00,412.9
2020-07-09 11:30:00,412.5
2020-07-09 11:40:00,412.3
2020-07-09 11:50:00,412.0
2020-07-09 12:00:00,412.0
2020-07-09 12:10:00,411.1
2020-07-09 12:20:00,410.5
2020-07-09 12:30:00,409.8
2020-07-09 12:40:00,409.4
2020-07-09 12:50:00,408.4
2020-07-09 13:00:00,408.4
2020-07-09 13:10:00,408.2
2020-07-09 13:20:00,407.4
2020-07-09 13:30:00,407.4
2020-07-09 13:40:00,406.5
2020-07-09 13:50:00,406.6
2020-07-09 14:00:00,405.5
2020-07-09 14:10:00,405.9
2020-07-09 14:20:00,405.0
2020-07-09 14:30:00,404.8
2020-07-09 14:40:00,404.3
2020-07-09 14:50:00,403.9
2020-07-09 15:00:00,402.8
2020-07-09 15:10:00,402.5
2020-07-09 15:20:00,402.7
2020-07-09 15:30:00,402.8
2020-07-09 15:40:00,403.3
2020-07-09 15:50:00,402.5
2020-07-09 16:00:00,402.2
2020-07-09 16:10:00,402.9
2020-07-09 16:20:00,403.3
2020-07-09 16:30:00,404.0
2020-07-09 16:40:00,403.4
2020-07-09 16:50:00,403.3
2020-07-09 17:00:00,403.5
2020-07-09 17:10:00,403.7
2020-07-09 17:20:00,404.0
2020-07-09 17:30:00,404.5
2020-07-09 17:40:00,405.0
2020-07-09 17:50:00,405.0
2020-07-09 18:00:00,404.7
2020-07-09 18:10:00,404.5
2020-07-09 18:20:00,404.2
2020-07-09 18:30:00,404.1
2020-07-09 18:40:00,403.8
2020-07-09 18:50:00,404.1
2020-07-09 19:00:00,404.2
2020-07-09 19:10:00,404.2
2020-07-09 19:20:00,404.2
2020-07-09 19:30:00,404.8
2020-07-09 19:40:00,404.9
2020-07-09 19:50:00,406.3
2020-07-09 20:00:00,406.8
2020-07-09 20:10:00,407.2
2020-07-09 20:20:00,408.0
2020-07-09 20:30:00,408.0
2020-07-09 20:40:00,410.3
2020-07-09 20:50:00,414.0
2020-07-09 21:00:00,414.4
2020-07-09 21:10:00,413.5
2020-07-09 21:20:00,414.1
2020-07-09 21:30:00,415.0
2020-07-09 21:40:00,413.4
2020-07-09 21:50:00,414.0
2020-07-09 22:00:00,416.1
2020-07-09 22:10:00,415.2
2020-07-09 22:20:00,413.3
2020-07-09 22:30:00,413.7
2020-07-09 22:40:00,414.9
2020-07-09 22:50:00,416.0
2020-07-09 23:00:00,416.0
2020-07-09 23:10:00,415.9
2020-07-09 23:20:00,416.8
2020-07-09 23:30:00,417.1
2020-07-09 23:40:00,418.8
2020-07-09 23:50:00,419.9
2020-07-10 00:00:00,423.6
2020-07-10 00:10:00,426.4
2020-07-10 00:20:00,434.0
2020-07-10 00:30:00,432.3
2020-07-10 00:40:00,430.9
2020-07-10 00:50:00,428.6
2020-07-10 01:00:00,427.4
2020-07-10 01:10:00,438.3
2020-07-10 01:20:00,443.4
2020-07-10 01:30:00,439.4
2020-07-10 01:40:00,439.0
2020-07-10 01:50:00,444.4
2020-07-10 02:00:00,445.9
2020-07-10 02:10:00,452.1
2020-07-10 02:20:00,455.7
2020-07-10 02:30:00,455.7
2020-07-10 02:40:00,455.8
2020-07-10 02:50:00,454.9
2020-07-10 03:00:00,455.5
2020-07-10 03:10:00,461.3
2020-07-10 03:20:00,464.1
2020-07-10 03:30:00,465.8
2020-07-10 03:40:00,465.0
2020-07-10 03:50:00,466.0
2020-07-10 04:00:00,468.0
2020-07-10 04:10:00,465.0
2020-07-10 04:20:00,462.5
2020-07-10 04:30:00,466.0
2020-07-10 04:40:00,466.9
2020-07-10 04:50:00,464.8
2020-07-10 05:00:00,461.6
2020-07-10 05:10:00,462.5
2020-07-10 05:20:00,461.5
2020-07-10 05:30:00,458.0
2020-07-10 05:40:00,455.1
2020-07-10 05:50:00,454.0
2020-07-10 06:00:00,456.8
2020-07-10 06:10:00,466.4
2020-07-10 06:20:00,482.8
2020-07-10 06:30:00,487.7
2020-07-10 06:40:00,478.0
2020-07-10 06:50:00,468.6
2020-07-10 07:00:00,462.5
2020-07-10 07:10:00,458.9
2020-07-10 07:20:00,456.3
2020-07-10 07:30:00,450.3
2020-07-10 07:40:00,441.8
2020-07-10 07:50:00,434.7
2020-07-10 08:00:00,429.6
2020-07-10 08:10:00,424.4
2020-07-10 08:20:00,419.0
2020-07-10 08:30:00,415.3
2020-07-10 08:40:00,414.1
2020-07-10 08:50:00,413.5
2020-07-10 09:00:00,413.7
2020-07-10 09:10:00,413.6
2020-07-10 09:20:00,413.4
2020-07-10 09:30:00,413.4
2020-07-10 09:40:00,412.7
2020-07-10 09:50:00,412.2
2020-07-10 10:00:00,412.3
2020-07-10 10:10:00,412.6
2020-07-10 10:20:00,413.0
2020-07-10 10:30:00,413.0
2020-07-10 10:40:00,412.3
2020-07-10 10:50:00,412.4
2020-07-10 11:00:00,412.9
2020-07-10 11:10:00,413.4
2020-07-10 11:20:00,413.4
2020-07-10 11:30:00,413.7
2020-07-10 11:40:00,413.6
2020-07-10 11:50:00,413.2
2020-07-10 12:00:00,411.4
2020-07-10 12:10:00,412.0
2020-07-10 12:20:00,412.4
2020-07-10 12:30:00,412.3
2020-07-10 12:40:00,412.0
2020-07-10 12:50:00,412.5
2020-07-10 13:00:00,411.6
2020-07-10 13:10:00,408.7
2020-07-10 13:20:00,407.1
2020-07-10 13:30:00,405.7
2020-07-10 13:40:00,405.2
2020-07-10 13:50:00,406.3
2020-07-10 14:00:00,407.4
2020-07-10 14:10:00,407.9
2020-07-10 14:20:00,407.0
2020-07-10 14:30:00,406.1
2020-07-10 14:40:00,405.3
2020-07-10 14:50:00,405.5
2020-07-10 15:00:00,405.7
2020-07-10 15:10:00,405.5
2020-07-10 15:20:00,405.5
2020-07-10 15:30:00,406.1
2020-07-10 15:40:00,406.5
2020-07-10 15:50:00,406.7
2020-07-10 16:00:00,406.2
2020-07-10 16:10:00,406.3
2020-07-10 16:20:00,406.1
2020-07-10 16:30:00,406.0
2020-07-10 16:40:00,406.6
2020-07-10 16:50:00,406.6
2020-07-10 17:00:00,406.5
2020-07-10 17:10:00,408.7
2020-07-10 17:20:00,412.9
2020-07-10 17:30:00,413.4
2020-07-10 17:40:00,413.5
2020-07-10 17:50:00,413.5
2020-07-10 18:00:00,413.6
2020-07-10 18:10:00,414.0
2020-07-10 18:20:00,414.0
2020-07-10 18:30:00,414.4
2020-07-10 18:40:00,414.4
2020-07-10 18:50:00,414.4
2020-07-10 19:00:00,414.5
2020-07-10 19:10:00,414.8
2020-07-10 19:20:00,415.0
2020-07-10 19:30:00,415.4
2020-07-10 19:40:00,415.4
2020-07-10 19:50:00,415.5
2020-07-10 20:00:00,414.8
2020-07-10 20:10:00,413.6
2020-07-10 20:20:00,411.6
2020-07-10 20:30:00,411.5
2020-07-10 20:40:00,411.0
2020-07-10 20:50:00,411.3
2020-07-10 21:00:00,411.7
2020-07-10 21:10:00,412.2
2020-07-10 21:20:00,412.4
2020-07-10 21:30:00,412.8
2020-07-10 21:40:00,412.6
2020-07-10 21:50:00,413.5
2020-07-10 22:00:00,413.3
2020-07-10 22:10:00,412.8
2020-07-10 22:20:00,413.4
2020-07-10 22:30:00,412.8
2020-07-10 22:40:00,413.1
2020-07-10 22:50:00,413.3
2020-07-10 23:00:00,413.3
2020-07-10 23:10:00,414.2
2020-07-10 23:20:00,414.7
2020-07-10 23:30:00,414.9
2020-07-10 23:40:00,415.4
2020-07-10 23:50:00,415.9
2020-07-11 00:00:00,417.1
2020-07-11 00:10:00,419.6
2020-07-11 00:20:00,420.4
2020-07-11 00:30:00,420.5
2020-07-11 00:40:00,421.0
2020-07-11 00:50:00,421.0
2020-07-11 01:00:00,425.6
2020-07-11 01:10:00,427.0
2020-07-11 01:20:00,427.3
2020-07-11 01:30:00,425.9
2020-07-11 01:40:00,426.5
2020-07-11 01:50:00,426.8
2020-07-11 02:00:00,426.8
2020-07-11 02:10:00,426.9
2020-07-11 02:20:00,425.0
2020-07-11 02:30:00,426.5
2020-07-11 02:40:00,425.9
2020-07-11 02:50:00,425.2
2020-07-11 03:00:00,422.4
2020-07-11 03:10:00,418.4
2020-07-11 03:20:00,416.5
2020-07-11 03:30:00,416.1
2020-07-11 03:40:00,415.4
2020-07-11 03:50:00,415.6
2020-07-11 04:00:00,416.1
2020-07-11 04:10:00,416.2
2020-07-11 04:20:00,416.8
2020-07-11 04:30:00,417.1
2020-07-11 04:40:00,417.1
2020-07-11 04:50:00,418.0
2020-07-11 05:00:00,417.9
2020-07-11 05:10:00,418.7
2020-07-11 05:20:00,418.9
2020-07-11 05:30:00,419.4
2020-07-11 05:40:00,419.9
2020-07-11 05:50:00,420.6
2020-07-11 06:00:00,420.2
2020-07-11 06:10:00,418.4
2020-07-11 06:20:00,419.1
2020-07-11 06:30:00,418.0
2020-07-11 06:40:00,416.9
2020-07-11 06:50:00,415.6
2020-07-11 07:00:00,412.9
2020-07-11 07:10:00,412.1
2020-07-11 07:20:00,410.3
2020-07-11 07:30:00,410.3
2020-07-11 07:40:00,409.1
2020-07-11 07:50:00,409.6
2020-07-11 08:00:00,408.6
2020-07-11 08:10:00,407.5
2020-07-11 08:20:00,407.5
2020-07-11 08:30:00,407.4
2020-07-11 08:40:00,407.0
2020-07-11 08:50:00,405.8
2020-07-11 09:00:00,405.8
2020-07-11 09:10:00,406.1
2020-07-11 09:20:00,405.6
2020-07-11 09:30:00,405.0
2020-07-11 09:40:00,406.1
2020-07-11 09:50:00,405.0
2020-07-11 10:00:00,405.3
2020-07-11 10:10:00,404.5
2020-07-11 10:20:00,405.0
2020-07-11 10:30:00,405.3
2020-07-11 10:40:00,405.3
2020-07-11 10:50:00,405.2
2020-07-11 11:00:00,405.3
2020-07-11 11:10:00,405.0
2020-07-11 11:20:00,404.3
2020-07-11 11:30:00,404.7
2020-07-11 11:40:00,403.9
2020-07-11 11:50:00,404.4
2020-07-11 12:00:00,402.6
2020-07-11 12:10:00,403.1
2020-07-11 12:20:00,403.0
2020-07-11 12:30:00,404.0
2020-07-11 12:40:00,404.2
2020-07-11 12:50:00,403.5
2020-07-11 13:00:00,403.8
2020-07-11 13:10:00,404.6
2020-07-11 13:20:00,404.2
2020-07-11 13:30:00,404.1
2020-07-11 13:40:00,403.9
2020-07-11 13:50:00,403.3
2020-07-11 14:00:00,403.5
2020-07-11 14:10:00,403.2
2020-07-11 14:20:00,402.2
2020-07-11 14:30:00,402.6
2020-07-11 14:40:00,403.3
2020-07-11 14:50:00,403.6
2020-07-11 15:00:00,403.6
2020-07-11 15:10:00,403.3
2020-07-11 15:20:00,403.3
2020-07-11 15:30:00,402.8
2020-07-11 15:40:00,403.4
2020-07-11 15:50:00,402.6
2020-07-11 16:00:00,402.4
2020-07-11 16:10:00,402.2
2020-07-11 16:20:00,401.3
2020-07-11 16:30:00,400.9
2020-07-11 16:40:00,401.7
2020-07-11 16:50:00,401.6
2020-07-11 17:00:00,401.8
2020-07-11 17:10:00,402.1
2020-07-11 17:20:00,401.8
2020-07-11 17:30:00,401.6
2020-07-11 17:40:00,401.8
2020-07-11 17:50:00,403.0
2020-07-11 18:00:00,402.2
2020-07-11 18:10:00,401.9
2020-07-11 18:20:00,401.6
2020-07-11 18:30:00,402.2
2020-07-11 18:40:00,402.3
2020-07-11 18:50:00,402.5
2020-07-11 19:00:00,402.3
2020-07-11 19:10:00,402.3
2020-07-11 19:20:00,402.5
2020-07-11 19:30:00,402.8
2020-07-11 19:40:00,402.3
2020-07-11 19:50:00,402.4
2020-07-11 20:00:00,402.8
2020-07-11 20:10:00,402.8
2020-07-11 20:20:00,402.8
2020-07-11 20:30:00,402.9
2020-07-11 20:40:00,406.2
2020-07-11 20:50:00,409.9
2020-07-11 21:00:00,407.6
2020-07-11 21:10:00,409.9
2020-07-11 21:20:00,411.4
2020-07-11 21:30:00,411.6
2020-07-11 21:40:00,416.9
2020-07-11 21:50:00,417.8
2020-07-11 22:00:00,421.5
2020-07-11 22:10:00,421.5
2020-07-11 22:20:00,423.8
2020-07-11 22:30:00,421.0
2020-07-11 22:40:00,419.9
2020-07-11 22:50:00,415.0
2020-07-11 23:00:00,411.8
2020-07-11 23:10:00,410.9
2020-07-11 23:20:00,410.9
2020-07-11 23:30:00,410.4
2020-07-11 23:40:00,414.9
2020-07-11 23:50:00,415.6
2020-07-12 00:00:00,410.7
2020-07-12 00:10:00,411.9
2020-07-12 00:20:00,413.1
2020-07-12 00:30:00,424.5
2020-07-12 00:40:00,433.5
2020-07-12 00:50:00,430.0
2020-07-12 01:00:00,422.5
2020-07-12 01:10:00,423.2
2020-07-12 01:20:00,429.0
2020-07-12 01:30:00,435.9
2020-07-12 01:40:00,431.3
2020-07-12 01:50:00,425.4
2020-07-12 02:00:00,425.5
2020-07-12 02:10:00,425.3
2020-07-12 02:20:00,426.2
2020-07-12 02:30:00,435.8
2020-07-12 02:40:00,433.4
2020-07-12 02:50:00,433.8
2020-07-12 03:00:00,430.5
2020-07-12 03:10:00,429.5
2020-07-12 03:20:00,431.0
2020-07-12 03:30:00,431.3
2020-07-12 03:40:00,435.7
2020-07-12 03:50:00,437.8
2020-07-12 04:00:00,440.7
2020-07-12 04:10:00,440.7
2020-07-12 04:20:00,432.8
2020-07-12 04:30:00,430.8
2020-07-12 04:40:00,436.6
2020-07-12 04:50:00,436.7
2020-07-12 05:00:00,436.2
2020-07-12 05:10:00,438.2
2020-07-12 05:20:00,454.3
2020-07-12 05:30:00,453.4
2020-07-12 05:40:00,451.0
2020-07-12 05:50:00,460.0
2020-07-12 06:00:00,460.4
2020-07-12 06:10:00,452.1
2020-07-12 06:20:00,453.9
2020-07-12 06:30:00,456.4
2020-07-12 06:40:00,456.9
2020-07-12 06:50:00,455.1
2020-07-12 07:00:00,449.6
2020-07-12 07:10:00,443.8
2020-07-12 07:20:00,444.4
2020-07-12 07:30:00,441.5
2020-07-12 07:40:00,437.6
2020-07-12 07:50:00,436.3
2020-07-12 08:00:00,433.1
2020-07-12 08:10:00,430.6
2020-07-12 08:20:00,421.9
2020-07-12 08:30:00,412.2
2020-07-12 08:40:00,407.3
2020-07-12 08:50:00,404.4
2020-07-12 09:00:00,405.0
2020-07-12 09:10:00,403.2
2020-07-12 09:20:00,402.9
2020-07-12 09:30:00,404.6
2020-07-12 09:40:00,403.9
2020-07-12 09:50:00,403.7
2020-07-12 10:00:00,403.8
2020-07-12 10:10:00,403.2
2020-07-12 10:20:00,403.9
2020-07-12 10:30:00,403.1
2020-07-12 10:40:00,403.0
2020-07-12 10:50:00,402.7
2020-07-12 11:00:00,402.8
2020-07-12 11:10:00,403.1
2020-07-12 11:20:00,403.0
2020-07-12 11:30:00,403.0
2020-07-12 11:40:00,402.4
2020-07-12 11:50:00,402.3
2020-07-12 12:00:00,402.9
2020-07-12 12:10:00,402.9
2020-07-12 12:20:00,403.7
2020-07-12 12:30:00,403.9
2020-07-12 12:40:00,403.3
2020-07-12 12:50:00,403.0
2020-07-12 13:00:00,402.6
2020-07-12 13:10:00,403.2
2020-07-12 13:20:00,403.9
2020-07-12 13:30:00,402.5
2020-07-12 13:40:00,402.3
2020-07-12 13:50:00,402.0
2020-07-12 14:00:00,402.3
2020-07-12 14:10:00,403.1
2020-07-12 14:20:00,402.4
2020-07-12 14:30:00,402.6
2020-07-12 14:40:00,403.0
2020-07-12 14:50:00,403.0
2020-07-12 15:00:00,403.5
2020-07-12 15:10:00,403.4
2020-07-12 15:20:00,402.6
2020-07-12 15:30:00,402.3
2020-07-12 15:40:00,402.6
2020-07-12 15:50:00,402.7
2020-07-12 16:00:00,402.7
2020-07-12 16:10:00,403.0
2020-07-12 16:20:00,403.3
2020-07-12 16:30:00,402.6
2020-07-12 16:40:00,402.4
2020-07-12 16:50:00,402.2
2020-07-12 17:00:00,402.2
2020-07-12 17:10:00,402.6
2020-07-12 17:20:00,402.4
2020-07-12 17:30:00,402.2
2020-07-12 17:40:00,402.7
2020-07-12 17:50:00,402.4
2020-07-12 18:00:00,401.7
2020-07-12 18:10:00,401.6
2020-07-12 18:20:00,401.7
2020-07-12 18:30:00,402.0
2020-07-12 18:40:00,402.4
2020-07-12 18:50:00,402.4
2020-07-12 19:00:00,402.4
2020-07-12 19:10:00,402.8
2020-07-12 19:20:00,402.9
2020-07-12 19:30:00,403.4
2020-07-12 19:40:00,404.1
2020-07-12 19:50:00,404.3
2020-07-12 20:00:00,403.8
2020-07-12 20:10:00,404.3
2020-07-12 20:20:00,404.7
2020-07-12 20:30:00,405.5
2020-07-12 20:40:00,405.8
2020-07-12 20:50:00,405.8
2020-07-12 21:00:00,406.2
2020-07-12 21:10:00,407.0
2020-07-12 21:20:00,407.2
2020-07-12 21:30:00,407.7
2020-07-12 21:40:00,409.1
2020-07-12 21:50:00,415.5
2020-07-12 22:00:00,417.3
2020-07-12 22:10:00,411.9
2020-07-12 22:20:00,414.6
2020-07-12 22:30:00,421.6
2020-07-12 22:40:00,418.5
2020-07-12 22:50:00,428.6
2020-07-12 23:00:00,430.1
2020-07-12 23:10:00,424.5
2020-07-12 23:20:00,420.0
2020-07-12 23:30:00,420.4
2020-07-12 23:40:00,424.8
2020-07-12 23:50:00,425.5
2020-07-13 00:00:00,425.1
2020-07-13 00:10:00,429.7
2020-07-13 00:20:00,432.2
2020-07-13 00:30:00,430.8
2020-07-13 00:40:00,430.4
2020-07-13 00:50:00,432.2
2020-07-13 01:00:00,434.1
2020-07-13 01:10:00,435.9
2020-07-13 01:20:00,442.6
2020-07-13 01:30:00,440.0
2020-07-13 01:40:00,443.9
2020-07-13 01:50:00,443.8
2020-07-13 02:00:00,445.1
2020-07-13 02:10:00,446.4
2020-07-13 02:20:00,445.1
2020-07-13 02:30:00,436.3
2020-07-13 02:40:00,435.4
2020-07-13 02:50:00,435.7
2020-07-13 03:00:00,442.4
2020-07-13 03:10:00,444.5
2020-07-13 03:20:00,451.0
2020-07-13 03:30:00,452.8
2020-07-13 03:40:00,452.7
2020-07-13 03:50:00,453.5
2020-07-13 04:00:00,453.8
2020-07-13 04:10:00,446.7
2020-07-13 04:20:00,451.9
2020-07-13 04:30:00,458.9
2020-07-13 04:40:00,452.6
2020-07-13 04:50:00,449.8
2020-07-13 05:00:00,455.0
2020-07-13 05:10:00,450.9
2020-07-13 05:20:00,453.6
2020-07-13 05:30:00,460.2
2020-07-13 05:40:00,461.9
2020-07-13 05:50:00,463.0
2020-07-13 06:00:00,464.8
2020-07-13 06:10:00,466.3
2020-07-13 06:20:00,464.8
2020-07-13 06:30:00,467.5
2020-07-13 06:40:00,464.9
2020-07-13 06:50:00,457.9
2020-07-13 07:00:00,455.3
2020-07-13 07:10:00,448.6
2020-07-13 07:20:00,449.1
2020-07-13 07:30:00,444.5
2020-07-13 07:40:00,441.6
2020-07-13 07:50:00,436.3
2020-07-13 08:00:00,431.3
2020-07-13 08:10:00,428.6
2020-07-13 08:20:00,425.7
2020-07-13 08:30:00,424.0
2020-07-13 08:40:00,421.8
2020-07-13 08:50:00,419.5
2020-07-13 09:00:00,417.5
2020-07-13 09:10:00,417.3
2020-07-13 09:20:00,414.6
2020-07-13 09:30:00,413.3
2020-07-13 09:40:00,409.2
2020-07-13 09:50:00,404.9
2020-07-13 10:00:00,405.7
2020-07-13 10:10:00,405.3
2020-07-13 10:20:00,405.5
2020-07-13 10:30:00,403.9
2020-07-13 10:40:00,403.5
2020-07-13 10:50:00,403.8
2020-07-13 11:00:00,404.5
2020-07-13 11:10:00,404.2
2020-07-13 11:20:00,403.9
2020-07-13 11:30:00,404.0
2020-07-13 11:40:00,404.0
2020-07-13 11:50:00,404.2
2020-07-13 12:00:00,404.0
2020-07-13 12:10:00,403.6
2020-07-13 12:20:00,403.9
2020-07-13 12:30:00,404.5
2020-07-13 12:40:00,404.0
2020-07-13 12:50:00,403.9
2020-07-13 13:00:00,403.0
2020-07-13 13:10:00,403.0
2020-07-13 13:20:00,403.1
2020-07-13 13:30:00,402.8
2020-07-13 13:40:00,402.8
2020-07-13 13:50:00,402.6
2020-07-13 14:00:00,402.2
2020-07-13 14:10:00,401.4
2020-07-13 14:20:00,401.4
2020-07-13 14:30:00,401.2
2020-07-13 14:40:00,401.4
2020-07-13 14:50:00,401.6
2020-07-13 15:00:00,400.9
2020-07-13 15:10:00,401.5
2020-07-13 15:20:00,401.5
2020-07-13 15:30:00,400.9
2020-07-13 15:40:00,401.5
2020-07-13 15:50:00,401.4
2020-07-13 16:00:00,401.2
2020-07-13 16:10:00,400.8
2020-07-13 16:20:00,400.5
2020-07-13 16:30:00,401.0
2020-07-13 16:40:00,400.8
2020-07-13 16:50:00,401.1
2020-07-13 17:00:00,400.9
2020-07-13 17:10:00,400.9
2020-07-13 17:20:00,401.0
2020-07-13 17:30:00,401.0
2020-07-13 17:40:00,401.4
2020-07-13 17:50:00,401.1
2020-07-13 18:00:00,401.1
2020-07-13 18:10:00,401.1
2020-07-13 18:20:00,401.2
2020-07-13 18:30:00,402.2
2020-07-13 18:40:00,401.6
2020-07-13 18:50:00,401.2
2020-07-13 19:00:00,401.5
2020-07-13 19:10:00,402.1
2020-07-13 19:20:00,402.4
2020-07-13 19:30:00,402.5
2020-07-13 19:40:00,402.8
2020-07-13 19:50:00,402.8
2020-07-13 20:00:00,403.4
2020-07-13 20:10:00,403.7
2020-07-13 20:20:00,403.5
2020-07-13 20:30:00,403.8
2020-07-13 20:40:00,405.3
2020-07-13 20:50:00,407.3
2020-07-13 21:00:00,412.6
2020-07-13 21:10:00,415.1
2020-07-13 21:20:00,417.6
2020-07-13 21:30:00,420.2
2020-07-13 21:40:00,420.6
2020-07-13 21:50:00,417.7
2020-07-13 22:00:00,417.6
2020-07-13 22:10:00,420.2
2020-07-13 22:20:00,428.9
2020-07-13 22:30:00,429.4
2020-07-13 22:40:00,427.2
2020-07-13 22:50:00,419.0
2020-07-13 23:00:00,417.2
2020-07-13 23:10:00,418.0
2020-07-13 23:20:00,421.5
2020-07-13 23:30:00,428.3
2020-07-13 23:40:00,430.6
2020-07-13 23:50:00,423.2
2020-07-14 00:00:00,421.2
2020-07-14 00:10:00,429.9
2020-07-14 00:20:00,432.6
2020-07-14 00:30:00,432.7
2020-07-14 00:40:00,431.6
2020-07-14 00:50:00,437.8
2020-07-14 01:00:00,434.5
2020-07-14 01:10:00,434.1
2020-07-14 01:20:00,437.1
2020-07-14 01:30:00,444.0
2020-07-14 01:40:00,441.8
2020-07-14 01:50:00,439.3
2020-07-14 02:00:00,449.1
2020-07-14 02:10:00,451.3
2020-07-14 02:20:00,451.4
2020-07-14 02:30:00,458.3
2020-07-14 02:40:00,461.3
2020-07-14 02:50:00,460.3
2020-07-14 03:00:00,460.2
2020-07-14 03:10:00,460.2
2020-07-14 03:20:00,458.0
2020-07-14 03:30:00,448.7
2020-07-14 03:40:00,457.5
2020-07-14 03:50:00,461.8
2020-07-14 04:00:00,460.3
2020-07-14 04:10:00,458.5
2020-07-14 04:20:00,461.4
2020-07-14 04:30:00,464.8
2020-07-14 04:40:00,463.6
2020-07-14 04:50:00,458.6
2020-07-14 05:00:00,457.0
2020-07-14 05:10:00,459.1
2020-07-14 05:20:00,458.8
2020-07-14 05:30:00,463.3
2020-07-14 05:40:00,465.1
2020-07-14 05:50:00,465.7
2020-07-14 06:00:00,466.0
2020-07-14 06:10:00,465.1
2020-07-14 06:20:00,464.9
2020-07-14 06:30:00,464.7
2020-07-14 06:40:00,463.6
2020-07-14 06:50:00,458.1
2020-07-14 07:00:00,457.2
2020-07-14 07:10:00,455.2
2020-07-14 07:20:00,454.4
2020-07-14 07:30:00,449.0
2020-07-14 07:40:00,446.6
2020-07-14 07:50:00,443.3
2020-07-14 08:00:00,436.6
2020-07-14 08:10:00,430.3
2020-07-14 08:20:00,423.2
2020-07-14 08:30:00,420.5
2020-07-14 08:40:00,417.0
2020-07-14 08:50:00,415.3
2020-07-14 09:00:00,413.2
2020-07-14 09:10:00,408.3
2020-07-14 09:20:00,404.8
2020-07-14 09:30:00,399.0
2020-07-14 09:40:00,398.0
2020-07-14 09:50:00,398.2
2020-07-14 10:00:00,398.6
2020-07-14 10:10:00,398.4
2020-07-14 10:20:00,398.6
2020-07-14 10:30:00,399.5
2020-07-14 10:40:00,399.5
2020-07-14 10:50:00,399.4
2020-07-14 11:00:00,399.3
2020-07-14 11:10:00,399.3
2020-07-14 11:20:00,399.8
2020-07-14 11:30:00,399.3
2020-07-14 11:40:00,399.1
2020-07-14 11:50:00,398.9
2020-07-14 12:00:00,399.3
2020-07-14 12:10:00,399.9
2020-07-14 12:20:00,399.5
2020-07-14 12:30:00,399.2
2020-07-14 12:40:00,399.1
2020-07-14 12:50:00,399.3
2020-07-14 13:00:00,399.1
2020-07-14 13:10:00,399.5
2020-07-14 13:20:00,399.4
2020-07-14 13:30:00,399.1
2020-07-14 13:40:00,399.0
2020-07-14 13:50:00,399.2
2020-07-14 14:00:00,399.3
2020-07-14 14:10:00,399.5
2020-07-14 14:20:00,399.8
2020-07-14 14:30:00,399.4
2020-07-14 14:40:00,399.3
2020-07-14 14:50:00,399.5
2020-07-14 15:00:00,399.5
2020-07-14 15:10:00,400.1
2020-07-14 15:20:00,400.0
2020-07-14 15:30:00,399.6
2020-07-14 15:40:00,400.0
2020-07-14 15:50:00,399.9
2020-07-14 16:00:00,401.2
2020-07-14 16:10:00,401.2
2020-07-14 16:20:00,400.4
2020-07-14 16:30:00,400.0
2020-07-14 16:40:00,400.0
2020-07-14 16:50:00,399.6
2020-07-14 17:00:00,399.6
2020-07-14 17:10:00,399.9
2020-07-14 17:20:00,400.0
2020-07-14 17:30:00,400.0
2020-07-14 17:40:00,400.2
2020-07-14 17:50:00,399.9
2020-07-14 18:00:00,400.3
2020-07-14 18:10:00,400.5
2020-07-14 18:20:00,400.9
2020-07-14 18:30:00,401.8
2020-07-14 18:40:00,402.2
2020-07-14 18:50:00,401.4
2020-07-14 19:00:00,401.2
2020-07-14 19:10:00,401.5
2020-07-14 19:20:00,401.5
2020-07-14 19:30:00,401.9
2020-07-14 19:40:00,402.9
2020-07-14 19:50:00,404.0
2020-07-14 20:00:00,405.9
2020-07-14 20:10:00,405.6
2020-07-14 20:20:00,406.8
2020-07-14 20:30:00,409.0
2020-07-14 20:40:00,409.5
2020-07-14 20:50:00,411.8
2020-07-14 21:00:00,413.9
2020-07-14 21:10:00,414.3
2020-07-14 21:20:00,414.3
2020-07-14 21:30:00,414.5
2020-07-14 21:40:00,415.0
2020-07-14 21:50:00,415.4
2020-07-14 22:00:00,421.3
2020-07-14 22:10:00,422.6
2020-07-14 22:20:00,422.1
2020-07-14 22:30:00,422.5
2020-07-14 22:40:00,426.9
2020-07-14 22:50:00,429.2
2020-07-14 23:00:00,413.5
2020-07-14 23:10:00,410.8
2020-07-14 23:20:00,409.0
2020-07-14 23:30:00,407.6
2020-07-14 23:40:00,408.8
2020-07-14 23:50:00,409.5
2020-07-15 00:00:00,409.1
2020-07-15 00:10:00,410.5
2020-07-15 00:20:00,409.7
2020-07-15 00:30:00,409.3
2020-07-15 00:40:00,409.4
2020-07-15 00:50:00,410.0
2020-07-15 01:00:00,410.2
2020-07-15 01:10:00,410.7
2020-07-15 01:20:00,411.1
2020-07-15 01:30:00,411.1
2020-07-15 01:40:00,411.3
2020-07-15 01:50:00,412.0
2020-07-15 02:00:00,412.4
2020-07-15 02:10:00,412.8
2020-07-15 02:20:00,413.7
2020-07-15 02:30:00,413.7
2020-07-15 02:40:00,412.9
2020-07-15 02:50:00,412.1
2020-07-15 03:00:00,412.5
2020-07-15 03:10:00,412.6
2020-07-15 03:20:00,412.7
2020-07-15 03:30:00,413.8
2020-07-15 03:40:00,414.7
2020-07-15 03:50:00,415.4
2020-07-15 04:00:00,415.1
2020-07-15 04:10:00,415.0
2020-07-15 04:20:00,416.5
2020-07-15 04:30:00,418.6
2020-07-15 04:40:00,420.4
2020-07-15 04:50:00,419.9
2020-07-15 05:00:00,418.1
2020-07-15 05:10:00,420.2
2020-07-15 05:20:00,419.4
2020-07-15 05:30:00,419.3
2020-07-15 05:40:00,422.0
2020-07-15 05:50:00,420.2
2020-07-15 06:00:00,423.5
2020-07-15 06:10:00,425.0
2020-07-15 06:20:00,429.1
2020-07-15 06:30:00,430.0
2020-07-15 06:40:00,427.4
2020-07-15 06:50:00,426.7
2020-07-15 07:00:00,426.6
2020-07-15 07:10:00,424.6
2020-07-15 07:20:00,424.8
2020-07-15 07:30:00,423.5
2020-07-15 07:40:00,421.7
2020-07-15 07:50:00,420.7
2020-07-15 08:00:00,421.2
2020-07-15 08:10:00,420.0
2020-07-15 08:20:00,419.3
2020-07-15 08:30:00,417.9
2020-07-15 08:40:00,417.5
2020-07-15 08:50:00,418.6
2020-07-15 09:00:00,417.6
2020-07-15 09:10:00,414.8
2020-07-15 09:20:00,415.3
2020-07-15 09:30:00,414.8
2020-07-15 09:40:00,413.4
2020-07-15 09:50:00,411.7
2020-07-15 10:00:00,411.8
2020-07-15 10:10:00,412.5
2020-07-15 10:20:00,412.0
2020-07-15 10:30:00,412.3
2020-07-15 10:40:00,412.9
2020-07-15 10:50:00,412.3
2020-07-15 11:00:00,411.5
2020-07-15 11:10:00,410.7
2020-07-15 11:20:00,410.1
2020-07-15 11:30:00,410.3
2020-07-15 11:40:00,408.6
2020-07-15 11:50:00,407.3
2020-07-15 12:00:00,408.6
2020-07-15 12:10:00,409.1
2020-07-15 12:20:00,410.3
2020-07-15 12:30:00,411.5
2020-07-15 12:40:00,411.2
2020-07-15 12:50:00,409.0
2020-07-15 13:00:00,408.5
2020-07-15 13:10:00,408.8
2020-07-15 13:20:00,410.1
2020-07-15 13:30:00,411.2
2020-07-15 13:40:00,410.4
2020-07-15 13:50:00,410.5
2020-07-15 14:00:00,409.5
2020-07-15 14:10:00,408.8
2020-07-15 14:20:00,408.6
2020-07-15 14:30:00,408.2
2020-07-15 14:40:00,407.8
2020-07-15 14:50:00,407.9
2020-07-15 15:00:00,407.9
2020-07-15 15:10:00,407.0
2020-07-15 15:20:00,407.3
2020-07-15 15:30:00,408.0
2020-07-15 15:40:00,407.5
2020-07-15 15:50:00,407.5
2020-07-15 16:00:00,407.6
2020-07-15 16:10:00,408.4
2020-07-15 16:20:00,408.7
2020-07-15 16:30:00,409.0
2020-07-15 16:40:00,410.8
2020-07-15 16:50:00,411.2
2020-07-15 17:00:00,412.1
2020-07-15 17:10:00,412.4
2020-07-15 17:20:00,412.3
2020-07-15 17:30:00,411.7
2020-07-15 17:40:00,410.5
2020-07-15 17:50:00,411.8
2020-07-15 18:00:00,414.7
2020-07-15 18:10:00,415.4
2020-07-15 18:20:00,415.4
2020-07-15 18:30:00,415.0
2020-07-15 18:40:00,415.0
2020-07-15 18:50:00,415.0
2020-07-15 19:00:00,415.1
2020-07-15 19:10:00,415.0
2020-07-15 19:20:00,415.0
2020-07-15 19:30:00,415.7
2020-07-15 19:40:00,416.9
2020-07-15 19:50:00,417.6
2020-07-15 20:00:00,417.6
2020-07-15 20:10:00,418.3
2020-07-15 20:20:00,419.0
2020-07-15 20:30:00,419.1
2020-07-15 20:40:00,419.0
2020-07-15 20:50:00,418.8
2020-07-15 21:00:00,419.2
2020-07-15 21:10:00,418.5
2020-07-15 21:20:00,418.5
2020-07-15 21:30:00,418.9
2020-07-15 21:40:00,419.9
2020-07-15 21:50:00,421.1
2020-07-15 22:00:00,422.1
2020-07-15 22:10:00,423.0
2020-07-15 22:20:00,423.3
2020-07-15 22:30:00,425.0
2020-07-15 22:40:00,426.4
2020-07-15 22:50:00,427.5
2020-07-15 23:00:00,426.1
2020-07-15 23:10:00,424.1
2020-07-15 23:20:00,423.9
2020-07-15 23:30:00,426.0
2020-07-15 23:40:00,432.5
2020-07-15 23:50:00,426.4
2020-07-16 00:00:00,425.0
2020-07-16 00:10:00,424.9
2020-07-16 00:20:00,424.7
2020-07-16 00:30:00,427.2
2020-07-16 00:40:00,426.4
2020-07-16 00:50:00,423.1
2020-07-16 01:00:00,426.0
2020-07-16 01:10:00,427.1
2020-07-16 01:20:00,426.7
2020-07-16 01:30:00,428.0
2020-07-16 01:40:00,432.4
2020-07-16 01:50:00,435.1
2020-07-16 02:00:00,437.9
2020-07-16 02:10:00,437.5
2020-07-16 02:20:00,435.8
2020-07-16 02:30:00,438.4
2020-07-16 02:40:00,440.6
2020-07-16 02:50:00,442.5
2020-07-16 03:00:00,443.8
2020-07-16 03:10:00,444.7
2020-07-16 03:20:00,443.6
2020-07-16 03:30:00,444.4
2020-07-16 03:40:00,444.4
2020-07-16 03:50:00,443.7
2020-07-16 04:00:00,442.9
2020-07-16 04:10:00,444.1
2020-07-16 04:20:00,446.3
2020-07-16 04:30:00,446.8
2020-07-16 04:40:00,450.1
2020-07-16 04:50:00,454.8
2020-07-16 05:00:00,452.2
2020-07-16 05:10:00,447.8
2020-07-16 05:20:00,443.1
2020-07-16 05:30:00,434.8
2020-07-16 05:40:00,433.2
2020-07-16 05:50:00,434.3
2020-07-16 06:00:00,451.7
2020-07-16 06:10:00,458.3
2020-07-16 06:20:00,458.6
2020-07-16 06:30:00,456.1
2020-07-16 06:40:00,455.3
2020-07-16 06:50:00,453.6
2020-07-16 07:00:00,453.6
2020-07-16 07:10:00,453.2
2020-07-16 07:20:00,450.4
2020-07-16 07:30:00,446.8
2020-07-16 07:40:00,442.8
2020-07-16 07:50:00,440.5
2020-07-16 08:00:00,437.2
2020-07-16 08:10:00,435.2
2020-07-16 08:20:00,433.5
2020-07-16 08:30:00,429.7
2020-07-16 08:40:00,429.8
2020-07-16 08:50:00,427.1
2020-07-16 09:00:00,424.5
2020-07-16 09:10:00,422.2
2020-07-16 09:20:00,421.7
2020-07-16 09:30:00,414.5
2020-07-16 09:40:00,407.2
2020-07-16 09:50:00,408.2
2020-07-16 10:00:00,408.2
2020-07-16 10:10:00,405.3
2020-07-16 10:20:00,404.4
2020-07-16 10:30:00,403.5
2020-07-16 10:40:00,402.9
2020-07-16 10:50:00,402.9
2020-07-16 11:00:00,403.6
2020-07-16 11:10:00,404.4
2020-07-16 11:20:00,404.4
2020-07-16 11:30:00,403.8
2020-07-16 11:40:00,403.8
2020-07-16 11:50:00,405.0
2020-07-16 12:00:00,405.4
2020-07-16 12:10:00,404.4
2020-07-16 12:20:00,404.7
2020-07-16 12:30:00,405.5
2020-07-16 12:40:00,405.4
2020-07-16 12:50:00,405.2
2020-07-16 13:00:00,405.3
2020-07-16 13:10:00,405.7
2020-07-16 13:20:00,405.8
2020-07-16 13:30:00,406.0
2020-07-16 13:40:00,406.1
2020-07-16 13:50:00,405.5
2020-07-16 14:00:00,405.3
2020-07-16 14:10:00,404.8
2020-07-16 14:20:00,403.9
2020-07-16 14:30:00,403.5
2020-07-16 14:40:00,403.5
2020-07-16 14:50:00,403.7
2020-07-16 15:00:00,403.1
2020-07-16 15:10:00,403.1
2020-07-16 15:20:00,403.1
2020-07-16 15:30:00,403.2
2020-07-16 15:40:00,403.6
2020-07-16 15:50:00,403.4
2020-07-16 16:00:00,403.6
2020-07-16 16:10:00,404.0
2020-07-16 16:20:00,404.6
2020-07-16 16:30:00,405.1
2020-07-16 16:40:00,404.5
2020-07-16 16:50:00,404.3
2020-07-16 17:00:00,404.6
2020-07-16 17:10:00,404.3
2020-07-16 17:20:00,404.0
2020-07-16 17:30:00,404.0
2020-07-16 17:40:00,404.4
2020-07-16 17:50:00,404.4
2020-07-16 18:00:00,404.2
2020-07-16 18:10:00,404.7
2020-07-16 18:20:00,405.0
2020-07-16 18:30:00,405.1
2020-07-16 18:40:00,404.8
2020-07-16 18:50:00,404.9
2020-07-16 19:00:00,405.4
2020-07-16 19:10:00,406.0
2020-07-16 19:20:00,406.7
2020-07-16 19:30:00,407.1
2020-07-16 19:40:00,407.3
2020-07-16 19:50:00,407.8
2020-07-16 20:00:00,408.2
2020-07-16 20:10:00,410.3
2020-07-16 20:20:00,410.7
2020-07-16 20:30:00,412.1
2020-07-16 20:40:00,413.7
2020-07-16 20:50:00,415.2
2020-07-16 21:00:00,413.5
2020-07-16 21:10:00,409.7
2020-07-16 21:20:00,412.4
2020-07-16 21:30:00,417.0
2020-07-16 21:40:00,411.6
2020-07-16 21:50:00,415.4
2020-07-16 22:00:00,418.0
2020-07-16 22:10:00,422.6
2020-07-16 22:20:00,421.9
2020-07-16 22:30:00,425.1
2020-07-16 22:40:00,427.4
2020-07-16 22:50:00,425.5
2020-07-16 23:00:00,430.2
2020-07-16 23:10:00,425.5
2020-07-16 23:20:00,423.2
2020-07-16 23:30:00,422.8
2020-07-16 23:40:00,424.9
2020-07-16 23:50:00,425.5
2020-07-17 00:00:00,424.4
2020-07-17 00:10:00,425.9
2020-07-17 00:20:00,425.0
2020-07-17 00:30:00,423.4
2020-07-17 00:40:00,423.5
2020-07-17 00:50:00,426.5
2020-07-17 01:00:00,424.4
2020-07-17 01:10:00,426.7
2020-07-17 01:20:00,426.5
2020-07-17 01:30:00,428.5
2020-07-17 01:40:00,431.6
2020-07-17 01:50:00,429.7
2020-07-17 02:00:00,434.1
2020-07-17 02:10:00,438.1
2020-07-17 02:20:00,440.3
2020-07-17 02:30:00,438.3
2020-07-17 02:40:00,432.9
2020-07-17 02:50:00,433.4
2020-07-17 03:00:00,433.6
2020-07-17 03:10:00,437.8
2020-07-17 03:20:00,438.2
2020-07-17 03:30:00,436.2
2020-07-17 03:40:00,432.0
2020-07-17 03:50:00,433.5
2020-07-17 04:00:00,433.4
2020-07-17 04:10:00,437.0
2020-07-17 04:20:00,454.7
2020-07-17 04:30:00,458.3
2020-07-17 04:40:00,453.7
2020-07-17 04:50:00,447.4
2020-07-17 05:00:00,455.4
2020-07-17 05:10:00,449.5
2020-07-17 05:20:00,444.4
2020-07-17 05:30:00,449.1
2020-07-17 05:40:00,454.1
2020-07-17 05:50:00,455.3
2020-07-17 06:00:00,455.8
2020-07-17 06:10:00,455.7
2020-07-17 06:20:00,454.5
2020-07-17 06:30:00,452.0
2020-07-17 06:40:00,452.3
2020-07-17 06:50:00,449.7
2020-07-17 07:00:00,447.2
2020-07-17 07:10:00,444.9
2020-07-17 07:20:00,444.0
2020-07-17 07:30:00,441.0
2020-07-17 07:40:00,439.9
2020-07-17 07:50:00,437.6
2020-07-17 08:00:00,435.5
2020-07-17 08:10:00,433.4
2020-07-17 08:20:00,430.0
2020-07-17 08:30:00,428.0
2020-07-17 08:40:00,425.6
2020-07-17 08:50:00,421.5
2020-07-17 09:00:00,411.1
2020-07-17 09:10:00,407.5
2020-07-17 09:20:00,405.9
2020-07-17 09:30:00,404.9
2020-07-17 09:40:00,404.7
2020-07-17 09:50:00,404.0
2020-07-17 10:00:00,403.9
2020-07-17 10:10:00,404.1
2020-07-17 10:20:00,403.4
2020-07-17 10:30:00,403.1
2020-07-17 10:40:00,403.8
2020-07-17 10:50:00,404.2
2020-07-17 11:00:00,404.5
2020-07-17 11:10:00,404.9
2020-07-17 11:20:00,404.2
2020-07-17 11:30:00,404.2
2020-07-17 11:40:00,402.9
2020-07-17 11:50:00,402.2
2020-07-17 12:00:00,401.9
2020-07-17 12:10:00,402.1
2020-07-17 12:20:00,402.3
2020-07-17 12:30:00,402.8
2020-07-17 12:40:00,402.3
2020-07-17 12:50:00,402.1
2020-07-17 13:00:00,401.7
2020-07-17 13:10:00,402.0
2020-07-17 13:20:00,402.4
2020-07-17 13:30:00,403.4
2020-07-17 13:40:00,402.9
2020-07-17 13:50:00,402.7
2020-07-17 14:00:00,402.2
2020-07-17 14:10:00,402.4
2020-07-17 14:20:00,402.3
2020-07-17 14:30:00,402.3
2020-07-17 14:40:00,402.9
2020-07-17 14:50:00,402.3
2020-07-17 15:00:00,402.4
2020-07-17 15:10:00,402.4
2020-07-17 15:20:00,402.4
2020-07-17 15:30:00,401.6
2020-07-17 15:40:00,401.9
2020-07-17 15:50:00,401.6
2020-07-17 16:00:00,401.4
2020-07-17 16:10:00,401.2
2020-07-17 16:20:00,401.4
2020-07-17 16:30:00,400.9
2020-07-17 16:40:00,400.8
2020-07-17 16:50:00,400.6
2020-07-17 17:00:00,400.8
2020-07-17 17:10:00,400.3
2020-07-17 17:20:00,400.8
2020-07-17 17:30:00,400.9
2020-07-17 17:40:00,400.9
2020-07-17 17:50:00,401.0
2020-07-17 18:00:00,401.5
2020-07-17 18:10:00,402.5
2020-07-17 18:20:00,403.2
2020-07-17 18:30:00,403.8
2020-07-17 18:40:00,404.5
2020-07-17 18:50:00,406.2
2020-07-17 19:00:00,407.0
2020-07-17 19:10:00,407.7
2020-07-17 19:20:00,407.7
2020-07-17 19:30:00,407.4
2020-07-17 19:40:00,407.7
2020-07-17 19:50:00,408.0
2020-07-17 20:00:00,408.8
2020-07-17 20:10:00,409.6
2020-07-17 20:20:00,408.4
2020-07-17 20:30:00,409.8
2020-07-17 20:40:00,412.9
2020-07-17 20:50:00,411.9
2020-07-17 21:00:00,414.1
2020-07-17 21:10:00,415.2
2020-07-17 21:20:00,414.7
2020-07-17 21:30:00,414.9
2020-07-17 21:40:00,413.6
2020-07-17 21:50:00,412.8
2020-07-17 22:00:00,413.7
2020-07-17 22:10:00,415.2
2020-07-17 22:20:00,416.6
2020-07-17 22:30:00,417.8
2020-07-17 22:40:00,418.7
2020-07-17 22:50:00,419.4
2020-07-17 23:00:00,418.3
2020-07-17 23:10:00,421.2
2020-07-17 23:20:00,422.7
2020-07-17 23:30:00,420.8
2020-07-17 23:40:00,420.7
2020-07-17 23:50:00,421.6
2020-07-18 00:00:00,425.1
2020-07-18 00:10:00,431.7
2020-07-18 00:20:00,441.2
2020-07-18 00:30:00,440.0
2020-07-18 00:40:00,427.0
2020-07-18 00:50:00,427.8
2020-07-18 01:00:00,430.0
2020-07-18 01:10:00,440.6
2020-07-18 01:20:00,441.4
2020-07-18 01:30:00,439.9
2020-07-18 01:40:00,438.6
2020-07-18 01:50:00,439.2
2020-07-18 02:00:00,436.6
2020-07-18 02:10:00,437.3
2020-07-18 02:20:00,438.5
2020-07-18 02:30:00,441.0
2020-07-18 02:40:00,444.4
2020-07-18 02:50:00,446.8
2020-07-18 03:00:00,447.1
2020-07-18 03:10:00,451.0
2020-07-18 03:20:00,452.0
2020-07-18 03:30:00,450.1
2020-07-18 03:40:00,443.5
2020-07-18 03:50:00,435.7
2020-07-18 04:00:00,441.4
2020-07-18 04:10:00,443.4
2020-07-18 04:20:00,442.2
2020-07-18 04:30:00,439.8
2020-07-18 04:40:00,439.1
2020-07-18 04:50:00,445.1
2020-07-18 05:00:00,452.1
2020-07-18 05:10:00,452.0
2020-07-18 05:20:00,454.6
2020-07-18 05:30:00,453.5
2020-07-18 05:40:00,449.8
2020-07-18 05:50:00,442.6
2020-07-18 06:00:00,441.9
2020-07-18 06:10:00,443.7
2020-07-18 06:20:00,442.8
2020-07-18 06:30:00,449.3
2020-07-18 06:40:00,452.3
2020-07-18 06:50:00,452.1
2020-07-18 07:00:00,449.8
2020-07-18 07:10:00,449.1
2020-07-18 07:20:00,447.2
2020-07-18 07:30:00,447.0
2020-07-18 07:40:00,442.5
2020-07-18 07:50:00,437.4
2020-07-18 08:00:00,430.6
2020-07-18 08:10:00,419.1
2020-07-18 08:20:00,420.5
2020-07-18 08:30:00,415.0
2020-07-18 08:40:00,411.0
2020-07-18 08:50:00,413.2
2020-07-18 09:00:00,413.2
2020-07-18 09:10:00,407.3
2020-07-18 09:20:00,402.7
2020-07-18 09:30:00,401.8
2020-07-18 09:40:00,402.2
2020-07-18 09:50:00,402.9
2020-07-18 10:00:00,404.2
2020-07-18 10:10:00,404.2
2020-07-18 10:20:00,404.4
2020-07-18 10:30:00,405.3
2020-07-18 10:40:00,406.0
2020-07-18 10:50:00,404.4
2020-07-18 11:00:00,403.1
2020-07-18 11:10:00,403.2
2020-07-18 11:20:00,403.4
2020-07-18 11:30:00,403.0
2020-07-18 11:40:00,403.2
2020-07-18 11:50:00,403.7
2020-07-18 12:00:00,403.7
2020-07-18 12:10:00,403.4
2020-07-18 12:20:00,403.1
2020-07-18 12:30:00,403.2
2020-07-18 12:40:00,404.0
2020-07-18 12:50:00,405.2
2020-07-18 13:00:00,405.1
2020-07-18 13:10:00,405.6
2020-07-18 13:20:00,406.1
2020-07-18 13:30:00,406.1
2020-07-18 13:40:00,406.3
2020-07-18 13:50:00,406.1
2020-07-18 14:00:00,406.0
2020-07-18 14:10:00,405.9
2020-07-18 14:20:00,405.5
2020-07-18 14:30:00,405.3
2020-07-18 14:40:00,405.2
2020-07-18 14:50:00,405.9
2020-07-18 15:00:00,406.1
2020-07-18 15:10:00,405.8
2020-07-18 15:20:00,405.8
2020-07-18 15:30:00,405.5
2020-07-18 15:40:00,405.9
2020-07-18 15:50:00,406.3
2020-07-18 16:00:00,406.3
2020-07-18 16:10:00,406.3
2020-07-18 16:20:00,406.3
2020-07-18 16:30:00,406.3
2020-07-18 16:40:00,406.7
2020-07-18 16:50:00,406.3
2020-07-18 17:00:00,406.3
2020-07-18 17:10:00,406.7
2020-07-18 17:20:00,406.3
2020-07-18 17:30:00,406.4
2020-07-18 17:40:00,406.2
2020-07-18 17:50:00,406.5
2020-07-18 18:00:00,406.4
2020-07-18 18:10:00,406.7
2020-07-18 18:20:00,406.8
2020-07-18 18:30:00,406.9
2020-07-18 18:40:00,406.5
2020-07-18 18:50:00,406.8
2020-07-18 19:00:00,406.5
2020-07-18 19:10:00,406.4
2020-07-18 19:20:00,406.5
2020-07-18 19:30:00,406.6
2020-07-18 19:40:00,407.0
2020-07-18 19:50:00,407.7
2020-07-18 20:00:00,408.1
2020-07-18 20:10:00,408.5
2020-07-18 20:20:00,410.8
2020-07-18 20:30:00,412.6
2020-07-18 20:40:00,416.3
2020-07-18 20:50:00,417.9
2020-07-18 21:00:00,418.7
2020-07-18 21:10:00,422.3
2020-07-18 21:20:00,417.5
2020-07-18 21:30:00,432.4
2020-07-18 21:40:00,432.5
2020-07-18 21:50:00,430.7
2020-07-18 22:00:00,434.7
2020-07-18 22:10:00,434.4
2020-07-18 22:20:00,436.9
2020-07-18 22:30:00,436.4
2020-07-18 22:40:00,422.0
2020-07-18 22:50:00,420.8
2020-07-18 23:00:00,422.1
2020-07-18 23:10:00,425.3
2020-07-18 23:20:00,430.6
2020-07-18 23:30:00,428.4
2020-07-18 23:40:00,432.0
2020-07-18 23:50:00,433.7
2020-07-19 00:00:00,436.2
2020-07-19 00:10:00,441.1
2020-07-19 00:20:00,437.0
2020-07-19 00:30:00,438.6
2020-07-19 00:40:00,434.9
2020-07-19 00:50:00,441.7
2020-07-19 01:00:00,441.6
2020-07-19 01:10:00,450.7
2020-07-19 01:20:00,458.7
2020-07-19 01:30:00,455.4
2020-07-19 01:40:00,455.5
2020-07-19 01:50:00,454.6
2020-07-19 02:00:00,457.2
2020-07-19 02:10:00,446.1
2020-07-19 02:20:00,448.6
2020-07-19 02:30:00,446.2
2020-07-19 02:40:00,445.5
2020-07-19 02:50:00,460.0
2020-07-19 03:00:00,444.6
2020-07-19 03:10:00,453.2
2020-07-19 03:20:00,461.6
2020-07-19 03:30:00,457.8
2020-07-19 03:40:00,453.8
2020-07-19 03:50:00,460.6
2020-07-19 04:00:00,458.2
2020-07-19 04:10:00,456.9
2020-07-19 04:20:00,459.1
2020-07-19 04:30:00,457.9
2020-07-19 04:40:00,460.2
2020-07-19 04:50:00,459.4
2020-07-19 05:00:00,465.5
2020-07-19 05:10:00,467.3
2020-07-19 05:20:00,478.0
2020-07-19 05:30:00,479.4
2020-07-19 05:40:00,471.4
2020-07-19 05:50:00,472.5
2020-07-19 06:00:00,475.7
2020-07-19 06:10:00,474.2
2020-07-19 06:20:00,471.5
2020-07-19 06:30:00,474.8
2020-07-19 06:40:00,473.8
2020-07-19 06:50:00,475.7
2020-07-19 07:00:00,476.4
2020-07-19 07:10:00,466.5
2020-07-19 07:20:00,462.8
2020-07-19 07:30:00,462.5
2020-07-19 07:40:00,457.9
2020-07-19 07:50:00,457.8
2020-07-19 08:00:00,454.5
2020-07-19 08:10:00,457.9
2020-07-19 08:20:00,458.4
2020-07-19 08:30:00,457.9
2020-07-19 08:40:00,452.9
2020-07-19 08:50:00,453.1
2020-07-19 09:00:00,444.2
2020-07-19 09:10:00,443.0
2020-07-19 09:20:00,439.8
2020-07-19 09:30:00,432.2
2020-07-19 09:40:00,420.6
2020-07-19 09:50:00,410.2
2020-07-19 10:00:00,410.0
2020-07-19 10:10:00,406.3
2020-07-19 10:20:00,404.3
2020-07-19 10:30:00,403.1
2020-07-19 10:40:00,402.1
2020-07-19 10:50:00,402.1
2020-07-19 11:00:00,402.2
2020-07-19 11:10:00,401.9
2020-07-19 11:20:00,401.4
2020-07-19 11:30:00,401.2
2020-07-19 11:40:00,400.4
2020-07-19 11:50:00,400.0
2020-07-19 12:00:00,400.0
2020-07-19 12:10:00,399.7
2020-07-19 12:20:00,399.8
2020-07-19 12:30:00,399.9
2020-07-19 12:40:00,399.8
2020-07-19 12:50:00,399.5
2020-07-19 13:00:00,399.3
2020-07-19 13:10:00,399.6
2020-07-19 13:20:00,399.8
2020-07-19 13:30:00,399.4
2020-07-19 13:40:00,399.7
2020-07-19 13:50:00,399.6
2020-07-19 14:00:00,399.6
2020-07-19 14:10:00,399.1
2020-07-19 14:20:00,398.9
2020-07-19 14:30:00,399.2
2020-07-19 14:40:00,399.3
2020-07-19 14:50:00,398.9
2020-07-19 15:00:00,398.9
2020-07-19 15:10:00,398.5
2020-07-19 15:20:00,398.8
2020-07-19 15:30:00,398.5
2020-07-19 15:40:00,398.6
2020-07-19 15:50:00,398.5
2020-07-19 16:00:00,398.2
2020-07-19 16:10:00,398.2
2020-07-19 16:20:00,397.8
2020-07-19 16:30:00,397.9
2020-07-19 16:40:00,398.0
2020-07-19 16:50:00,398.3
2020-07-19 17:00:00,399.2
2020-07-19 17:10:00,399.9
2020-07-19 17:20:00,399.4
2020-07-19 17:30:00,399.2
2020-07-19 17:40:00,399.5
2020-07-19 17:50:00,399.8
2020-07-19 18:00:00,399.4
2020-07-19 18:10:00,399.6
2020-07-19 18:20:00,399.8
2020-07-19 18:30:00,399.3
2020-07-19 18:40:00,398.9
2020-07-19 18:50:00,399.1
2020-07-19 19:00:00,399.4
2020-07-19 19:10:00,399.8
2020-07-19 19:20:00,400.1
2020-07-19 19:30:00,400.2
2020-07-19 19:40:00,400.3
2020-07-19 19:50:00,400.7
2020-07-19 20:00:00,401.0
2020-07-19 20:10:00,401.2
2020-07-19 20:20:00,403.2
2020-07-19 20:30:00,404.0
2020-07-19 20:40:00,405.5
2020-07-19 20:50:00,405.9
2020-07-19 21:00:00,405.5
2020-07-19 21:10:00,405.8
2020-07-19 21:20:00,405.4
2020-07-19 21:30:00,404.9
2020-07-19 21:40:00,405.6
2020-07-19 21:50:00,409.7
2020-07-19 22:00:00,430.0
2020-07-19 22:10:00,430.4
2020-07-19 22:20:00,426.6
2020-07-19 22:30:00,422.0
2020-07-19 22:40:00,419.0
2020-07-19 22:50:00,419.2
2020-07-19 23:00:00,416.9
2020-07-19 23:10:00,416.8
2020-07-19 23:20:00,418.6
2020-07-19 23:30:00,418.3
2020-07-19 23:40:00,422.3
2020-07-19 23:50:00,438.0
2020-07-20 00:00:00,445.4
2020-07-20 00:10:00,453.2
2020-07-20 00:20:00,448.5
2020-07-20 00:30:00,446.9
2020-07-20 00:40:00,439.7
2020-07-20 00:50:00,449.3
2020-07-20 01:00:00,452.0
2020-07-20 01:10:00,449.8
2020-07-20 01:20:00,449.2
2020-07-20 01:30:00,454.0
2020-07-20 01:40:00,443.8
2020-07-20 01:50:00,437.6
2020-07-20 02:00:00,448.0
2020-07-20 02:10:00,441.5
2020-07-20 02:20:00,440.0
2020-07-20 02:30:00,440.5
2020-07-20 02:40:00,440.0
2020-07-20 02:50:00,451.7
2020-07-20 03:00:00,453.4
2020-07-20 03:10:00,458.5
2020-07-20 03:20:00,462.8
2020-07-20 03:30:00,466.9
2020-07-20 03:40:00,466.1
2020-07-20 03:50:00,465.1
2020-07-20 04:00:00,479.6
2020-07-20 04:10:00,472.4
2020-07-20 04:20:00,470.9
2020-07-20 04:30:00,471.7
2020-07-20 04:40:00,468.6
2020-07-20 04:50:00,469.3
2020-07-20 05:00:00,465.3
2020-07-20 05:10:00,459.2
2020-07-20 05:20:00,471.5
2020-07-20 05:30:00,481.1
2020-07-20 05:40:00,482.7
2020-07-20 05:50:00,478.0
2020-07-20 06:00:00,475.2
2020-07-20 06:10:00,477.8
2020-07-20 06:20:00,480.8
2020-07-20 06:30:00,475.1
2020-07-20 06:40:00,474.2
2020-07-20 06:50:00,476.7
2020-07-20 07:00:00,473.9
2020-07-20 07:10:00,471.5
2020-07-20 07:20:00,468.7
2020-07-20 07:30:00,461.8
2020-07-20 07:40:00,453.0
2020-07-20 07:50:00,449.6
2020-07-20 08:00:00,448.7
2020-07-20 08:10:00,443.7
2020-07-20 08:20:00,428.8
2020-07-20 08:30:00,421.0
2020-07-20 08:40:00,421.6
2020-07-20 08:50:00,421.7
2020-07-20 09:00:00,421.7
2020-07-20 09:10:00,422.1
2020-07-20 09:20:00,421.8
2020-07-20 09:30:00,420.1
2020-07-20 09:40:00,416.5
2020-07-20 09:50:00,416.3
2020-07-20 10:00:00,419.3
2020-07-20 10:10:00,418.7
2020-07-20 10:20:00,419.5
2020-07-20 10:30:00,418.3
2020-07-20 10:40:00,417.3
2020-07-20 10:50:00,417.2
2020-07-20 11:00:00,415.4
2020-07-20 11:10:00,413.9
2020-07-20 11:20:00,416.3
2020-07-20 11:30:00,416.3
2020-07-20 11:40:00,415.2
2020-07-20 11:50:00,412.6
2020-07-20 12:00:00,410.6
2020-07-20 12:10:00,411.0
2020-07-20 12:20:00,412.1
2020-07-20 12:30:00,412.4
2020-07-20 12:40:00,413.1
2020-07-20 12:50:00,412.2
2020-07-20 13:00:00,412.0
2020-07-20 13:10:00,411.6
2020-07-20 13:20:00,411.3
2020-07-20 13:30:00,410.6
2020-07-20 13:40:00,410.6
2020-07-20 13:50:00,411.0
2020-07-20 14:00:00,410.4
2020-07-20 14:10:00,410.3
2020-07-20 14:20:00,410.3
2020-07-20 14:30:00,410.3
2020-07-20 14:40:00,410.3
2020-07-20 14:50:00,410.0
2020-07-20 15:00:00,410.4
2020-07-20 15:10:00,409.9
2020-07-20 15:20:00,409.7
2020-07-20 15:30:00,410.8
2020-07-20 15:40:00,411.6
2020-07-20 15:50:00,410.8
2020-07-20 16:00:00,409.7
2020-07-20 16:10:00,409.5
2020-07-20 16:20:00,409.7
2020-07-20 16:30:00,411.1
2020-07-20 16:40:00,411.1
2020-07-20 16:50:00,411.7
2020-07-20 17:00:00,412.0
2020-07-20 17:10:00,413.0
2020-07-20 17:20:00,412.2
2020-07-20 17:30:00,412.0
2020-07-20 17:40:00,410.9
2020-07-20 17:50:00,412.1
2020-07-20 18:00:00,410.9
2020-07-20 18:10:00,410.6
2020-07-20 18:20:00,409.7
2020-07-20 18:30:00,409.5
2020-07-20 18:40:00,408.5
2020-07-20 18:50:00,408.6
2020-07-20 19:00:00,408.1
2020-07-20 19:10:00,408.1
2020-07-20 19:20:00,408.1
2020-07-20 19:30:00,409.0
2020-07-20 19:40:00,408.4
2020-07-20 19:50:00,409.8
2020-07-20 20:00:00,410.1
2020-07-20 20:10:00,409.4
2020-07-20 20:20:00,409.9
2020-07-20 20:30:00,409.1
2020-07-20 20:40:00,408.9
2020-07-20 20:50:00,409.7
2020-07-20 21:00:00,410.7
2020-07-20 21:10:00,413.0
2020-07-20 21:20:00,412.3
2020-07-20 21:30:00,411.7
2020-07-20 21:40:00,411.9
2020-07-20 21:50:00,411.3
2020-07-20 22:00:00,410.5
2020-07-20 22:10:00,410.4
2020-07-20 22:20:00,410.4
2020-07-20 22:30:00,413.7
2020-07-20 22:40:00,412.3
2020-07-20 22:50:00,414.0
2020-07-20 23:00:00,413.3
2020-07-20 23:10:00,419.2
2020-07-20 23:20:00,413.7
2020-07-20 23:30:00,418.5
2020-07-20 23:40:00,433.9
2020-07-20 23:50:00,432.2
2020-07-21 00:00:00,432.5
2020-07-21 00:10:00,437.1
2020-07-21 00:20:00,436.8
2020-07-21 00:30:00,435.0
2020-07-21 00:40:00,432.6
2020-07-21 00:50:00,433.7
2020-07-21 01:00:00,436.6
2020-07-21 01:10:00,436.6
2020-07-21 01:20:00,438.4
2020-07-21 01:30:00,441.5
2020-07-21 01:40:00,441.4
2020-07-21 01:50:00,441.1
2020-07-21 02:00:00,436.1
2020-07-21 02:10:00,445.3
2020-07-21 02:20:00,448.8
2020-07-21 02:30:00,449.0
2020-07-21 02:40:00,452.5
2020-07-21 02:50:00,453.2
2020-07-21 03:00:00,452.2
2020-07-21 03:10:00,452.8
2020-07-21 03:20:00,444.8
2020-07-21 03:30:00,438.0
2020-07-21 03:40:00,432.9
2020-07-21 03:50:00,432.5
2020-07-21 04:00:00,431.2
2020-07-21 04:10:00,430.5
2020-07-21 04:20:00,433.1
2020-07-21 04:30:00,435.5
2020-07-21 04:40:00,435.9
2020-07-21 04:50:00,436.5
2020-07-21 05:00:00,437.4
2020-07-21 05:10:00,429.9
2020-07-21 05:20:00,426.6
2020-07-21 05:30:00,426.8
2020-07-21 05:40:00,426.0
2020-07-21 05:50:00,424.5
2020-07-21 06:00:00,423.4
2020-07-21 06:10:00,422.7
2020-07-21 06:20:00,422.2
2020-07-21 06:30:00,421.3
2020-07-21 06:40:00,420.8
2020-07-21 06:50:00,418.6
2020-07-21 07:00:00,416.3
2020-07-21 07:10:00,416.8
2020-07-21 07:20:00,417.0
2020-07-21 07:30:00,415.8
2020-07-21 07:40:00,414.8
2020-07-21 07:50:00,412.2
2020-07-21 08:00:00,410.4
2020-07-21 08:10:00,409.5
2020-07-21 08:20:00,408.5
2020-07-21 08:30:00,408.1
2020-07-21 08:40:00,407.3
2020-07-21 08:50:00,406.8
2020-07-21 09:00:00,406.0
2020-07-21 09:10:00,406.0
2020-07-21 09:20:00,405.9
2020-07-21 09:30:00,404.5
2020-07-21 09:40:00,404.0
2020-07-21 09:50:00,404.2
2020-07-21 10:00:00,403.7
2020-07-21 10:10:00,403.3
2020-07-21 10:20:00,403.1
2020-07-21 10:30:00,401.9
2020-07-21 10:40:00,401.8
2020-07-21 10:50:00,402.0
2020-07-21 11:00:00,400.3
2020-07-21 11:10:00,400.3
2020-07-21 11:20:00,400.0
2020-07-21 11:30:00,399.7
2020-07-21 11:40:00,400.0
2020-07-21 11:50:00,400.2
2020-07-21 12:00:00,400.6
2020-07-21 12:10:00,400.4
2020-07-21 12:20:00,400.5
2020-07-21 12:30:00,400.6
2020-07-21 12:40:00,400.8
2020-07-21 12:50:00,401.0
2020-07-21 13:00:00,400.7
2020-07-21 13:10:00,400.5
2020-07-21 13:20:00,400.9
2020-07-21 13:30:00,400.7
2020-07-21 13:40:00,400.5
2020-07-21 13:50:00,400.5
2020-07-21 14:00:00,401.0
2020-07-21 14:10:00,401.2
2020-07-21 14:20:00,401.1
2020-07-21 14:30:00,401.1
2020-07-21 14:40:00,401.2
2020-07-21 14:50:00,401.3
2020-07-21 15:00:00,401.1
2020-07-21 15:10:00,401.4
2020-07-21 15:20:00,401.5
2020-07-21 15:30:00,401.5
2020-07-21 15:40:00,401.8
2020-07-21 15:50:00,402.2
2020-07-21 16:00:00,402.3
2020-07-21 16:10:00,402.3
2020-07-21 16:20:00,402.3
2020-07-21 16:30:00,401.8
2020-07-21 16:40:00,401.6
2020-07-21 16:50:00,401.5
2020-07-21 17:00:00,401.3
2020-07-21 17:10:00,401.0
2020-07-21 17:20:00,401.0
2020-07-21 17:30:00,400.9
2020-07-21 17:40:00,400.7
2020-07-21 17:50:00,400.3
2020-07-21 18:00:00,400.2
2020-07-21 18:10:00,400.1
2020-07-21 18:20:00,400.3
2020-07-21 18:30:00,400.3
2020-07-21 18:40:00,400.3
2020-07-21 18:50:00,400.4
2020-07-21 19:00:00,400.3
2020-07-21 19:10:00,400.4
2020-07-21 19:20:00,400.8
2020-07-21 19:30:00,401.1
2020-07-21 19:40:00,401.3
2020-07-21 19:50:00,402.0
2020-07-21 20:00:00,403.0
2020-07-21 20:10:00,403.7
2020-07-21 20:20:00,404.2
2020-07-21 20:30:00,404.5
2020-07-21 20:40:00,405.4
2020-07-21 20:50:00,405.7
2020-07-21 21:00:00,406.3
2020-07-21 21:10:00,407.0
2020-07-21 21:20:00,406.6
2020-07-21 21:30:00,406.7
2020-07-21 21:40:00,407.0
2020-07-21 21:50:00,407.6
2020-07-21 22:00:00,413.1
2020-07-21 22:10:00,414.6
2020-07-21 22:20:00,411.1
2020-07-21 22:30:00,411.0
2020-07-21 22:40:00,410.5
2020-07-21 22:50:00,410.5
2020-07-21 23:00:00,418.3
2020-07-21 23:10:00,413.1
2020-07-21 23:20:00,409.2
2020-07-21 23:30:00,408.7
2020-07-21 23:40:00,408.6
2020-07-21 23:50:00,424.5
2020-07-22 00:00:00,427.7
2020-07-22 00:10:00,423.2
2020-07-22 00:20:00,420.2
2020-07-22 00:30:00,426.4
2020-07-22 00:40:00,422.0
2020-07-22 00:50:00,420.7
2020-07-22 01:00:00,427.2
2020-07-22 01:10:00,425.9
2020-07-22 01:20:00,420.7
2020-07-22 01:30:00,413.3
2020-07-22 01:40:00,418.7
2020-07-22 01:50:00,430.2
2020-07-22 02:00:00,425.5
2020-07-22 02:10:00,425.3
2020-07-22 02:20:00,423.7
2020-07-22 02:30:00,423.9
2020-07-22 02:40:00,424.1
2020-07-22 02:50:00,424.3
2020-07-22 03:00:00,428.2
2020-07-22 03:10:00,426.5
2020-07-22 03:20:00,426.3
2020-07-22 03:30:00,425.1
2020-07-22 03:40:00,428.4
2020-07-22 03:50:00,431.5
2020-07-22 04:00:00,429.9
2020-07-22 04:10:00,426.8
2020-07-22 04:20:00,431.6
2020-07-22 04:30:00,437.7
2020-07-22 04:40:00,435.0
2020-07-22 04:50:00,441.7
2020-07-22 05:00:00,435.5
2020-07-22 05:10:00,433.1
2020-07-22 05:20:00,442.8
2020-07-22 05:30:00,435.3
2020-07-22 05:40:00,437.3
2020-07-22 05:50:00,443.1
2020-07-22 06:00:00,448.2
2020-07-22 06:10:00,453.0
2020-07-22 06:20:00,454.1
2020-07-22 06:30:00,450.3
2020-07-22 06:40:00,451.1
2020-07-22 06:50:00,456.6
2020-07-22 07:00:00,456.4
2020-07-22 07:10:00,456.1
2020-07-22 07:20:00,454.3
2020-07-22 07:30:00,452.0
2020-07-22 07:40:00,448.0
2020-07-22 07:50:00,443.2
2020-07-22 08:00:00,433.1
2020-07-22 08:10:00,425.0
2020-07-22 08:20:00,417.5
2020-07-22 08:30:00,413.7
2020-07-22 08:40:00,414.4
2020-07-22 08:50:00,414.5
2020-07-22 09:00:00,412.9
2020-07-22 09:10:00,412.3
2020-07-22 09:20:00,406.6
2020-07-22 09:30:00,407.2
2020-07-22 09:40:00,406.5
2020-07-22 09:50:00,402.8
2020-07-22 10:00:00,402.5
2020-07-22 10:10:00,402.7
2020-07-22 10:20:00,402.7
2020-07-22 10:30:00,402.5
2020-07-22 10:40:00,401.9
2020-07-22 10:50:00,401.9
2020-07-22 11:00:00,401.3
2020-07-22 11:10:00,400.8
2020-07-22 11:20:00,400.9
2020-07-22 11:30:00,400.7
2020-07-22 11:40:00,401.0
2020-07-22 11:50:00,401.0
2020-07-22 12:00:00,400.8
2020-07-22 12:10:00,400.7
2020-07-22 12:20:00,400.5
2020-07-22 12:30:00,400.9
2020-07-22 12:40:00,400.9
2020-07-22 12:50:00,401.2
2020-07-22 13:00:00,400.9
2020-07-22 13:10:00,400.3
2020-07-22 13:20:00,400.5
2020-07-22 13:30:00,400.8
2020-07-22 13:40:00,401.2
2020-07-22 13:50:00,401.3
2020-07-22 14:00:00,401.0
2020-07-22 14:10:00,400.8
2020-07-22 14:20:00,401.0
2020-07-22 14:30:00,401.1
2020-07-22 14:40:00,400.9
2020-07-22 14:50:00,400.9
2020-07-22 15:00:00,401.4
2020-07-22 15:10:00,400.9
2020-07-22 15:20:00,401.0
2020-07-22 15:30:00,401.5
2020-07-22 15:40:00,401.3
2020-07-22 15:50:00,401.2
2020-07-22 16:00:00,401.3
2020-07-22 16:10:00,401.4
2020-07-22 16:20:00,401.1
2020-07-22 16:30:00,401.1
2020-07-22 16:40:00,400.9
2020-07-22 16:50:00,400.9
2020-07-22 17:00:00,401.5
2020-07-22 17:10:00,401.7
2020-07-22 17:20:00,401.5
2020-07-22 17:30:00,401.5
2020-07-22 17:40:00,401.4
2020-07-22 17:50:00,401.4
2020-07-22 18:00:00,401.7
2020-07-22 18:10:00,401.7
2020-07-22 18:20:00,401.7
2020-07-22 18:30:00,401.6
2020-07-22 18:40:00,401.9
2020-07-22 18:50:00,401.6
2020-07-22 19:00:00,401.7
2020-07-22 19:10:00,401.9
2020-07-22 19:20:00,402.0
2020-07-22 19:30:00,402.1
2020-07-22 19:40:00,401.4
2020-07-22 19:50:00,401.0
2020-07-22 20:00:00,401.5
2020-07-22 20:10:00,401.9
2020-07-22 20:20:00,402.4
2020-07-22 20:30:00,403.0
2020-07-22 20:40:00,403.2
2020-07-22 20:50:00,404.6
2020-07-22 21:00:00,404.9
2020-07-22 21:10:00,405.2
2020-07-22 21:20:00,406.1
2020-07-22 21:30:00,407.2
2020-07-22 21:40:00,407.0
2020-07-22 21:50:00,406.8
2020-07-22 22:00:00,406.3
2020-07-22 22:10:00,406.3
2020-07-22 22:20:00,406.8
2020-07-22 22:30:00,407.2
2020-07-22 22:40:00,407.5
2020-07-22 22:50:00,407.1
2020-07-22 23:00:00,407.8
2020-07-22 23:10:00,408.5
2020-07-22 23:20:00,408.4
2020-07-22 23:30:00,407.7
2020-07-22 23:40:00,407.8
2020-07-22 23:50:00,408.4
2020-07-23 00:00:00,408.7
2020-07-23 00:10:00,411.1
2020-07-23 00:20:00,413.9
2020-07-23 00:30:00,408.9
2020-07-23 00:40:00,411.1
2020-07-23 00:50:00,413.5
2020-07-23 01:00:00,411.6
2020-07-23 01:10:00,410.6
2020-07-23 01:20:00,416.2
2020-07-23 01:30:00,420.0
2020-07-23 01:40:00,426.4
2020-07-23 01:50:00,426.6
2020-07-23 02:00:00,428.1
2020-07-23 02:10:00,417.7
2020-07-23 02:20:00,418.3
2020-07-23 02:30:00,413.9
2020-07-23 02:40:00,414.1
2020-07-23 02:50:00,417.3
2020-07-23 03:00:00,421.3
2020-07-23 03:10:00,420.3
2020-07-23 03:20:00,417.0
2020-07-23 03:30:00,414.9
2020-07-23 03:40:00,414.8
2020-07-23 03:50:00,415.3
2020-07-23 04:00:00,416.2
2020-07-23 04:10:00,417.6
2020-07-23 04:20:00,418.3
2020-07-23 04:30:00,419.2
2020-07-23 04:40:00,419.7
2020-07-23 04:50:00,426.8
2020-07-23 05:00:00,435.5
2020-07-23 05:10:00,435.9
2020-07-23 05:20:00,438.6
2020-07-23 05:30:00,438.8
2020-07-23 05:40:00,440.1
2020-07-23 05:50:00,447.2
2020-07-23 06:00:00,453.9
2020-07-23 06:10:00,451.8
2020-07-23 06:20:00,451.0
2020-07-23 06:30:00,451.6
2020-07-23 06:40:00,452.3
2020-07-23 06:50:00,449.9
2020-07-23 07:00:00,444.1
2020-07-23 07:10:00,429.7
2020-07-23 07:20:00,434.0
2020-07-23 07:30:00,425.1
2020-07-23 07:40:00,422.4
2020-07-23 07:50:00,419.9
2020-07-23 08:00:00,419.4
2020-07-23 08:10:00,419.1
2020-07-23 08:20:00,418.3
2020-07-23 08:30:00,417.6
2020-07-23 08:40:00,415.7
2020-07-23 08:50:00,414.9
2020-07-23 09:00:00,413.7
2020-07-23 09:10:00,412.1
2020-07-23 09:20:00,411.7
2020-07-23 09:30:00,410.9
2020-07-23 09:40:00,410.3
2020-07-23 09:50:00,408.5
2020-07-23 10:00:00,409.0
2020-07-23 10:10:00,408.6
2020-07-23 10:20:00,408.2
2020-07-23 10:30:00,407.3
2020-07-23 10:40:00,404.3
2020-07-23 10:50:00,404.4
2020-07-23 11:00:00,404.9
2020-07-23 11:10:00,404.8
2020-07-23 11:20:00,404.3
2020-07-23 11:30:00,404.2
2020-07-23 11:40:00,404.3
2020-07-23 11:50:00,404.3
2020-07-23 12:00:00,404.0
2020-07-23 12:10:00,403.7
2020-07-23 12:20:00,403.4
2020-07-23 12:30:00,403.2
2020-07-23 12:40:00,403.4
2020-07-23 12:50:00,403.4
2020-07-23 13:00:00,403.7
2020-07-23 13:10:00,403.4
2020-07-23 13:20:00,403.2
2020-07-23 13:30:00,402.7
2020-07-23 13:40:00,402.7
2020-07-23 13:50:00,402.8
2020-07-23 14:00:00,402.0
2020-07-23 14:10:00,402.5
2020-07-23 14:20:00,402.5
2020-07-23 14:30:00,402.1
2020-07-23 14:40:00,402.3
2020-07-23 14:50:00,402.5
2020-07-23 15:00:00,402.4
2020-07-23 15:10:00,402.5
2020-07-23 15:20:00,402.3
2020-07-23 15:30:00,402.6
2020-07-23 15:40:00,402.7
2020-07-23 15:50:00,402.4
2020-07-23 16:00:00,402.7
2020-07-23 16:10:00,402.3
2020-07-23 16:20:00,401.8
2020-07-23 16:30:00,402.2
2020-07-23 16:40:00,402.2
2020-07-23 16:50:00,402.8
2020-07-23 17:00:00,402.2
2020-07-23 17:10:00,402.0
2020-07-23 17:20:00,402.2
2020-07-23 17:30:00,402.5
2020-07-23 17:40:00,402.6
2020-07-23 17:50:00,401.8
2020-07-23 18:00:00,401.2
2020-07-23 18:10:00,400.8
2020-07-23 18:20:00,400.8
2020-07-23 18:30:00,400.7
2020-07-23 18:40:00,400.8
2020-07-23 18:50:00,400.9
2020-07-23 19:00:00,401.4
2020-07-23 19:10:00,401.8
2020-07-23 19:20:00,402.0
2020-07-23 19:30:00,402.5
2020-07-23 19:40:00,402.9
2020-07-23 19:50:00,403.2
2020-07-23 20:00:00,403.7
2020-07-23 20:10:00,403.8
2020-07-23 20:20:00,403.6
2020-07-23 20:30:00,404.7
2020-07-23 20:40:00,404.5
2020-07-23 20:50:00,406.0
2020-07-23 21:00:00,407.5
2020-07-23 21:10:00,408.0
2020-07-23 21:20:00,407.9
2020-07-23 21:30:00,408.8
2020-07-23 21:40:00,409.3
2020-07-23 21:50:00,412.0
2020-07-23 22:00:00,414.6
2020-07-23 22:10:00,414.8
2020-07-23 22:20:00,423.3
2020-07-23 22:30:00,422.6
2020-07-23 22:40:00,421.4
2020-07-23 22:50:00,419.0
2020-07-23 23:00:00,413.5
2020-07-23 23:10:00,419.6
2020-07-23 23:20:00,417.2
2020-07-23 23:30:00,415.3
2020-07-23 23:40:00,416.3
2020-07-23 23:50:00,416.6
2020-07-24 00:00:00,417.2
2020-07-24 00:10:00,421.1
2020-07-24 00:20:00,421.5
2020-07-24 00:30:00,420.6
2020-07-24 00:40:00,429.7
2020-07-24 00:50:00,431.3
2020-07-24 01:00:00,424.3
2020-07-24 01:10:00,423.5
2020-07-24 01:20:00,424.1
2020-07-24 01:30:00,426.4
2020-07-24 01:40:00,430.5
2020-07-24 01:50:00,426.7
2020-07-24 02:00:00,426.9
2020-07-24 02:10:00,436.7
2020-07-24 02:20:00,428.9
2020-07-24 02:30:00,438.1
2020-07-24 02:40:00,441.0
2020-07-24 02:50:00,440.4
2020-07-24 03:00:00,435.3
2020-07-24 03:10:00,443.1
2020-07-24 03:20:00,447.5
2020-07-24 03:30:00,444.0
2020-07-24 03:40:00,444.7
2020-07-24 03:50:00,437.1
2020-07-24 04:00:00,438.1
2020-07-24 04:10:00,450.9
2020-07-24 04:20:00,451.9
2020-07-24 04:30:00,447.1
2020-07-24 04:40:00,445.2
2020-07-24 04:50:00,447.6
2020-07-24 05:00:00,455.4
2020-07-24 05:10:00,456.7
2020-07-24 05:20:00,460.7
2020-07-24 05:30:00,461.0
2020-07-24 05:40:00,457.9
2020-07-24 05:50:00,456.5
2020-07-24 06:00:00,458.4
2020-07-24 06:10:00,459.6
2020-07-24 06:20:00,459.6
2020-07-24 06:30:00,459.4
2020-07-24 06:40:00,459.2
2020-07-24 06:50:00,458.7
2020-07-24 07:00:00,461.9
2020-07-24 07:10:00,464.5
2020-07-24 07:20:00,463.8
2020-07-24 07:30:00,462.8
2020-07-24 07:40:00,460.1
2020-07-24 07:50:00,456.6
2020-07-24 08:00:00,454.2
2020-07-24 08:10:00,451.7
2020-07-24 08:20:00,447.3
2020-07-24 08:30:00,442.3
2020-07-24 08:40:00,440.2
2020-07-24 08:50:00,436.2
2020-07-24 09:00:00,434.2
2020-07-24 09:10:00,431.1
2020-07-24 09:20:00,428.8
2020-07-24 09:30:00,425.2
2020-07-24 09:40:00,421.9
2020-07-24 09:50:00,418.1
2020-07-24 10:00:00,416.9
2020-07-24 10:10:00,411.8
2020-07-24 10:20:00,404.1
2020-07-24 10:30:00,400.3
2020-07-24 10:40:00,400.0
2020-07-24 10:50:00,400.4
2020-07-24 11:00:00,400.2
2020-07-24 11:10:00,400.1
2020-07-24 11:20:00,399.6
2020-07-24 11:30:00,399.9
2020-07-24 11:40:00,399.5
2020-07-24 11:50:00,399.0
2020-07-24 12:00:00,399.1
2020-07-24 12:10:00,399.2
2020-07-24 12:20:00,399.9
2020-07-24 12:30:00,400.0
2020-07-24 12:40:00,400.0
2020-07-24 12:50:00,400.1
2020-07-24 13:00:00,400.0
2020-07-24 13:10:00,400.6
2020-07-24 13:20:00,400.7
2020-07-24 13:30:00,401.5
2020-07-24 13:40:00,400.6
2020-07-24 13:50:00,400.3
2020-07-24 14:00:00,400.2
2020-07-24 14:10:00,400.2
2020-07-24 14:20:00,400.0
2020-07-24 14:30:00,399.7
2020-07-24 14:40:00,401.0
2020-07-24 14:50:00,400.4
2020-07-24 15:00:00,400.5
2020-07-24 15:10:00,401.3
2020-07-24 15:20:00,401.8
2020-07-24 15:30:00,402.2
2020-07-24 15:40:00,402.8
2020-07-24 15:50:00,402.5
2020-07-24 16:00:00,403.0
2020-07-24 16:10:00,404.1
2020-07-24 16:20:00,403.9
2020-07-24 16:30:00,403.9
2020-07-24 16:40:00,404.1
2020-07-24 16:50:00,404.6
2020-07-24 17:00:00,404.6
2020-07-24 17:10:00,405.0
2020-07-24 17:20:00,404.8
2020-07-24 17:30:00,404.3
2020-07-24 17:40:00,403.8
2020-07-24 17:50:00,403.6
2020-07-24 18:00:00,403.6
2020-07-24 18:10:00,403.8
2020-07-24 18:20:00,404.2
2020-07-24 18:30:00,404.7
2020-07-24 18:40:00,405.1
2020-07-24 18:50:00,405.1
2020-07-24 19:00:00,405.2
2020-07-24 19:10:00,405.6
2020-07-24 19:20:00,406.0
2020-07-24 19:30:00,406.3
2020-07-24 19:40:00,406.7
2020-07-24 19:50:00,408.1
2020-07-24 20:00:00,408.6
2020-07-24 20:10:00,408.8
2020-07-24 20:20:00,409.5
2020-07-24 20:30:00,409.6
2020-07-24 20:40:00,409.7
2020-07-24 20:50:00,409.5
2020-07-24 21:00:00,409.7
2020-07-24 21:10:00,409.9
2020-07-24 21:20:00,410.3
2020-07-24 21:30:00,410.5
2020-07-24 21:40:00,410.7
2020-07-24 21:50:00,411.1
2020-07-24 22:00:00,411.2
2020-07-24 22:10:00,410.4
2020-07-24 22:20:00,410.8
2020-07-24 22:30:00,410.4
2020-07-24 22:40:00,410.1
2020-07-24 22:50:00,410.1
2020-07-24 23:00:00,410.1
2020-07-24 23:10:00,410.3
2020-07-24 23:20:00,410.6
2020-07-24 23:30:00,411.0
2020-07-24 23:40:00,411.0
2020-07-24 23:50:00,412.2
2020-07-25 00:00:00,412.2
2020-07-25 00:10:00,413.8
2020-07-25 00:20:00,413.8
2020-07-25 00:30:00,413.2
2020-07-25 00:40:00,413.4
2020-07-25 00:50:00,413.2
2020-07-25 01:00:00,413.8
2020-07-25 01:10:00,413.8
2020-07-25 01:20:00,417.9
2020-07-25 01:30:00,428.0
2020-07-25 01:40:00,429.8
2020-07-25 01:50:00,424.0
2020-07-25 02:00:00,425.9
2020-07-25 02:10:00,428.5
2020-07-25 02:20:00,427.8
2020-07-25 02:30:00,426.0
2020-07-25 02:40:00,425.0
2020-07-25 02:50:00,425.9
2020-07-25 03:00:00,426.6
2020-07-25 03:10:00,427.1
2020-07-25 03:20:00,429.8
2020-07-25 03:30:00,427.5
2020-07-25 03:40:00,425.5
2020-07-25 03:50:00,426.2
2020-07-25 04:00:00,423.9
2020-07-25 04:10:00,428.7
2020-07-25 04:20:00,445.0
2020-07-25 04:30:00,446.4
2020-07-25 04:40:00,440.1
2020-07-25 04:50:00,434.1
2020-07-25 05:00:00,437.7
2020-07-25 05:10:00,440.1
2020-07-25 05:20:00,446.3
2020-07-25 05:30:00,459.2
2020-07-25 05:40:00,459.1
2020-07-25 05:50:00,460.5
2020-07-25 06:00:00,464.4
2020-07-25 06:10:00,465.6
2020-07-25 06:20:00,462.9
2020-07-25 06:30:00,460.9
2020-07-25 06:40:00,450.9
2020-07-25 06:50:00,449.3
2020-07-25 07:00:00,449.0
2020-07-25 07:10:00,447.9
2020-07-25 07:20:00,447.3
2020-07-25 07:30:00,448.6
2020-07-25 07:40:00,447.8
2020-07-25 07:50:00,444.9
2020-07-25 08:00:00,440.4
2020-07-25 08:10:00,433.8
2020-07-25 08:20:00,432.7
2020-07-25 08:30:00,430.3
2020-07-25 08:40:00,424.9
2020-07-25 08:50:00,418.8
2020-07-25 09:00:00,415.9
2020-07-25 09:10:00,415.6
2020-07-25 09:20:00,414.3
2020-07-25 09:30:00,412.3
2020-07-25 09:40:00,411.4
2020-07-25 09:50:00,410.4
2020-07-25 10:00:00,410.4
2020-07-25 10:10:00,409.3
2020-07-25 10:20:00,408.8
2020-07-25 10:30:00,408.1
2020-07-25 10:40:00,407.5
2020-07-25 10:50:00,406.1
2020-07-25 11:00:00,405.7
2020-07-25 11:10:00,405.1
2020-07-25 11:20:00,404.7
2020-07-25 11:30:00,404.7
2020-07-25 11:40:00,405.7
2020-07-25 11:50:00,405.8
2020-07-25 12:00:00,405.3
2020-07-25 12:10:00,405.0
2020-07-25 12:20:00,405.4
2020-07-25 12:30:00,405.3
2020-07-25 12:40:00,405.5
2020-07-25 12:50:00,404.6
2020-07-25 13:00:00,403.7
2020-07-25 13:10:00,403.5
2020-07-25 13:20:00,403.7
2020-07-25 13:30:00,403.6
2020-07-25 13:40:00,403.3
2020-07-25 13:50:00,403.3
2020-07-25 14:00:00,402.4
2020-07-25 14:10:00,402.1
2020-07-25 14:20:00,402.4
2020-07-25 14:30:00,403.1
2020-07-25 14:40:00,402.9
2020-07-25 14:50:00,402.7
2020-07-25 15:00:00,402.6
2020-07-25 15:10:00,402.6
2020-07-25 15:20:00,402.5
2020-07-25 15:30:00,402.2
2020-07-25 15:40:00,401.8
2020-07-25 15:50:00,401.3
2020-07-25 16:00:00,401.2
2020-07-25 16:10:00,401.0
2020-07-25 16:20:00,401.0
2020-07-25 16:30:00,401.2
2020-07-25 16:40:00,400.8
2020-07-25 16:50:00,400.5
2020-07-25 17:00:00,400.4
2020-07-25 17:10:00,400.6
2020-07-25 17:20:00,400.7
2020-07-25 17:30:00,400.6
2020-07-25 17:40:00,400.6
2020-07-25 17:50:00,400.7
2020-07-25 18:00:00,400.7
2020-07-25 18:10:00,400.7
2020-07-25 18:20:00,400.7
2020-07-25 18:30:00,400.4
2020-07-25 18:40:00,400.5
2020-07-25 18:50:00,400.7
2020-07-25 19:00:00,400.6
2020-07-25 19:10:00,400.7
2020-07-25 19:20:00,400.7
2020-07-25 19:30:00,400.9
2020-07-25 19:40:00,401.2
2020-07-25 19:50:00,401.7
2020-07-25 20:00:00,402.0
2020-07-25 20:10:00,402.4
2020-07-25 20:20:00,404.4
2020-07-25 20:30:00,406.0
2020-07-25 20:40:00,406.9
2020-07-25 20:50:00,407.0
2020-07-25 21:00:00,408.7
2020-07-25 21:10:00,407.1
2020-07-25 21:20:00,408.1
2020-07-25 21:30:00,411.3
2020-07-25 21:40:00,412.0
2020-07-25 21:50:00,410.9
2020-07-25 22:00:00,411.7
2020-07-25 22:10:00,413.2
2020-07-25 22:20:00,414.3
2020-07-25 22:30:00,414.4
2020-07-25 22:40:00,416.5
2020-07-25 22:50:00,416.7
2020-07-25 23:00:00,418.0
2020-07-25 23:10:00,421.3
2020-07-25 23:20:00,421.3
2020-07-25 23:30:00,422.4
2020-07-25 23:40:00,423.9
2020-07-25 23:50:00,421.8
2020-07-26 00:00:00,418.9
2020-07-26 00:10:00,419.8
2020-07-26 00:20:00,423.2
2020-07-26 00:30:00,425.8
2020-07-26 00:40:00,427.1
2020-07-26 00:50:00,428.4
2020-07-26 01:00:00,431.8
2020-07-26 01:10:00,437.7
2020-07-26 01:20:00,441.2
2020-07-26 01:30:00,444.9
2020-07-26 01:40:00,440.1
2020-07-26 01:50:00,439.7
2020-07-26 02:00:00,439.1
2020-07-26 02:10:00,441.8
2020-07-26 02:20:00,447.8
2020-07-26 02:30:00,454.8
2020-07-26 02:40:00,452.6
2020-07-26 02:50:00,452.5
2020-07-26 03:00:00,448.1
2020-07-26 03:10:00,446.6
2020-07-26 03:20:00,445.1
2020-07-26 03:30:00,443.0
2020-07-26 03:40:00,442.8
2020-07-26 03:50:00,443.3
2020-07-26 04:00:00,443.1
2020-07-26 04:10:00,446.0
2020-07-26 04:20:00,447.8
2020-07-26 04:30:00,446.5
2020-07-26 04:40:00,445.5
2020-07-26 04:50:00,444.5
2020-07-26 05:00:00,443.7
2020-07-26 05:10:00,443.3
2020-07-26 05:20:00,442.6
2020-07-26 05:30:00,439.7
2020-07-26 05:40:00,435.9
2020-07-26 05:50:00,422.7
2020-07-26 06:00:00,417.6
2020-07-26 06:10:00,417.8
2020-07-26 06:20:00,417.4
2020-07-26 06:30:00,416.1
2020-07-26 06:40:00,414.6
2020-07-26 06:50:00,416.4
2020-07-26 07:00:00,418.2
2020-07-26 07:10:00,420.9
2020-07-26 07:20:00,418.1
2020-07-26 07:30:00,422.9
2020-07-26 07:40:00,423.1
2020-07-26 07:50:00,426.9
2020-07-26 08:00:00,430.7
2020-07-26 08:10:00,429.1
2020-07-26 08:20:00,425.1
2020-07-26 08:30:00,422.9
2020-07-26 08:40:00,419.8
2020-07-26 08:50:00,418.0
2020-07-26 09:00:00,416.1
2020-07-26 09:10:00,414.2
2020-07-26 09:20:00,410.8
2020-07-26 09:30:00,409.3
2020-07-26 09:40:00,408.2
2020-07-26 09:50:00,406.8
2020-07-26 10:00:00,405.1
2020-07-26 10:10:00,403.0
2020-07-26 10:20:00,403.0
2020-07-26 10:30:00,403.1
2020-07-26 10:40:00,403.6
2020-07-26 10:50:00,404.1
2020-07-26 11:00:00,404.2
2020-07-26 11:10:00,404.1
2020-07-26 11:20:00,404.1
2020-07-26 11:30:00,403.8
2020-07-26 11:40:00,404.4
2020-07-26 11:50:00,404.2
2020-07-26 12:00:00,404.0
2020-07-26 12:10:00,403.9
2020-07-26 12:20:00,404.0
2020-07-26 12:30:00,403.6
2020-07-26 12:40:00,403.9
2020-07-26 12:50:00,403.4
2020-07-26 13:00:00,404.7
2020-07-26 13:10:00,405.7
2020-07-26 13:20:00,405.1
2020-07-26 13:30:00,404.3
2020-07-26 13:40:00,402.6
2020-07-26 13:50:00,401.7
2020-07-26 14:00:00,402.0
2020-07-26 14:10:00,401.7
2020-07-26 14:20:00,401.9
2020-07-26 14:30:00,401.9
2020-07-26 14:40:00,402.2
2020-07-26 14:50:00,402.0
2020-07-26 15:00:00,401.9
2020-07-26 15:10:00,402.1
2020-07-26 15:20:00,402.6
2020-07-26 15:30:00,402.3
2020-07-26 15:40:00,402.2
2020-07-26 15:50:00,401.8
2020-07-26 16:00:00,400.4
2020-07-26 16:10:00,400.3
2020-07-26 16:20:00,401.0
2020-07-26 16:30:00,401.3
2020-07-26 16:40:00,401.5
2020-07-26 16:50:00,401.6
2020-07-26 17:00:00,402.1
2020-07-26 17:10:00,403.0
2020-07-26 17:20:00,403.6
2020-07-26 17:30:00,404.9
2020-07-26 17:40:00,406.1
2020-07-26 17:50:00,404.1
2020-07-26 18:00:00,404.0
2020-07-26 18:10:00,404.6
2020-07-26 18:20:00,405.0
2020-07-26 18:30:00,405.0
2020-07-26 18:40:00,404.6
2020-07-26 18:50:00,405.8
2020-07-26 19:00:00,406.4
2020-07-26 19:10:00,406.3
2020-07-26 19:20:00,407.3
2020-07-26 19:30:00,409.3
2020-07-26 19:40:00,410.2
2020-07-26 19:50:00,411.6
2020-07-26 20:00:00,411.4
2020-07-26 20:10:00,411.2
2020-07-26 20:20:00,413.2
2020-07-26 20:30:00,413.0
2020-07-26 20:40:00,410.1
2020-07-26 20:50:00,410.4
2020-07-26 21:00:00,416.0
2020-07-26 21:10:00,418.9
2020-07-26 21:20:00,415.7
2020-07-26 21:30:00,414.8
2020-07-26 21:40:00,414.8
2020-07-26 21:50:00,418.4
2020-07-26 22:00:00,424.3
2020-07-26 22:10:00,425.6
2020-07-26 22:20:00,416.6
2020-07-26 22:30:00,416.0
2020-07-26 22:40:00,416.7
2020-07-26 22:50:00,419.9
2020-07-26 23:00:00,422.8
2020-07-26 23:10:00,424.5
2020-07-26 23:20:00,428.0
2020-07-26 23:30:00,427.8
2020-07-26 23:40:00,430.8
2020-07-26 23:50:00,437.0
2020-07-27 00:00:00,432.7
2020-07-27 00:10:00,435.3
2020-07-27 00:20:00,434.8
2020-07-27 00:30:00,438.0
2020-07-27 00:40:00,440.5
2020-07-27 00:50:00,438.5
2020-07-27 01:00:00,436.9
2020-07-27 01:10:00,437.1
2020-07-27 01:20:00,441.2
2020-07-27 01:30:00,444.3
2020-07-27 01:40:00,446.2
2020-07-27 01:50:00,444.9
2020-07-27 02:00:00,445.4
2020-07-27 02:10:00,442.5
2020-07-27 02:20:00,443.3
2020-07-27 02:30:00,445.1
2020-07-27 02:40:00,448.9
2020-07-27 02:50:00,449.7
2020-07-27 03:00:00,451.0
2020-07-27 03:10:00,446.4
2020-07-27 03:20:00,443.8
2020-07-27 03:30:00,438.7
2020-07-27 03:40:00,452.3
2020-07-27 03:50:00,456.8
2020-07-27 04:00:00,454.7
2020-07-27 04:10:00,456.7
2020-07-27 04:20:00,456.6
2020-07-27 04:30:00,448.0
2020-07-27 04:40:00,442.1
2020-07-27 04:50:00,446.3
2020-07-27 05:00:00,440.1
2020-07-27 05:10:00,448.0
2020-07-27 05:20:00,446.7
2020-07-27 05:30:00,450.6
2020-07-27 05:40:00,452.3
2020-07-27 05:50:00,452.8
2020-07-27 06:00:00,455.4
2020-07-27 06:10:00,464.2
2020-07-27 06:20:00,462.5
2020-07-27 06:30:00,458.4
2020-07-27 06:40:00,457.7
2020-07-27 06:50:00,459.9
2020-07-27 07:00:00,458.4
2020-07-27 07:10:00,455.6
2020-07-27 07:20:00,452.6
2020-07-27 07:30:00,449.0
2020-07-27 07:40:00,445.1
2020-07-27 07:50:00,440.5
2020-07-27 08:00:00,436.8
2020-07-27 08:10:00,433.3
2020-07-27 08:20:00,430.1
2020-07-27 08:30:00,427.5
2020-07-27 08:40:00,423.8
2020-07-27 08:50:00,421.8
2020-07-27 09:00:00,418.1
2020-07-27 09:10:00,414.9
2020-07-27 09:20:00,415.9
2020-07-27 09:30:00,410.6
2020-07-27 09:40:00,407.7
2020-07-27 09:50:00,405.8
2020-07-27 10:00:00,402.2
2020-07-27 10:10:00,400.1
2020-07-27 10:20:00,399.1
2020-07-27 10:30:00,399.3
2020-07-27 10:40:00,399.6
2020-07-27 10:50:00,399.8
2020-07-27 11:00:00,400.1
2020-07-27 11:10:00,400.3
2020-07-27 11:20:00,400.2
2020-07-27 11:30:00,400.2
2020-07-27 11:40:00,399.8
2020-07-27 11:50:00,399.4
2020-07-27 12:00:00,399.7
2020-07-27 12:10:00,399.2
2020-07-27 12:20:00,398.9
2020-07-27 12:30:00,399.3
2020-07-27 12:40:00,399.2
2020-07-27 12:50:00,399.3
2020-07-27 13:00:00,400.0
2020-07-27 13:10:00,399.1
2020-07-27 13:20:00,399.1
2020-07-27 13:30:00,399.1
2020-07-27 13:40:00,398.9
2020-07-27 13:50:00,399.1
2020-07-27 14:00:00,399.0
2020-07-27 14:10:00,399.0
2020-07-27 14:20:00,398.7
2020-07-27 14:30:00,398.4
2020-07-27 14:40:00,398.4
2020-07-27 14:50:00,398.6
2020-07-27 15:00:00,398.7
2020-07-27 15:10:00,399.0
2020-07-27 15:20:00,399.1
2020-07-27 15:30:00,399.7
2020-07-27 15:40:00,399.8
2020-07-27 15:50:00,400.0
2020-07-27 16:00:00,400.3
2020-07-27 16:10:00,401.8
2020-07-27 16:20:00,400.6
2020-07-27 16:30:00,400.7
2020-07-27 16:40:00,401.8
2020-07-27 16:50:00,400.6
2020-07-27 17:00:00,400.6
2020-07-27 17:10:00,400.6
2020-07-27 17:20:00,400.5
2020-07-27 17:30:00,400.4
2020-07-27 17:40:00,399.9
2020-07-27 17:50:00,399.8
2020-07-27 18:00:00,399.8
2020-07-27 18:10:00,399.9
2020-07-27 18:20:00,399.6
2020-07-27 18:30:00,399.5
2020-07-27 18:40:00,399.4
2020-07-27 18:50:00,399.8
2020-07-27 19:00:00,400.3
2020-07-27 19:10:00,400.8
2020-07-27 19:20:00,401.5
2020-07-27 19:30:00,401.6
2020-07-27 19:40:00,401.7
2020-07-27 19:50:00,401.9
2020-07-27 20:00:00,402.4
2020-07-27 20:10:00,403.5
2020-07-27 20:20:00,403.3
2020-07-27 20:30:00,402.5
2020-07-27 20:40:00,403.5
2020-07-27 20:50:00,405.0
2020-07-27 21:00:00,406.7
2020-07-27 21:10:00,408.2
2020-07-27 21:20:00,409.2
2020-07-27 21:30:00,409.9
2020-07-27 21:40:00,410.4
2020-07-27 21:50:00,409.8
2020-07-27 22:00:00,410.1
2020-07-27 22:10:00,410.6
2020-07-27 22:20:00,410.9
2020-07-27 22:30:00,411.4
2020-07-27 22:40:00,412.5
2020-07-27 22:50:00,412.8
2020-07-27 23:00:00,413.4
2020-07-27 23:10:00,414.1
2020-07-27 23:20:00,414.9
2020-07-27 23:30:00,415.7
2020-07-27 23:40:00,416.2
2020-07-27 23:50:00,416.8
2020-07-28 00:00:00,418.3
2020-07-28 00:10:00,425.3
2020-07-28 00:20:00,427.7
2020-07-28 00:30:00,432.4
2020-07-28 00:40:00,439.5
2020-07-28 00:50:00,448.9
2020-07-28 01:00:00,452.6
2020-07-28 01:10:00,450.3
2020-07-28 01:20:00,448.3
2020-07-28 01:30:00,444.1
2020-07-28 01:40:00,440.7
2020-07-28 01:50:00,438.2
2020-07-28 02:00:00,433.7
2020-07-28 02:10:00,433.5
2020-07-28 02:20:00,433.4
2020-07-28 02:30:00,433.1
2020-07-28 02:40:00,431.4
2020-07-28 02:50:00,431.9
2020-07-28 03:00:00,430.6
2020-07-28 03:10:00,430.5
2020-07-28 03:20:00,424.3
2020-07-28 03:30:00,429.5
2020-07-28 03:40:00,431.0
2020-07-28 03:50:00,429.0
2020-07-28 04:00:00,430.5
2020-07-28 04:10:00,433.1
2020-07-28 04:20:00,433.3
2020-07-28 04:30:00,431.9
2020-07-28 04:40:00,430.8
2020-07-28 04:50:00,429.7
2020-07-28 05:00:00,428.7
2020-07-28 05:10:00,422.3
2020-07-28 05:20:00,417.0
2020-07-28 05:30:00,417.3
2020-07-28 05:40:00,418.0
2020-07-28 05:50:00,414.6
2020-07-28 06:00:00,416.0
2020-07-28 06:10:00,419.2
2020-07-28 06:20:00,419.6
2020-07-28 06:30:00,419.3
2020-07-28 06:40:00,420.2
2020-07-28 06:50:00,420.6
2020-07-28 07:00:00,417.7
2020-07-28 07:10:00,416.7
2020-07-28 07:20:00,415.4
2020-07-28 07:30:00,414.6
2020-07-28 07:40:00,414.4
2020-07-28 07:50:00,413.4
2020-07-28 08:00:00,413.1
2020-07-28 08:10:00,413.0
2020-07-28 08:20:00,413.2
2020-07-28 08:30:00,412.9
2020-07-28 08:40:00,413.5
2020-07-28 08:50:00,416.0
2020-07-28 09:00:00,416.3
2020-07-28 09:10:00,414.8
2020-07-28 09:20:00,415.1
2020-07-28 09:30:00,416.6
2020-07-28 09:40:00,417.0
2020-07-28 09:50:00,415.2
2020-07-28 10:00:00,413.3
2020-07-28 10:10:00,412.9
2020-07-28 10:20:00,409.1
2020-07-28 10:30:00,406.7
2020-07-28 10:40:00,404.9
2020-07-28 10:50:00,404.2
2020-07-28 11:00:00,404.4
2020-07-28 11:10:00,404.7
2020-07-28 11:20:00,404.8
2020-07-28 11:30:00,404.5
2020-07-28 11:40:00,404.7
2020-07-28 11:50:00,404.6
2020-07-28 12:00:00,404.2
2020-07-28 12:10:00,404.2
2020-07-28 12:20:00,404.3
2020-07-28 12:30:00,404.2
2020-07-28 12:40:00,404.4
2020-07-28 12:50:00,404.8
2020-07-28 13:00:00,405.1
2020-07-28 13:10:00,404.3
2020-07-28 13:20:00,403.7
2020-07-28 13:30:00,403.9
2020-07-28 13:40:00,403.6
2020-07-28 13:50:00,403.8
2020-07-28 14:00:00,404.5
2020-07-28 14:10:00,405.2
2020-07-28 14:20:00,405.4
2020-07-28 14:30:00,404.5
2020-07-28 14:40:00,404.0
2020-07-28 14:50:00,404.3
2020-07-28 15:00:00,404.25136716496104
2020-07-28 15:10:00,404.1993081083786
2020-07-28 15:20:00,404.14726273435144
2020-07-28 15:30:00,404.09548418508956
2020-07-28 15:40:00,404.04422560280284
2020-07-28 15:50:00,403.9937401297013
2020-07-28 16:00:00,403.94428090799477
2020-07-28 16:10:00,403.8961010798933
2020-07-28 16:20:00,403.8494537876068
2020-07-28 16:30:00,403.80459217334527
2020-07-28 16:40:00,403.7617693793186
2020-07-28 16:50:00,403.72123854773673
2020-07-28 17:00:00,403.6832528208096
2020-07-28 17:10:00,403.6480653407473
2020-07-28 17:20:00,403.6159292497596
2020-07-28 17:30:00,403.5870976900565
2020-07-28 17:40:00,403.56182380384803
2020-07-28 17:50:00,403.5403607333441
2020-07-28 18:00:00,403.5229616207546
2020-07-28 18:10:00,403.5098796082895
2020-07-28 18:20:00,403.50136783815884
2020-07-28 18:30:00,403.49767945257247
2020-07-28 18:40:00,403.4990675937404
2020-07-28 18:50:00,403.50578540387255
2020-07-28 19:00:00,403.51808602517883
2020-07-28 19:10:00,403.53622259986923
2020-07-28 19:20:00,403.56044827015376
2020-07-28 19:30:00,403.5910161782423
2020-07-28 19:40:00,403.62817946634476
2020-07-28 19:50:00,403.6721912766712
2020-07-28 20:00:00,403.72330475143144
2020-07-28 20:10:00,403.78177303283553
2020-07-28 20:20:00,403.8478492630934
2020-07-28 20:30:00,403.921786584415
2020-07-28 20:40:00,404.0038381390102
2020-07-28 20:50:00,404.09425706908905
2020-07-28 21:00:00,404.1932965168615
2020-07-28 21:10:00,404.3012096245374
2020-07-28 21:20:00,404.41824953432683
2020-07-28 21:30:00,404.5446693884397
2020-07-28 21:40:00,404.6807223290859
2020-07-28 21:50:00,404.8266614984754
2020-07-28 22:00:00,404.9827400388182
2020-07-28 22:10:00,405.14921109232415
2020-07-28 22:20:00,405.3263278012033
2020-07-28 22:30:00,405.51434330766557
2020-07-28 22:40:00,405.7135107539209
2020-07-28 22:50:00,405.92408328217925
2020-07-28 23:00:00,406.1463140346506
2020-07-28 23:10:00,406.3804561535448
2020-07-28 23:20:00,406.7
2020-07-28 23:30:00,406.6
2020-07-28 23:40:00,407.3
2020-07-28 23:50:00,407.1
2020-07-29 00:00:00,407.4
2020-07-29 00:10:00,409.9
2020-07-29 00:20:00,409.6
2020-07-29 00:30:00,409.7
2020-07-29 00:40:00,409.5
2020-07-29 00:50:00,408.3
2020-07-29 01:00:00,408.2
2020-07-29 01:10:00,407.9
2020-07-29 01:20:00,407.8
2020-07-29 01:30:00,407.4
2020-07-29 01:40:00,407.2
2020-07-29 01:50:00,407.4
2020-07-29 02:00:00,407.6
2020-07-29 02:10:00,407.2
2020-07-29 02:20:00,407.4
2020-07-29 02:30:00,407.0
2020-07-29 02:40:00,407.5
2020-07-29 02:50:00,409.6
2020-07-29 03:00:00,408.8
2020-07-29 03:10:00,410.0
2020-07-29 03:20:00,411.2
2020-07-29 03:30:00,411.8
2020-07-29 03:40:00,412.4
2020-07-29 03:50:00,412.6
2020-07-29 04:00:00,413.1
2020-07-29 04:10:00,413.6
2020-07-29 04:20:00,414.0
2020-07-29 04:30:00,412.8
2020-07-29 04:40:00,412.2
2020-07-29 04:50:00,411.9
2020-07-29 05:00:00,411.4
2020-07-29 05:10:00,410.8
2020-07-29 05:20:00,411.0
2020-07-29 05:30:00,411.5
2020-07-29 05:40:00,411.7
2020-07-29 05:50:00,411.2
2020-07-29 06:00:00,410.7
2020-07-29 06:10:00,410.4
2020-07-29 06:20:00,410.4
2020-07-29 06:30:00,409.9
2020-07-29 06:40:00,409.5
2020-07-29 06:50:00,410.0
2020-07-29 07:00:00,410.7
2020-07-29 07:10:00,410.3
2020-07-29 07:20:00,409.7
2020-07-29 07:30:00,409.1
2020-07-29 07:40:00,408.1
2020-07-29 07:50:00,407.4
2020-07-29 08:00:00,407.3
2020-07-29 08:10:00,406.4
2020-07-29 08:20:00,405.6
2020-07-29 08:30:00,405.1
2020-07-29 08:40:00,404.1
2020-07-29 08:50:00,403.6
2020-07-29 09:00:00,403.5
2020-07-29 09:10:00,403.9
2020-07-29 09:20:00,404.4
2020-07-29 09:30:00,404.6
2020-07-29 09:40:00,403.8
2020-07-29 09:50:00,403.9
2020-07-29 10:00:00,403.1
2020-07-29 10:10:00,402.9
2020-07-29 10:20:00,402.8
2020-07-29 10:30:00,402.9
2020-07-29 10:40:00,402.9
2020-07-29 10:50:00,402.5
2020-07-29 11:00:00,402.3
2020-07-29 11:10:00,402.1700918232496
2020-07-29 11:20:00,402.0056014095939
2020-07-29 11:30:00,401.84390703786204
2020-07-29 11:40:00,401.68529027687737
2020-07-29 11:50:00,401.5300326954633
2020-07-29 12:00:00,401.37841586244326
2020-07-29 12:10:00,401.2307213466406
2020-07-29 12:20:00,401.08723071687876
2020-07-29 12:30:00,400.94822554198106
2020-07-29 12:40:00,400.81398739077093
2020-07-29 12:50:00,400.68479783207175
2020-07-29 13:00:00,400.5609384347069
2020-07-29 13:10:00,400.44269076749976
2020-07-29 13:20:00,400.33033639927373
2020-07-29 13:30:00,400.2241568988522
2020-07-29 13:40:00,400.12443383505854
2020-07-29 13:50:00,400.03144877671616
2020-07-29 14:00:00,399.9454832926485
2020-07-29 14:10:00,399.8668189516788
2020-07-29 14:20:00,399.7957373226306
2020-07-29 14:30:00,399.7325199743272
2020-07-29 14:40:00,399.67744847559203
2020-07-29 14:50:00,399.6308043952485
2020-07-29 15:00:00,399.59286930211994
2020-07-29 15:10:00,399.56392476502975
2020-07-29 15:20:00,399.5442523528014
2020-07-29 15:30:00,399.5341336342582
2020-07-29 15:40:00,399.53385017822353
2020-07-29 15:50:00,399.5436835535208
2020-07-29 16:00:00,399.5639153289734
2020-07-29 16:10:00,399.59482707340476
2020-07-29 16:20:00,399.6367003556382
2020-07-29 16:30:00,399.68981674449714
2020-07-29 16:40:00,399.754457808805
2020-07-29 16:50:00,399.83090511738516
2020-07-29 17:00:00,399.919440239061
2020-07-29 17:10:00,400.0203447426558
2020-07-29 17:20:00,400.1339001969931
2020-07-29 17:30:00,400.26038817089625
2020-07-29 17:40:00,400.4000902331886
2020-07-29 17:50:00,400.5532879526936
2020-07-29 18:00:00,400.7202628982346
2020-07-29 18:10:00,400.90129663863496
2020-07-29 18:20:00,401.0966707427181
2020-07-29 18:30:00,401.3066667793074
2020-07-29 18:40:00,401.5315663172263
2020-07-29 18:50:00,401.7716509252981
2020-07-29 19:00:00,402.0272021723463
2020-07-29 19:10:00,402.2985016271942
2020-07-29 19:20:00,402.5858308586652
2020-07-29 19:30:00,403.0
2020-07-29 19:40:00,403.1
2020-07-29 19:50:00,403.5
2020-07-29 20:00:00,403.7
2020-07-29 20:10:00,404.1
2020-07-29 20:20:00,404.6
2020-07-29 20:30:00,405.0
2020-07-29 20:40:00,406.1
2020-07-29 20:50:00,406.8
2020-07-29 21:00:00,406.9
2020-07-29 21:10:00,407.0
2020-07-29 21:20:00,407.1
2020-07-29 21:30:00,407.9
2020-07-29 21:40:00,409.0
2020-07-29 21:50:00,409.3
2020-07-29 22:00:00,410.0
2020-07-29 22:10:00,411.9
2020-07-29 22:20:00,410.1
2020-07-29 22:30:00,411.3
2020-07-29 22:40:00,409.3
2020-07-29 22:50:00,409.8
2020-07-29 23:00:00,409.3
2020-07-29 23:10:00,418.0
2020-07-29 23:20:00,414.5
2020-07-29 23:30:00,413.4
2020-07-29 23:40:00,412.4
2020-07-29 23:50:00,416.4
2020-07-30 00:00:00,416.8
2020-07-30 00:10:00,423.5
2020-07-30 00:20:00,421.2
2020-07-30 00:30:00,425.0
2020-07-30 00:40:00,425.5
2020-07-30 00:50:00,416.6
2020-07-30 01:00:00,419.8
2020-07-30 01:10:00,422.5
2020-07-30 01:20:00,419.1
2020-07-30 01:30:00,420.8
2020-07-30 01:40:00,421.4
2020-07-30 01:50:00,417.5
2020-07-30 02:00:00,421.0
2020-07-30 02:10:00,427.4
2020-07-30 02:20:00,421.0
2020-07-30 02:30:00,422.1
2020-07-30 02:40:00,422.9
2020-07-30 02:50:00,427.1
2020-07-30 03:00:00,424.8
2020-07-30 03:10:00,427.4
2020-07-30 03:20:00,424.7
2020-07-30 03:30:00,425.0
2020-07-30 03:40:00,422.9
2020-07-30 03:50:00,427.3
2020-07-30 04:00:00,425.1
2020-07-30 04:10:00,429.6
2020-07-30 04:20:00,431.6
2020-07-30 04:30:00,431.8
2020-07-30 04:40:00,430.2
2020-07-30 04:50:00,427.5
2020-07-30 05:00:00,427.7
2020-07-30 05:10:00,427.9
2020-07-30 05:20:00,430.2
2020-07-30 05:30:00,430.1
2020-07-30 05:40:00,427.7
2020-07-30 05:50:00,431.0
2020-07-30 06:00:00,433.0
2020-07-30 06:10:00,433.6
2020-07-30 06:20:00,444.9
2020-07-30 06:30:00,456.8
2020-07-30 06:40:00,452.2
2020-07-30 06:50:00,448.9
2020-07-30 07:00:00,449.4
2020-07-30 07:10:00,450.3
2020-07-30 07:20:00,445.7
2020-07-30 07:30:00,442.6
2020-07-30 07:40:00,441.2
2020-07-30 07:50:00,437.1
2020-07-30 08:00:00,434.2
2020-07-30 08:10:00,431.8
2020-07-30 08:20:00,427.6
2020-07-30 08:30:00,423.3
2020-07-30 08:40:00,420.2
2020-07-30 08:50:00,413.6
2020-07-30 09:00:00,414.2
2020-07-30 09:10:00,406.4
2020-07-30 09:20:00,403.8
2020-07-30 09:30:00,403.6
2020-07-30 09:40:00,404.8
2020-07-30 09:50:00,404.0
2020-07-30 10:00:00,403.9
2020-07-30 10:10:00,401.6983076733855
2020-07-30 10:20:00,400.6247506515854
2020-07-30 10:30:00,399.61949948991446
2020-07-30 10:40:00,398.6809778622832
2020-07-30 10:50:00,397.80760944260203
2020-07-30 11:00:00,396.99781790478136
2020-07-30 11:10:00,396.2500269227316
2020-07-30 11:20:00,395.5626601703632
2020-07-30 11:30:00,394.9341413215866
2020-07-30 11:40:00,394.3628940503122
2020-07-30 11:50:00,393.8473420304505
2020-07-30 12:00:00,393.3859089359118
2020-07-30 12:10:00,392.9770184406066
2020-07-30 12:20:00,392.6190942184454
2020-07-30 12:30:00,392.31055994333855
2020-07-30 12:40:00,392.0498392891964
2020-07-30 12:50:00,391.83535592992956
2020-07-30 13:00:00,391.66553353944835
2020-07-30 13:10:00,391.5387957916632
2020-07-30 13:20:00,391.4535663604845
2020-07-30 13:30:00,391.4082689198227
2020-07-30 13:40:00,391.4013271435883
2020-07-30 13:50:00,391.43116470569163
2020-07-30 14:00:00,391.49620528004317
2020-07-30 14:10:00,391.59487254055335
2020-07-30 14:20:00,391.72559016113263
2020-07-30 14:30:00,391.88678181569134
2020-07-30 14:40:00,392.07687117814
2020-07-30 14:50:00,392.2942819223889
2020-07-30 15:00:00,392.53743772234867
2020-07-30 15:10:00,392.80476225192956
2020-07-30 15:20:00,393.0946791850421
2020-07-30 15:30:00,393.4056121955967
2020-07-30 15:40:00,393.7359849575038
2020-07-30 15:50:00,394.0842211446738
2020-07-30 16:00:00,394.4487444310171
2020-07-30 16:10:00,394.8279784904441
2020-07-30 16:20:00,395.2203469968653
2020-07-30 16:30:00,395.62427362419123
2020-07-30 16:40:00,396.0381820463321
2020-07-30 16:50:00,396.4604959371985
2020-07-30 17:00:00,396.8896389707008
2020-07-30 17:10:00,397.32403482074943
2020-07-30 17:20:00,397.7621071612548
2020-07-30 17:30:00,398.20227966612737
2020-07-30 17:40:00,398.64297600927756
2020-07-30 17:50:00,399.08261986461576
2020-07-30 18:00:00,399.5196349060524
2020-07-30 18:10:00,399.95244480749795
2020-07-30 18:20:00,400.37947324286284
2020-07-30 18:30:00,400.9
2020-07-30 18:40:00,401.2
2020-07-30 18:50:00,401.6
2020-07-30 19:00:00,401.8
2020-07-30 19:10:00,402.0
2020-07-30 19:20:00,401.7
2020-07-30 19:30:00,403.5
2020-07-30 19:40:00,403.7
2020-07-30 19:50:00,404.2
2020-07-30 20:00:00,404.5
2020-07-30 20:10:00,404.6
2020-07-30 20:20:00,404.9
2020-07-30 20:30:00,406.4
2020-07-30 20:40:00,407.1
2020-07-30 20:50:00,407.3
2020-07-30 21:00:00,408.3
2020-07-30 21:10:00,408.6
2020-07-30 21:20:00,408.3
2020-07-30 21:30:00,408.4
2020-07-30 21:40:00,409.1
2020-07-30 21:50:00,408.8
2020-07-30 22:00:00,408.1
2020-07-30 22:10:00,407.9
2020-07-30 22:20:00,408.0
2020-07-30 22:30:00,408.6
2020-07-30 22:40:00,409.3
2020-07-30 22:50:00,413.6
2020-07-30 23:00:00,411.4
2020-07-30 23:10:00,409.3
2020-07-30 23:20:00,414.3
2020-07-30 23:30:00,418.4
2020-07-30 23:40:00,414.1
2020-07-30 23:50:00,416.4
2020-07-31 00:00:00,417.3
2020-07-31 00:10:00,418.9
2020-07-31 00:20:00,417.0
2020-07-31 00:30:00,421.0
2020-07-31 00:40:00,429.4
2020-07-31 00:50:00,428.1
2020-07-31 01:00:00,430.9
2020-07-31 01:10:00,431.7735387847495
2020-07-31 01:20:00,433.17595893227536
2020-07-31 01:30:00,434.45390636851783
2020-07-31 01:40:00,435.6106117396882
2020-07-31 01:50:00,436.64930569199765
2020-07-31 02:00:00,437.5732188716574
2020-07-31 02:10:00,438.3855819248787
2020-07-31 02:20:00,439.08962549787276
2020-07-31 02:30:00,439.68858023685084
2020-07-31 02:40:00,440.1856767880241
2020-07-31 02:50:00,440.5841457976038
2020-07-31 03:00:00,440.88721791180114
2020-07-31 03:10:00,441.0981237768274
2020-07-31 03:20:00,441.2200940388937
2020-07-31 03:30:00,441.2563593442114
2020-07-31 03:40:00,441.2101503389916
2020-07-31 03:50:00,441.0846976694456
2020-07-31 04:00:00,440.88323198178455
2020-07-31 04:10:00,440.60898392221975
2020-07-31 04:20:00,440.2651841369624
2020-07-31 04:30:00,439.8550632722237
2020-07-31 04:40:00,439.38185197421484
2020-07-31 04:50:00,438.8487808891472
2020-07-31 05:00:00,438.2590806632319
2020-07-31 05:10:00,437.6159819426801
2020-07-31 05:20:00,436.92271537370306
2020-07-31 05:30:00,436.1825116025121
2020-07-31 05:40:00,435.3986012753183
2020-07-31 05:50:00,434.574215038333
2020-07-31 06:00:00,433.7125835377674
2020-07-31 06:10:00,432.81693741983264
2020-07-31 06:20:00,431.89050733074
2020-07-31 06:30:00,430.9365239167008
2020-07-31 06:40:00,429.9582178239262
2020-07-31 06:50:00,428.9588196986273
2020-07-31 07:00:00,427.9415601870154
2020-07-31 07:10:00,426.9096699353018
2020-07-31 07:20:00,425.86637958969766
2020-07-31 07:30:00,424.8149197964141
2020-07-31 07:40:00,423.75852120166246
2020-07-31 07:50:00,422.70041445165396
2020-07-31 08:00:00,421.6438301925999
2020-07-31 08:10:00,420.59199907071144
2020-07-31 08:20:00,419.5481517321997
2020-07-31 08:30:00,418.515518823276
2020-07-31 08:40:00,417.4973309901515
2020-07-31 08:50:00,416.4968188790375
2020-07-31 09:00:00,415.5172131361452
2020-07-31 09:10:00,414.5617444076858
2020-07-31 09:20:00,413.6336433398707
2020-07-31 09:30:00,412.4
2020-07-31 09:40:00,411.9
2020-07-31 09:50:00,412.0
2020-07-31 10:00:00,411.0
2020-07-31 10:10:00,409.2
2020-07-31 10:20:00,408.1
2020-07-31 10:30:00,408.0
2020-07-31 10:40:00,406.9
2020-07-31 10:50:00,406.4
2020-07-31 11:00:00,405.8
2020-07-31 11:10:00,405.5
2020-07-31 11:20:00,405.3
2020-07-31 11:30:00,405.1
2020-07-31 11:40:00,404.5
2020-07-31 11:50:00,404.4
2020-07-31 12:00:00,404.0
2020-07-31 12:10:00,403.5
2020-07-31 12:20:00,403.6
2020-07-31 12:30:00,403.7
2020-07-31 12:40:00,404.0
2020-07-31 12:50:00,403.6
2020-07-31 13:00:00,403.5
2020-07-31 13:10:00,404.3
2020-07-31 13:20:00,403.6
2020-07-31 13:30:00,403.5
2020-07-31 13:40:00,403.7
2020-07-31 13:50:00,403.5
2020-07-31 14:00:00,403.4
2020-07-31 14:10:00,403.5
2020-07-31 14:20:00,403.2
2020-07-31 14:30:00,403.7
2020-07-31 14:40:00,403.3
2020-07-31 14:50:00,403.7
2020-07-31 15:00:00,403.0
2020-07-31 15:10:00,403.3
2020-07-31 15:20:00,403.0
2020-07-31 15:30:00,402.9
2020-07-31 15:40:00,403.0
2020-07-31 15:50:00,402.9
2020-07-31 16:00:00,403.0
2020-07-31 16:10:00,403.3
2020-07-31 16:20:00,403.0
2020-07-31 16:30:00,402.8
2020-07-31 16:40:00,403.0
2020-07-31 16:50:00,402.9
2020-07-31 17:00:00,403.2
2020-07-31 17:10:00,403.3
2020-07-31 17:20:00,403.2
2020-07-31 17:30:00,403.2
2020-07-31 17:40:00,403.4
2020-07-31 17:50:00,403.5
2020-07-31 18:00:00,404.6
2020-07-31 18:10:00,404.8
2020-07-31 18:20:00,404.5
2020-07-31 18:30:00,404.3
2020-07-31 18:40:00,403.8
2020-07-31 18:50:00,404.4
2020-07-31 19:00:00,404.1
2020-07-31 19:10:00,404.8
2020-07-31 19:20:00,405.9
2020-07-31 19:30:00,406.8
2020-07-31 19:40:00,407.4
2020-07-31 19:50:00,407.6
2020-07-31 20:00:00,408.0
2020-07-31 20:10:00,408.9
2020-07-31 20:20:00,409.6
2020-07-31 20:30:00,412.2
2020-07-31 20:40:00,411.4
2020-07-31 20:50:00,410.2
2020-07-31 21:00:00,410.5
2020-07-31 21:10:00,412.7
2020-07-31 21:20:00,415.4
2020-07-31 21:30:00,413.2
2020-07-31 21:40:00,414.7
2020-07-31 21:50:00,417.9
2020-07-31 22:00:00,417.1
2020-07-31 22:10:00,417.9
2020-07-31 22:20:00,416.9
2020-07-31 22:30:00,422.1
2020-07-31 22:40:00,433.0
2020-07-31 22:50:00,430.0
2020-07-31 23:00:00,418.8
2020-07-31 23:10:00,418.0
2020-07-31 23:20:00,422.6
2020-07-31 23:30:00,430.6
2020-07-31 23:40:00,429.7
2020-07-31 23:50:00,428.8
2020-08-01 00:00:00,429.8
2020-08-01 00:10:00,438.3
2020-08-01 00:20:00,431.7
2020-08-01 00:30:00,433.8
2020-08-01 00:40:00,438.3
2020-08-01 00:50:00,437.8
2020-08-01 01:00:00,435.4
2020-08-01 01:10:00,431.0
2020-08-01 01:20:00,426.2
2020-08-01 01:30:00,425.0
2020-08-01 01:40:00,424.9
2020-08-01 01:50:00,426.4
2020-08-01 02:00:00,431.1
2020-08-01 02:10:00,435.7
2020-08-01 02:20:00,434.9
2020-08-01 02:30:00,445.6
2020-08-01 02:40:00,445.8
2020-08-01 02:50:00,445.7
2020-08-01 03:00:00,445.6
2020-08-01 03:10:00,442.0
2020-08-01 03:20:00,440.1
2020-08-01 03:30:00,439.2
2020-08-01 03:40:00,441.2
2020-08-01 03:50:00,450.4
2020-08-01 04:00:00,457.3
2020-08-01 04:10:00,457.8
2020-08-01 04:20:00,458.1
2020-08-01 04:30:00,450.9
2020-08-01 04:40:00,441.7
2020-08-01 04:50:00,455.3
2020-08-01 05:00:00,456.8
2020-08-01 05:10:00,450.3
2020-08-01 05:20:00,442.8
2020-08-01 05:30:00,446.0
2020-08-01 05:40:00,456.8
2020-08-01 05:50:00,464.7
2020-08-01 06:00:00,465.2
2020-08-01 06:10:00,464.7
2020-08-01 06:20:00,468.4
2020-08-01 06:30:00,464.5
2020-08-01 06:40:00,461.3
2020-08-01 06:50:00,459.8
2020-08-01 07:00:00,462.1
2020-08-01 07:10:00,460.1
2020-08-01 07:20:00,455.6
2020-08-01 07:30:00,449.9
2020-08-01 07:40:00,445.6
2020-08-01 07:50:00,439.5
2020-08-01 08:00:00,433.3
2020-08-01 08:10:00,429.3
2020-08-01 08:20:00,426.3
2020-08-01 08:30:00,424.7
2020-08-01 08:40:00,425.3
2020-08-01 08:50:00,425.5
2020-08-01 09:00:00,424.2
2020-08-01 09:10:00,423.2
2020-08-01 09:20:00,422.5
2020-08-01 09:30:00,422.2
2020-08-01 09:40:00,420.3
2020-08-01 09:50:00,419.0
2020-08-01 10:00:00,416.5
2020-08-01 10:10:00,412.9
2020-08-01 10:20:00,409.4
2020-08-01 10:30:00,407.8
2020-08-01 10:40:00,407.4
2020-08-01 10:50:00,407.9
2020-08-01 11:00:00,407.0
2020-08-01 11:10:00,406.5
2020-08-01 11:20:00,406.6
2020-08-01 11:30:00,406.4
2020-08-01 11:40:00,406.1
2020-08-01 11:50:00,406.0
2020-08-01 12:00:00,406.1
2020-08-01 12:10:00,406.1
2020-08-01 12:20:00,406.1
2020-08-01 12:30:00,406.3
2020-08-01 12:40:00,406.1
2020-08-01 12:50:00,406.1
2020-08-01 13:00:00,405.9
2020-08-01 13:10:00,405.6
2020-08-01 13:20:00,406.2
2020-08-01 13:30:00,405.9
2020-08-01 13:40:00,405.5
2020-08-01 13:50:00,405.6557178600517
2020-08-01 14:00:00,405.641225370066
2020-08-01 14:10:00,405.63915495577066
2020-08-01 14:20:00,405.64940279901657
2020-08-01 14:30:00,405.6718650816548
2020-08-01 14:40:00,405.70643798553635
2020-08-01 14:50:00,405.75301769251223
2020-08-01 15:00:00,405.81150038443343
2020-08-01 15:10:00,405.88178224315095
2020-08-01 15:20:00,405.9637594505158
2020-08-01 15:30:00,406.05732818837896
2020-08-01 15:40:00,406.16238463859145
2020-08-01 15:50:00,406.2788249830043
2020-08-01 16:00:00,406.4065454034685
2020-08-01 16:10:00,406.54544208183506
2020-08-01 16:20:00,406.695411199955
2020-08-01 16:30:00,406.8563489396793
2020-08-01 16:40:00,407.028151482859
2020-08-01 16:50:00,407.2107150113451
2020-08-01 17:00:00,407.40393570698853
2020-08-01 17:10:00,407.60770975164036
2020-08-01 17:20:00,407.82193332715156
2020-08-01 17:30:00,408.0465026153732
2020-08-01 17:40:00,408.2813137981562
2020-08-01 17:50:00,408.5262630573516
2020-08-01 18:00:00,408.7812465748105
2020-08-01 18:10:00,409.0461605323838
2020-08-01 18:20:00,409.3209011119225
2020-08-01 18:30:00,409.6053644952776
2020-08-01 18:40:00,409.8994468643002
2020-08-01 18:50:00,410.20304440084124
2020-08-01 19:00:00,410.5160532867517
2020-08-01 19:10:00,410.8383697038826
2020-08-01 19:20:00,411.169889834085
2020-08-01 19:30:00,411.51050985920983
2020-08-01 19:40:00,411.8601259611081
2020-08-01 19:50:00,412.2186343216309
2020-08-01 20:00:00,412.5859311226291
2020-08-01 20:10:00,412.96191254595385
2020-08-01 20:20:00,413.34647477345607
2020-08-01 20:30:00,413.7395139869868
2020-08-01 20:40:00,414.14092636839706
2020-08-01 20:50:00,414.5506080995378
2020-08-01 21:00:00,414.96845536226004
2020-08-01 21:10:00,415.3943643384148
2020-08-01 21:20:00,415.8282312098531
2020-08-01 21:30:00,416.2699521584259
2020-08-01 21:40:00,416.7194233659842
2020-08-01 21:50:00,417.1765410143791
2020-08-01 22:00:00,417.64120128546153
2020-08-01 22:10:00,417.4
2020-08-01 22:20:00,418.9
2020-08-01 22:30:00,421.0
2020-08-01 22:40:00,420.8
2020-08-01 22:50:00,419.2
2020-08-01 23:00:00,418.6
2020-08-01 23:10:00,418.8
2020-08-01 23:20:00,422.9
2020-08-01 23:30:00,420.7
2020-08-01 23:40:00,421.8
2020-08-01 23:50:00,423.5
2020-08-02 00:00:00,422.4
2020-08-02 00:10:00,420.2
2020-08-02 00:20:00,423.5
2020-08-02 00:30:00,427.7
2020-08-02 00:40:00,425.0
2020-08-02 00:50:00,426.0
2020-08-02 01:00:00,427.4
2020-08-02 01:10:00,431.5
2020-08-02 01:20:00,433.4
2020-08-02 01:30:00,432.9
2020-08-02 01:40:00,434.8
2020-08-02 01:50:00,437.9
2020-08-02 02:00:00,439.1
2020-08-02 02:10:00,435.2
2020-08-02 02:20:00,435.3
2020-08-02 02:30:00,441.1
2020-08-02 02:40:00,439.8
2020-08-02 02:50:00,437.6
2020-08-02 03:00:00,435.6
2020-08-02 03:10:00,436.5
2020-08-02 03:20:00,442.7
2020-08-02 03:30:00,442.5
2020-08-02 03:40:00,436.3
2020-08-02 03:50:00,434.9
2020-08-02 04:00:00,437.1
2020-08-02 04:10:00,435.4
2020-08-02 04:20:00,434.8
2020-08-02 04:30:00,442.8
2020-08-02 04:40:00,439.0
2020-08-02 04:50:00,440.7
2020-08-02 05:00:00,438.3
2020-08-02 05:10:00,443.5
2020-08-02 05:20:00,444.5
2020-08-02 05:30:00,450.0
2020-08-02 05:40:00,454.2
2020-08-02 05:50:00,455.7
2020-08-02 06:00:00,455.8
2020-08-02 06:10:00,457.32133103578207
2020-08-02 06:20:00,458.4604253719737
2020-08-02 06:30:00,459.43414827143545
2020-08-02 06:40:00,460.2480216163391
2020-08-02 06:50:00,460.90756728885646
2020-08-02 07:00:00,461.4183071711594
2020-08-02 07:10:00,461.78576314541976
2020-08-02 07:20:00,462.0154570938093
2020-08-02 07:30:00,462.1129108984998
2020-08-02 07:40:00,462.0836464416632
2020-08-02 07:50:00,461.9331856054712
2020-08-02 08:00:00,461.6670502720956
2020-08-02 08:10:00,461.2907623237083
2020-08-02 08:20:00,460.8098436424811
2020-08-02 08:30:00,460.2298161105858
2020-08-02 08:40:00,459.5562016101942
2020-08-02 08:50:00,458.7945220234781
2020-08-02 09:00:00,457.9502992326094
2020-08-02 09:10:00,457.02905511975985
2020-08-02 09:20:00,456.0363115671013
2020-08-02 09:30:00,454.9775904568055
2020-08-02 09:40:00,453.8584136710444
2020-08-02 09:50:00,452.68430309198965
2020-08-02 10:00:00,451.46078060181316
2020-08-02 10:10:00,450.19336808268673
2020-08-02 10:20:00,448.88758741678214
2020-08-02 10:30:00,447.54896048627126
2020-08-02 10:40:00,446.1830091733259
2020-08-02 10:50:00,444.7952553601179
2020-08-02 11:00:00,443.39122092881894
2020-08-02 11:10:00,441.97642776160103
2020-08-02 11:20:00,440.5563977406359
2020-08-02 11:30:00,439.1366527480953
2020-08-02 11:40:00,437.72271466615115
2020-08-02 11:50:00,436.3201053769751
2020-08-02 12:00:00,434.93434676273927
2020-08-02 12:10:00,433.5709607056153
2020-08-02 12:20:00,432.2354690877749
2020-08-02 12:30:00,430.93339379139
2020-08-02 12:40:00,429.6702566986325
2020-08-02 12:50:00,428.45157969167406
2020-08-02 13:00:00,427.2828846526865
2020-08-02 13:10:00,426.1696934638418
2020-08-02 13:20:00,425.11752800731176
2020-08-02 13:30:00,424.13191016526787
2020-08-02 13:40:00,423.21836181988226
2020-08-02 13:50:00,422.38240485332665
2020-08-02 14:00:00,421.6295611477731
2020-08-02 14:10:00,420.9653525853931
2020-08-02 14:20:00,420.3953010483586
2020-08-02 14:30:00,419.6
2020-08-02 14:40:00,419.6
2020-08-02 14:50:00,419.5
2020-08-02 15:00:00,420.6
2020-08-02 15:10:00,419.6
2020-08-02 15:20:00,419.3
2020-08-02 15:30:00,419.0
2020-08-02 15:40:00,418.4
2020-08-02 15:50:00,420.0
2020-08-02 16:00:00,421.9
2020-08-02 16:10:00,422.9
2020-08-02 16:20:00,422.7
2020-08-02 16:30:00,422.5
2020-08-02 16:40:00,421.3
2020-08-02 16:50:00,420.5
2020-08-02 17:00:00,422.5
2020-08-02 17:10:00,421.9
2020-08-02 17:20:00,421.5
2020-08-02 17:30:00,421.0
2020-08-02 17:40:00,421.2
2020-08-02 17:50:00,420.3
2020-08-02 18:00:00,421.1
2020-08-02 18:10:00,422.8
2020-08-02 18:20:00,424.3
2020-08-02 18:30:00,423.9
2020-08-02 18:40:00,424.4
2020-08-02 18:50:00,422.8
2020-08-02 19:00:00,421.3
2020-08-02 19:10:00,427.1
2020-08-02 19:20:00,427.9
2020-08-02 19:30:00,423.8
2020-08-02 19:40:00,420.2
2020-08-02 19:50:00,420.5
2020-08-02 20:00:00,424.8
2020-08-02 20:10:00,428.0
2020-08-02 20:20:00,425.0
2020-08-02 20:30:00,424.6
2020-08-02 20:40:00,428.1
2020-08-02 20:50:00,428.8
2020-08-02 21:00:00,429.6
2020-08-02 21:10:00,428.4
2020-08-02 21:20:00,427.4
2020-08-02 21:30:00,439.3
2020-08-02 21:40:00,439.4
2020-08-02 21:50:00,439.35385402051384
2020-08-02 22:00:00,440.57571899326393
2020-08-02 22:10:00,441.65857989467906
2020-08-02 22:20:00,442.60679611676915
2020-08-02 22:30:00,443.424727051544
2020-08-02 22:40:00,444.1167320910135
2020-08-02 22:50:00,444.68717062718747
2020-08-02 23:00:00,445.1404020520758
2020-08-02 23:10:00,445.4807857576883
2020-08-02 23:20:00,445.71268113603486
2020-08-02 23:30:00,445.84044757912534
2020-08-02 23:40:00,445.86844447896954
2020-08-02 23:50:00,445.80103122757737
2020-08-03 00:00:00,445.64256721695864
2020-08-03 00:10:00,445.3974118391232
2020-08-03 00:20:00,445.06992448608094
2020-08-03 00:30:00,444.6644645498417
2020-08-03 00:40:00,444.18539142241536
2020-08-03 00:50:00,443.6370644958117
2020-08-03 01:00:00,443.0238431620407
2020-08-03 01:10:00,442.35008681311206
2020-08-03 01:20:00,441.62015484103574
2020-08-03 01:30:00,440.83840663782155
2020-08-03 01:40:00,440.00920159547934
2020-08-03 01:50:00,439.136899106019
2020-08-03 02:00:00,438.22585856145025
2020-08-03 02:10:00,437.28043935378315
2020-08-03 02:20:00,436.3050008750275
2020-08-03 02:30:00,435.3039025171931
2020-08-03 02:40:00,434.2815036722898
2020-08-03 02:50:00,433.2421637323275
2020-08-03 03:00:00,432.1902420893161
2020-08-03 03:10:00,431.13009813526526
2020-08-03 03:20:00,430.06609126218495
2020-08-03 03:30:00,429.0025808620849
2020-08-03 03:40:00,427.9439263269753
2020-08-03 03:50:00,426.8944870488658
2020-08-03 04:00:00,425.8586224197662
2020-08-03 04:10:00,424.84069183168634
2020-08-03 04:20:00,423.8450546766363
2020-08-03 04:30:00,422.8760703466256
2020-08-03 04:40:00,421.93809823366433
2020-08-03 04:50:00,421.03549772976214
2020-08-03 05:00:00,420.17262822692913
2020-08-03 05:10:00,419.35384911717495
2020-08-03 05:20:00,418.5835197925096
2020-08-03 05:30:00,417.8659996449429
2020-08-03 05:40:00,417.2056480664847
2020-08-03 05:50:00,416.6068244491448
2020-08-03 06:00:00,416.0738881849332
2020-08-03 06:10:00,415.3
2020-08-03 06:20:00,414.8
2020-08-03 06:30:00,415.9
2020-08-03 06:40:00,415.4
2020-08-03 06:50:00,415.7
2020-08-03 07:00:00,415.4
2020-08-03 07:10:00,414.5
2020-08-03 07:20:00,414.8
2020-08-03 07:30:00,414.9
2020-08-03 07:40:00,414.2
2020-08-03 07:50:00,413.4
2020-08-03 08:00:00,412.8
2020-08-03 08:10:00,412.5
2020-08-03 08:20:00,412.1
2020-08-03 08:30:00,410.9
2020-08-03 08:40:00,410.6
2020-08-03 08:50:00,409.4
2020-08-03 09:00:00,407.9
2020-08-03 09:10:00,407.1
2020-08-03 09:20:00,405.4
2020-08-03 09:30:00,405.1
2020-08-03 09:40:00,405.8
2020-08-03 09:50:00,405.3
2020-08-03 10:00:00,406.1
2020-08-03 10:10:00,405.7
2020-08-03 10:20:00,405.3
2020-08-03 10:30:00,405.6
2020-08-03 10:40:00,404.0
2020-08-03 10:50:00,403.1
2020-08-03 11:00:00,403.8
2020-08-03 11:10:00,403.4
2020-08-03 11:20:00,402.4
2020-08-03 11:30:00,402.1
2020-08-03 11:40:00,402.1
2020-08-03 11:50:00,402.2
2020-08-03 12:00:00,402.0
2020-08-03 12:10:00,401.3
2020-08-03 12:20:00,400.9
2020-08-03 12:30:00,400.9
2020-08-03 12:40:00,401.3
2020-08-03 12:50:00,401.6
2020-08-03 13:00:00,401.2
2020-08-03 13:10:00,401.1
2020-08-03 13:20:00,401.1
2020-08-03 13:30:00,400.5
2020-08-03 13:40:00,400.4
2020-08-03 13:50:00,400.5
2020-08-03 14:00:00,400.6
2020-08-03 14:10:00,400.5
2020-08-03 14:20:00,400.6
2020-08-03 14:30:00,400.1
2020-08-03 14:40:00,400.0
2020-08-03 14:50:00,400.0
2020-08-03 15:00:00,400.0
2020-08-03 15:10:00,400.0
2020-08-03 15:20:00,400.0
2020-08-03 15:30:00,399.8
2020-08-03 15:40:00,399.7
2020-08-03 15:50:00,399.4
2020-08-03 16:00:00,399.9
2020-08-03 16:10:00,400.2
2020-08-03 16:20:00,400.1
2020-08-03 16:30:00,400.6
2020-08-03 16:40:00,400.1
2020-08-03 16:50:00,400.2
2020-08-03 17:00:00,400.6
2020-08-03 17:10:00,401.8
2020-08-03 17:20:00,400.3
2020-08-03 17:30:00,401.0
2020-08-03 17:40:00,401.6
2020-08-03 17:50:00,400.8
2020-08-03 18:00:00,400.2
2020-08-03 18:10:00,400.2
2020-08-03 18:20:00,400.3
2020-08-03 18:30:00,400.7
2020-08-03 18:40:00,401.2
2020-08-03 18:50:00,401.4
2020-08-03 19:00:00,401.7
2020-08-03 19:10:00,401.7
2020-08-03 19:20:00,401.7
2020-08-03 19:30:00,402.4
2020-08-03 19:40:00,402.8
2020-08-03 19:50:00,402.98291972891644
2020-08-03 20:00:00,403.29070858792693
2020-08-03 20:10:00,403.60540281893213
2020-08-03 20:20:00,403.92665212067976
2020-08-03 20:30:00,404.2541061919176
2020-08-03 20:40:00,404.58741473139315
2020-08-03 20:50:00,404.92622743785427
2020-08-03 21:00:00,405.27019401004856
2020-08-03 21:10:00,405.6189641467237
2020-08-03 21:20:00,405.9721875466275
2020-08-03 21:30:00,406.3295139085075
2020-08-03 21:40:00,406.6905929311115
2020-08-03 21:50:00,407.0550743131871
2020-08-03 22:00:00,407.42260775348205
2020-08-03 22:10:00,407.792842950744
2020-08-03 22:20:00,408.16542960372067
2020-08-03 22:30:00,408.54001741115974
2020-08-03 22:40:00,408.9162560718089
2020-08-03 22:50:00,409.2937952844158
2020-08-03 23:00:00,409.67228474772816
2020-08-03 23:10:00,410.05137416049365
2020-08-03 23:20:00,410.43071322146
2020-08-03 23:30:00,410.8099516293749
2020-08-03 23:40:00,411.188739082986
2020-08-03 23:50:00,411.566725281041
2020-08-04 00:00:00,411.9435599222876
2020-08-04 00:10:00,412.31889270547344
2020-08-04 00:20:00,412.69237332934625
2020-08-04 00:30:00,413.0636514926537
2020-08-04 00:40:00,413.43237689414354
2020-08-04 00:50:00,413.79819923256343
2020-08-04 01:00:00,414.16076820666103
2020-08-04 01:10:00,414.51973351518404
2020-08-04 01:20:00,414.87474485688017
2020-08-04 01:30:00,415.22545193049706
2020-08-04 01:40:00,415.5715044347824
2020-08-04 01:50:00,415.91255206848393
2020-08-04 02:00:00,416.2482445303493
2020-08-04 02:10:00,416.5782315191263
2020-08-04 02:20:00,416.9021627335625
2020-08-04 02:30:00,417.2196878724056
2020-08-04 02:40:00,417.53045663440327
2020-08-04 02:50:00,417.8341187183033
2020-08-04 03:00:00,418.13032382285326
2020-08-04 03:10:00,418.4187216468009
2020-08-04 03:20:00,418.69896188889396
2020-08-04 03:30:00,418.97069424788003
2020-08-04 03:40:00,419.23356842250683
2020-08-04 03:50:00,419.48723411152207
2020-08-04 04:00:00,419.73134101367344
2020-08-04 04:10:00,419.1
2020-08-04 04:20:00,420.7
2020-08-04 04:30:00,422.0
2020-08-04 04:40:00,422.1
2020-08-04 04:50:00,420.8
2020-08-04 05:00:00,419.9
2020-08-04 05:10:00,419.5
2020-08-04 05:20:00,419.7
2020-08-04 05:30:00,419.7
2020-08-04 05:40:00,420.6
2020-08-04 05:50:00,420.3
2020-08-04 06:00:00,419.6
2020-08-04 06:10:00,418.0
2020-08-04 06:20:00,423.9
2020-08-04 06:30:00,421.8
2020-08-04 06:40:00,420.3
2020-08-04 06:50:00,420.0
2020-08-04 07:00:00,417.7
2020-08-04 07:10:00,417.5
2020-08-04 07:20:00,415.4
2020-08-04 07:30:00,415.6
2020-08-04 07:40:00,414.2
2020-08-04 07:50:00,413.9
2020-08-04 08:00:00,415.4
2020-08-04 08:10:00,413.7
2020-08-04 08:20:00,413.3
2020-08-04 08:30:00,413.1
2020-08-04 08:40:00,413.6
2020-08-04 08:50:00,413.6
2020-08-04 09:00:00,412.8
2020-08-04 09:10:00,412.3
2020-08-04 09:20:00,411.7
2020-08-04 09:30:00,410.8
2020-08-04 09:40:00,410.5
2020-08-04 09:50:00,411.0
2020-08-04 10:00:00,411.3
2020-08-04 10:10:00,407.8
2020-08-04 10:20:00,409.6
2020-08-04 10:30:00,407.9
2020-08-04 10:40:00,407.6
2020-08-04 10:50:00,406.5
2020-08-04 11:00:00,406.7
2020-08-04 11:10:00,405.0
2020-08-04 11:20:00,403.4
2020-08-04 11:30:00,403.0
2020-08-04 11:40:00,402.7
2020-08-04 11:50:00,402.4
2020-08-04 12:00:00,401.2
2020-08-04 12:10:00,400.4
2020-08-04 12:20:00,399.7
2020-08-04 12:30:00,399.4
2020-08-04 12:40:00,399.7
2020-08-04 12:50:00,399.7
2020-08-04 13:00:00,399.4
2020-08-04 13:10:00,399.7
2020-08-04 13:20:00,399.7
2020-08-04 13:30:00,399.4
2020-08-04 13:40:00,399.5
2020-08-04 13:50:00,400.3
2020-08-04 14:00:00,400.4
2020-08-04 14:10:00,399.8
2020-08-04 14:20:00,399.1
2020-08-04 14:30:00,399.0
2020-08-04 14:40:00,399.0
2020-08-04 14:50:00,399.2
2020-08-04 15:00:00,399.1
2020-08-04 15:10:00,399.1
2020-08-04 15:20:00,400.0
2020-08-04 15:30:00,399.6583252239067
2020-08-04 15:40:00,399.71973828747616
2020-08-04 15:50:00,399.7829187464334
2020-08-04 16:00:00,399.8489880213988
2020-08-04 16:10:00,399.91906753299287
2020-08-04 16:20:00,399.99427870183615
2020-08-04 16:30:00,400.07574294854913
2020-08-04 16:40:00,400.16458169375227
2020-08-04 16:50:00,400.26191635806606
2020-08-04 17:00:00,400.368868362111
2020-08-04 17:10:00,400.4865591265076
2020-08-04 17:20:00,400.61611007187634
2020-08-04 17:30:00,400.7586426188377
2020-08-04 17:40:00,400.91527818801217
2020-08-04 17:50:00,401.08713820002026
2020-08-04 18:00:00,401.27534407548245
2020-08-04 18:10:00,401.4810172350192
2020-08-04 18:20:00,401.705279099251
2020-08-04 18:30:00,401.9492510887984
2020-08-04 18:40:00,402.21405462428186
2020-08-04 18:50:00,402.5008111263218
2020-08-04 19:00:00,402.81064201553886
2020-08-04 19:10:00,403.1446687125534
2020-08-04 19:20:00,403.50401263798597
2020-08-04 19:30:00,403.88979521245705
2020-08-04 19:40:00,404.3031378565871
2020-08-04 19:50:00,404.7451619909967
2020-08-04 20:00:00,405.21698903630624
2020-08-04 20:10:00,405.71974041313626
2020-08-04 20:20:00,406.25453754210724
2020-08-04 20:30:00,406.8225018438397
2020-08-04 20:40:00,407.42475473895405
2020-08-04 20:50:00,408.06241764807083
2020-08-04 21:00:00,408.73661199181055
2020-08-04 21:10:00,409.4484591907937
2020-08-04 21:20:00,410.19908066564074
2020-08-04 21:30:00,410.98959783697217
2020-08-04 21:40:00,411.8211321254085
2020-08-04 21:50:00,412.6948049515702
2020-08-04 22:00:00,413.6117377360777
2020-08-04 22:10:00,414.5730518995516
2020-08-04 22:20:00,415.57986886261233
2020-08-04 22:30:00,416.6333100458804
2020-08-04 22:40:00,417.73449686997634
2020-08-04 22:50:00,418.88455075552054
2020-08-04 23:00:00,420.0845931231336
2020-08-04 23:10:00,421.3357453934359
2020-08-04 23:20:00,422.639128987048
2020-08-04 23:30:00,423.99586532459045
2020-08-04 23:40:00,425.4070758266836
2020-08-04 23:50:00,425.7
2020-08-05 00:00:00,427.9
2020-08-05 00:10:00,432.4
2020-08-05 00:20:00,435.1
2020-08-05 00:30:00,436.0
2020-08-05 00:40:00,437.0
2020-08-05 00:50:00,436.7
2020-08-05 01:00:00,435.4
2020-08-05 01:10:00,430.0
2020-08-05 01:20:00,431.9
2020-08-05 01:30:00,441.8
2020-08-05 01:40:00,444.3
2020-08-05 01:50:00,446.4
2020-08-05 02:00:00,449.0
2020-08-05 02:10:00,446.6
2020-08-05 02:20:00,440.8
2020-08-05 02:30:00,441.0
2020-08-05 02:40:00,440.2
2020-08-05 02:50:00,442.8
2020-08-05 03:00:00,442.0
2020-08-05 03:10:00,444.5
2020-08-05 03:20:00,447.2
2020-08-05 03:30:00,442.7
2020-08-05 03:40:00,447.3
2020-08-05 03:50:00,443.4
2020-08-05 04:00:00,450.0
2020-08-05 04:10:00,451.9
2020-08-05 04:20:00,459.2
2020-08-05 04:30:00,461.6
2020-08-05 04:40:00,459.3
2020-08-05 04:50:00,459.4
2020-08-05 05:00:00,458.7
2020-08-05 05:10:00,456.0
2020-08-05 05:20:00,455.2
2020-08-05 05:30:00,446.5
2020-08-05 05:40:00,448.7
2020-08-05 05:50:00,451.3
2020-08-05 06:00:00,455.5
2020-08-05 06:10:00,461.1
2020-08-05 06:20:00,467.6
2020-08-05 06:30:00,470.9
2020-08-05 06:40:00,471.0
2020-08-05 06:50:00,468.0
2020-08-05 07:00:00,464.6
2020-08-05 07:10:00,461.6
2020-08-05 07:20:00,456.3
2020-08-05 07:30:00,453.8
2020-08-05 07:40:00,452.2
2020-08-05 07:50:00,450.1
2020-08-05 08:00:00,443.9
2020-08-05 08:10:00,438.4
2020-08-05 08:20:00,433.7
2020-08-05 08:30:00,430.6
2020-08-05 08:40:00,428.4
2020-08-05 08:50:00,425.9
2020-08-05 09:00:00,422.5
2020-08-05 09:10:00,420.5
2020-08-05 09:20:00,417.5
2020-08-05 09:30:00,414.0
2020-08-05 09:40:00,412.2
2020-08-05 09:50:00,410.3
2020-08-05 10:00:00,405.1
2020-08-05 10:10:00,402.0
2020-08-05 10:20:00,402.6
2020-08-05 10:30:00,402.2
2020-08-05 10:40:00,402.3
2020-08-05 10:50:00,400.9
2020-08-05 11:00:00,400.9
2020-08-05 11:10:00,399.8
2020-08-05 11:20:00,399.7
2020-08-05 11:30:00,399.9
2020-08-05 11:40:00,398.57579037078443
2020-08-05 11:50:00,397.87394145303534
2020-08-05 12:00:00,397.1702350678972
2020-08-05 12:10:00,396.46676466641145
2020-08-05 12:20:00,395.7656236996197
2020-08-05 12:30:00,395.06890561856346
2020-08-05 12:40:00,394.3787038742842
2020-08-05 12:50:00,393.6971119178235
2020-08-05 13:00:00,393.02622320022294
2020-08-05 13:10:00,392.368131172524
2020-08-05 13:20:00,391.72492928576816
2020-08-05 13:30:00,391.09871099099695
2020-08-05 13:40:00,390.49156973925193
2020-08-05 13:50:00,389.90559898157466
2020-08-05 14:00:00,389.3428921690066
2020-08-05 14:10:00,388.8055427525893
2020-08-05 14:20:00,388.2956441833643
2020-08-05 14:30:00,387.8152899123731
2020-08-05 14:40:00,387.36657339065727
2020-08-05 14:50:00,386.95158806925826
2020-08-05 15:00:00,386.5724273992177
2020-08-05 15:10:00,386.231184831577
2020-08-05 15:20:00,385.9299538173778
2020-08-05 15:30:00,385.6708278076615
2020-08-05 15:40:00,385.45590025346974
2020-08-05 15:50:00,385.287264605844
2020-08-05 16:00:00,385.1670143158258
2020-08-05 16:10:00,385.09724283445667
2020-08-05 16:20:00,385.0800436127781
2020-08-05 16:30:00,385.1175101018317
2020-08-05 16:40:00,385.21173575265897
2020-08-05 16:50:00,385.3648140163014
2020-08-05 17:00:00,385.57883834380056
2020-08-05 17:10:00,385.8559021861979
2020-08-05 17:20:00,386.1980989945351
2020-08-05 17:30:00,386.6075222198535
2020-08-05 17:40:00,387.08626531319464
2020-08-05 17:50:00,387.6364217256002
2020-08-05 18:00:00,388.2600849081116
2020-08-05 18:10:00,388.9593483117703
2020-08-05 18:20:00,389.736305387618
2020-08-05 18:30:00,390.5930495866961
2020-08-05 18:40:00,391.5316743600462
2020-08-05 18:50:00,392.5542731587098
2020-08-05 19:00:00,393.66293943372835
2020-08-05 19:10:00,394.8597666361435
2020-08-05 19:20:00,396.14684821699666
2020-08-05 19:30:00,397.5262776273295
2020-08-05 19:40:00,399.00014831818345
2020-08-05 19:50:00,400.5705537406
2020-08-05 20:00:00,401.0
2020-08-05 20:10:00,404.5
2020-08-05 20:20:00,407.2
2020-08-05 20:30:00,409.3
2020-08-05 20:40:00,413.4
2020-08-05 20:50:00,414.9
2020-08-05 21:00:00,414.4
2020-08-05 21:10:00,415.2
2020-08-05 21:20:00,414.9
2020-08-05 21:30:00,417.1119630013557
2020-08-05 21:40:00,418.2961838183385
2020-08-05 21:50:00,419.47045670150897
2020-08-05 22:00:00,420.63512441663346
2020-08-05 22:10:00,421.7905297294781
2020-08-05 22:20:00,422.9370154058092
2020-08-05 22:30:00,424.07492421139284
2020-08-05 22:40:00,425.2045989119954
2020-08-05 22:50:00,426.326382273383
2020-08-05 23:00:00,427.44061706132186
2020-08-05 23:10:00,428.54764604157816
2020-08-05 23:20:00,429.6478119799182
2020-08-05 23:30:00,430.7414576421081
2020-08-05 23:40:00,431.82892579391415
2020-08-05 23:50:00,432.91055920110256
2020-08-06 00:00:00,433.9867006294395
2020-08-06 00:10:00,435.0576928446912
2020-08-06 00:20:00,436.12387861262386
2020-08-06 00:30:00,437.1856006990037
2020-08-06 00:40:00,438.243201869597
2020-08-06 00:50:00,439.2970248901699
2020-08-06 01:00:00,440.34741252648865
2020-08-06 01:10:00,441.3947075443195
2020-08-06 01:20:00,442.43925270942856
2020-08-06 01:30:00,443.48139078758214
2020-08-06 01:40:00,444.5214645445464
2020-08-06 01:50:00,445.5598167460876
2020-08-06 02:00:00,446.59679015797195
2020-08-06 02:10:00,447.6327275459656
2020-08-06 02:20:00,448.66797167583485
2020-08-06 02:30:00,449.70286531334585
2020-08-06 02:40:00,450.73775122426485
2020-08-06 02:50:00,451.7729721743581
2020-08-06 03:00:00,452.8088709293917
2020-08-06 03:10:00,453.84579025513193
2020-08-06 03:20:00,454.88407291734507
2020-08-06 03:30:00,455.92406168179724
2020-08-06 03:40:00,456.9660993142547
2020-08-06 03:50:00,458.01052858048365
2020-08-06 04:00:00,459.0576922462503
2020-08-06 04:10:00,460.1079330773209
2020-08-06 04:20:00,461.16159383946166
2020-08-06 04:30:00,462.2190172984387
2020-08-06 04:40:00,463.2805462200183
2020-08-06 04:50:00,464.34652336996675
2020-08-06 05:00:00,465.4172915140502
2020-08-06 05:10:00,466.4931934180348
2020-08-06 05:20:00,467.57457184768685
2020-08-06 05:30:00,468.66176956877257
2020-08-06 05:40:00,469.75512934705813
2020-08-06 05:50:00,468.1
2020-08-06 06:00:00,471.9
2020-08-06 06:10:00,476.9
2020-08-06 06:20:00,481.9
2020-08-06 06:30:00,481.7
2020-08-06 06:40:00,477.9
2020-08-06 06:50:00,476.6
2020-08-06 07:00:00,475.9
2020-08-06 07:10:00,467.9
2020-08-06 07:20:00,469.5
2020-08-06 07:30:00,469.1
2020-08-06 07:40:00,462.2
2020-08-06 07:50:00,462.9
2020-08-06 08:00:00,459.7
2020-08-06 08:10:00,455.7
2020-08-06 08:20:00,456.9
2020-08-06 08:30:00,458.3
2020-08-06 08:40:00,449.8
2020-08-06 08:50:00,443.3
2020-08-06 09:00:00,440.1
2020-08-06 09:10:00,436.6
2020-08-06 09:20:00,428.7
2020-08-06 09:30:00,424.7
2020-08-06 09:40:00,419.2
2020-08-06 09:50:00,416.8
2020-08-06 10:00:00,412.9
2020-08-06 10:10:00,406.9
2020-08-06 10:20:00,404.2
2020-08-06 10:30:00,402.9
2020-08-06 10:40:00,400.3
2020-08-06 10:50:00,399.5
2020-08-06 11:00:00,399.6
2020-08-06 11:10:00,400.2
2020-08-06 11:20:00,400.5
2020-08-06 11:30:00,401.4
2020-08-06 11:40:00,401.4
2020-08-06 11:50:00,401.4
2020-08-06 12:00:00,401.5
2020-08-06 12:10:00,401.8
2020-08-06 12:20:00,401.8
2020-08-06 12:30:00,402.0
2020-08-06 12:40:00,402.1
2020-08-06 12:50:00,402.1
2020-08-06 13:00:00,402.4
2020-08-06 13:10:00,402.4
2020-08-06 13:20:00,402.0
2020-08-06 13:30:00,401.9
2020-08-06 13:40:00,401.7
2020-08-06 13:50:00,401.9
2020-08-06 14:00:00,401.8
2020-08-06 14:10:00,402.9
2020-08-06 14:20:00,402.7
2020-08-06 14:30:00,404.1
2020-08-06 14:40:00,403.5
2020-08-06 14:50:00,403.4
2020-08-06 15:00:00,403.4
2020-08-06 15:10:00,403.7
2020-08-06 15:20:00,404.0
2020-08-06 15:30:00,403.6
2020-08-06 15:40:00,402.9
2020-08-06 15:50:00,403.3
2020-08-06 16:00:00,403.7
2020-08-06 16:10:00,404.0
2020-08-06 16:20:00,403.8
2020-08-06 16:30:00,405.1
2020-08-06 16:40:00,405.0
2020-08-06 16:50:00,405.8
2020-08-06 17:00:00,406.0
2020-08-06 17:10:00,405.4
2020-08-06 17:20:00,404.7
2020-08-06 17:30:00,404.6
2020-08-06 17:40:00,404.6
2020-08-06 17:50:00,405.4
2020-08-06 18:00:00,405.1
2020-08-06 18:10:00,405.0
2020-08-06 18:20:00,405.7
2020-08-06 18:30:00,405.5
2020-08-06 18:40:00,405.6
2020-08-06 18:50:00,406.2
2020-08-06 19:00:00,408.0
2020-08-06 19:10:00,409.4
2020-08-06 19:20:00,410.1
2020-08-06 19:30:00,410.9
2020-08-06 19:40:00,411.4
2020-08-06 19:50:00,411.8
2020-08-06 20:00:00,411.9
2020-08-06 20:10:00,411.9
2020-08-06 20:20:00,412.0
2020-08-06 20:30:00,412.5
2020-08-06 20:40:00,414.7
2020-08-06 20:50:00,415.4
2020-08-06 21:00:00,417.5
2020-08-06 21:10:00,418.7
2020-08-06 21:20:00,418.3
2020-08-06 21:30:00,419.5
2020-08-06 21:40:00,422.8
2020-08-06 21:50:00,423.4
2020-08-06 22:00:00,424.2
2020-08-06 22:10:00,423.9
2020-08-06 22:20:00,425.8
2020-08-06 22:30:00,426.1
2020-08-06 22:40:00,429.8
2020-08-06 22:50:00,428.7
2020-08-06 23:00:00,428.4
2020-08-06 23:10:00,426.5
2020-08-06 23:20:00,435.2
2020-08-06 23:30:00,434.6
2020-08-06 23:40:00,432.8
2020-08-06 23:50:00,444.6
2020-08-07 00:00:00,444.1
2020-08-07 00:10:00,437.5
2020-08-07 00:20:00,446.6
2020-08-07 00:30:00,447.1
2020-08-07 00:40:00,436.5
2020-08-07 00:50:00,439.5
2020-08-07 01:00:00,442.4
2020-08-07 01:10:00,456.0
2020-08-07 01:20:00,459.5
2020-08-07 01:30:00,461.9
2020-08-07 01:40:00,464.0
2020-08-07 01:50:00,466.4
2020-08-07 02:00:00,474.2
2020-08-07 02:10:00,473.8
2020-08-07 02:20:00,466.2
2020-08-07 02:30:00,467.5
2020-08-07 02:40:00,470.0
2020-08-07 02:50:00,469.3
2020-08-07 03:00:00,470.6
2020-08-07 03:10:00,469.8
2020-08-07 03:20:00,468.2
2020-08-07 03:30:00,466.0
2020-08-07 03:40:00,468.9
2020-08-07 03:50:00,469.4
2020-08-07 04:00:00,469.4
2020-08-07 04:10:00,456.6
2020-08-07 04:20:00,451.3
2020-08-07 04:30:00,461.6
2020-08-07 04:40:00,464.9
2020-08-07 04:50:00,460.1
2020-08-07 05:00:00,462.7
2020-08-07 05:10:00,461.7
2020-08-07 05:20:00,460.5
2020-08-07 05:30:00,458.2
2020-08-07 05:40:00,471.1
2020-08-07 05:50:00,475.6
2020-08-07 06:00:00,485.7
2020-08-07 06:10:00,486.7
2020-08-07 06:20:00,482.6
2020-08-07 06:30:00,480.5
2020-08-07 06:40:00,479.3
2020-08-07 06:50:00,481.0
2020-08-07 07:00:00,478.8
2020-08-07 07:10:00,474.0
2020-08-07 07:20:00,472.7
2020-08-07 07:30:00,463.9
2020-08-07 07:40:00,461.2
2020-08-07 07:50:00,458.1
2020-08-07 08:00:00,461.9
2020-08-07 08:10:00,460.4
2020-08-07 08:20:00,457.4
2020-08-07 08:30:00,450.2
2020-08-07 08:40:00,447.5
2020-08-07 08:50:00,443.3
2020-08-07 09:00:00,438.2
2020-08-07 09:10:00,432.8
2020-08-07 09:20:00,430.9
2020-08-07 09:30:00,428.9
2020-08-07 09:40:00,417.0
2020-08-07 09:50:00,419.1
2020-08-07 10:00:00,419.8
2020-08-07 10:10:00,418.4
2020-08-07 10:20:00,419.0
2020-08-07 10:30:00,419.6
2020-08-07 10:40:00,416.1
2020-08-07 10:50:00,408.2
2020-08-07 11:00:00,405.1
2020-08-07 11:10:00,404.9
2020-08-07 11:20:00,403.8
2020-08-07 11:30:00,404.5
2020-08-07 11:40:00,403.7
2020-08-07 11:50:00,403.9
2020-08-07 12:00:00,404.2
2020-08-07 12:10:00,404.2
2020-08-07 12:20:00,404.1
2020-08-07 12:30:00,404.2
2020-08-07 12:40:00,404.3
2020-08-07 12:50:00,404.0
2020-08-07 13:00:00,404.5
2020-08-07 13:10:00,404.4
2020-08-07 13:20:00,404.7
2020-08-07 13:30:00,404.6
2020-08-07 13:40:00,404.6
2020-08-07 13:50:00,405.3
2020-08-07 14:00:00,404.6
2020-08-07 14:10:00,404.4
2020-08-07 14:20:00,404.2
2020-08-07 14:30:00,404.3
2020-08-07 14:40:00,404.2
2020-08-07 14:50:00,404.1
2020-08-07 15:00:00,404.6
2020-08-07 15:10:00,404.6
2020-08-07 15:20:00,404.8
2020-08-07 15:30:00,404.9
2020-08-07 15:40:00,404.4
2020-08-07 15:50:00,403.7
2020-08-07 16:00:00,403.7
2020-08-07 16:10:00,403.3
2020-08-07 16:20:00,403.8
2020-08-07 16:30:00,403.2
2020-08-07 16:40:00,403.1
2020-08-07 16:50:00,403.2
2020-08-07 17:00:00,403.2
2020-08-07 17:10:00,403.2
2020-08-07 17:20:00,403.9
2020-08-07 17:30:00,403.3
2020-08-07 17:40:00,403.6
2020-08-07 17:50:00,404.2
2020-08-07 18:00:00,402.9
2020-08-07 18:10:00,403.4
2020-08-07 18:20:00,403.3
2020-08-07 18:30:00,403.2
2020-08-07 18:40:00,403.3
2020-08-07 18:50:00,404.3
2020-08-07 19:00:00,405.0
2020-08-07 19:10:00,405.1
2020-08-07 19:20:00,406.0
2020-08-07 19:30:00,406.5
2020-08-07 19:40:00,408.3
2020-08-07 19:50:00,408.4
2020-08-07 20:00:00,409.8
2020-08-07 20:10:00,409.8
2020-08-07 20:20:00,409.8
2020-08-07 20:30:00,410.9
2020-08-07 20:40:00,413.0
2020-08-07 20:50:00,412.4
2020-08-07 21:00:00,413.2
2020-08-07 21:10:00,416.1
2020-08-07 21:20:00,417.4
2020-08-07 21:30:00,418.4
2020-08-07 21:40:00,419.9
2020-08-07 21:50:00,420.3
2020-08-07 22:00:00,418.1
2020-08-07 22:10:00,421.4
2020-08-07 22:20:00,425.2
2020-08-07 22:30:00,425.8
2020-08-07 22:40:00,441.8
2020-08-07 22:50:00,442.6
2020-08-07 23:00:00,444.5
2020-08-07 23:10:00,441.1
2020-08-07 23:20:00,436.9
2020-08-07 23:30:00,427.9
2020-08-07 23:40:00,433.1
2020-08-07 23:50:00,441.1
2020-08-08 00:00:00,435.4
2020-08-08 00:10:00,451.3
2020-08-08 00:20:00,450.8
2020-08-08 00:30:00,463.4
2020-08-08 00:40:00,464.8
2020-08-08 00:50:00,465.0
2020-08-08 01:00:00,458.7
2020-08-08 01:10:00,452.5
2020-08-08 01:20:00,455.3
2020-08-08 01:30:00,452.4
2020-08-08 01:40:00,456.2
2020-08-08 01:50:00,464.6
2020-08-08 02:00:00,458.9
2020-08-08 02:10:00,455.0
2020-08-08 02:20:00,453.7
2020-08-08 02:30:00,451.6
2020-08-08 02:40:00,458.7
2020-08-08 02:50:00,451.3
2020-08-08 03:00:00,468.8
2020-08-08 03:10:00,481.8
2020-08-08 03:20:00,476.6
2020-08-08 03:30:00,472.2
2020-08-08 03:40:00,474.4
2020-08-08 03:50:00,471.2
2020-08-08 04:00:00,471.5
2020-08-08 04:10:00,468.8
2020-08-08 04:20:00,469.1
2020-08-08 04:30:00,469.9
2020-08-08 04:40:00,469.3
2020-08-08 04:50:00,466.5
2020-08-08 05:00:00,464.4
2020-08-08 05:10:00,471.7
2020-08-08 05:20:00,474.8
2020-08-08 05:30:00,468.7
2020-08-08 05:40:00,462.8
2020-08-08 05:50:00,468.6
2020-08-08 06:00:00,474.6
2020-08-08 06:10:00,483.3
2020-08-08 06:20:00,487.3
2020-08-08 06:30:00,485.6
2020-08-08 06:40:00,482.7
2020-08-08 06:50:00,481.6
2020-08-08 07:00:00,477.9
2020-08-08 07:10:00,479.7
2020-08-08 07:20:00,474.9
2020-08-08 07:30:00,475.2
2020-08-08 07:40:00,475.0
2020-08-08 07:50:00,472.6
2020-08-08 08:00:00,471.5
2020-08-08 08:10:00,468.6
2020-08-08 08:20:00,460.8
2020-08-08 08:30:00,453.7
2020-08-08 08:40:00,448.8
2020-08-08 08:50:00,446.3
2020-08-08 09:00:00,443.8
2020-08-08 09:10:00,440.9
2020-08-08 09:20:00,437.73590365396103
2020-08-08 09:30:00,434.8720586284159
2020-08-08 09:40:00,432.1357099054203
2020-08-08 09:50:00,429.52418038616287
2020-08-08 10:00:00,427.0347929718325
2020-08-08 10:10:00,424.6648705636178
2020-08-08 10:20:00,422.4117360627077
2020-08-08 10:30:00,420.2727123702909
2020-08-08 10:40:00,418.24512238755614
2020-08-08 10:50:00,416.3262890156922
2020-08-08 11:00:00,414.5135351558879
2020-08-08 11:10:00,412.80418370933194
2020-08-08 11:20:00,411.19555757721315
2020-08-08 11:30:00,409.6849796607203
2020-08-08 11:40:00,408.26977286104204
2020-08-08 11:50:00,406.9472600793673
2020-08-08 12:00:00,405.7147642168848
2020-08-08 12:10:00,404.5696081747833
2020-08-08 12:20:00,403.50911485425155
2020-08-08 12:30:00,402.5306071564783
2020-08-08 12:40:00,401.6314079826524
2020-08-08 12:50:00,400.8088402339625
2020-08-08 13:00:00,400.06022681159743
2020-08-08 13:10:00,399.382890616746
2020-08-08 13:20:00,398.7741545505969
2020-08-08 13:30:00,398.23134151433896
2020-08-08 13:40:00,397.75177440916093
2020-08-08 13:50:00,397.3327761362516
2020-08-08 14:00:00,396.97166959679964
2020-08-08 14:10:00,396.665777691994
2020-08-08 14:20:00,396.41242332302323
2020-08-08 14:30:00,396.2089293910762
2020-08-08 14:40:00,396.0526187973418
2020-08-08 14:50:00,395.94081444300866
2020-08-08 15:00:00,395.87083922926564
2020-08-08 15:10:00,395.84001605730134
2020-08-08 15:20:00,395.8456678283046
2020-08-08 15:30:00,395.88511744346425
2020-08-08 15:40:00,395.9556878039691
2020-08-08 15:50:00,396.05470181100776
2020-08-08 16:00:00,396.1794823657692
2020-08-08 16:10:00,396.32735236944205
2020-08-08 16:20:00,396.4956347232152
2020-08-08 16:30:00,396.6816523282772
2020-08-08 16:40:00,396.88272808581706
2020-08-08 16:50:00,397.0961848970234
2020-08-08 17:00:00,397.3193456630851
2020-08-08 17:10:00,397.5495332851906
2020-08-08 17:20:00,397.78407066452905
2020-08-08 17:30:00,398.02028070228914
2020-08-08 17:40:00,398.8
2020-08-08 17:50:00,398.2
2020-08-08 18:00:00,398.1
2020-08-08 18:10:00,398.4
2020-08-08 18:20:00,398.5
2020-08-08 18:30:00,398.1
2020-08-08 18:40:00,398.9
2020-08-08 18:50:00,399.6
2020-08-08 19:00:00,400.1
2020-08-08 19:10:00,400.8
2020-08-08 19:20:00,401.8
2020-08-08 19:30:00,402.3
2020-08-08 19:40:00,405.8
2020-08-08 19:50:00,409.2
2020-08-08 20:00:00,407.9
2020-08-08 20:10:00,407.7
2020-08-08 20:20:00,413.6
2020-08-08 20:30:00,418.6
2020-08-08 20:40:00,419.8
2020-08-08 20:50:00,423.3
2020-08-08 21:00:00,420.1
2020-08-08 21:10:00,425.7
2020-08-08 21:20:00,426.8
2020-08-08 21:30:00,427.1
2020-08-08 21:40:00,422.4
2020-08-08 21:50:00,415.9
2020-08-08 22:00:00,419.51255020378557
2020-08-08 22:10:00,419.19642160412303
2020-08-08 22:20:00,418.9305805190529
2020-08-08 22:30:00,418.71497628569534
2020-08-08 22:40:00,418.54955824117036
2020-08-08 22:50:00,418.4342757225981
2020-08-08 23:00:00,418.36907806709866
2020-08-08 23:10:00,418.3539146117921
2020-08-08 23:20:00,418.3887346937986
2020-08-08 23:30:00,418.47348765023816
2020-08-08 23:40:00,418.6081228182309
2020-08-08 23:50:00,418.792589534897
2020-08-09 00:00:00,419.02683713735644
2020-08-09 00:10:00,419.31081496272935
2020-08-09 00:20:00,419.6444723481359
2020-08-09 00:30:00,420.0277586306961
2020-08-09 00:40:00,420.4606231475301
2020-08-09 00:50:00,420.94301523575797
2020-08-09 01:00:00,421.4748842324998
2020-08-09 01:10:00,422.05617947487565
2020-08-09 01:20:00,422.6868503000057
2020-08-09 01:30:00,423.36684604501
2020-08-09 01:40:00,424.09611604700865
2020-08-09 01:50:00,424.8746096431218
2020-08-09 02:00:00,425.7022761704695
2020-08-09 02:10:00,426.5790649661718
2020-08-09 02:20:00,427.5049253673489
2020-08-09 02:30:00,428.47980671112083
2020-08-09 02:40:00,429.5036583346077
2020-08-09 02:50:00,430.5764295749296
2020-08-09 03:00:00,431.6980697692066
2020-08-09 03:10:00,432.8685282545589
2020-08-09 03:20:00,434.0877543681065
2020-08-09 03:30:00,435.3556974469695
2020-08-09 03:40:00,436.67230682826806
2020-08-09 03:50:00,438.0375318491222
2020-08-09 04:00:00,439.4513218466521
2020-08-09 04:10:00,440.9136261579778
2020-08-09 04:20:00,442.42439412021935
2020-08-09 04:30:00,443.9835750704969
2020-08-09 04:40:00,445.5911183459306
2020-08-09 04:50:00,447.2469732836405
2020-08-09 05:00:00,448.9510892207466
2020-08-09 05:10:00,450.70341549436915
2020-08-09 05:20:00,452.5039014416283
2020-08-09 05:30:00,454.3524963996439
2020-08-09 05:40:00,456.24914970553624
2020-08-09 05:50:00,458.1938106964253
2020-08-09 06:00:00,460.1864287094313
2020-08-09 06:10:00,462.22695308167425
2020-08-09 06:20:00,454.1
2020-08-09 06:30:00,477.0
2020-08-09 06:40:00,480.3
2020-08-09 06:50:00,478.9
2020-08-09 07:00:00,475.7
2020-08-09 07:10:00,472.3
2020-08-09 07:20:00,476.2
2020-08-09 07:30:00,469.8
2020-08-09 07:40:00,467.3
2020-08-09 07:50:00,471.1
2020-08-09 08:00:00,459.9
2020-08-09 08:10:00,460.7
2020-08-09 08:20:00,458.9
2020-08-09 08:30:00,451.8
2020-08-09 08:40:00,450.3
2020-08-09 08:50:00,449.1
2020-08-09 09:00:00,444.7
2020-08-09 09:10:00,440.6
2020-08-09 09:20:00,431.7
2020-08-09 09:30:00,433.1
2020-08-09 09:40:00,429.8
2020-08-09 09:50:00,426.1
2020-08-09 10:00:00,423.8
2020-08-09 10:10:00,419.6
2020-08-09 10:20:00,422.6
2020-08-09 10:30:00,418.8
2020-08-09 10:40:00,419.3
2020-08-09 10:50:00,422.1
2020-08-09 11:00:00,421.0
2020-08-09 11:10:00,419.1
2020-08-09 11:20:00,416.5
2020-08-09 11:30:00,414.5
2020-08-09 11:40:00,410.3
2020-08-09 11:50:00,408.5
2020-08-09 12:00:00,407.1
2020-08-09 12:10:00,406.8
2020-08-09 12:20:00,407.1
2020-08-09 12:30:00,409.0
2020-08-09 12:40:00,407.2
2020-08-09 12:50:00,405.1
2020-08-09 13:00:00,405.6
2020-08-09 13:10:00,404.2
2020-08-09 13:20:00,404.2
2020-08-09 13:30:00,404.9
2020-08-09 13:40:00,404.5
2020-08-09 13:50:00,404.5
2020-08-09 14:00:00,403.9
2020-08-09 14:10:00,403.4
2020-08-09 14:20:00,403.6
2020-08-09 14:30:00,403.2
2020-08-09 14:40:00,402.9
2020-08-09 14:50:00,403.1
2020-08-09 15:00:00,402.8
2020-08-09 15:10:00,402.8
2020-08-09 15:20:00,403.4
2020-08-09 15:30:00,402.7
2020-08-09 15:40:00,402.8
2020-08-09 15:50:00,403.0
2020-08-09 16:00:00,402.6
2020-08-09 16:10:00,402.4
2020-08-09 16:20:00,402.6
2020-08-09 16:30:00,402.3
2020-08-09 16:40:00,402.6
2020-08-09 16:50:00,402.6
2020-08-09 17:00:00,402.8
2020-08-09 17:10:00,403.2
2020-08-09 17:20:00,404.0
2020-08-09 17:30:00,404.3
2020-08-09 17:40:00,404.7
2020-08-09 17:50:00,406.1
2020-08-09 18:00:00,406.8
2020-08-09 18:10:00,407.5
2020-08-09 18:20:00,407.7
2020-08-09 18:30:00,405.6
2020-08-09 18:40:00,406.2
2020-08-09 18:50:00,408.1
2020-08-09 19:00:00,408.5
2020-08-09 19:10:00,408.6
2020-08-09 19:20:00,409.3
2020-08-09 19:30:00,408.8
2020-08-09 19:40:00,409.0
2020-08-09 19:50:00,406.6
2020-08-09 20:00:00,406.5
2020-08-09 20:10:00,408.1
2020-08-09 20:20:00,408.2
2020-08-09 20:30:00,407.8
2020-08-09 20:40:00,408.5
2020-08-09 20:50:00,408.2
2020-08-09 21:00:00,407.7
2020-08-09 21:10:00,406.5
2020-08-09 21:20:00,407.2
2020-08-09 21:30:00,409.5
2020-08-09 21:40:00,412.2
2020-08-09 21:50:00,412.0
2020-08-09 22:00:00,411.3
2020-08-09 22:10:00,409.2
2020-08-09 22:20:00,415.7
2020-08-09 22:30:00,418.5
2020-08-09 22:40:00,418.2
2020-08-09 22:50:00,416.8
2020-08-09 23:00:00,414.3
2020-08-09 23:10:00,410.1
2020-08-09 23:20:00,413.4
2020-08-09 23:30:00,415.3
2020-08-09 23:40:00,418.2
2020-08-09 23:50:00,416.9
2020-08-10 00:00:00,419.7
2020-08-10 00:10:00,419.6
2020-08-10 00:20:00,418.9
2020-08-10 00:30:00,420.8
2020-08-10 00:40:00,420.4
2020-08-10 00:50:00,421.9
2020-08-10 01:00:00,416.7
2020-08-10 01:10:00,414.5
2020-08-10 01:20:00,411.7
2020-08-10 01:30:00,406.9
2020-08-10 01:40:00,405.4
2020-08-10 01:50:00,405.1
2020-08-10 02:00:00,406.0
2020-08-10 02:10:00,407.0
2020-08-10 02:20:00,407.4
2020-08-10 02:30:00,408.9
2020-08-10 02:40:00,408.3
2020-08-10 02:50:00,408.6
2020-08-10 03:00:00,410.1
2020-08-10 03:10:00,412.8
2020-08-10 03:20:00,415.4
2020-08-10 03:30:00,415.7
2020-08-10 03:40:00,415.6
2020-08-10 03:50:00,416.8
2020-08-10 04:00:00,416.1
2020-08-10 04:10:00,414.6
2020-08-10 04:20:00,413.4
2020-08-10 04:30:00,415.5
2020-08-10 04:40:00,416.5
2020-08-10 04:50:00,416.2
2020-08-10 05:00:00,416.4
2020-08-10 05:10:00,420.1
2020-08-10 05:20:00,417.1
2020-08-10 05:30:00,419.6
2020-08-10 05:40:00,421.7
2020-08-10 05:50:00,424.0
2020-08-10 06:00:00,425.5
2020-08-10 06:10:00,432.4
2020-08-10 06:20:00,435.1
2020-08-10 06:30:00,433.5
2020-08-10 06:40:00,432.5
2020-08-10 06:50:00,431.7
2020-08-10 07:00:00,430.4
2020-08-10 07:10:00,429.2
2020-08-10 07:20:00,429.6
2020-08-10 07:30:00,431.9
2020-08-10 07:40:00,436.1
2020-08-10 07:50:00,439.7
2020-08-10 08:00:00,434.8
2020-08-10 08:10:00,428.3
2020-08-10 08:20:00,428.4
2020-08-10 08:30:00,429.7
2020-08-10 08:40:00,431.8
2020-08-10 08:50:00,431.3
2020-08-10 09:00:00,431.4
2020-08-10 09:10:00,431.3
2020-08-10 09:20:00,432.2
2020-08-10 09:30:00,433.1
2020-08-10 09:40:00,434.0
2020-08-10 09:50:00,431.7
2020-08-10 10:00:00,432.4
2020-08-10 10:10:00,432.0
2020-08-10 10:20:00,425.2
2020-08-10 10:30:00,421.5
2020-08-10 10:40:00,419.3
2020-08-10 10:50:00,418.3
2020-08-10 11:00:00,421.6
2020-08-10 11:10:00,425.2
2020-08-10 11:20:00,425.2
2020-08-10 11:30:00,424.3
2020-08-10 11:40:00,423.3
2020-08-10 11:50:00,422.1
2020-08-10 12:00:00,421.1
2020-08-10 12:10:00,418.6
2020-08-10 12:20:00,415.0
2020-08-10 12:30:00,412.1
2020-08-10 12:40:00,411.6
2020-08-10 12:50:00,409.5
2020-08-10 13:00:00,408.4
2020-08-10 13:10:00,408.4
2020-08-10 13:20:00,408.5
2020-08-10 13:30:00,408.9
2020-08-10 13:40:00,410.3
2020-08-10 13:50:00,411.4
2020-08-10 14:00:00,410.5
2020-08-10 14:10:00,411.0
2020-08-10 14:20:00,412.6
2020-08-10 14:30:00,409.3
2020-08-10 14:40:00,407.8
2020-08-10 14:50:00,408.7
2020-08-10 15:00:00,408.7
2020-08-10 15:10:00,409.0
2020-08-10 15:20:00,407.8
2020-08-10 15:30:00,404.9
2020-08-10 15:40:00,404.6
2020-08-10 15:50:00,403.5
2020-08-10 16:00:00,401.5
2020-08-10 16:10:00,400.3
2020-08-10 16:20:00,400.9
2020-08-10 16:30:00,400.5
2020-08-10 16:40:00,400.7
2020-08-10 16:50:00,401.2
2020-08-10 17:00:00,400.8
2020-08-10 17:10:00,401.0
2020-08-10 17:20:00,400.4
2020-08-10 17:30:00,400.8
2020-08-10 17:40:00,401.2
2020-08-10 17:50:00,401.2
2020-08-10 18:00:00,402.1
2020-08-10 18:10:00,401.8
2020-08-10 18:20:00,401.9
2020-08-10 18:30:00,402.4
2020-08-10 18:40:00,402.7
2020-08-10 18:50:00,403.2
2020-08-10 19:00:00,403.8
2020-08-10 19:10:00,405.0
2020-08-10 19:20:00,406.0
2020-08-10 19:30:00,408.1
2020-08-10 19:40:00,409.0
2020-08-10 19:50:00,407.6
2020-08-10 20:00:00,408.3
2020-08-10 20:10:00,407.4
2020-08-10 20:20:00,407.4
2020-08-10 20:30:00,413.1
2020-08-10 20:40:00,411.3
2020-08-10 20:50:00,410.6
2020-08-10 21:00:00,410.8
2020-08-10 21:10:00,412.6
2020-08-10 21:20:00,414.4
2020-08-10 21:30:00,414.2
2020-08-10 21:40:00,416.8
2020-08-10 21:50:00,423.0
2020-08-10 22:00:00,424.7
2020-08-10 22:10:00,421.6
2020-08-10 22:20:00,426.5
2020-08-10 22:30:00,428.3
2020-08-10 22:40:00,430.2
2020-08-10 22:50:00,426.6
2020-08-10 23:00:00,425.6
2020-08-10 23:10:00,432.1
2020-08-10 23:20:00,437.0
2020-08-10 23:30:00,444.9
2020-08-10 23:40:00,447.3
2020-08-10 23:50:00,445.9
2020-08-11 00:00:00,442.8
2020-08-11 00:10:00,457.2
2020-08-11 00:20:00,457.2
2020-08-11 00:30:00,459.7
2020-08-11 00:40:00,456.9
2020-08-11 00:50:00,458.4
2020-08-11 01:00:00,459.1
2020-08-11 01:10:00,457.5
2020-08-11 01:20:00,456.1
2020-08-11 01:30:00,453.9
2020-08-11 01:40:00,453.8
2020-08-11 01:50:00,443.9
2020-08-11 02:00:00,455.2
2020-08-11 02:10:00,461.0
2020-08-11 02:20:00,454.0
2020-08-11 02:30:00,466.1
2020-08-11 02:40:00,463.0
2020-08-11 02:50:00,464.8
2020-08-11 03:00:00,472.7
2020-08-11 03:10:00,471.5
2020-08-11 03:20:00,462.8
2020-08-11 03:30:00,468.5
2020-08-11 03:40:00,454.7
2020-08-11 03:50:00,456.4
2020-08-11 04:00:00,448.7
2020-08-11 04:10:00,459.8
2020-08-11 04:20:00,469.4
2020-08-11 04:30:00,473.3
2020-08-11 04:40:00,467.8
2020-08-11 04:50:00,454.1
2020-08-11 05:00:00,456.1
2020-08-11 05:10:00,458.8
2020-08-11 05:20:00,452.7
2020-08-11 05:30:00,459.7
2020-08-11 05:40:00,459.7
2020-08-11 05:50:00,477.3
2020-08-11 06:00:00,488.3
2020-08-11 06:10:00,489.3
2020-08-11 06:20:00,476.3
2020-08-11 06:30:00,492.8
2020-08-11 06:40:00,484.4
2020-08-11 06:50:00,478.5
2020-08-11 07:00:00,470.2
2020-08-11 07:10:00,472.0
2020-08-11 07:20:00,487.6
2020-08-11 07:30:00,483.3
2020-08-11 07:40:00,465.6
2020-08-11 07:50:00,460.1
2020-08-11 08:00:00,466.5
2020-08-11 08:10:00,463.9
2020-08-11 08:20:00,454.7
2020-08-11 08:30:00,446.2
2020-08-11 08:40:00,441.4
2020-08-11 08:50:00,443.6
2020-08-11 09:00:00,448.0
2020-08-11 09:10:00,452.6
2020-08-11 09:20:00,450.4
2020-08-11 09:30:00,442.2
2020-08-11 09:40:00,438.8
2020-08-11 09:50:00,431.3
2020-08-11 10:00:00,431.2
2020-08-11 10:10:00,431.8
2020-08-11 10:20:00,429.0
2020-08-11 10:30:00,427.2
2020-08-11 10:40:00,425.8
2020-08-11 10:50:00,422.3
2020-08-11 11:00:00,417.2
2020-08-11 11:10:00,413.2
2020-08-11 11:20:00,406.5
2020-08-11 11:30:00,404.0
2020-08-11 11:40:00,403.8
2020-08-11 11:50:00,405.4
2020-08-11 12:00:00,404.5
2020-08-11 12:10:00,404.0
2020-08-11 12:20:00,403.7
2020-08-11 12:30:00,403.7
2020-08-11 12:40:00,404.1
2020-08-11 12:50:00,403.8
2020-08-11 13:00:00,403.6
2020-08-11 13:10:00,403.2
2020-08-11 13:20:00,402.6
2020-08-11 13:30:00,402.4
2020-08-11 13:40:00,402.6
2020-08-11 13:50:00,402.2
2020-08-11 14:00:00,402.5
2020-08-11 14:10:00,402.8
2020-08-11 14:20:00,401.7
2020-08-11 14:30:00,402.1
2020-08-11 14:40:00,402.9
2020-08-11 14:50:00,402.6
2020-08-11 15:00:00,403.1
2020-08-11 15:10:00,402.9
2020-08-11 15:20:00,402.1
2020-08-11 15:30:00,401.7
2020-08-11 15:40:00,402.6
2020-08-11 15:50:00,403.0
2020-08-11 16:00:00,401.6
2020-08-11 16:10:00,402.0
2020-08-11 16:20:00,401.5
2020-08-11 16:30:00,401.2
2020-08-11 16:40:00,401.5
2020-08-11 16:50:00,401.2
2020-08-11 17:00:00,401.4
2020-08-11 17:10:00,401.6
2020-08-11 17:20:00,402.3
2020-08-11 17:30:00,402.5
2020-08-11 17:40:00,402.6
2020-08-11 17:50:00,403.2
2020-08-11 18:00:00,403.7
2020-08-11 18:10:00,404.3
2020-08-11 18:20:00,404.6
2020-08-11 18:30:00,404.8
2020-08-11 18:40:00,405.0
2020-08-11 18:50:00,405.5
2020-08-11 19:00:00,405.7
2020-08-11 19:10:00,406.3
2020-08-11 19:20:00,407.4
2020-08-11 19:30:00,408.8
2020-08-11 19:40:00,410.2
2020-08-11 19:50:00,409.8
2020-08-11 20:00:00,409.9
2020-08-11 20:10:00,411.9
2020-08-11 20:20:00,412.6
2020-08-11 20:30:00,412.5
2020-08-11 20:40:00,413.8
2020-08-11 20:50:00,417.7
2020-08-11 21:00:00,416.4
2020-08-11 21:10:00,425.6
2020-08-11 21:20:00,429.9
2020-08-11 21:30:00,427.6
2020-08-11 21:40:00,426.8
2020-08-11 21:50:00,427.9
2020-08-11 22:00:00,429.5
2020-08-11 22:10:00,429.7
2020-08-11 22:20:00,430.2
2020-08-11 22:30:00,432.0
2020-08-11 22:40:00,432.2
2020-08-11 22:50:00,444.9
2020-08-11 23:00:00,442.4
2020-08-11 23:10:00,439.6
2020-08-11 23:20:00,439.8
2020-08-11 23:30:00,450.0
2020-08-11 23:40:00,444.0
2020-08-11 23:50:00,438.0
2020-08-12 00:00:00,438.6
2020-08-12 00:10:00,451.1
2020-08-12 00:20:00,451.5
2020-08-12 00:30:00,443.5
2020-08-12 00:40:00,454.6
2020-08-12 00:50:00,450.9
2020-08-12 01:00:00,453.6
2020-08-12 01:10:00,456.0
2020-08-12 01:20:00,457.7
2020-08-12 01:30:00,453.0
2020-08-12 01:40:00,455.2
2020-08-12 01:50:00,461.4
2020-08-12 02:00:00,462.0
2020-08-12 02:10:00,443.0
2020-08-12 02:20:00,441.2
2020-08-12 02:30:00,452.2
2020-08-12 02:40:00,440.6
2020-08-12 02:50:00,442.4
2020-08-12 03:00:00,448.5
2020-08-12 03:10:00,442.3
2020-08-12 03:20:00,439.3
2020-08-12 03:30:00,444.0
2020-08-12 03:40:00,441.8
2020-08-12 03:50:00,441.0
2020-08-12 04:00:00,455.4
2020-08-12 04:10:00,453.3
2020-08-12 04:20:00,446.6
2020-08-12 04:30:00,451.7
2020-08-12 04:40:00,468.4
2020-08-12 04:50:00,479.8
2020-08-12 05:00:00,494.7
2020-08-12 05:10:00,495.1
2020-08-12 05:20:00,495.4
2020-08-12 05:30:00,501.6
2020-08-12 05:40:00,499.6
2020-08-12 05:50:00,503.6
2020-08-12 06:00:00,507.6
2020-08-12 06:10:00,502.3
2020-08-12 06:20:00,499.5
2020-08-12 06:30:00,502.7
2020-08-12 06:40:00,498.0
2020-08-12 06:50:00,510.6
2020-08-12 07:00:00,504.5
2020-08-12 07:10:00,500.2
2020-08-12 07:20:00,496.7
2020-08-12 07:30:00,488.4
2020-08-12 07:40:00,495.2
2020-08-12 07:50:00,491.0
2020-08-12 08:00:00,480.3
2020-08-12 08:10:00,469.5
2020-08-12 08:20:00,450.5
2020-08-12 08:30:00,446.9
2020-08-12 08:40:00,452.2
2020-08-12 08:50:00,450.8
2020-08-12 09:00:00,447.3
2020-08-12 09:10:00,446.2
2020-08-12 09:20:00,450.9
2020-08-12 09:30:00,448.1
2020-08-12 09:40:00,441.7
2020-08-12 09:50:00,439.9
2020-08-12 10:00:00,438.0
2020-08-12 10:10:00,435.6
2020-08-12 10:20:00,433.7
2020-08-12 10:30:00,424.7
2020-08-12 10:40:00,419.9
2020-08-12 10:50:00,416.6
2020-08-12 11:00:00,414.9
2020-08-12 11:10:00,413.0
2020-08-12 11:20:00,408.1
2020-08-12 11:30:00,405.4
2020-08-12 11:40:00,403.5
2020-08-12 11:50:00,405.5
2020-08-12 12:00:00,406.3
2020-08-12 12:10:00,406.2
2020-08-12 12:20:00,406.8
2020-08-12 12:30:00,406.6
2020-08-12 12:40:00,406.7
2020-08-12 12:50:00,407.1
2020-08-12 13:00:00,407.3
2020-08-12 13:10:00,407.1
2020-08-12 13:20:00,406.8
2020-08-12 13:30:00,406.0
2020-08-12 13:40:00,405.4
2020-08-12 13:50:00,405.9
2020-08-12 14:00:00,406.7
2020-08-12 14:10:00,407.2
2020-08-12 14:20:00,406.3
2020-08-12 14:30:00,405.9
2020-08-12 14:40:00,405.6
2020-08-12 14:50:00,405.1
2020-08-12 15:00:00,406.9
2020-08-12 15:10:00,405.3
2020-08-12 15:20:00,405.3
2020-08-12 15:30:00,405.6
2020-08-12 15:40:00,406.0
2020-08-12 15:50:00,405.5
2020-08-12 16:00:00,405.5
2020-08-12 16:10:00,406.3
2020-08-12 16:20:00,406.1
2020-08-12 16:30:00,407.2
2020-08-12 16:40:00,408.0
2020-08-12 16:50:00,407.2
2020-08-12 17:00:00,405.9
2020-08-12 17:10:00,405.8
2020-08-12 17:20:00,406.0
2020-08-12 17:30:00,405.5
2020-08-12 17:40:00,406.5
2020-08-12 17:50:00,409.7
2020-08-12 18:00:00,409.9
2020-08-12 18:10:00,409.6
2020-08-12 18:20:00,410.1
2020-08-12 18:30:00,409.9
2020-08-12 18:40:00,410.2
2020-08-12 18:50:00,409.8
2020-08-12 19:00:00,409.3
2020-08-12 19:10:00,411.0
2020-08-12 19:20:00,410.7
2020-08-12 19:30:00,410.1
2020-08-12 19:40:00,410.7
2020-08-12 19:50:00,411.5
2020-08-12 20:00:00,412.6
2020-08-12 20:10:00,413.0
2020-08-12 20:20:00,413.7
2020-08-12 20:30:00,413.8
2020-08-12 20:40:00,413.8
2020-08-12 20:50:00,414.7
2020-08-12 21:00:00,416.4
2020-08-12 21:10:00,419.9
2020-08-12 21:20:00,425.4
2020-08-12 21:30:00,426.1
2020-08-12 21:40:00,423.2
2020-08-12 21:50:00,420.7
2020-08-12 22:00:00,427.4
2020-08-12 22:10:00,437.9
2020-08-12 22:20:00,436.85057617122834
2020-08-12 22:30:00,439.79612841654756
2020-08-12 22:40:00,442.77075764410785
2020-08-12 22:50:00,445.7688075371336
2020-08-12 23:00:00,448.7846217788495
2020-08-12 23:10:00,451.8125440524799
2020-08-12 23:20:00,454.84691804124935
2020-08-12 23:30:00,457.88208742838236
2020-08-12 23:40:00,460.91239589710347
2020-08-12 23:50:00,463.9321871306372
2020-08-13 00:00:00,466.935804812208
2020-08-13 00:10:00,469.91759262504047
2020-08-13 00:20:00,472.871894252359
2020-08-13 00:30:00,475.7930533773882
2020-08-13 00:40:00,478.6754136833526
2020-08-13 00:50:00,481.51331885347656
2020-08-13 01:00:00,484.30111257098474
2020-08-13 01:10:00,487.0331385191016
2020-08-13 01:20:00,489.70374038105166
2020-08-13 01:30:00,492.30726184005937
2020-08-13 01:40:00,494.8380465793493
2020-08-13 01:50:00,497.29043828214594
2020-08-13 02:00:00,499.65878063167384
2020-08-13 02:10:00,501.93741731115745
2020-08-13 02:20:00,504.1206920038213
2020-08-13 02:30:00,506.20294839288994
2020-08-13 02:40:00,508.17853016158784
2020-08-13 02:50:00,510.0417809931395
2020-08-13 03:00:00,511.7870445707695
2020-08-13 03:10:00,513.4086645777022
2020-08-13 03:20:00,514.9009846971622
2020-08-13 03:30:00,516.2583486123741
2020-08-13 03:40:00,517.4751000065622
2020-08-13 03:50:00,518.5455825629513
2020-08-13 04:00:00,519.4641399647655
2020-08-13 04:10:00,520.2251158952298
2020-08-13 04:20:00,520.8228540375684
2020-08-13 04:30:00,521.2516980750058
2020-08-13 04:40:00,521.5059916907668
2020-08-13 04:50:00,521.5800785680756
2020-08-13 05:00:00,521.4683023901567
2020-08-13 05:10:00,521.1650068402348
2020-08-13 05:20:00,520.6645356015343
2020-08-13 05:30:00,519.9612323572798
2020-08-13 05:40:00,519.0494407906957
2020-08-13 05:50:00,517.9235045850065
2020-08-13 06:00:00,516.5777674234369
2020-08-13 06:10:00,515.0065729892111
2020-08-13 06:20:00,513.2042649655539
2020-08-13 06:30:00,511.16518703568977
2020-08-13 06:40:00,508.6
2020-08-13 06:50:00,508.1
2020-08-13 07:00:00,503.4
2020-08-13 07:10:00,496.3
2020-08-13 07:20:00,495.6
2020-08-13 07:30:00,497.8
2020-08-13 07:40:00,492.4
2020-08-13 07:50:00,483.6
2020-08-13 08:00:00,477.4
2020-08-13 08:10:00,476.8
2020-08-13 08:20:00,473.3
2020-08-13 08:30:00,468.3
2020-08-13 08:40:00,458.4
2020-08-13 08:50:00,453.8
2020-08-13 09:00:00,452.5
2020-08-13 09:10:00,449.5
2020-08-13 09:20:00,449.0
2020-08-13 09:30:00,444.8
2020-08-13 09:40:00,441.6
2020-08-13 09:50:00,442.3
2020-08-13 10:00:00,437.6
2020-08-13 10:10:00,433.1
2020-08-13 10:20:00,432.4
2020-08-13 10:30:00,429.1
2020-08-13 10:40:00,425.3
2020-08-13 10:50:00,422.8
2020-08-13 11:00:00,415.6
2020-08-13 11:10:00,412.2
2020-08-13 11:20:00,412.9
2020-08-13 11:30:00,416.8
2020-08-13 11:40:00,415.7
2020-08-13 11:50:00,416.6
2020-08-13 12:00:00,417.8
2020-08-13 12:10:00,417.8
2020-08-13 12:20:00,421.1
2020-08-13 12:30:00,422.6
2020-08-13 12:40:00,421.2
2020-08-13 12:50:00,420.2
2020-08-13 13:00:00,419.1
2020-08-13 13:10:00,418.1
2020-08-13 13:20:00,417.5
2020-08-13 13:30:00,417.2
2020-08-13 13:40:00,416.9
2020-08-13 13:50:00,416.8
2020-08-13 14:00:00,417.2
2020-08-13 14:10:00,416.8
2020-08-13 14:20:00,417.3
2020-08-13 14:30:00,417.9
2020-08-13 14:40:00,418.9
2020-08-13 14:50:00,419.7
2020-08-13 15:00:00,420.9
2020-08-13 15:10:00,422.3
2020-08-13 15:20:00,423.0
2020-08-13 15:30:00,423.6
2020-08-13 15:40:00,423.9
2020-08-13 15:50:00,422.4
2020-08-13 16:00:00,422.7
2020-08-13 16:10:00,423.1
2020-08-13 16:20:00,425.9
2020-08-13 16:30:00,428.0
2020-08-13 16:40:00,427.6
2020-08-13 16:50:00,425.9
2020-08-13 17:00:00,423.8
2020-08-13 17:10:00,421.9
2020-08-13 17:20:00,422.3
2020-08-13 17:30:00,420.5
2020-08-13 17:40:00,418.2
2020-08-13 17:50:00,417.7
2020-08-13 18:00:00,417.6
2020-08-13 18:10:00,417.3
2020-08-13 18:20:00,416.2
2020-08-13 18:30:00,415.4
2020-08-13 18:40:00,414.7
2020-08-13 18:50:00,414.6
2020-08-13 19:00:00,413.6
2020-08-13 19:10:00,413.2
2020-08-13 19:20:00,414.4
2020-08-13 19:30:00,414.9
2020-08-13 19:40:00,417.6
2020-08-13 19:50:00,419.2
2020-08-13 20:00:00,420.0
2020-08-13 20:10:00,421.8
2020-08-13 20:20:00,424.7
2020-08-13 20:30:00,422.5
2020-08-13 20:40:00,418.5
2020-08-13 20:50:00,417.2
2020-08-13 21:00:00,417.3
2020-08-13 21:10:00,417.2
2020-08-13 21:20:00,419.2
2020-08-13 21:30:00,425.6
2020-08-13 21:40:00,431.5
2020-08-13 21:50:00,437.3
2020-08-13 22:00:00,439.2
2020-08-13 22:10:00,441.7
2020-08-13 22:20:00,440.8
2020-08-13 22:30:00,442.3
2020-08-13 22:40:00,435.9
2020-08-13 22:50:00,436.9
2020-08-13 23:00:00,443.1
2020-08-13 23:10:00,440.3
2020-08-13 23:20:00,448.0
2020-08-13 23:30:00,458.7
2020-08-13 23:40:00,461.4
2020-08-13 23:50:00,461.0
2020-08-14 00:00:00,464.2
2020-08-14 00:10:00,467.9
2020-08-14 00:20:00,466.6
2020-08-14 00:30:00,463.6
2020-08-14 00:40:00,462.6
2020-08-14 00:50:00,455.3
2020-08-14 01:00:00,453.2
2020-08-14 01:10:00,454.5
2020-08-14 01:20:00,456.7
2020-08-14 01:30:00,450.2
2020-08-14 01:40:00,450.4
2020-08-14 01:50:00,452.6
2020-08-14 02:00:00,451.9
2020-08-14 02:10:00,450.6
2020-08-14 02:20:00,450.7
2020-08-14 02:30:00,450.8
2020-08-14 02:40:00,449.4
2020-08-14 02:50:00,453.9
2020-08-14 03:00:00,455.9
2020-08-14 03:10:00,454.2
2020-08-14 03:20:00,453.8
2020-08-14 03:30:00,455.2
2020-08-14 03:40:00,456.9
2020-08-14 03:50:00,458.1
2020-08-14 04:00:00,458.9
2020-08-14 04:10:00,459.1
2020-08-14 04:20:00,458.2
2020-08-14 04:30:00,456.1
2020-08-14 04:40:00,448.5
2020-08-14 04:50:00,441.7
2020-08-14 05:00:00,443.38432120830106
2020-08-14 05:10:00,441.4432540183862
2020-08-14 05:20:00,439.58272415092796
2020-08-14 05:30:00,437.8010001316156
2020-08-14 05:40:00,436.09635048613836
2020-08-14 05:50:00,434.46704374018555
2020-08-14 06:00:00,432.9113484194465
2020-08-14 06:10:00,431.42753304961036
2020-08-14 06:20:00,430.01386615636653
2020-08-14 06:30:00,428.66861626540424
2020-08-14 06:40:00,427.3900519024128
2020-08-14 06:50:00,426.17644159308145
2020-08-14 07:00:00,425.0260538630995
2020-08-14 07:10:00,423.9371572381562
2020-08-14 07:20:00,422.9080202439409
2020-08-14 07:30:00,421.93691140614277
2020-08-14 07:40:00,421.02209925045116
2020-08-14 07:50:00,420.16185230255536
2020-08-14 08:00:00,419.35443908814466
2020-08-14 08:10:00,418.5981281329083
2020-08-14 08:20:00,417.8911879625356
2020-08-14 08:30:00,417.23188710271575
2020-08-14 08:40:00,416.61849407913815
2020-08-14 08:50:00,416.049277417492
2020-08-14 09:00:00,415.5225056434666
2020-08-14 09:10:00,415.0364472827513
2020-08-14 09:20:00,414.58937086103526
2020-08-14 09:30:00,414.1795449040078
2020-08-14 09:40:00,413.8052379373582
2020-08-14 09:50:00,413.4647184867758
2020-08-14 10:00:00,413.15625507794977
2020-08-14 10:10:00,412.8781162365695
2020-08-14 10:20:00,412.62857048832427
2020-08-14 10:30:00,412.40588635890333
2020-08-14 10:40:00,412.208332373996
2020-08-14 10:50:00,412.0341770592914
2020-08-14 11:00:00,411.88168894047885
2020-08-14 11:10:00,411.74913654324774
2020-08-14 11:20:00,411.6347883932874
2020-08-14 11:30:00,411.536913016287
2020-08-14 11:40:00,411.4537789379358
2020-08-14 11:50:00,411.38365468392317
2020-08-14 12:00:00,411.3248087799384
2020-08-14 12:10:00,411.2755097516706
2020-08-14 12:20:00,411.23402612480925
2020-08-14 12:30:00,411.1986264250435
2020-08-14 12:40:00,411.16757917806274
2020-08-14 12:50:00,411.13915290955606
2020-08-14 13:00:00,411.1116161452129
2020-08-14 13:10:00,411.0832374107225
2020-08-14 13:20:00,411.6
2020-08-14 13:30:00,410.7
2020-08-14 13:40:00,410.1
2020-08-14 13:50:00,410.0
2020-08-14 14:00:00,410.5
2020-08-14 14:10:00,411.2
2020-08-14 14:20:00,412.4
2020-08-14 14:30:00,410.6
2020-08-14 14:40:00,410.8
2020-08-14 14:50:00,410.9
2020-08-14 15:00:00,411.7
2020-08-14 15:10:00,412.3
2020-08-14 15:20:00,412.3
2020-08-14 15:30:00,412.4
2020-08-14 15:40:00,412.1
2020-08-14 15:50:00,412.1
2020-08-14 16:00:00,412.2
2020-08-14 16:10:00,413.5
2020-08-14 16:20:00,415.7
2020-08-14 16:30:00,414.2
2020-08-14 16:40:00,412.4
2020-08-14 16:50:00,411.6
2020-08-14 17:00:00,411.1
2020-08-14 17:10:00,411.2
2020-08-14 17:20:00,410.5
2020-08-14 17:30:00,410.4
2020-08-14 17:40:00,410.4
2020-08-14 17:50:00,410.4
2020-08-14 18:00:00,410.2
2020-08-14 18:10:00,410.4
2020-08-14 18:20:00,411.3
2020-08-14 18:30:00,411.3
2020-08-14 18:40:00,411.3
2020-08-14 18:50:00,411.8
2020-08-14 19:00:00,411.9
2020-08-14 19:10:00,412.3
2020-08-14 19:20:00,412.0
2020-08-14 19:30:00,412.0
2020-08-14 19:40:00,413.4
2020-08-14 19:50:00,415.2
2020-08-14 20:00:00,416.6
2020-08-14 20:10:00,418.4
2020-08-14 20:20:00,418.8
2020-08-14 20:30:00,418.9
2020-08-14 20:40:00,419.6
2020-08-14 20:50:00,419.4
2020-08-14 21:00:00,419.4
2020-08-14 21:10:00,420.6
2020-08-14 21:20:00,420.4
2020-08-14 21:30:00,420.9
2020-08-14 21:40:00,421.0
2020-08-14 21:50:00,421.9
2020-08-14 22:00:00,421.2
2020-08-14 22:10:00,431.9
2020-08-14 22:20:00,434.5
2020-08-14 22:30:00,431.0
2020-08-14 22:40:00,431.0
2020-08-14 22:50:00,431.8
2020-08-14 23:00:00,427.4
2020-08-14 23:10:00,424.6
2020-08-14 23:20:00,421.8
2020-08-14 23:30:00,420.4
2020-08-14 23:40:00,421.1
2020-08-14 23:50:00,423.4
2020-08-15 00:00:00,422.3
2020-08-15 00:10:00,424.7
2020-08-15 00:20:00,426.8
2020-08-15 00:30:00,426.4
2020-08-15 00:40:00,428.7
2020-08-15 00:50:00,430.1
2020-08-15 01:00:00,430.8
2020-08-15 01:10:00,431.0
2020-08-15 01:20:00,433.2
2020-08-15 01:30:00,433.5
2020-08-15 01:40:00,435.3
2020-08-15 01:50:00,434.2
2020-08-15 02:00:00,432.6
2020-08-15 02:10:00,431.1
2020-08-15 02:20:00,435.6
2020-08-15 02:30:00,437.7
2020-08-15 02:40:00,437.0
2020-08-15 02:50:00,437.4
2020-08-15 03:00:00,438.2
2020-08-15 03:10:00,440.6
2020-08-15 03:20:00,442.6
2020-08-15 03:30:00,447.0
2020-08-15 03:40:00,451.4
2020-08-15 03:50:00,451.1
2020-08-15 04:00:00,449.0
2020-08-15 04:10:00,445.2
2020-08-15 04:20:00,452.0
2020-08-15 04:30:00,448.2
2020-08-15 04:40:00,454.3
2020-08-15 04:50:00,446.3
2020-08-15 05:00:00,454.1
2020-08-15 05:10:00,464.0
2020-08-15 05:20:00,460.5
2020-08-15 05:30:00,455.7
2020-08-15 05:40:00,456.6
2020-08-15 05:50:00,455.7
2020-08-15 06:00:00,459.0
2020-08-15 06:10:00,472.9
2020-08-15 06:20:00,483.1
2020-08-15 06:30:00,479.1
2020-08-15 06:40:00,479.0
2020-08-15 06:50:00,486.0
2020-08-15 07:00:00,479.5
2020-08-15 07:10:00,466.1
2020-08-15 07:20:00,459.2
2020-08-15 07:30:00,452.7
2020-08-15 07:40:00,447.1
2020-08-15 07:50:00,447.1
2020-08-15 08:00:00,447.7
2020-08-15 08:10:00,447.5
2020-08-15 08:20:00,443.8
2020-08-15 08:30:00,435.2
2020-08-15 08:40:00,427.8
2020-08-15 08:50:00,427.1
2020-08-15 09:00:00,423.1
2020-08-15 09:10:00,423.3
2020-08-15 09:20:00,426.0
2020-08-15 09:30:00,421.3
2020-08-15 09:40:00,419.5
2020-08-15 09:50:00,422.9
2020-08-15 10:00:00,424.8
2020-08-15 10:10:00,426.1
2020-08-15 10:20:00,424.9
2020-08-15 10:30:00,426.5
2020-08-15 10:40:00,431.8
2020-08-15 10:50:00,432.4
2020-08-15 11:00:00,431.0
2020-08-15 11:10:00,432.5
2020-08-15 11:20:00,430.4
2020-08-15 11:30:00,427.9
2020-08-15 11:40:00,426.3
2020-08-15 11:50:00,427.0
2020-08-15 12:00:00,426.6
2020-08-15 12:10:00,426.8
2020-08-15 12:20:00,427.0
2020-08-15 12:30:00,426.7
2020-08-15 12:40:00,424.2
2020-08-15 12:50:00,421.9
2020-08-15 13:00:00,420.2
2020-08-15 13:10:00,420.4
2020-08-15 13:20:00,419.7
2020-08-15 13:30:00,419.0
2020-08-15 13:40:00,416.6
2020-08-15 13:50:00,415.6
2020-08-15 14:00:00,415.7
2020-08-15 14:10:00,414.7
2020-08-15 14:20:00,412.6
2020-08-15 14:30:00,412.5
2020-08-15 14:40:00,411.7
2020-08-15 14:50:00,410.8
2020-08-15 15:00:00,410.4
2020-08-15 15:10:00,410.5
2020-08-15 15:20:00,410.2
2020-08-15 15:30:00,410.4
2020-08-15 15:40:00,410.7
2020-08-15 15:50:00,411.4
2020-08-15 16:00:00,410.4
2020-08-15 16:10:00,411.3
2020-08-15 16:20:00,411.0
2020-08-15 16:30:00,410.7
2020-08-15 16:40:00,411.1
2020-08-15 16:50:00,410.7
2020-08-15 17:00:00,410.4
2020-08-15 17:10:00,410.6
2020-08-15 17:20:00,410.7
2020-08-15 17:30:00,411.0
2020-08-15 17:40:00,411.5
2020-08-15 17:50:00,412.9
2020-08-15 18:00:00,413.4
2020-08-15 18:10:00,415.4
2020-08-15 18:20:00,416.3
2020-08-15 18:30:00,415.6
2020-08-15 18:40:00,416.1
2020-08-15 18:50:00,415.7
2020-08-15 19:00:00,416.8
2020-08-15 19:10:00,416.9
2020-08-15 19:20:00,416.4
2020-08-15 19:30:00,414.8
2020-08-15 19:40:00,422.3
2020-08-15 19:50:00,417.5
2020-08-15 20:00:00,428.2
2020-08-15 20:10:00,424.7
2020-08-15 20:20:00,421.7
2020-08-15 20:30:00,429.0
2020-08-15 20:40:00,432.5
2020-08-15 20:50:00,424.0
2020-08-15 21:00:00,427.0
2020-08-15 21:10:00,430.0
2020-08-15 21:20:00,431.4
2020-08-15 21:30:00,431.8
2020-08-15 21:40:00,435.7
2020-08-15 21:50:00,438.5
2020-08-15 22:00:00,440.5
2020-08-15 22:10:00,446.7
2020-08-15 22:20:00,452.1
2020-08-15 22:30:00,460.9
2020-08-15 22:40:00,451.1
2020-08-15 22:50:00,451.9
2020-08-15 23:00:00,453.1
2020-08-15 23:10:00,454.9
2020-08-15 23:20:00,462.2
2020-08-15 23:30:00,463.3
2020-08-15 23:40:00,461.6
2020-08-15 23:50:00,464.5
2020-08-16 00:00:00,470.9
2020-08-16 00:10:00,470.8
2020-08-16 00:20:00,463.0
2020-08-16 00:30:00,470.6
2020-08-16 00:40:00,475.9
2020-08-16 00:50:00,480.3
2020-08-16 01:00:00,480.4
2020-08-16 01:10:00,471.6
2020-08-16 01:20:00,476.8
2020-08-16 01:30:00,475.7
2020-08-16 01:40:00,463.1
2020-08-16 01:50:00,472.6
2020-08-16 02:00:00,468.8
2020-08-16 02:10:00,468.9
2020-08-16 02:20:00,467.9
2020-08-16 02:30:00,462.4
2020-08-16 02:40:00,456.7
2020-08-16 02:50:00,455.9
2020-08-16 03:00:00,453.9
2020-08-16 03:10:00,466.2
2020-08-16 03:20:00,464.5
2020-08-16 03:30:00,465.7
2020-08-16 03:40:00,466.0
2020-08-16 03:50:00,463.1
2020-08-16 04:00:00,463.9
2020-08-16 04:10:00,463.8
2020-08-16 04:20:00,465.2
2020-08-16 04:30:00,465.5
2020-08-16 04:40:00,469.6
2020-08-16 04:50:00,466.8
2020-08-16 05:00:00,463.8
2020-08-16 05:10:00,466.3
2020-08-16 05:20:00,464.4
2020-08-16 05:30:00,468.2
2020-08-16 05:40:00,470.2
2020-08-16 05:50:00,466.6
2020-08-16 06:00:00,461.6
2020-08-16 06:10:00,462.3
2020-08-16 06:20:00,461.69845213620187
2020-08-16 06:30:00,460.72849601369853
2020-08-16 06:40:00,459.72986016603005
2020-08-16 06:50:00,458.7039579421258
2020-08-16 07:00:00,457.6522026909151
2020-08-16 07:10:00,456.57600776132733
2020-08-16 07:20:00,455.4767865022919
2020-08-16 07:30:00,454.35595226273807
2020-08-16 07:40:00,453.2149183915953
2020-08-16 07:50:00,452.0550982377929
2020-08-16 08:00:00,450.87790515026023
2020-08-16 08:10:00,449.6847524779267
2020-08-16 08:20:00,448.4770535697216
2020-08-16 08:30:00,447.2562217745743
2020-08-16 08:40:00,446.02367044141425
2020-08-16 08:50:00,444.7808129191707
2020-08-16 09:00:00,443.52906255677306
2020-08-16 09:10:00,442.26983270315066
2020-08-16 09:20:00,441.0045367072329
2020-08-16 09:30:00,439.7345879179491
2020-08-16 09:40:00,438.46139968422864
2020-08-16 09:50:00,437.1863853550009
2020-08-16 10:00:00,435.9109582791952
2020-08-16 10:10:00,434.6365318057409
2020-08-16 10:20:00,433.3645192835674
2020-08-16 10:30:00,432.09633406160407
2020-08-16 10:40:00,430.8333894887802
2020-08-16 10:50:00,429.5770989140252
2020-08-16 11:00:00,428.3288756862685
2020-08-16 11:10:00,427.0901331544393
2020-08-16 11:20:00,425.86228466746707
2020-08-16 11:30:00,424.6467435742811
2020-08-16 11:40:00,423.44492322381086
2020-08-16 11:50:00,422.2582369649856
2020-08-16 12:00:00,421.0880981467347
2020-08-16 12:10:00,419.93592011798756
2020-08-16 12:20:00,418.8031162276735
2020-08-16 12:30:00,417.6910998247219
2020-08-16 12:40:00,416.6012842580621
2020-08-16 12:50:00,415.5350828766235
2020-08-16 13:00:00,414.49390902933544
2020-08-16 13:10:00,413.47917606512726
2020-08-16 13:20:00,412.49229733292833
2020-08-16 13:30:00,411.53468618166806
2020-08-16 13:40:00,410.6077559602757
2020-08-16 13:50:00,409.71292001768074
2020-08-16 14:00:00,408.8515917028124
2020-08-16 14:10:00,408.0251843646002
2020-08-16 14:20:00,407.2351113519734
2020-08-16 14:30:00,406.48278601386136
2020-08-16 14:40:00,405.5
2020-08-16 14:50:00,405.5
2020-08-16 15:00:00,404.5
2020-08-16 15:10:00,403.6
2020-08-16 15:20:00,403.9
2020-08-16 15:30:00,404.2
2020-08-16 15:40:00,402.4
2020-08-16 15:50:00,400.9
2020-08-16 16:00:00,400.4
2020-08-16 16:10:00,400.2
2020-08-16 16:20:00,400.3
2020-08-16 16:30:00,400.0
2020-08-16 16:40:00,400.0
2020-08-16 16:50:00,399.5
2020-08-16 17:00:00,399.5
2020-08-16 17:10:00,398.9
2020-08-16 17:20:00,398.7
2020-08-16 17:30:00,398.5
2020-08-16 17:40:00,399.0
2020-08-16 17:50:00,399.4
2020-08-16 18:00:00,399.4
2020-08-16 18:10:00,400.1
2020-08-16 18:20:00,401.0
2020-08-16 18:30:00,402.0
2020-08-16 18:40:00,403.5
2020-08-16 18:50:00,402.7
2020-08-16 19:00:00,402.2
2020-08-16 19:10:00,403.0
2020-08-16 19:20:00,405.7
2020-08-16 19:30:00,405.8
2020-08-16 19:40:00,405.0
2020-08-16 19:50:00,408.5
2020-08-16 20:00:00,410.6
2020-08-16 20:10:00,416.7
2020-08-16 20:20:00,413.9
2020-08-16 20:30:00,413.2
2020-08-16 20:40:00,414.2
2020-08-16 20:50:00,412.7
2020-08-16 21:00:00,412.0
2020-08-16 21:10:00,411.6
2020-08-16 21:20:00,410.4
2020-08-16 21:30:00,412.4
2020-08-16 21:40:00,430.1
2020-08-16 21:50:00,424.6
2020-08-16 22:00:00,426.4483851748411
2020-08-16 22:10:00,428.1659517047097
2020-08-16 22:20:00,429.78426385378185
2020-08-16 22:30:00,431.30793144044253
2020-08-16 22:40:00,432.7415642830767
2020-08-16 22:50:00,434.08977220006926
2020-08-16 23:00:00,435.3571650098052
2020-08-16 23:10:00,436.5483525306695
2020-08-16 23:20:00,437.667944581047
2020-08-16 23:30:00,438.72055097932264
2020-08-16 23:40:00,439.71078154388147
2020-08-16 23:50:00,440.64324609310836
2020-08-17 00:00:00,441.5225544453882
2020-08-17 00:10:00,442.353316419106
2020-08-17 00:20:00,443.1401418326467
2020-08-17 00:30:00,443.88764050439516
2020-08-17 00:40:00,444.60042225273645
2020-08-17 00:50:00,445.28309689605544
2020-08-17 01:00:00,445.940274252737
2020-08-17 01:10:00,446.5765641411662
2020-08-17 01:20:00,447.1965763797279
2020-08-17 01:30:00,447.8049207868071
2020-08-17 01:40:00,448.40620718078867
2020-08-17 01:50:00,449.0050453800576
2020-08-17 02:00:00,449.60604520299876
2020-08-17 02:10:00,450.2138164679971
2020-08-17 02:20:00,450.83296899343765
2020-08-17 02:30:00,451.46811259770533
2020-08-17 02:40:00,452.12385709918505
2020-08-17 02:50:00,452.80481231626175
2020-08-17 03:00:00,453.5155880673204
2020-08-17 03:10:00,454.26079417074584
2020-08-17 03:20:00,455.0450404449231
2020-08-17 03:30:00,455.87293670823703
2020-08-17 03:40:00,456.7490927790726
2020-08-17 03:50:00,457.67811847581487
2020-08-17 04:00:00,458.66462361684864
2020-08-17 04:10:00,459.7132180205589
2020-08-17 04:20:00,460.82851150533054
2020-08-17 04:30:00,462.0151138895487
2020-08-17 04:40:00,463.277634991598
2020-08-17 04:50:00,464.6206846298636
2020-08-17 05:00:00,466.04887262273036
2020-08-17 05:10:00,467.56680878858333
2020-08-17 05:20:00,469.17910294580724
2020-08-17 05:30:00,470.8903649127873
2020-08-17 05:40:00,472.7052045079082
2020-08-17 05:50:00,474.62823154955504
2020-08-17 06:00:00,476.6640558561128
2020-08-17 06:10:00,478.8172872459664
2020-08-17 06:20:00,469.1
2020-08-17 06:30:00,503.3
2020-08-17 06:40:00,499.3
2020-08-17 06:50:00,467.3
2020-08-17 07:00:00,493.6
2020-08-17 07:10:00,502.7
2020-08-17 07:20:00,499.9
2020-08-17 07:30:00,507.8
2020-08-17 07:40:00,508.9
2020-08-17 07:50:00,505.8
2020-08-17 08:00:00,488.4
2020-08-17 08:10:00,469.4
2020-08-17 08:20:00,476.5543261177341
2020-08-17 08:30:00,473.0625034706512
2020-08-17 08:40:00,469.7044647521888
2020-08-17 08:50:00,466.47758684615394
2020-08-17 09:00:00,463.37924663635374
2020-08-17 09:10:00,460.40682100659535
2020-08-17 09:20:00,457.5576868406859
2020-08-17 09:30:00,454.82922102243253
2020-08-17 09:40:00,452.2188004356424
2020-08-17 09:50:00,449.7238019641226
2020-08-17 10:00:00,447.34160249168025
2020-08-17 10:10:00,445.06957890212254
2020-08-17 10:20:00,442.90510807925654
2020-08-17 10:30:00,440.8455669068894
2020-08-17 10:40:00,438.8883322688283
2020-08-17 10:50:00,437.0307810488803
2020-08-17 11:00:00,435.27029013085263
2020-08-17 11:10:00,433.6042363985523
2020-08-17 11:20:00,432.0299967357865
2020-08-17 11:30:00,430.54494802636236
2020-08-17 11:40:00,429.1464671540871
2020-08-17 11:50:00,427.8319310027677
2020-08-17 12:00:00,426.5987164562114
2020-08-17 12:10:00,425.44420039822523
2020-08-17 12:20:00,424.36575971261647
2020-08-17 12:30:00,423.3607712831921
2020-08-17 12:40:00,422.4266119937593
2020-08-17 12:50:00,421.56065872812525
2020-08-17 13:00:00,420.76028837009704
2020-08-17 13:10:00,420.02287780348183
2020-08-17 13:20:00,419.34580391208675
2020-08-17 13:30:00,418.7264435797189
2020-08-17 13:40:00,418.1621736901853
2020-08-17 13:50:00,417.6503711272933
2020-08-17 14:00:00,417.18841277485
2020-08-17 14:10:00,416.7736755166625
2020-08-17 14:20:00,416.4035362365379
2020-08-17 14:30:00,416.0753718182832
2020-08-17 14:40:00,415.78655914570584
2020-08-17 14:50:00,415.53447510261276
2020-08-17 15:00:00,415.31649657281105
2020-08-17 15:10:00,415.13000044010795
2020-08-17 15:20:00,414.97236358831054
2020-08-17 15:30:00,414.84096290122596
2020-08-17 15:40:00,414.7331752626614
2020-08-17 15:50:00,414.64637755642394
2020-08-17 16:00:00,414.5779466663208
2020-08-17 16:10:00,414.5252594761589
2020-08-17 16:20:00,414.48569286974544
2020-08-17 16:30:00,414.4566237308876
2020-08-17 16:40:00,414.0
2020-08-17 16:50:00,415.2
2020-08-17 17:00:00,414.8
2020-08-17 17:10:00,414.4
2020-08-17 17:20:00,413.9
2020-08-17 17:30:00,413.7
2020-08-17 17:40:00,413.6
2020-08-17 17:50:00,413.6
2020-08-17 18:00:00,413.4
2020-08-17 18:10:00,413.4
2020-08-17 18:20:00,413.7
2020-08-17 18:30:00,414.1
2020-08-17 18:40:00,414.9
2020-08-17 18:50:00,415.5
2020-08-17 19:00:00,417.6
2020-08-17 19:10:00,417.8
2020-08-17 19:20:00,416.1
2020-08-17 19:30:00,416.1
2020-08-17 19:40:00,419.8
2020-08-17 19:50:00,421.1
2020-08-17 20:00:00,421.3352230876726
2020-08-17 20:10:00,422.2586589903027
2020-08-17 20:20:00,423.1903689193812
2020-08-17 20:30:00,424.12958122627845
2020-08-17 20:40:00,425.07552426236464
2020-08-17 20:50:00,426.0274263790102
2020-08-17 21:00:00,426.9845159275854
2020-08-17 21:10:00,427.94602125946057
2020-08-17 21:20:00,428.911170726006
2020-08-17 21:30:00,429.87919267859206
2020-08-17 21:40:00,430.84931546858905
2020-08-17 21:50:00,431.82076744736725
2020-08-17 22:00:00,432.792776966297
2020-08-17 22:10:00,433.7645723767487
2020-08-17 22:20:00,434.73538203009247
2020-08-17 22:30:00,435.7044342776988
2020-08-17 22:40:00,436.67095747093794
2020-08-17 22:50:00,437.6341799611802
2020-08-17 23:00:00,438.593330099796
2020-08-17 23:10:00,439.5476362381555
2020-08-17 23:20:00,440.49632672762914
2020-08-17 23:30:00,441.4386299195872
2020-08-17 23:40:00,442.37377416539994
2020-08-17 23:50:00,443.3009878164377
2020-08-18 00:00:00,444.2194992240709
2020-08-18 00:10:00,445.12853673966976
2020-08-18 00:20:00,446.0273287146046
2020-08-18 00:30:00,446.9151035002458
2020-08-18 00:40:00,447.7910894479636
2020-08-18 00:50:00,448.65451490912835
2020-08-18 01:00:00,449.50460823511037
2020-08-18 01:10:00,450.34059777728
2020-08-18 01:20:00,451.1617118870075
2020-08-18 01:30:00,451.9671789156633
2020-08-18 01:40:00,452.7562272146175
2020-08-18 01:50:00,453.52808513524064
2020-08-18 02:00:00,454.281981028903
2020-08-18 02:10:00,455.0171432469748
2020-08-18 02:20:00,455.73280014082644
2020-08-18 02:30:00,456.4281800618282
2020-08-18 02:40:00,457.10251136135037
2020-08-18 02:50:00,457.7550223907633
2020-08-18 03:00:00,458.3849415014373
2020-08-18 03:10:00,458.99149704474274
2020-08-18 03:20:00,459.5739173720499
2020-08-18 03:30:00,460.1314308347291
2020-08-18 03:40:00,460.6632657841506
2020-08-18 03:50:00,461.1686505716848
2020-08-18 04:00:00,461.64681354870197
2020-08-18 04:10:00,462.0969830665724
2020-08-18 04:20:00,462.6
2020-08-18 04:30:00,462.6
2020-08-18 04:40:00,463.4
2020-08-18 04:50:00,462.9
2020-08-18 05:00:00,466.1
2020-08-18 05:10:00,465.3
2020-08-18 05:20:00,463.2
2020-08-18 05:30:00,461.7
2020-08-18 05:40:00,463.1
2020-08-18 05:50:00,464.5
2020-08-18 06:00:00,465.3
2020-08-18 06:10:00,464.5
2020-08-18 06:20:00,464.7
2020-08-18 06:30:00,466.1
2020-08-18 06:40:00,466.4
2020-08-18 06:50:00,467.1
2020-08-18 07:00:00,467.9
2020-08-18 07:10:00,470.8
2020-08-18 07:20:00,471.8
2020-08-18 07:30:00,470.6
2020-08-18 07:40:00,472.7
2020-08-18 07:50:00,472.4
2020-08-18 08:00:00,472.0
2020-08-18 08:10:00,468.1
2020-08-18 08:20:00,469.1557802472528
2020-08-18 08:30:00,468.49417765272716
2020-08-18 08:40:00,467.7545086929438
2020-08-18 08:50:00,466.9401630816278
2020-08-18 09:00:00,466.0545305325044
2020-08-18 09:10:00,465.1010007592986
2020-08-18 09:20:00,464.08296347573554
2020-08-18 09:30:00,463.0038083955404
2020-08-18 09:40:00,461.86692523243823
2020-08-18 09:50:00,460.67570370015426
2020-08-18 10:00:00,459.43353351241353
2020-08-18 10:10:00,458.1438043829412
2020-08-18 10:20:00,456.80990602546234
2020-08-18 10:30:00,455.4352281537021
2020-08-18 10:40:00,454.0231604813856
2020-08-18 10:50:00,452.57709272223804
2020-08-18 11:00:00,451.10041458998444
2020-08-18 11:10:00,449.5965157983499
2020-08-18 11:20:00,448.06878606105965
2020-08-18 11:30:00,446.52061509183875
2020-08-18 11:40:00,444.95539260441234
2020-08-18 11:50:00,443.3765083125055
2020-08-18 12:00:00,441.7873519298434
2020-08-18 12:10:00,440.19131317015115
2020-08-18 12:20:00,438.5917817471539
2020-08-18 12:30:00,436.99214737457675
2020-08-18 12:40:00,435.39579976614476
2020-08-18 12:50:00,433.8061286355831
2020-08-18 13:00:00,432.22652369661694
2020-08-18 13:10:00,430.6603746629714
2020-08-18 13:20:00,429.1110712483715
2020-08-18 13:30:00,427.58200316654245
2020-08-18 13:40:00,426.07656013120936
2020-08-18 13:50:00,424.5981318560974
2020-08-18 14:00:00,423.1501080549316
2020-08-18 14:10:00,421.7358784414371
2020-08-18 14:20:00,420.358832729339
2020-08-18 14:30:00,419.0223606323625
2020-08-18 14:40:00,417.7298518642327
2020-08-18 14:50:00,416.48469613867474
2020-08-18 15:00:00,415.2902831694137
2020-08-18 15:10:00,414.15000267017473
2020-08-18 15:20:00,413.06724435468294
2020-08-18 15:30:00,412.04539793666345
2020-08-18 15:40:00,411.08785312984133
2020-08-18 15:50:00,410.1979996479417
2020-08-18 16:00:00,409.3792272046898
2020-08-18 16:10:00,408.6349255138107
2020-08-18 16:20:00,407.96848428902945
2020-08-18 16:30:00,407.38329324407124
2020-08-18 16:40:00,406.8
2020-08-18 16:50:00,406.5
2020-08-18 17:00:00,406.4
2020-08-18 17:10:00,405.8
2020-08-18 17:20:00,406.3
2020-08-18 17:30:00,405.5
2020-08-18 17:40:00,405.1
2020-08-18 17:50:00,405.7
2020-08-18 18:00:00,406.0
2020-08-18 18:10:00,407.0
2020-08-18 18:20:00,408.1
2020-08-18 18:30:00,409.3
2020-08-18 18:40:00,410.2
2020-08-18 18:50:00,411.1
2020-08-18 19:00:00,411.0
2020-08-18 19:10:00,410.6
2020-08-18 19:20:00,410.5
2020-08-18 19:30:00,410.9
2020-08-18 19:40:00,410.4
2020-08-18 19:50:00,410.8
2020-08-18 20:00:00,410.9
2020-08-18 20:10:00,411.6
2020-08-18 20:20:00,411.9
2020-08-18 20:30:00,419.1
2020-08-18 20:40:00,432.0
2020-08-18 20:50:00,429.4
2020-08-18 21:00:00,428.8
2020-08-18 21:10:00,425.6
2020-08-18 21:20:00,426.7
2020-08-18 21:30:00,422.8
2020-08-18 21:40:00,422.2
2020-08-18 21:50:00,422.9
2020-08-18 22:00:00,425.7
2020-08-18 22:10:00,428.7
2020-08-18 22:20:00,433.0
2020-08-18 22:30:00,431.4
2020-08-18 22:40:00,434.4
2020-08-18 22:50:00,436.2
2020-08-18 23:00:00,438.3
2020-08-18 23:10:00,441.8
2020-08-18 23:20:00,449.6
2020-08-18 23:30:00,454.2
2020-08-18 23:40:00,456.8
2020-08-18 23:50:00,456.6
2020-08-19 00:00:00,455.3
2020-08-19 00:10:00,460.2
2020-08-19 00:20:00,460.9
2020-08-19 00:30:00,447.8
2020-08-19 00:40:00,451.1
2020-08-19 00:50:00,458.1
2020-08-19 01:00:00,460.4
2020-08-19 01:10:00,459.9
2020-08-19 01:20:00,460.4
2020-08-19 01:30:00,462.9
2020-08-19 01:40:00,466.7
2020-08-19 01:50:00,465.3
2020-08-19 02:00:00,464.3
2020-08-19 02:10:00,454.2
2020-08-19 02:20:00,454.6
2020-08-19 02:30:00,449.3
2020-08-19 02:40:00,448.1
2020-08-19 02:50:00,453.2
2020-08-19 03:00:00,461.3
2020-08-19 03:10:00,482.3
2020-08-19 03:20:00,487.5
2020-08-19 03:30:00,486.3
2020-08-19 03:40:00,487.6
2020-08-19 03:50:00,486.9
2020-08-19 04:00:00,481.8
2020-08-19 04:10:00,480.5
2020-08-19 04:20:00,484.8
2020-08-19 04:30:00,482.7
2020-08-19 04:40:00,480.1
2020-08-19 04:50:00,470.6
2020-08-19 05:00:00,472.6
2020-08-19 05:10:00,475.8
2020-08-19 05:20:00,470.2
2020-08-19 05:30:00,475.2
2020-08-19 05:40:00,486.1
2020-08-19 05:50:00,488.2
2020-08-19 06:00:00,490.3
2020-08-19 06:10:00,488.3
2020-08-19 06:20:00,492.0
2020-08-19 06:30:00,491.9
2020-08-19 06:40:00,495.3
2020-08-19 06:50:00,499.2
2020-08-19 07:00:00,495.2
2020-08-19 07:10:00,482.8
2020-08-19 07:20:00,492.8
2020-08-19 07:30:00,500.6
2020-08-19 07:40:00,496.42750922991996
2020-08-19 07:50:00,496.42688337013686
2020-08-19 08:00:00,496.2298344357924
2020-08-19 08:10:00,495.8438838513622
2020-08-19 08:20:00,495.27655304132185
2020-08-19 08:30:00,494.5353634301469
2020-08-19 08:40:00,493.62783644231297
2020-08-19 08:50:00,492.56149350229566
2020-08-19 09:00:00,491.3438560345706
2020-08-19 09:10:00,489.98244546361326
2020-08-19 09:20:00,488.48478321389933
2020-08-19 09:30:00,486.85839070990437
2020-08-19 09:40:00,485.11078937610404
2020-08-19 09:50:00,483.24950063697383
2020-08-19 10:00:00,481.2820459169894
2020-08-19 10:10:00,479.2159466406262
2020-08-19 10:20:00,477.05872423235996
2020-08-19 10:30:00,474.81790011666624
2020-08-19 10:40:00,472.5009957180206
2020-08-19 10:50:00,470.11553246089863
2020-08-19 11:00:00,467.6690317697759
2020-08-19 11:10:00,465.1690150691281
2020-08-19 11:20:00,462.6230037834307
2020-08-19 11:30:00,460.0385193371593
2020-08-19 11:40:00,457.42308315478954
2020-08-19 11:50:00,454.784216660797
2020-08-19 12:00:00,452.12944127965727
2020-08-19 12:10:00,449.46627843584594
2020-08-19 12:20:00,446.80224955383864
2020-08-19 12:30:00,444.1448760581108
2020-08-19 12:40:00,441.50167937313824
2020-08-19 12:50:00,438.8801809233965
2020-08-19 13:00:00,436.287902133361
2020-08-19 13:10:00,433.7323644275073
2020-08-19 13:20:00,431.2210892303112
2020-08-19 13:30:00,428.76159796624825
2020-08-19 13:40:00,426.3614120597941
2020-08-19 13:50:00,424.02805293542417
2020-08-19 14:00:00,421.76904201761397
2020-08-19 14:10:00,419.59190073083937
2020-08-19 14:20:00,417.50415049957576
2020-08-19 14:30:00,415.51331274829874
2020-08-19 14:40:00,413.6269089014839
2020-08-19 14:50:00,411.852460383607
2020-08-19 15:00:00,410.19748861914337
2020-08-19 15:10:00,408.6695150325688
2020-08-19 15:20:00,407.2760610483588
2020-08-19 15:30:00,406.0246480909892
2020-08-19 15:40:00,404.9227975849352
2020-08-19 15:50:00,403.9780309546725
2020-08-19 16:00:00,402.7
2020-08-19 16:10:00,402.8
2020-08-19 16:20:00,402.4
2020-08-19 16:30:00,402.7
2020-08-19 16:40:00,403.3
2020-08-19 16:50:00,403.3
2020-08-19 17:00:00,403.1
2020-08-19 17:10:00,402.4
2020-08-19 17:20:00,402.9
2020-08-19 17:30:00,404.3
2020-08-19 17:40:00,405.9
2020-08-19 17:50:00,403.7
2020-08-19 18:00:00,402.9
2020-08-19 18:10:00,402.9
2020-08-19 18:20:00,405.3
2020-08-19 18:30:00,405.1
2020-08-19 18:40:00,404.2
2020-08-19 18:50:00,403.4
2020-08-19 19:00:00,402.9
2020-08-19 19:10:00,402.5
2020-08-19 19:20:00,407.0
2020-08-19 19:30:00,413.7
2020-08-19 19:40:00,410.2
2020-08-19 19:50:00,406.7
2020-08-19 20:00:00,409.51187403215243
2020-08-19 20:10:00,410.1809576563515
2020-08-19 20:20:00,410.88774521136463
2020-08-19 20:30:00,411.6323221359773
2020-08-19 20:40:00,412.414773868975
2020-08-19 20:50:00,413.23518584914314
2020-08-19 21:00:00,414.0936435152673
2020-08-19 21:10:00,414.9902323061329
2020-08-19 21:20:00,415.92503766052545
2020-08-19 21:30:00,416.8981450172305
2020-08-19 21:40:00,417.9096398150335
2020-08-19 21:50:00,418.95960749271984
2020-08-19 22:00:00,420.04813348907516
2020-08-19 22:10:00,421.1753032428848
2020-08-19 22:20:00,422.34120219293436
2020-08-19 22:30:00,423.5459157780093
2020-08-19 22:40:00,424.7895294368951
2020-08-19 22:50:00,426.0721286083772
2020-08-19 23:00:00,427.3937987312412
2020-08-19 23:10:00,428.75462524427246
2020-08-19 23:20:00,430.15469358625654
2020-08-19 23:30:00,431.59408919597894
2020-08-19 23:40:00,433.0728975122251
2020-08-19 23:50:00,434.5912039737805
2020-08-20 00:00:00,436.14909401943066
2020-08-20 00:10:00,437.7466530879611
2020-08-20 00:20:00,439.3839666181572
2020-08-20 00:30:00,441.0611200488046
2020-08-20 00:40:00,442.7781988186886
2020-08-20 00:50:00,444.53528836659484
2020-08-20 01:00:00,446.33247413130874
2020-08-20 01:10:00,448.1698415516158
2020-08-20 01:20:00,450.0474760663015
2020-08-20 01:30:00,451.9654631141513
2020-08-20 01:40:00,453.92388813395075
2020-08-20 01:50:00,455.92283656448535
2020-08-20 02:00:00,457.9623938445405
2020-08-20 02:10:00,460.0426454129017
2020-08-20 02:20:00,462.1636767083545
2020-08-20 02:30:00,464.3255731696844
2020-08-20 02:40:00,466.5284202356768
2020-08-20 02:50:00,468.77230334511717
2020-08-20 03:00:00,471.0573079367911
2020-08-20 03:10:00,473.383519449484
2020-08-20 03:20:00,475.7510233219815
2020-08-20 03:30:00,478.15990499306895
2020-08-20 03:40:00,480.6102499015318
2020-08-20 03:50:00,483.1021434861557
2020-08-20 04:00:00,485.6356711857259
2020-08-20 04:10:00,488.2109184390281
2020-08-20 04:20:00,482.1
2020-08-20 04:30:00,498.0
2020-08-20 04:40:00,509.0
2020-08-20 04:50:00,512.5
2020-08-20 05:00:00,511.2
2020-08-20 05:10:00,507.7
2020-08-20 05:20:00,501.8
2020-08-20 05:30:00,491.8
2020-08-20 05:40:00,489.3
2020-08-20 05:50:00,488.5
2020-08-20 06:00:00,485.6
2020-08-20 06:10:00,482.0
2020-08-20 06:20:00,488.5
2020-08-20 06:30:00,489.1
2020-08-20 06:40:00,486.8
2020-08-20 06:50:00,481.4
2020-08-20 07:00:00,481.3
2020-08-20 07:10:00,478.2
2020-08-20 07:20:00,474.0
2020-08-20 07:30:00,465.2
2020-08-20 07:40:00,464.2
2020-08-20 07:50:00,463.6
2020-08-20 08:00:00,464.5
2020-08-20 08:10:00,460.8
2020-08-20 08:20:00,458.1
2020-08-20 08:30:00,452.7
2020-08-20 08:40:00,448.7
2020-08-20 08:50:00,444.8
2020-08-20 09:00:00,436.7
2020-08-20 09:10:00,433.0
2020-08-20 09:20:00,430.2
2020-08-20 09:30:00,424.8
2020-08-20 09:40:00,421.9
2020-08-20 09:50:00,421.8
2020-08-20 10:00:00,420.4
2020-08-20 10:10:00,418.5
2020-08-20 10:20:00,414.0
2020-08-20 10:30:00,409.8
2020-08-20 10:40:00,408.7
2020-08-20 10:50:00,407.9
2020-08-20 11:00:00,405.8
2020-08-20 11:10:00,402.7
2020-08-20 11:20:00,402.6
2020-08-20 11:30:00,402.8
2020-08-20 11:40:00,402.1
2020-08-20 11:50:00,401.8
2020-08-20 12:00:00,402.0
2020-08-20 12:10:00,402.1
2020-08-20 12:20:00,401.6
2020-08-20 12:30:00,401.4
2020-08-20 12:40:00,401.4
2020-08-20 12:50:00,401.2
2020-08-20 13:00:00,401.3
2020-08-20 13:10:00,401.2
2020-08-20 13:20:00,401.3
2020-08-20 13:30:00,401.3
2020-08-20 13:40:00,401.5
2020-08-20 13:50:00,401.6
2020-08-20 14:00:00,401.6
2020-08-20 14:10:00,402.3
2020-08-20 14:20:00,402.8
2020-08-20 14:30:00,403.6
2020-08-20 14:40:00,404.8
2020-08-20 14:50:00,404.89773925175064
2020-08-20 15:00:00,405.43882855755027
2020-08-20 15:10:00,405.99060966602354
2020-08-20 15:20:00,406.5535286144842
2020-08-20 15:30:00,407.12803144024593
2020-08-20 15:40:00,407.7145641806224
2020-08-20 15:50:00,408.3135728729273
2020-08-20 16:00:00,408.9255035544743
2020-08-20 16:10:00,409.55080226257706
2020-08-20 16:20:00,410.18991503454924
2020-08-20 16:30:00,410.84328790770456
2020-08-20 16:40:00,411.5113669193567
2020-08-20 16:50:00,412.19459810681934
2020-08-20 17:00:00,412.8934275074061
2020-08-20 17:10:00,413.6083011584307
2020-08-20 17:20:00,414.3396650972069
2020-08-20 17:30:00,415.0879653610482
2020-08-20 17:40:00,415.8536479872684
2020-08-20 17:50:00,416.6371590131812
2020-08-20 18:00:00,417.4389444761002
2020-08-20 18:10:00,418.2594504133391
2020-08-20 18:20:00,419.0991228622116
2020-08-20 18:30:00,419.95840786003134
2020-08-20 18:40:00,420.83775144411203
2020-08-20 18:50:00,421.73759965176737
2020-08-20 19:00:00,422.658398520311
2020-08-20 19:10:00,423.6005940870566
2020-08-20 19:20:00,424.56463238931786
2020-08-20 19:30:00,425.55095946440844
2020-08-20 19:40:00,426.56002134964206
2020-08-20 19:50:00,427.59226408233235
2020-08-20 20:00:00,428.648133699793
2020-08-20 20:10:00,429.7280762393377
2020-08-20 20:20:00,430.83253773828017
2020-08-20 20:30:00,431.96196423393405
2020-08-20 20:40:00,433.11680176361295
2020-08-20 20:50:00,434.2974963646306
2020-08-20 21:00:00,435.50449407430074
2020-08-20 21:10:00,436.738240929937
2020-08-20 21:20:00,437.999182968853
2020-08-20 21:30:00,439.28776622836256
2020-08-20 21:40:00,440.6044367457792
2020-08-20 21:50:00,441.9496405584167
2020-08-20 22:00:00,443.32382370358874
2020-08-20 22:10:00,444.72743221860895
2020-08-20 22:20:00,446.160912140791
2020-08-20 22:30:00,447.62470950744864
2020-08-20 22:40:00,449.1192703558954
2020-08-20 22:50:00,450.64504072344516
2020-08-20 23:00:00,452.2024666474114
2020-08-20 23:10:00,451.8
2020-08-20 23:20:00,459.2
2020-08-20 23:30:00,456.4
2020-08-20 23:40:00,460.2
2020-08-20 23:50:00,459.3
2020-08-21 00:00:00,459.7
2020-08-21 00:10:00,472.4
2020-08-21 00:20:00,462.4
2020-08-21 00:30:00,463.7
2020-08-21 00:40:00,467.0
2020-08-21 00:50:00,466.0
2020-08-21 01:00:00,464.7
2020-08-21 01:10:00,469.9
2020-08-21 01:20:00,472.8
2020-08-21 01:30:00,476.9
2020-08-21 01:40:00,482.5
2020-08-21 01:50:00,489.2
2020-08-21 02:00:00,481.4
2020-08-21 02:10:00,477.3
2020-08-21 02:20:00,477.3
2020-08-21 02:30:00,476.4
2020-08-21 02:40:00,477.1
2020-08-21 02:50:00,482.8
2020-08-21 03:00:00,487.7
2020-08-21 03:10:00,488.5
2020-08-21 03:20:00,488.2
2020-08-21 03:30:00,500.1
2020-08-21 03:40:00,505.9
2020-08-21 03:50:00,500.3
2020-08-21 04:00:00,501.9
2020-08-21 04:10:00,499.0
2020-08-21 04:20:00,493.0
2020-08-21 04:30:00,488.5
2020-08-21 04:40:00,484.3
2020-08-21 04:50:00,481.6
2020-08-21 05:00:00,481.0
2020-08-21 05:10:00,475.1
2020-08-21 05:20:00,476.7
2020-08-21 05:30:00,487.7
2020-08-21 05:40:00,487.3
2020-08-21 05:50:00,508.6
2020-08-21 06:00:00,492.7
2020-08-21 06:10:00,497.6
2020-08-21 06:20:00,504.6
2020-08-21 06:30:00,497.9
2020-08-21 06:40:00,497.8
2020-08-21 06:50:00,497.8
2020-08-21 07:00:00,493.7
2020-08-21 07:10:00,492.3
2020-08-21 07:20:00,466.6
2020-08-21 07:30:00,458.2
2020-08-21 07:40:00,453.6
2020-08-21 07:50:00,448.8
2020-08-21 08:00:00,450.3
2020-08-21 08:10:00,451.4
2020-08-21 08:20:00,448.9
2020-08-21 08:30:00,443.2
2020-08-21 08:40:00,437.5
2020-08-21 08:50:00,434.1
2020-08-21 09:00:00,430.6
2020-08-21 09:10:00,428.0
2020-08-21 09:20:00,426.2
2020-08-21 09:30:00,425.2
2020-08-21 09:40:00,421.8
2020-08-21 09:50:00,419.3
2020-08-21 10:00:00,415.4
2020-08-21 10:10:00,410.4
2020-08-21 10:20:00,406.0
2020-08-21 10:30:00,404.1
2020-08-21 10:40:00,403.3
2020-08-21 10:50:00,403.2
2020-08-21 11:00:00,403.2
2020-08-21 11:10:00,403.2
2020-08-21 11:20:00,403.2
2020-08-21 11:30:00,403.0
2020-08-21 11:40:00,402.7
2020-08-21 11:50:00,403.1
2020-08-21 12:00:00,402.9
2020-08-21 12:10:00,403.3
2020-08-21 12:20:00,403.7
2020-08-21 12:30:00,403.19201712826197
2020-08-21 12:40:00,403.08432248548644
2020-08-21 12:50:00,402.9696483480904
2020-08-21 13:00:00,402.8494676925929
2020-08-21 13:10:00,402.72525349551296
2020-08-21 13:20:00,402.5984787333697
2020-08-21 13:30:00,402.4706163826821
2020-08-21 13:40:00,402.3431394199693
2020-08-21 13:50:00,402.2175208217503
2020-08-21 14:00:00,402.09523356454423
2020-08-21 14:10:00,401.97775062487005
2020-08-21 14:20:00,401.86654497924684
2020-08-21 14:30:00,401.7630896041937
2020-08-21 14:40:00,401.6688574762296
2020-08-21 14:50:00,401.58532157187375
2020-08-21 15:00:00,401.51395486764505
2020-08-21 15:10:00,401.4562303400627
2020-08-21 15:20:00,401.41362096564563
2020-08-21 15:30:00,401.387599720913
2020-08-21 15:40:00,401.3796395823838
2020-08-21 15:50:00,401.3912135265771
2020-08-21 16:00:00,401.42379453001195
2020-08-21 16:10:00,401.47885556920744
2020-08-21 16:20:00,401.5578696206826
2020-08-21 16:30:00,401.6623096609565
2020-08-21 16:40:00,401.7936486665482
2020-08-21 16:50:00,401.9533596139768
2020-08-21 17:00:00,402.1429154797612
2020-08-21 17:10:00,402.3637892404206
2020-08-21 17:20:00,402.6174538724741
2020-08-21 17:30:00,402.9053823524406
2020-08-21 17:40:00,403.22904765683927
2020-08-21 17:50:00,403.58992276218913
2020-08-21 18:00:00,403.9894806450092
2020-08-21 18:10:00,404.4291942818187
2020-08-21 18:20:00,404.9105366491365
2020-08-21 18:30:00,405.43498072348166
2020-08-21 18:40:00,406.0039994813734
2020-08-21 18:50:00,406.6190658993306
2020-08-21 19:00:00,407.2816529538725
2020-08-21 19:10:00,407.993233621518
2020-08-21 19:20:00,408.7552808787862
2020-08-21 19:30:00,409.5692677021962
2020-08-21 19:40:00,410.43666706826707
2020-08-21 19:50:00,411.35895195351776
2020-08-21 20:00:00,412.33759533446744
2020-08-21 20:10:00,413.3740701876351
2020-08-21 20:20:00,414.4698494895398
2020-08-21 20:30:00,415.6264062167006
2020-08-21 20:40:00,416.84521334563664
2020-08-21 20:50:00,419.5
2020-08-21 21:00:00,419.0
2020-08-21 21:10:00,418.5
2020-08-21 21:20:00,419.2
2020-08-21 21:30:00,423.7
2020-08-21 21:40:00,424.7
2020-08-21 21:50:00,429.9
2020-08-21 22:00:00,434.6
2020-08-21 22:10:00,431.6
2020-08-21 22:20:00,434.3
2020-08-21 22:30:00,442.2
2020-08-21 22:40:00,444.7
2020-08-21 22:50:00,450.0
2020-08-21 23:00:00,447.3
2020-08-21 23:10:00,443.3
2020-08-21 23:20:00,452.1
2020-08-21 23:30:00,443.4
2020-08-21 23:40:00,456.2
2020-08-21 23:50:00,457.7
2020-08-22 00:00:00,454.1
2020-08-22 00:10:00,474.7
2020-08-22 00:20:00,481.1
2020-08-22 00:30:00,473.5
2020-08-22 00:40:00,465.9
2020-08-22 00:50:00,453.7
2020-08-22 01:00:00,454.5
2020-08-22 01:10:00,448.2
2020-08-22 01:20:00,455.6
2020-08-22 01:30:00,452.6
2020-08-22 01:40:00,444.4
2020-08-22 01:50:00,447.1
2020-08-22 02:00:00,467.5
2020-08-22 02:10:00,501.1
2020-08-22 02:20:00,504.2
2020-08-22 02:30:00,507.0
2020-08-22 02:40:00,505.4
2020-08-22 02:50:00,497.7
2020-08-22 03:00:00,493.5
2020-08-22 03:10:00,469.6
2020-08-22 03:20:00,441.6
2020-08-22 03:30:00,434.5
2020-08-22 03:40:00,427.3
2020-08-22 03:50:00,432.0
2020-08-22 04:00:00,434.7
2020-08-22 04:10:00,429.2
2020-08-22 04:20:00,429.3
2020-08-22 04:30:00,431.6
2020-08-22 04:40:00,430.8
2020-08-22 04:50:00,433.5
2020-08-22 05:00:00,430.9
2020-08-22 05:10:00,431.3
2020-08-22 05:20:00,434.2
2020-08-22 05:30:00,432.2
2020-08-22 05:40:00,430.0
2020-08-22 05:50:00,430.1
2020-08-22 06:00:00,430.5
2020-08-22 06:10:00,428.1
2020-08-22 06:20:00,425.5
2020-08-22 06:30:00,425.6
2020-08-22 06:40:00,427.4
2020-08-22 06:50:00,427.6
2020-08-22 07:00:00,428.0
2020-08-22 07:10:00,428.0
2020-08-22 07:20:00,425.3
2020-08-22 07:30:00,426.8
2020-08-22 07:40:00,429.0
2020-08-22 07:50:00,429.0
2020-08-22 08:00:00,430.0
2020-08-22 08:10:00,430.3
2020-08-22 08:20:00,428.4
2020-08-22 08:30:00,427.5
2020-08-22 08:40:00,425.2
2020-08-22 08:50:00,424.3
2020-08-22 09:00:00,424.5
2020-08-22 09:10:00,424.2
2020-08-22 09:20:00,424.0
2020-08-22 09:30:00,422.8
2020-08-22 09:40:00,423.5
2020-08-22 09:50:00,422.9
2020-08-22 10:00:00,423.1
2020-08-22 10:10:00,423.4
2020-08-22 10:20:00,421.2
2020-08-22 10:30:00,417.2
2020-08-22 10:40:00,414.4
2020-08-22 10:50:00,411.7
2020-08-22 11:00:00,410.5
2020-08-22 11:10:00,409.9
2020-08-22 11:20:00,408.8
2020-08-22 11:30:00,407.5
2020-08-22 11:40:00,407.4
2020-08-22 11:50:00,407.3
2020-08-22 12:00:00,407.4
2020-08-22 12:10:00,407.2
2020-08-22 12:20:00,407.1
2020-08-22 12:30:00,407.3
2020-08-22 12:40:00,407.3
2020-08-22 12:50:00,407.0
2020-08-22 13:00:00,406.9
2020-08-22 13:10:00,406.4
2020-08-22 13:20:00,405.9
2020-08-22 13:30:00,406.2
2020-08-22 13:40:00,406.1
2020-08-22 13:50:00,405.2
2020-08-22 14:00:00,405.1
2020-08-22 14:10:00,404.8
2020-08-22 14:20:00,404.8
2020-08-22 14:30:00,404.6
2020-08-22 14:40:00,404.4
2020-08-22 14:50:00,404.2
2020-08-22 15:00:00,404.0
2020-08-22 15:10:00,403.9
2020-08-22 15:20:00,403.5
2020-08-22 15:30:00,403.2
2020-08-22 15:40:00,403.4
2020-08-22 15:50:00,403.4
2020-08-22 16:00:00,403.3
2020-08-22 16:10:00,402.9
2020-08-22 16:20:00,402.9
2020-08-22 16:30:00,403.3
2020-08-22 16:40:00,402.9
2020-08-22 16:50:00,403.0
2020-08-22 17:00:00,402.9
2020-08-22 17:10:00,403.2
2020-08-22 17:20:00,402.9
2020-08-22 17:30:00,402.9
2020-08-22 17:40:00,402.9
2020-08-22 17:50:00,402.9
2020-08-22 18:00:00,403.4
2020-08-22 18:10:00,404.2
2020-08-22 18:20:00,404.7
2020-08-22 18:30:00,405.3
2020-08-22 18:40:00,405.5
2020-08-22 18:50:00,406.5
2020-08-22 19:00:00,407.6
2020-08-22 19:10:00,408.9
2020-08-22 19:20:00,409.0
2020-08-22 19:30:00,408.5
2020-08-22 19:40:00,412.2
2020-08-22 19:50:00,415.0
2020-08-22 20:00:00,415.0
2020-08-22 20:10:00,412.7
2020-08-22 20:20:00,413.2
2020-08-22 20:30:00,416.1
2020-08-22 20:40:00,415.6
2020-08-22 20:50:00,416.3
2020-08-22 21:00:00,416.8
2020-08-22 21:10:00,419.4
2020-08-22 21:20:00,421.9
2020-08-22 21:30:00,422.1
2020-08-22 21:40:00,420.5
2020-08-22 21:50:00,421.5
2020-08-22 22:00:00,421.9
2020-08-22 22:10:00,419.8
2020-08-22 22:20:00,416.3
2020-08-22 22:30:00,414.6
2020-08-22 22:40:00,413.6
2020-08-22 22:50:00,413.4
2020-08-22 23:00:00,415.4
2020-08-22 23:10:00,416.9
2020-08-22 23:20:00,416.7
2020-08-22 23:30:00,416.7
2020-08-22 23:40:00,415.5
2020-08-22 23:50:00,415.7
2020-08-23 00:00:00,415.6
2020-08-23 00:10:00,416.7
2020-08-23 00:20:00,416.0
2020-08-23 00:30:00,415.5
2020-08-23 00:40:00,415.7
2020-08-23 00:50:00,415.5
2020-08-23 01:00:00,415.7
2020-08-23 01:10:00,417.0
2020-08-23 01:20:00,422.7
2020-08-23 01:30:00,436.7
2020-08-23 01:40:00,438.4
2020-08-23 01:50:00,443.2
2020-08-23 02:00:00,447.7
2020-08-23 02:10:00,449.9
2020-08-23 02:20:00,452.8
2020-08-23 02:30:00,455.2
2020-08-23 02:40:00,456.2
2020-08-23 02:50:00,456.9
2020-08-23 03:00:00,455.0
2020-08-23 03:10:00,455.8
2020-08-23 03:20:00,456.2
2020-08-23 03:30:00,456.9
2020-08-23 03:40:00,457.9
2020-08-23 03:50:00,459.9
2020-08-23 04:00:00,464.5
2020-08-23 04:10:00,468.3
2020-08-23 04:20:00,466.4
2020-08-23 04:30:00,465.4
2020-08-23 04:40:00,462.8
2020-08-23 04:50:00,460.5
2020-08-23 05:00:00,462.2
2020-08-23 05:10:00,468.7
2020-08-23 05:20:00,469.9
2020-08-23 05:30:00,470.5
2020-08-23 05:40:00,458.4
2020-08-23 05:50:00,453.4
2020-08-23 06:00:00,464.2
2020-08-23 06:10:00,466.6
2020-08-23 06:20:00,468.8
2020-08-23 06:30:00,469.3
2020-08-23 06:40:00,470.7
2020-08-23 06:50:00,471.9
2020-08-23 07:00:00,471.6
2020-08-23 07:10:00,469.1
2020-08-23 07:20:00,469.5
2020-08-23 07:30:00,468.2
2020-08-23 07:40:00,469.5
2020-08-23 07:50:00,465.2
2020-08-23 08:00:00,464.5
2020-08-23 08:10:00,463.2
2020-08-23 08:20:00,455.6
2020-08-23 08:30:00,450.0
2020-08-23 08:40:00,448.6
2020-08-23 08:50:00,441.6
2020-08-23 09:00:00,432.8
2020-08-23 09:10:00,416.2
2020-08-23 09:20:00,405.1
2020-08-23 09:30:00,404.1
2020-08-23 09:40:00,403.9
2020-08-23 09:50:00,403.7
2020-08-23 10:00:00,403.2
2020-08-23 10:10:00,403.8
2020-08-23 10:20:00,403.9
2020-08-23 10:30:00,404.5
2020-08-23 10:40:00,401.74872310497364
2020-08-23 10:50:00,400.7408749810513
2020-08-23 11:00:00,399.79583829054036
2020-08-23 11:10:00,398.91227072585457
2020-08-23 11:20:00,398.08882997940776
2020-08-23 11:30:00,397.32417374361376
2020-08-23 11:40:00,396.61695971088625
2020-08-23 11:50:00,395.9658455736391
2020-08-23 12:00:00,395.3694890242861
2020-08-23 12:10:00,394.826547755241
2020-08-23 12:20:00,394.3356794589176
2020-08-23 12:30:00,393.89554182772963
2020-08-23 12:40:00,393.50479255409095
2020-08-23 12:50:00,393.1620893304153
2020-08-23 13:00:00,392.8660898491165
2020-08-23 13:10:00,392.6154518026084
2020-08-23 13:20:00,392.4088328833047
2020-08-23 13:30:00,392.24489078361916
2020-08-23 13:40:00,392.1222831959656
2020-08-23 13:50:00,392.0396678127579
2020-08-23 14:00:00,391.99570232640974
2020-08-23 14:10:00,391.9890444293349
2020-08-23 14:20:00,392.0183518139472
2020-08-23 14:30:00,392.0822821726605
2020-08-23 14:40:00,392.17949319788846
2020-08-23 14:50:00,392.3086425820449
2020-08-23 15:00:00,392.46838801754365
2020-08-23 15:10:00,392.6573871967985
2020-08-23 15:20:00,392.8742978122231
2020-08-23 15:30:00,393.1177775562315
2020-08-23 15:40:00,393.38648412123723
2020-08-23 15:50:00,393.6790751996542
2020-08-23 16:00:00,393.9942084838962
2020-08-23 16:10:00,394.33054166637703
2020-08-23 16:20:00,394.6867324395104
2020-08-23 16:30:00,395.06143849571015
2020-08-23 16:40:00,395.45331752739
2020-08-23 16:50:00,395.86102722696387
2020-08-23 17:00:00,396.2832252868455
2020-08-23 17:10:00,396.7185693994486
2020-08-23 17:20:00,397.16571725718705
2020-08-23 17:30:00,397.62332655247457
2020-08-23 17:40:00,398.090054977725
2020-08-23 17:50:00,398.56456022535207
2020-08-23 18:00:00,399.04549998776963
2020-08-23 18:10:00,399.5315319573914
2020-08-23 18:20:00,400.02131382663123
2020-08-23 18:30:00,400.5135032879028
2020-08-23 18:40:00,401.00675803362003
2020-08-23 18:50:00,401.4997357561966
2020-08-23 19:00:00,401.8
2020-08-23 19:10:00,402.6
2020-08-23 19:20:00,403.3
2020-08-23 19:30:00,403.7
2020-08-23 19:40:00,404.0
2020-08-23 19:50:00,404.0
2020-08-23 20:00:00,404.7
2020-08-23 20:10:00,405.3
2020-08-23 20:20:00,405.6
2020-08-23 20:30:00,405.9
2020-08-23 20:40:00,405.9
2020-08-23 20:50:00,406.4
2020-08-23 21:00:00,405.8
2020-08-23 21:10:00,406.0
2020-08-23 21:20:00,405.9
2020-08-23 21:30:00,406.0
2020-08-23 21:40:00,406.4
2020-08-23 21:50:00,406.9
2020-08-23 22:00:00,407.4
2020-08-23 22:10:00,408.4
2020-08-23 22:20:00,416.8
2020-08-23 22:30:00,420.5
2020-08-23 22:40:00,421.0
2020-08-23 22:50:00,415.3
2020-08-23 23:00:00,410.4
2020-08-23 23:10:00,409.8
2020-08-23 23:20:00,409.7
2020-08-23 23:30:00,410.2
2020-08-23 23:40:00,410.4
2020-08-23 23:50:00,412.0
2020-08-24 00:00:00,412.9
2020-08-24 00:10:00,415.4
2020-08-24 00:20:00,419.5
2020-08-24 00:30:00,415.3
2020-08-24 00:40:00,414.7
2020-08-24 00:50:00,418.7
2020-08-24 01:00:00,439.1
2020-08-24 01:10:00,438.4
2020-08-24 01:20:00,438.2
2020-08-24 01:30:00,439.1
2020-08-24 01:40:00,438.3
2020-08-24 01:50:00,436.5
2020-08-24 02:00:00,432.4
2020-08-24 02:10:00,439.3
2020-08-24 02:20:00,445.7
2020-08-24 02:30:00,447.8
2020-08-24 02:40:00,452.5
2020-08-24 02:50:00,457.6
2020-08-24 03:00:00,457.7
2020-08-24 03:10:00,458.2
2020-08-24 03:20:00,461.1
2020-08-24 03:30:00,459.1
2020-08-24 03:40:00,457.1
2020-08-24 03:50:00,457.2
2020-08-24 04:00:00,460.8
2020-08-24 04:10:00,461.2
2020-08-24 04:20:00,462.2
2020-08-24 04:30:00,462.4
2020-08-24 04:40:00,461.5
2020-08-24 04:50:00,463.0
2020-08-24 05:00:00,465.4
2020-08-24 05:10:00,466.9
2020-08-24 05:20:00,464.8
2020-08-24 05:30:00,463.2
2020-08-24 05:40:00,461.6
2020-08-24 05:50:00,464.0
2020-08-24 06:00:00,463.1
2020-08-24 06:10:00,459.8
2020-08-24 06:20:00,456.4
2020-08-24 06:30:00,455.4
2020-08-24 06:40:00,453.5
2020-08-24 06:50:00,453.5
2020-08-24 07:00:00,453.2
2020-08-24 07:10:00,449.3
2020-08-24 07:20:00,448.2
2020-08-24 07:30:00,446.2
2020-08-24 07:40:00,438.2
2020-08-24 07:50:00,434.7
2020-08-24 08:00:00,432.4
2020-08-24 08:10:00,430.0
2020-08-24 08:20:00,427.4
2020-08-24 08:30:00,424.6
2020-08-24 08:40:00,420.7
2020-08-24 08:50:00,417.1
2020-08-24 09:00:00,412.8
2020-08-24 09:10:00,409.3
2020-08-24 09:20:00,405.4
2020-08-24 09:30:00,400.9
2020-08-24 09:40:00,400.6
2020-08-24 09:50:00,400.6
2020-08-24 10:00:00,401.1
2020-08-24 10:10:00,400.4
2020-08-24 10:20:00,400.4
2020-08-24 10:30:00,400.5
2020-08-24 10:40:00,400.8
2020-08-24 10:50:00,400.2
2020-08-24 11:00:00,399.3
2020-08-24 11:10:00,399.0
2020-08-24 11:20:00,398.9
2020-08-24 11:30:00,398.8
2020-08-24 11:40:00,399.2
2020-08-24 11:50:00,399.2
2020-08-24 12:00:00,399.8
2020-08-24 12:10:00,399.9
2020-08-24 12:20:00,400.0
2020-08-24 12:30:00,400.7
2020-08-24 12:40:00,401.2
2020-08-24 12:50:00,400.7
2020-08-24 13:00:00,400.1
2020-08-24 13:10:00,399.9
2020-08-24 13:20:00,399.8
2020-08-24 13:30:00,400.2
2020-08-24 13:40:00,400.8
2020-08-24 13:50:00,401.2
2020-08-24 14:00:00,400.8
2020-08-24 14:10:00,400.9
2020-08-24 14:20:00,400.0
2020-08-24 14:30:00,399.2
2020-08-24 14:40:00,398.5
2020-08-24 14:50:00,398.3
2020-08-24 15:00:00,398.1
2020-08-24 15:10:00,398.2
2020-08-24 15:20:00,398.0
2020-08-24 15:30:00,398.1
2020-08-24 15:40:00,397.8
2020-08-24 15:50:00,398.1
2020-08-24 16:00:00,397.9
2020-08-24 16:10:00,397.4
2020-08-24 16:20:00,396.9
2020-08-24 16:30:00,397.3
2020-08-24 16:40:00,397.2
2020-08-24 16:50:00,397.3
2020-08-24 17:00:00,397.0
2020-08-24 17:10:00,397.1
2020-08-24 17:20:00,397.6
2020-08-24 17:30:00,398.2
2020-08-24 17:40:00,398.7
2020-08-24 17:50:00,398.5
2020-08-24 18:00:00,398.7
2020-08-24 18:10:00,398.7
2020-08-24 18:20:00,398.4
2020-08-24 18:30:00,398.5
2020-08-24 18:40:00,399.0
2020-08-24 18:50:00,399.5
2020-08-24 19:00:00,399.9
2020-08-24 19:10:00,400.2
2020-08-24 19:20:00,400.9
2020-08-24 19:30:00,401.2
2020-08-24 19:40:00,401.7
2020-08-24 19:50:00,402.3
2020-08-24 20:00:00,402.6
2020-08-24 20:10:00,403.7
2020-08-24 20:20:00,404.4
2020-08-24 20:30:00,405.1
2020-08-24 20:40:00,405.4
2020-08-24 20:50:00,405.9
2020-08-24 21:00:00,406.0
2020-08-24 21:10:00,406.9
2020-08-24 21:20:00,407.7
2020-08-24 21:30:00,407.8
2020-08-24 21:40:00,408.3
2020-08-24 21:50:00,408.1
2020-08-24 22:00:00,408.5
2020-08-24 22:10:00,408.3
2020-08-24 22:20:00,409.0
2020-08-24 22:30:00,410.3
2020-08-24 22:40:00,410.9
2020-08-24 22:50:00,411.1
2020-08-24 23:00:00,411.0
2020-08-24 23:10:00,411.6
2020-08-24 23:20:00,417.5
2020-08-24 23:30:00,421.9
2020-08-24 23:40:00,418.1
2020-08-24 23:50:00,418.4
2020-08-25 00:00:00,426.9
2020-08-25 00:10:00,433.1
2020-08-25 00:20:00,433.9
2020-08-25 00:30:00,431.8
2020-08-25 00:40:00,435.4
2020-08-25 00:50:00,429.1
2020-08-25 01:00:00,434.9
2020-08-25 01:10:00,444.0
2020-08-25 01:20:00,444.2
2020-08-25 01:30:00,445.1
2020-08-25 01:40:00,447.9
2020-08-25 01:50:00,448.6
2020-08-25 02:00:00,453.9
2020-08-25 02:10:00,454.6
2020-08-25 02:20:00,455.2
2020-08-25 02:30:00,454.8
2020-08-25 02:40:00,458.3
2020-08-25 02:50:00,458.3
2020-08-25 03:00:00,458.4
2020-08-25 03:10:00,458.1
2020-08-25 03:20:00,458.6
2020-08-25 03:30:00,460.4
2020-08-25 03:40:00,461.2
2020-08-25 03:50:00,459.9
2020-08-25 04:00:00,460.9
2020-08-25 04:10:00,458.5
2020-08-25 04:20:00,457.2
2020-08-25 04:30:00,458.0
2020-08-25 04:40:00,464.7
2020-08-25 04:50:00,464.4
2020-08-25 05:00:00,463.3
2020-08-25 05:10:00,464.3
2020-08-25 05:20:00,463.5
2020-08-25 05:30:00,465.2
2020-08-25 05:40:00,465.1
2020-08-25 05:50:00,462.3
2020-08-25 06:00:00,459.0
2020-08-25 06:10:00,454.0
2020-08-25 06:20:00,449.9
2020-08-25 06:30:00,453.6
2020-08-25 06:40:00,454.1
2020-08-25 06:50:00,458.2
2020-08-25 07:00:00,460.3
2020-08-25 07:10:00,462.6
2020-08-25 07:20:00,460.5
2020-08-25 07:30:00,459.5
2020-08-25 07:40:00,455.2
2020-08-25 07:50:00,449.9
2020-08-25 08:00:00,447.6
2020-08-25 08:10:00,440.1
2020-08-25 08:20:00,437.5
2020-08-25 08:30:00,435.9
2020-08-25 08:40:00,433.2
2020-08-25 08:50:00,431.8
2020-08-25 09:00:00,430.9
2020-08-25 09:10:00,428.4
2020-08-25 09:20:00,422.3
2020-08-25 09:30:00,417.3
2020-08-25 09:40:00,413.3
2020-08-25 09:50:00,407.9
2020-08-25 10:00:00,403.8
2020-08-25 10:10:00,401.7
2020-08-25 10:20:00,400.5
2020-08-25 10:30:00,399.9
2020-08-25 10:40:00,399.5
2020-08-25 10:50:00,399.0
2020-08-25 11:00:00,398.7
2020-08-25 11:10:00,398.5
2020-08-25 11:20:00,398.7
2020-08-25 11:30:00,399.2
2020-08-25 11:40:00,399.6
2020-08-25 11:50:00,399.6
2020-08-25 12:00:00,399.7
2020-08-25 12:10:00,400.0
2020-08-25 12:20:00,399.8
2020-08-25 12:30:00,400.2
2020-08-25 12:40:00,399.9
2020-08-25 12:50:00,400.0
2020-08-25 13:00:00,399.7
2020-08-25 13:10:00,399.7
2020-08-25 13:20:00,399.5
2020-08-25 13:30:00,399.3
2020-08-25 13:40:00,399.3
2020-08-25 13:50:00,399.2
2020-08-25 14:00:00,400.2
2020-08-25 14:10:00,400.4
2020-08-25 14:20:00,400.4
2020-08-25 14:30:00,400.1
2020-08-25 14:40:00,400.4
2020-08-25 14:50:00,400.3
2020-08-25 15:00:00,399.7
2020-08-25 15:10:00,399.3
2020-08-25 15:20:00,399.4
2020-08-25 15:30:00,399.3
2020-08-25 15:40:00,399.2
2020-08-25 15:50:00,399.4
2020-08-25 16:00:00,399.7
2020-08-25 16:10:00,399.9
2020-08-25 16:20:00,400.0
2020-08-25 16:30:00,400.4
2020-08-25 16:40:00,399.8
2020-08-25 16:50:00,398.9
2020-08-25 17:00:00,398.6
2020-08-25 17:10:00,398.3
2020-08-25 17:20:00,397.9
2020-08-25 17:30:00,397.8915876689269
2020-08-25 17:40:00,397.7301573518256
2020-08-25 17:50:00,397.5897921952193
2020-08-25 18:00:00,397.47011335054196
2020-08-25 18:10:00,397.3707419692278
2020-08-25 18:20:00,397.29129920271095
2020-08-25 18:30:00,397.2314062024254
2020-08-25 18:40:00,397.1906841198052
2020-08-25 18:50:00,397.1687541062846
2020-08-25 19:00:00,397.1652373132976
2020-08-25 19:10:00,397.1797548922783
2020-08-25 19:20:00,397.2119279946608
2020-08-25 19:30:00,397.2613777718792
2020-08-25 19:40:00,397.32772537536755
2020-08-25 19:50:00,397.41059195656
2020-08-25 20:00:00,397.5095986668906
2020-08-25 20:10:00,397.6243666577935
2020-08-25 20:20:00,397.75451708070267
2020-08-25 20:30:00,397.89967108705235
2020-08-25 20:40:00,398.05944982827657
2020-08-25 20:50:00,398.2334744558094
2020-08-25 21:00:00,398.421366121085
2020-08-25 21:10:00,398.6227459755374
2020-08-25 21:20:00,398.8372351706007
2020-08-25 21:30:00,399.064454857709
2020-08-25 21:40:00,399.3040261882964
2020-08-25 21:50:00,399.55557031379703
2020-08-25 22:00:00,399.8187083856449
2020-08-25 22:10:00,400.0930615552742
2020-08-25 22:20:00,400.37825097411894
2020-08-25 22:30:00,400.67389779361326
2020-08-25 22:40:00,400.97962316519124
2020-08-25 22:50:00,401.295048240287
2020-08-25 23:00:00,401.61979417033456
2020-08-25 23:10:00,401.9534821067681
2020-08-25 23:20:00,402.2957332010216
2020-08-25 23:30:00,402.6461686045293
2020-08-25 23:40:00,403.0044094687252
2020-08-25 23:50:00,403.3700769450434
2020-08-26 00:00:00,403.742792184918
2020-08-26 00:10:00,404.12217633978315
2020-08-26 00:20:00,404.50785056107287
2020-08-26 00:30:00,404.89943600022127
2020-08-26 00:40:00,405.29655380866245
2020-08-26 00:50:00,405.6988251378305
2020-08-26 01:00:00,406.10587113915955
2020-08-26 01:10:00,406.5173129640836
2020-08-26 01:20:00,406.93277176403683
2020-08-26 01:30:00,407.3518686904533
2020-08-26 01:40:00,407.7742248947671
2020-08-26 01:50:00,408.2
2020-08-26 02:00:00,408.6
2020-08-26 02:10:00,409.0
2020-08-26 02:20:00,409.5
2020-08-26 02:30:00,410.0
2020-08-26 02:40:00,410.6
2020-08-26 02:50:00,411.0
2020-08-26 03:00:00,411.5
2020-08-26 03:10:00,412.2
2020-08-26 03:20:00,411.9
2020-08-26 03:30:00,412.4
2020-08-26 03:40:00,412.1
2020-08-26 03:50:00,412.4
2020-08-26 04:00:00,412.6
2020-08-26 04:10:00,412.8
2020-08-26 04:20:00,412.8
2020-08-26 04:30:00,412.6
2020-08-26 04:40:00,412.9
2020-08-26 04:50:00,413.4
2020-08-26 05:00:00,413.5
2020-08-26 05:10:00,413.3
2020-08-26 05:20:00,413.5
2020-08-26 05:30:00,414.1
2020-08-26 05:40:00,415.6
2020-08-26 05:50:00,416.0
2020-08-26 06:00:00,415.4
2020-08-26 06:10:00,415.1
2020-08-26 06:20:00,415.8
2020-08-26 06:30:00,416.3
2020-08-26 06:40:00,415.8
2020-08-26 06:50:00,414.9
2020-08-26 07:00:00,412.8
2020-08-26 07:10:00,409.4
2020-08-26 07:20:00,406.7
2020-08-26 07:30:00,405.5
2020-08-26 07:40:00,404.9
2020-08-26 07:50:00,404.3
2020-08-26 08:00:00,403.9
2020-08-26 08:10:00,404.0
2020-08-26 08:20:00,403.5
2020-08-26 08:30:00,403.1
2020-08-26 08:40:00,402.7
2020-08-26 08:50:00,402.3
2020-08-26 09:00:00,402.1
2020-08-26 09:10:00,401.9
2020-08-26 09:20:00,401.6
2020-08-26 09:30:00,401.7
2020-08-26 09:40:00,401.9
2020-08-26 09:50:00,401.7
2020-08-26 10:00:00,401.3
2020-08-26 10:10:00,401.2
2020-08-26 10:20:00,401.2
2020-08-26 10:30:00,401.1
2020-08-26 10:40:00,400.9
2020-08-26 10:50:00,400.8
2020-08-26 11:00:00,400.8
2020-08-26 11:10:00,401.5
2020-08-26 11:20:00,402.3
2020-08-26 11:30:00,402.2
2020-08-26 11:40:00,402.0
2020-08-26 11:50:00,401.7
2020-08-26 12:00:00,401.9588308719424
2020-08-26 12:10:00,402.00779566096554
2020-08-26 12:20:00,402.0546451033995
2020-08-26 12:30:00,402.0995048442437
2020-08-26 12:40:00,402.14250052849786
2020-08-26 12:50:00,402.1837578011615
2020-08-26 13:00:00,402.22340230723415
2020-08-26 13:10:00,402.26155969171543
2020-08-26 13:20:00,402.29835559960486
2020-08-26 13:30:00,402.33391567590206
2020-08-26 13:40:00,402.36836556560655
2020-08-26 13:50:00,402.40183091371796
2020-08-26 14:00:00,402.4344373652358
2020-08-26 14:10:00,402.4663105651597
2020-08-26 14:20:00,402.49757615848915
2020-08-26 14:30:00,402.52835979022376
2020-08-26 14:40:00,402.55878710536314
2020-08-26 14:50:00,402.5889837489068
2020-08-26 15:00:00,402.6190753658543
2020-08-26 15:10:00,402.6491876012053
2020-08-26 15:20:00,402.6794460999593
2020-08-26 15:30:00,402.70997650711587
2020-08-26 15:40:00,402.74090446767457
2020-08-26 15:50:00,402.77235562663503
2020-08-26 16:00:00,402.8044556289968
2020-08-26 16:10:00,402.8373301197594
2020-08-26 16:20:00,402.8711047439224
2020-08-26 16:30:00,402.9059051464854
2020-08-26 16:40:00,402.94185697244797
2020-08-26 16:50:00,402.97908586680967
2020-08-26 17:00:00,403.0177174745701
2020-08-26 17:10:00,403.05787744072876
2020-08-26 17:20:00,403.0996914102853
2020-08-26 17:30:00,403.14328502823923
2020-08-26 17:40:00,403.18878393959017
2020-08-26 17:50:00,403.23631378933766
2020-08-26 18:00:00,403.2860002224813
2020-08-26 18:10:00,403.3379688840206
2020-08-26 18:20:00,403.3923454189552
2020-08-26 18:30:00,403.4492554722846
2020-08-26 18:40:00,403.50882468900846
2020-08-26 18:50:00,403.5711787141263
2020-08-26 19:00:00,403.6364431926376
2020-08-26 19:10:00,403.70474376954206
2020-08-26 19:20:00,403.7762060898392
2020-08-26 19:30:00,403.8509557985286
2020-08-26 19:40:00,403.9291185406098
2020-08-26 19:50:00,404.0108199610824
2020-08-26 20:00:00,404.096185704946
2020-08-26 20:10:00,404.18534141720005
2020-08-26 20:20:00,404.2
2020-08-26 20:30:00,404.5
2020-08-26 20:40:00,404.5
2020-08-26 20:50:00,404.6
2020-08-26 21:00:00,404.7
2020-08-26 21:10:00,404.9
2020-08-26 21:20:00,404.8
2020-08-26 21:30:00,405.0
2020-08-26 21:40:00,405.1
2020-08-26 21:50:00,405.3
2020-08-26 22:00:00,405.4
2020-08-26 22:10:00,405.4
2020-08-26 22:20:00,405.6
2020-08-26 22:30:00,405.8
2020-08-26 22:40:00,405.7
2020-08-26 22:50:00,405.9
2020-08-26 23:00:00,406.0
2020-08-26 23:10:00,406.5
2020-08-26 23:20:00,405.9
2020-08-26 23:30:00,405.4
2020-08-26 23:40:00,405.0
2020-08-26 23:50:00,405.0
2020-08-27 00:00:00,405.0
2020-08-27 00:10:00,407.0
2020-08-27 00:20:00,406.0
2020-08-27 00:30:00,405.7
2020-08-27 00:40:00,405.5
2020-08-27 00:50:00,405.6
2020-08-27 01:00:00,405.4
2020-08-27 01:10:00,405.8
2020-08-27 01:20:00,405.8
2020-08-27 01:30:00,406.1
2020-08-27 01:40:00,406.2
2020-08-27 01:50:00,406.3
2020-08-27 02:00:00,406.6
2020-08-27 02:10:00,407.0
2020-08-27 02:20:00,407.2
2020-08-27 02:30:00,407.2
2020-08-27 02:40:00,407.3
2020-08-27 02:50:00,407.5
2020-08-27 03:00:00,407.7
2020-08-27 03:10:00,408.0
2020-08-27 03:20:00,408.0
2020-08-27 03:30:00,408.0
2020-08-27 03:40:00,408.1
2020-08-27 03:50:00,408.2
2020-08-27 04:00:00,408.0
2020-08-27 04:10:00,407.2
2020-08-27 04:20:00,406.5
2020-08-27 04:30:00,406.3
2020-08-27 04:40:00,406.4
2020-08-27 04:50:00,406.6
2020-08-27 05:00:00,407.0
2020-08-27 05:10:00,407.0
2020-08-27 05:20:00,406.6
2020-08-27 05:30:00,406.2
2020-08-27 05:40:00,406.7
2020-08-27 05:50:00,407.3
2020-08-27 06:00:00,407.6
2020-08-27 06:10:00,408.2
2020-08-27 06:20:00,408.1
2020-08-27 06:30:00,407.8
2020-08-27 06:40:00,407.6
2020-08-27 06:50:00,407.4
2020-08-27 07:00:00,406.9
2020-08-27 07:10:00,406.5
2020-08-27 07:20:00,405.9
2020-08-27 07:30:00,405.7
2020-08-27 07:40:00,405.3
2020-08-27 07:50:00,404.4
2020-08-27 08:00:00,403.9
2020-08-27 08:10:00,403.4
2020-08-27 08:20:00,403.1
2020-08-27 08:30:00,403.2
2020-08-27 08:40:00,403.3
2020-08-27 08:50:00,403.3
2020-08-27 09:00:00,403.1
2020-08-27 09:10:00,403.2
2020-08-27 09:20:00,403.5
2020-08-27 09:30:00,403.1
2020-08-27 09:40:00,402.7
2020-08-27 09:50:00,402.2
2020-08-27 10:00:00,402.1
2020-08-27 10:10:00,402.9
2020-08-27 10:20:00,402.9
2020-08-27 10:30:00,402.1
2020-08-27 10:40:00,402.2
2020-08-27 10:50:00,401.8
2020-08-27 11:00:00,401.4
2020-08-27 11:10:00,401.4
2020-08-27 11:20:00,400.7
2020-08-27 11:30:00,400.6
2020-08-27 11:40:00,400.5
2020-08-27 11:50:00,400.3
2020-08-27 12:00:00,399.8
2020-08-27 12:10:00,399.9
2020-08-27 12:20:00,399.3
2020-08-27 12:30:00,399.7
2020-08-27 12:40:00,399.3
2020-08-27 12:50:00,399.7
2020-08-27 13:00:00,399.1
2020-08-27 13:10:00,398.9
2020-08-27 13:20:00,399.0
2020-08-27 13:30:00,399.1
2020-08-27 13:40:00,398.9
2020-08-27 13:50:00,398.6
2020-08-27 14:00:00,398.6
2020-08-27 14:10:00,398.6
2020-08-27 14:20:00,398.6
2020-08-27 14:30:00,399.0
2020-08-27 14:40:00,399.3
2020-08-27 14:50:00,399.3
2020-08-27 15:00:00,399.1
2020-08-27 15:10:00,399.2
2020-08-27 15:20:00,399.4
2020-08-27 15:30:00,399.1
2020-08-27 15:40:00,398.9
2020-08-27 15:50:00,399.3
2020-08-27 16:00:00,399.2
2020-08-27 16:10:00,399.3
2020-08-27 16:20:00,399.4
2020-08-27 16:30:00,399.5
2020-08-27 16:40:00,399.6
2020-08-27 16:50:00,399.5
2020-08-27 17:00:00,398.9
2020-08-27 17:10:00,398.9
2020-08-27 17:20:00,399.2
2020-08-27 17:30:00,399.3
2020-08-27 17:40:00,399.2
2020-08-27 17:50:00,399.5
2020-08-27 18:00:00,399.7
2020-08-27 18:10:00,399.7
2020-08-27 18:20:00,400.1289170793867
2020-08-27 18:30:00,400.4696446373488
2020-08-27 18:40:00,400.85112624476363
2020-08-27 18:50:00,401.2717345453153
2020-08-27 19:00:00,401.729842182688
2020-08-27 19:10:00,402.2238218005657
2020-08-27 19:20:00,402.75204604263246
2020-08-27 19:30:00,403.3128875525724
2020-08-27 19:40:00,403.9047189740696
2020-08-27 19:50:00,404.5259129508081
2020-08-27 20:00:00,405.174842126472
2020-08-27 20:10:00,405.8498791447454
2020-08-27 20:20:00,406.5493966493123
2020-08-27 20:30:00,407.27176728385683
2020-08-27 20:40:00,408.01536369206303
2020-08-27 20:50:00,408.778558517615
2020-08-27 21:00:00,409.55972440419686
2020-08-27 21:10:00,410.3572339954926
2020-08-27 21:20:00,411.16945993518635
2020-08-27 21:30:00,411.9947748669622
2020-08-27 21:40:00,412.83155143450415
2020-08-27 21:50:00,413.6781622814963
2020-08-27 22:00:00,414.5329800516228
2020-08-27 22:10:00,415.39437738856765
2020-08-27 22:20:00,416.2607269360149
2020-08-27 22:30:00,417.1304013376487
2020-08-27 22:40:00,418.0017732371531
2020-08-27 22:50:00,418.8732152782122
2020-08-27 23:00:00,419.74310010450995
2020-08-27 23:10:00,420.60980035973057
2020-08-27 23:20:00,421.47168868755807
2020-08-27 23:30:00,422.32713773167654
2020-08-27 23:40:00,423.1745201357701
2020-08-27 23:50:00,424.0122085435227
2020-08-28 00:00:00,424.83857559861855
2020-08-28 00:10:00,425.65199394474166
2020-08-28 00:20:00,426.4508362255761
2020-08-28 00:30:00,427.23347508480595
2020-08-28 00:40:00,427.99828316611536
2020-08-28 00:50:00,428.7436331131883
2020-08-28 01:00:00,429.4678975697089
2020-08-28 01:10:00,430.1694491793612
2020-08-28 01:20:00,430.84666058582934
2020-08-28 01:30:00,431.49790443279727
2020-08-28 01:40:00,432.1215533639492
2020-08-28 01:50:00,432.7159800229691
2020-08-28 02:00:00,433.27955705354117
2020-08-28 02:10:00,433.8106570993493
2020-08-28 02:20:00,434.30765280407775
2020-08-28 02:30:00,434.7689168114105
2020-08-28 02:40:00,430.5
2020-08-28 02:50:00,443.0
2020-08-28 03:00:00,439.3
2020-08-28 03:10:00,437.8
2020-08-28 03:20:00,435.5
2020-08-28 03:30:00,431.6
2020-08-28 03:40:00,428.9
2020-08-28 03:50:00,433.0
2020-08-28 04:00:00,432.3
2020-08-28 04:10:00,431.3
2020-08-28 04:20:00,432.3
2020-08-28 04:30:00,445.6
2020-08-28 04:40:00,444.4
2020-08-28 04:50:00,438.0
2020-08-28 05:00:00,434.4
2020-08-28 05:10:00,431.3
2020-08-28 05:20:00,431.5
2020-08-28 05:30:00,430.5
2020-08-28 05:40:00,426.7
2020-08-28 05:50:00,424.2
2020-08-28 06:00:00,435.2
2020-08-28 06:10:00,433.3
2020-08-28 06:20:00,429.5
2020-08-28 06:30:00,437.3
2020-08-28 06:40:00,448.6
2020-08-28 06:50:00,456.4
2020-08-28 07:00:00,449.1
2020-08-28 07:10:00,445.2
2020-08-28 07:20:00,439.2
2020-08-28 07:30:00,435.6
2020-08-28 07:40:00,427.7
2020-08-28 07:50:00,418.6
2020-08-28 08:00:00,417.7
2020-08-28 08:10:00,420.6
2020-08-28 08:20:00,419.4
2020-08-28 08:30:00,414.5
2020-08-28 08:40:00,410.0
2020-08-28 08:50:00,408.2
2020-08-28 09:00:00,407.0
2020-08-28 09:10:00,405.8
2020-08-28 09:20:00,404.8
2020-08-28 09:30:00,404.2
2020-08-28 09:40:00,403.3
2020-08-28 09:50:00,402.9
2020-08-28 10:00:00,402.5
2020-08-28 10:10:00,402.5
2020-08-28 10:20:00,402.5
2020-08-28 10:30:00,402.6
2020-08-28 10:40:00,403.0
2020-08-28 10:50:00,402.9
2020-08-28 11:00:00,402.9
2020-08-28 11:10:00,403.0
2020-08-28 11:20:00,403.0
2020-08-28 11:30:00,402.9
2020-08-28 11:40:00,402.8
2020-08-28 11:50:00,402.5
2020-08-28 12:00:00,402.5
2020-08-28 12:10:00,402.2
2020-08-28 12:20:00,401.9
2020-08-28 12:30:00,401.6
2020-08-28 12:40:00,401.4
2020-08-28 12:50:00,401.7
2020-08-28 13:00:00,401.3
2020-08-28 13:10:00,401.4
2020-08-28 13:20:00,401.1
2020-08-28 13:30:00,401.0
2020-08-28 13:40:00,401.2
2020-08-28 13:50:00,401.3
2020-08-28 14:00:00,401.0
2020-08-28 14:10:00,400.9
2020-08-28 14:20:00,400.6
2020-08-28 14:30:00,400.4
2020-08-28 14:40:00,400.4
2020-08-28 14:50:00,400.0
2020-08-28 15:00:00,400.0
2020-08-28 15:10:00,399.7
2020-08-28 15:20:00,399.9
2020-08-28 15:30:00,400.1
2020-08-28 15:40:00,400.7
2020-08-28 15:50:00,400.8
2020-08-28 16:00:00,400.8
2020-08-28 16:10:00,401.5
2020-08-28 16:20:00,402.3
2020-08-28 16:30:00,402.6
2020-08-28 16:40:00,402.4
2020-08-28 16:50:00,402.3
2020-08-28 17:00:00,402.4
2020-08-28 17:10:00,402.4
2020-08-28 17:20:00,402.5
2020-08-28 17:30:00,402.8
2020-08-28 17:40:00,403.1
2020-08-28 17:50:00,403.6
2020-08-28 18:00:00,404.2
2020-08-28 18:10:00,405.0
2020-08-28 18:20:00,405.7
2020-08-28 18:30:00,406.3
2020-08-28 18:40:00,407.3
2020-08-28 18:50:00,408.9
2020-08-28 19:00:00,409.4
2020-08-28 19:10:00,409.6
2020-08-28 19:20:00,411.9
2020-08-28 19:30:00,412.9
2020-08-28 19:40:00,413.6
2020-08-28 19:50:00,412.8
2020-08-28 20:00:00,412.1
2020-08-28 20:10:00,412.1
2020-08-28 20:20:00,413.1
2020-08-28 20:30:00,411.6
2020-08-28 20:40:00,412.7
2020-08-28 20:50:00,412.1
2020-08-28 21:00:00,411.5
2020-08-28 21:10:00,411.6
2020-08-28 21:20:00,411.8
2020-08-28 21:30:00,411.9
2020-08-28 21:40:00,412.3
2020-08-28 21:50:00,413.6
2020-08-28 22:00:00,414.3
2020-08-28 22:10:00,414.5
2020-08-28 22:20:00,413.8
2020-08-28 22:30:00,412.0
2020-08-28 22:40:00,420.6
2020-08-28 22:50:00,418.0
2020-08-28 23:00:00,419.4
2020-08-28 23:10:00,420.1
2020-08-28 23:20:00,414.7
2020-08-28 23:30:00,412.4
2020-08-28 23:40:00,414.7
2020-08-28 23:50:00,416.9
2020-08-29 00:00:00,414.2
2020-08-29 00:10:00,416.3
2020-08-29 00:20:00,418.1
2020-08-29 00:30:00,418.0
2020-08-29 00:40:00,415.2
2020-08-29 00:50:00,414.7
2020-08-29 01:00:00,414.3
2020-08-29 01:10:00,413.3
2020-08-29 01:20:00,413.9
2020-08-29 01:30:00,413.5
2020-08-29 01:40:00,413.6
2020-08-29 01:50:00,414.2
2020-08-29 02:00:00,412.8
2020-08-29 02:10:00,412.3
2020-08-29 02:20:00,411.9
2020-08-29 02:30:00,412.2
2020-08-29 02:40:00,412.8
2020-08-29 02:50:00,413.2
2020-08-29 03:00:00,411.9
2020-08-29 03:10:00,411.5
2020-08-29 03:20:00,411.1
2020-08-29 03:30:00,411.0
2020-08-29 03:40:00,410.6
2020-08-29 03:50:00,410.2
2020-08-29 04:00:00,410.9
2020-08-29 04:10:00,411.9
2020-08-29 04:20:00,412.0
2020-08-29 04:30:00,412.3
2020-08-29 04:40:00,413.0
2020-08-29 04:50:00,413.7
2020-08-29 05:00:00,412.8
2020-08-29 05:10:00,413.3
2020-08-29 05:20:00,415.1
2020-08-29 05:30:00,414.4
2020-08-29 05:40:00,413.7
2020-08-29 05:50:00,412.8
2020-08-29 06:00:00,413.2
2020-08-29 06:10:00,413.1
2020-08-29 06:20:00,413.1
2020-08-29 06:30:00,413.4
2020-08-29 06:40:00,413.9
2020-08-29 06:50:00,411.9
2020-08-29 07:00:00,411.2
2020-08-29 07:10:00,410.6
2020-08-29 07:20:00,409.8
2020-08-29 07:30:00,409.3
2020-08-29 07:40:00,409.2
2020-08-29 07:50:00,409.3
2020-08-29 08:00:00,419.3
2020-08-29 08:10:00,419.4
2020-08-29 08:20:00,419.3
2020-08-29 08:30:00,416.7
2020-08-29 08:40:00,410.1
2020-08-29 08:50:00,406.3
2020-08-29 09:00:00,405.8
2020-08-29 09:10:00,405.3
2020-08-29 09:20:00,404.5
2020-08-29 09:30:00,404.0
2020-08-29 09:40:00,403.9
2020-08-29 09:50:00,403.9
2020-08-29 10:00:00,403.8
2020-08-29 10:10:00,403.1
2020-08-29 10:20:00,402.8
2020-08-29 10:30:00,402.3
2020-08-29 10:40:00,401.6
2020-08-29 10:50:00,401.4
2020-08-29 11:00:00,401.0
2020-08-29 11:10:00,400.8
2020-08-29 11:20:00,400.6
2020-08-29 11:30:00,400.3
2020-08-29 11:40:00,400.3
2020-08-29 11:50:00,400.0
2020-08-29 12:00:00,400.1
2020-08-29 12:10:00,400.1
2020-08-29 12:20:00,399.9
2020-08-29 12:30:00,400.2
2020-08-29 12:40:00,400.1
2020-08-29 12:50:00,400.0
2020-08-29 13:00:00,399.9
2020-08-29 13:10:00,399.8
2020-08-29 13:20:00,399.6
2020-08-29 13:30:00,399.7
2020-08-29 13:40:00,399.5
2020-08-29 13:50:00,399.5
2020-08-29 14:00:00,399.0
2020-08-29 14:10:00,398.8
2020-08-29 14:20:00,398.7
2020-08-29 14:30:00,398.6
2020-08-29 14:40:00,398.6
2020-08-29 14:50:00,398.5
2020-08-29 15:00:00,398.6181993274067
2020-08-29 15:10:00,398.6998110199729
2020-08-29 15:20:00,398.81346236906427
2020-08-29 15:30:00,398.958056786408
2020-08-29 15:40:00,399.13249768373134
2020-08-29 15:50:00,399.33568847276155
2020-08-29 16:00:00,399.5665325652258
2020-08-29 16:10:00,399.82393337285134
2020-08-29 16:20:00,400.10679430736536
2020-08-29 16:30:00,400.41401878049516
2020-08-29 16:40:00,400.7445102039679
2020-08-29 16:50:00,401.09717198951074
2020-08-29 17:00:00,401.470907548851
2020-08-29 17:10:00,401.8646202937159
2020-08-29 17:20:00,402.27721363583265
2020-08-29 17:30:00,402.70759098692844
2020-08-29 17:40:00,403.1546557587305
2020-08-29 17:50:00,403.61731136296606
2020-08-29 18:00:00,404.09446121136233
2020-08-29 18:10:00,404.58500871564655
2020-08-29 18:20:00,405.08785728754594
2020-08-29 18:30:00,405.6019103387877
2020-08-29 18:40:00,406.1260712810991
2020-08-29 18:50:00,406.6592435262073
2020-08-29 19:00:00,407.2003304858396
2020-08-29 19:10:00,407.7482355717231
2020-08-29 19:20:00,408.30186219558516
2020-08-29 19:30:00,408.8601137691529
2020-08-29 19:40:00,409.4218937041536
2020-08-29 19:50:00,409.9861054123145
2020-08-29 20:00:00,410.5516523053627
2020-08-29 20:10:00,411.1174377950256
2020-08-29 20:20:00,411.6823652930303
2020-08-29 20:30:00,412.245338211104
2020-08-29 20:40:00,412.805259960974
2020-08-29 20:50:00,413.36103395436754
2020-08-29 21:00:00,413.91156360301176
2020-08-29 21:10:00,414.4557523186339
2020-08-29 21:20:00,414.99250351296126
2020-08-29 21:30:00,415.5207205977209
2020-08-29 21:40:00,416.03930698464023
2020-08-29 21:50:00,416.54716608544635
2020-08-29 22:00:00,417.04320131186654
2020-08-29 22:10:00,417.52631607562796
2020-08-29 22:20:00,417.9954137884579
2020-08-29 22:30:00,418.4493978620835
2020-08-29 22:40:00,418.8871717082321
2020-08-29 22:50:00,419.30763873863077
2020-08-29 23:00:00,419.7097023650069
2020-08-29 23:10:00,420.0922659990876
2020-08-29 23:20:00,421.4
2020-08-29 23:30:00,419.7
2020-08-29 23:40:00,418.9
2020-08-29 23:50:00,422.3
2020-08-30 00:00:00,422.6
2020-08-30 00:10:00,423.5
2020-08-30 00:20:00,421.6
2020-08-30 00:30:00,422.8
2020-08-30 00:40:00,425.4
2020-08-30 00:50:00,423.8
2020-08-30 01:00:00,422.2
2020-08-30 01:10:00,420.3
2020-08-30 01:20:00,420.2
2020-08-30 01:30:00,420.9
2020-08-30 01:40:00,423.1
2020-08-30 01:50:00,421.7
2020-08-30 02:00:00,420.0
2020-08-30 02:10:00,421.3
2020-08-30 02:20:00,425.0
2020-08-30 02:30:00,435.7
2020-08-30 02:40:00,435.1
2020-08-30 02:50:00,436.9
2020-08-30 03:00:00,436.1
2020-08-30 03:10:00,438.1
2020-08-30 03:20:00,446.4
2020-08-30 03:30:00,449.6
2020-08-30 03:40:00,439.3
2020-08-30 03:50:00,435.3
2020-08-30 04:00:00,436.2
2020-08-30 04:10:00,437.5
2020-08-30 04:20:00,441.4
2020-08-30 04:30:00,432.8
2020-08-30 04:40:00,432.2
2020-08-30 04:50:00,427.6
2020-08-30 05:00:00,427.2
2020-08-30 05:10:00,427.9
2020-08-30 05:20:00,428.0
2020-08-30 05:30:00,427.6
2020-08-30 05:40:00,443.7
2020-08-30 05:50:00,435.9
2020-08-30 06:00:00,436.7
2020-08-30 06:10:00,437.0
2020-08-30 06:20:00,440.6
2020-08-30 06:30:00,446.1
2020-08-30 06:40:00,443.3
2020-08-30 06:50:00,438.1
2020-08-30 07:00:00,440.4
2020-08-30 07:10:00,434.0
2020-08-30 07:20:00,432.1
2020-08-30 07:30:00,432.3
2020-08-30 07:40:00,432.5
2020-08-30 07:50:00,434.7
2020-08-30 08:00:00,436.0
2020-08-30 08:10:00,434.2
2020-08-30 08:20:00,428.8
2020-08-30 08:30:00,431.5
2020-08-30 08:40:00,428.1
2020-08-30 08:50:00,425.2
2020-08-30 09:00:00,424.1
2020-08-30 09:10:00,420.6
2020-08-30 09:20:00,419.5
2020-08-30 09:30:00,419.4
2020-08-30 09:40:00,417.2
2020-08-30 09:50:00,418.0
2020-08-30 10:00:00,414.7
2020-08-30 10:10:00,412.3
2020-08-30 10:20:00,411.1
2020-08-30 10:30:00,411.2
2020-08-30 10:40:00,409.4
2020-08-30 10:50:00,408.9
2020-08-30 11:00:00,409.3
2020-08-30 11:10:00,408.8
2020-08-30 11:20:00,408.0
2020-08-30 11:30:00,407.7
2020-08-30 11:40:00,407.7
2020-08-30 11:50:00,408.5
2020-08-30 12:00:00,408.6
2020-08-30 12:10:00,409.2
2020-08-30 12:20:00,410.6
2020-08-30 12:30:00,411.0
2020-08-30 12:40:00,411.9
2020-08-30 12:50:00,410.2
2020-08-30 13:00:00,409.6
2020-08-30 13:10:00,408.6
2020-08-30 13:20:00,409.5
2020-08-30 13:30:00,408.8
2020-08-30 13:40:00,407.8
2020-08-30 13:50:00,409.3
2020-08-30 14:00:00,409.7
2020-08-30 14:10:00,409.5
2020-08-30 14:20:00,409.6
2020-08-30 14:30:00,409.4
2020-08-30 14:40:00,408.5
2020-08-30 14:50:00,407.8
2020-08-30 15:00:00,407.0
2020-08-30 15:10:00,407.3
2020-08-30 15:20:00,408.7
2020-08-30 15:30:00,409.9
2020-08-30 15:40:00,411.6
2020-08-30 15:50:00,412.5
2020-08-30 16:00:00,413.0
2020-08-30 16:10:00,414.2
2020-08-30 16:20:00,414.9
2020-08-30 16:30:00,415.1
2020-08-30 16:40:00,411.1
2020-08-30 16:50:00,410.1
2020-08-30 17:00:00,409.2
2020-08-30 17:10:00,408.9
2020-08-30 17:20:00,408.8
2020-08-30 17:30:00,409.5
2020-08-30 17:40:00,409.9
2020-08-30 17:50:00,410.4
2020-08-30 18:00:00,410.3
2020-08-30 18:10:00,408.8
2020-08-30 18:20:00,409.1
2020-08-30 18:30:00,409.6
2020-08-30 18:40:00,409.6
2020-08-30 18:50:00,410.6
2020-08-30 19:00:00,411.3
2020-08-30 19:10:00,413.4
2020-08-30 19:20:00,414.1
2020-08-30 19:30:00,414.3
2020-08-30 19:40:00,414.5
2020-08-30 19:50:00,414.3
2020-08-30 20:00:00,413.2
2020-08-30 20:10:00,413.0
2020-08-30 20:20:00,412.5
2020-08-30 20:30:00,412.4
2020-08-30 20:40:00,409.5
2020-08-30 20:50:00,407.5
2020-08-30 21:00:00,405.7
2020-08-30 21:10:00,405.5
2020-08-30 21:20:00,405.9
2020-08-30 21:30:00,406.5
2020-08-30 21:40:00,406.7
2020-08-30 21:50:00,406.8
2020-08-30 22:00:00,406.9
2020-08-30 22:10:00,408.6
2020-08-30 22:20:00,409.9
2020-08-30 22:30:00,410.6
2020-08-30 22:40:00,410.3
2020-08-30 22:50:00,409.5
2020-08-30 23:00:00,409.6
2020-08-30 23:10:00,409.2
2020-08-30 23:20:00,409.2
2020-08-30 23:30:00,409.2
2020-08-30 23:40:00,409.4
2020-08-30 23:50:00,409.2
2020-08-31 00:00:00,408.9
2020-08-31 00:10:00,408.7
2020-08-31 00:20:00,408.7
2020-08-31 00:30:00,408.6
2020-08-31 00:40:00,408.1
2020-08-31 00:50:00,408.7
2020-08-31 01:00:00,408.3
2020-08-31 01:10:00,408.0
2020-08-31 01:20:00,407.5
2020-08-31 01:30:00,406.7
2020-08-31 01:40:00,406.1
2020-08-31 01:50:00,406.5
2020-08-31 02:00:00,407.4
2020-08-31 02:10:00,407.9
2020-08-31 02:20:00,407.7
2020-08-31 02:30:00,408.1
2020-08-31 02:40:00,408.2
2020-08-31 02:50:00,409.3
2020-08-31 03:00:00,409.5
2020-08-31 03:10:00,409.2
2020-08-31 03:20:00,409.9
2020-08-31 03:30:00,410.9
2020-08-31 03:40:00,410.4
2020-08-31 03:50:00,410.3
2020-08-31 04:00:00,410.1
2020-08-31 04:10:00,410.1
2020-08-31 04:20:00,410.7
2020-08-31 04:30:00,411.0
2020-08-31 04:40:00,411.0
2020-08-31 04:50:00,411.1
2020-08-31 05:00:00,411.6
2020-08-31 05:10:00,412.8
2020-08-31 05:20:00,413.1
2020-08-31 05:30:00,413.3
2020-08-31 05:40:00,414.0
2020-08-31 05:50:00,414.1
2020-08-31 06:00:00,414.2
2020-08-31 06:10:00,414.7
2020-08-31 06:20:00,415.2
2020-08-31 06:30:00,414.5
2020-08-31 06:40:00,414.9
2020-08-31 06:50:00,413.7
2020-08-31 07:00:00,416.5
2020-08-31 07:10:00,418.2
2020-08-31 07:20:00,420.0
2020-08-31 07:30:00,415.1
2020-08-31 07:40:00,412.6
2020-08-31 07:50:00,413.0
2020-08-31 08:00:00,413.1
2020-08-31 08:10:00,414.8
2020-08-31 08:20:00,413.3
2020-08-31 08:30:00,413.6
2020-08-31 08:40:00,411.9
2020-08-31 08:50:00,411.7
2020-08-31 09:00:00,411.9
2020-08-31 09:10:00,411.3
2020-08-31 09:20:00,410.1
2020-08-31 09:30:00,409.9
2020-08-31 09:40:00,409.5
2020-08-31 09:50:00,409.2
2020-08-31 10:00:00,409.3
2020-08-31 10:10:00,409.7
2020-08-31 10:20:00,409.3
2020-08-31 10:30:00,408.7
2020-08-31 10:40:00,408.1
2020-08-31 10:50:00,408.5
2020-08-31 11:00:00,408.7
2020-08-31 11:10:00,408.8
2020-08-31 11:20:00,409.4
2020-08-31 11:30:00,410.0
2020-08-31 11:40:00,410.5
2020-08-31 11:50:00,410.9
2020-08-31 12:00:00,409.9
2020-08-31 12:10:00,409.6
2020-08-31 12:20:00,409.2
2020-08-31 12:30:00,408.9
2020-08-31 12:40:00,407.5
2020-08-31 12:50:00,406.9
2020-08-31 13:00:00,406.1
2020-08-31 13:10:00,405.8
2020-08-31 13:20:00,406.1
2020-08-31 13:30:00,405.5
2020-08-31 13:40:00,406.0
2020-08-31 13:50:00,405.4
2020-08-31 14:00:00,405.6
2020-08-31 14:10:00,404.7
2020-08-31 14:20:00,404.3
2020-08-31 14:30:00,403.5
2020-08-31 14:40:00,404.2
2020-08-31 14:50:00,403.9
2020-08-31 15:00:00,402.3
2020-08-31 15:10:00,401.1
2020-08-31 15:20:00,400.9
2020-08-31 15:30:00,400.7
2020-08-31 15:40:00,400.5
2020-08-31 15:50:00,400.6
2020-08-31 16:00:00,401.0
2020-08-31 16:10:00,402.2
2020-08-31 16:20:00,403.6
2020-08-31 16:30:00,404.3
2020-08-31 16:40:00,405.2
2020-08-31 16:50:00,406.1
2020-08-31 17:00:00,406.6
2020-08-31 17:10:00,407.1
2020-08-31 17:20:00,407.5
2020-08-31 17:30:00,407.5
2020-08-31 17:40:00,407.1
2020-08-31 17:50:00,407.5
2020-08-31 18:00:00,407.8
2020-08-31 18:10:00,408.3
2020-08-31 18:20:00,409.5
2020-08-31 18:30:00,413.4
2020-08-31 18:40:00,413.7
2020-08-31 18:50:00,416.1
2020-08-31 19:00:00,413.6
2020-08-31 19:10:00,413.6
2020-08-31 19:20:00,412.2
2020-08-31 19:30:00,412.7
2020-08-31 19:40:00,415.2
2020-08-31 19:50:00,418.1
2020-08-31 20:00:00,417.0
2020-08-31 20:10:00,420.3
2020-08-31 20:20:00,418.9
2020-08-31 20:30:00,417.3
2020-08-31 20:40:00,421.8
2020-08-31 20:50:00,422.1
2020-08-31 21:00:00,422.2
2020-08-31 21:10:00,421.4
2020-08-31 21:20:00,423.2
2020-08-31 21:30:00,423.2
2020-08-31 21:40:00,423.5
2020-08-31 21:50:00,426.3
2020-08-31 22:00:00,426.5
2020-08-31 22:10:00,426.5
2020-08-31 22:20:00,424.5
2020-08-31 22:30:00,421.8
2020-08-31 22:40:00,421.7
2020-08-31 22:50:00,421.9
2020-08-31 23:00:00,422.7
2020-08-31 23:10:00,422.6
2020-08-31 23:20:00,423.1
2020-08-31 23:30:00,418.5
2020-08-31 23:40:00,418.1
2020-08-31 23:50:00,420.6
2020-09-01 00:00:00,422.3
2020-09-01 00:10:00,424.1
2020-09-01 00:20:00,423.4
2020-09-01 00:30:00,419.4
2020-09-01 00:40:00,419.9
2020-09-01 00:50:00,421.0
2020-09-01 01:00:00,421.9
2020-09-01 01:10:00,421.8
2020-09-01 01:20:00,420.3
2020-09-01 01:30:00,419.6
2020-09-01 01:40:00,419.3
2020-09-01 01:50:00,417.7
2020-09-01 02:00:00,420.3
2020-09-01 02:10:00,421.1
2020-09-01 02:20:00,420.2
2020-09-01 02:30:00,420.4
2020-09-01 02:40:00,420.1
2020-09-01 02:50:00,421.9
2020-09-01 03:00:00,423.7
2020-09-01 03:10:00,426.6
2020-09-01 03:20:00,426.0
2020-09-01 03:30:00,426.5
2020-09-01 03:40:00,425.5
2020-09-01 03:50:00,425.3
2020-09-01 04:00:00,422.2
2020-09-01 04:10:00,419.7
2020-09-01 04:20:00,422.6
2020-09-01 04:30:00,424.5
2020-09-01 04:40:00,426.5
2020-09-01 04:50:00,426.1
2020-09-01 05:00:00,425.4
2020-09-01 05:10:00,423.5
2020-09-01 05:20:00,423.4
2020-09-01 05:30:00,423.3
2020-09-01 05:40:00,420.5
2020-09-01 05:50:00,420.6
2020-09-01 06:00:00,419.3
2020-09-01 06:10:00,418.5
2020-09-01 06:20:00,418.9
2020-09-01 06:30:00,420.4
2020-09-01 06:40:00,422.0
2020-09-01 06:50:00,419.2
2020-09-01 07:00:00,419.0
2020-09-01 07:10:00,419.3
2020-09-01 07:20:00,420.0
2020-09-01 07:30:00,419.9
2020-09-01 07:40:00,419.3
2020-09-01 07:50:00,419.2
2020-09-01 08:00:00,418.8
2020-09-01 08:10:00,418.7
2020-09-01 08:20:00,418.1
2020-09-01 08:30:00,416.9
2020-09-01 08:40:00,415.7
2020-09-01 08:50:00,415.1
2020-09-01 09:00:00,415.7
2020-09-01 09:10:00,417.1
2020-09-01 09:20:00,418.3
2020-09-01 09:30:00,418.9
2020-09-01 09:40:00,420.0
2020-09-01 09:50:00,418.1
2020-09-01 10:00:00,414.7
2020-09-01 10:10:00,412.1
2020-09-01 10:20:00,411.4
2020-09-01 10:30:00,412.5
2020-09-01 10:40:00,412.6
2020-09-01 10:50:00,413.1
2020-09-01 11:00:00,412.8
2020-09-01 11:10:00,413.3
2020-09-01 11:20:00,413.3
2020-09-01 11:30:00,413.3
2020-09-01 11:40:00,412.4
2020-09-01 11:50:00,412.1
2020-09-01 12:00:00,412.2
2020-09-01 12:10:00,411.7
2020-09-01 12:20:00,411.3
2020-09-01 12:30:00,411.6
2020-09-01 12:40:00,411.5
2020-09-01 12:50:00,411.3
2020-09-01 13:00:00,410.5
2020-09-01 13:10:00,410.4
2020-09-01 13:20:00,410.3901273507325
2020-09-01 13:30:00,410.28772381432117
2020-09-01 13:40:00,410.2101272344168
2020-09-01 13:50:00,410.1567737184355
2020-09-01 14:00:00,410.12709937379344
2020-09-01 14:10:00,410.1205403079067
2020-09-01 14:20:00,410.1365326281915
2020-09-01 14:30:00,410.174512442064
2020-09-01 14:40:00,410.23391585694026
2020-09-01 14:50:00,410.3141789802365
2020-09-01 15:00:00,410.4147379193688
2020-09-01 15:10:00,410.5350287817534
2020-09-01 15:20:00,410.67448767480636
2020-09-01 15:30:00,410.83255070594385
2020-09-01 15:40:00,411.0086539825821
2020-09-01 15:50:00,411.2022336121371
2020-09-01 16:00:00,411.4127257020251
2020-09-01 16:10:00,411.6395663596623
2020-09-01 16:20:00,411.88219169246474
2020-09-01 16:30:00,412.1400378078486
2020-09-01 16:40:00,412.41254081323007
2020-09-01 16:50:00,412.6991368160252
2020-09-01 17:00:00,412.9992619236502
2020-09-01 17:10:00,413.31235224352116
2020-09-01 17:20:00,413.6378438830543
2020-09-01 17:30:00,413.97517294966576
2020-09-01 17:40:00,414.32377555077164
2020-09-01 17:50:00,414.68308779378816
2020-09-01 18:00:00,415.0525457861314
2020-09-01 18:10:00,415.4315856352176
2020-09-01 18:20:00,415.8196434484627
2020-09-01 18:30:00,416.2161553332831
2020-09-01 18:40:00,416.6205573970948
2020-09-01 18:50:00,417.03228574731395
2020-09-01 19:00:00,417.45077649135675
2020-09-01 19:10:00,417.8754657366393
2020-09-01 19:20:00,418.3057895905777
2020-09-01 19:30:00,418.74118416058826
2020-09-01 19:40:00,419.181085554087
2020-09-01 19:50:00,419.6249298784901
2020-09-01 20:00:00,420.0721532412137
2020-09-01 20:10:00,420.52219174967394
2020-09-01 20:20:00,420.974481511287
2020-09-01 20:30:00,421.428458633469
2020-09-01 20:40:00,421.8835592236361
2020-09-01 20:50:00,422.33921938920446
2020-09-01 21:00:00,422.7948752375902
2020-09-01 21:10:00,423.2499628762094
2020-09-01 21:20:00,423.70391841247834
2020-09-01 21:30:00,424.1561779538131
2020-09-01 21:40:00,425.5
2020-09-01 21:50:00,424.9
2020-09-01 22:00:00,424.7
2020-09-01 22:10:00,420.9
2020-09-01 22:20:00,427.6
2020-09-01 22:30:00,429.2
2020-09-01 22:40:00,427.1
2020-09-01 22:50:00,425.9
2020-09-01 23:00:00,431.9
2020-09-01 23:10:00,432.1
2020-09-01 23:20:00,432.6640670923909
2020-09-01 23:30:00,433.6639865244641
2020-09-01 23:40:00,434.6453205881606
2020-09-01 23:50:00,435.60759684941576
2020-09-02 00:00:00,436.5503428741649
2020-09-02 00:10:00,437.47308622834356
2020-09-02 00:20:00,438.375354477887
2020-09-02 00:30:00,439.2566751887307
2020-09-02 00:40:00,440.11657592680996
2020-09-02 00:50:00,440.9545842580602
2020-09-02 01:00:00,441.77022774841686
2020-09-02 01:10:00,442.5630339638153
2020-09-02 01:20:00,443.33253047019093
2020-09-02 01:30:00,444.0782448334791
2020-09-02 01:40:00,444.7997046196153
2020-09-02 01:50:00,445.4964373945348
2020-09-02 02:00:00,446.167970724173
2020-09-02 02:10:00,446.8138321744654
2020-09-02 02:20:00,447.4335493113473
2020-09-02 02:30:00,448.0266497007541
2020-09-02 02:40:00,448.5926609086212
2020-09-02 02:50:00,449.13111050088406
2020-09-02 03:00:00,449.641526043478
2020-09-02 03:10:00,450.1234351023384
2020-09-02 03:20:00,450.5763652434007
2020-09-02 03:30:00,450.99984403260027
2020-09-02 03:40:00,451.3933990358725
2020-09-02 03:50:00,451.75655781915276
2020-09-02 04:00:00,452.0888479483765
2020-09-02 04:10:00,452.38979698947907
2020-09-02 04:20:00,452.6589325083959
2020-09-02 04:30:00,452.8957820710623
2020-09-02 04:40:00,453.09987324341375
2020-09-02 04:50:00,453.2707335913856
2020-09-02 05:00:00,453.4078906809132
2020-09-02 05:10:00,453.51087207793205
2020-09-02 05:20:00,453.57920534837746
2020-09-02 05:30:00,453.61241805818486
2020-09-02 05:40:00,453.6100377732896
2020-09-02 05:50:00,453.57159205962716
2020-09-02 06:00:00,453.4966084831329
2020-09-02 06:10:00,453.38461460974213
2020-09-02 06:20:00,453.2351380053903
2020-09-02 06:30:00,453.0477062360128
2020-09-02 06:40:00,452.821846867545
2020-09-02 06:50:00,452.55708746592234
2020-09-02 07:00:00,452.25295559708013
2020-09-02 07:10:00,451.90897882695384
2020-09-02 07:20:00,451.5246847214788
2020-09-02 07:30:00,451.0996008465905
2020-09-02 07:40:00,450.5
2020-09-02 07:50:00,449.8
2020-09-02 08:00:00,449.9
2020-09-02 08:10:00,449.7
2020-09-02 08:20:00,448.8
2020-09-02 08:30:00,448.1
2020-09-02 08:40:00,447.3
2020-09-02 08:50:00,447.3
2020-09-02 09:00:00,446.1
2020-09-02 09:10:00,445.9
2020-09-02 09:20:00,444.2
2020-09-02 09:30:00,441.9
2020-09-02 09:40:00,437.6
2020-09-02 09:50:00,434.4
2020-09-02 10:00:00,430.0
2020-09-02 10:10:00,424.4
2020-09-02 10:20:00,420.7
2020-09-02 10:30:00,413.8
2020-09-02 10:40:00,406.5
2020-09-02 10:50:00,401.8
2020-09-02 11:00:00,399.4
2020-09-02 11:10:00,399.4
2020-09-02 11:20:00,399.2
2020-09-02 11:30:00,395.14864403949906
2020-09-02 11:40:00,392.97376887134374
2020-09-02 11:50:00,390.9629941547737
2020-09-02 12:00:00,389.11253247285515
2020-09-02 12:10:00,387.4185964086543
2020-09-02 12:20:00,385.87739854523727
2020-09-02 12:30:00,384.48515146567024
2020-09-02 12:40:00,383.23806775301944
2020-09-02 12:50:00,382.132359990351
2020-09-02 13:00:00,381.16424076073116
2020-09-02 13:10:00,380.329922647226
2020-09-02 13:20:00,379.62561823290173
2020-09-02 13:30:00,379.04754010082456
2020-09-02 13:40:00,378.5919008340606
2020-09-02 13:50:00,378.2549130156761
2020-09-02 14:00:00,378.0327892287372
2020-09-02 14:10:00,377.9217420563101
2020-09-02 14:20:00,377.917984081461
2020-09-02 14:30:00,378.017727887256
2020-09-02 14:40:00,378.21718605676125
2020-09-02 14:50:00,378.512571173043
2020-09-02 15:00:00,378.9000958191674
2020-09-02 15:10:00,379.3759725782007
2020-09-02 15:20:00,379.93641403320896
2020-09-02 15:30:00,380.5776327672584
2020-09-02 15:40:00,381.2958413634153
2020-09-02 15:50:00,382.0872524047457
2020-09-02 16:00:00,382.9480784743157
2020-09-02 16:10:00,383.8745321551917
2020-09-02 16:20:00,384.86282603043963
2020-09-02 16:30:00,385.9091726831259
2020-09-02 16:40:00,387.00978469631644
2020-09-02 16:50:00,388.16087465307766
2020-09-02 17:00:00,389.35865513647565
2020-09-02 17:10:00,390.59933872957663
2020-09-02 17:20:00,391.8791380154467
2020-09-02 17:30:00,393.194265577152
2020-09-02 17:40:00,394.54093399775877
2020-09-02 17:50:00,395.91535586033325
2020-09-02 18:00:00,397.3137437479416
2020-09-02 18:10:00,398.7323102436499
2020-09-02 18:20:00,400.16726793052436
2020-09-02 18:30:00,401.61482939163113
2020-09-02 18:40:00,403.07120721003645
2020-09-02 18:50:00,404.53261396880646
2020-09-02 19:00:00,405.9952622510074
2020-09-02 19:10:00,407.4553646397052
2020-09-02 19:20:00,408.9091337179663
2020-09-02 19:30:00,410.352782068857
2020-09-02 19:40:00,411.78252227544317
2020-09-02 19:50:00,412.9
2020-09-02 20:00:00,415.4
2020-09-02 20:10:00,415.8
2020-09-02 20:20:00,416.6
2020-09-02 20:30:00,418.8
2020-09-02 20:40:00,420.0
2020-09-02 20:50:00,420.7
2020-09-02 21:00:00,422.2
2020-09-02 21:10:00,422.7
2020-09-02 21:20:00,422.6
2020-09-02 21:30:00,425.3
2020-09-02 21:40:00,427.9
2020-09-02 21:50:00,428.8
2020-09-02 22:00:00,432.3
2020-09-02 22:10:00,433.8
2020-09-02 22:20:00,433.7
2020-09-02 22:30:00,431.1
2020-09-02 22:40:00,429.5
2020-09-02 22:50:00,429.3
2020-09-02 23:00:00,428.5
2020-09-02 23:10:00,428.1
2020-09-02 23:20:00,432.7
2020-09-02 23:30:00,434.6
2020-09-02 23:40:00,434.2
2020-09-02 23:50:00,436.2
2020-09-03 00:00:00,440.5
2020-09-03 00:10:00,440.7
2020-09-03 00:20:00,435.7
2020-09-03 00:30:00,441.0
2020-09-03 00:40:00,442.3
2020-09-03 00:50:00,443.7
2020-09-03 01:00:00,445.5
2020-09-03 01:10:00,448.4
2020-09-03 01:20:00,449.5
2020-09-03 01:30:00,450.7
2020-09-03 01:40:00,451.0
2020-09-03 01:50:00,452.0
2020-09-03 02:00:00,452.4
2020-09-03 02:10:00,450.9
2020-09-03 02:20:00,453.3
2020-09-03 02:30:00,454.3
2020-09-03 02:40:00,453.9
2020-09-03 02:50:00,455.2
2020-09-03 03:00:00,455.4
2020-09-03 03:10:00,457.4
2020-09-03 03:20:00,455.9
2020-09-03 03:30:00,453.1
2020-09-03 03:40:00,455.3
2020-09-03 03:50:00,458.9
2020-09-03 04:00:00,457.5
2020-09-03 04:10:00,457.1
2020-09-03 04:20:00,456.5
2020-09-03 04:30:00,454.0
2020-09-03 04:40:00,454.5
2020-09-03 04:50:00,457.3
2020-09-03 05:00:00,459.8
2020-09-03 05:10:00,459.2
2020-09-03 05:20:00,459.0
2020-09-03 05:30:00,462.3
2020-09-03 05:40:00,461.4
2020-09-03 05:50:00,460.0
2020-09-03 06:00:00,456.0
2020-09-03 06:10:00,455.0
2020-09-03 06:20:00,455.8
2020-09-03 06:30:00,463.5
2020-09-03 06:40:00,465.2
2020-09-03 06:50:00,465.5
2020-09-03 07:00:00,466.2
2020-09-03 07:10:00,465.2
2020-09-03 07:20:00,463.7
2020-09-03 07:30:00,464.7
2020-09-03 07:40:00,465.0
2020-09-03 07:50:00,462.1
2020-09-03 08:00:00,460.8
2020-09-03 08:10:00,457.0
2020-09-03 08:20:00,452.3
2020-09-03 08:30:00,447.9
2020-09-03 08:40:00,446.6
2020-09-03 08:50:00,440.0
2020-09-03 09:00:00,435.4
2020-09-03 09:10:00,433.7
2020-09-03 09:20:00,430.6
2020-09-03 09:30:00,430.1
2020-09-03 09:40:00,424.9
2020-09-03 09:50:00,426.6
2020-09-03 10:00:00,420.7
2020-09-03 10:10:00,415.2
2020-09-03 10:20:00,412.1
2020-09-03 10:30:00,410.3
2020-09-03 10:40:00,409.1
2020-09-03 10:50:00,408.0
2020-09-03 11:00:00,407.3
2020-09-03 11:10:00,409.1
2020-09-03 11:20:00,406.0
2020-09-03 11:30:00,403.4
2020-09-03 11:40:00,404.0
2020-09-03 11:50:00,403.7
2020-09-03 12:00:00,399.8
2020-09-03 12:10:00,398.9
2020-09-03 12:20:00,398.6
2020-09-03 12:30:00,398.4
2020-09-03 12:40:00,399.7
2020-09-03 12:50:00,399.3
2020-09-03 13:00:00,399.4
2020-09-03 13:10:00,399.6
2020-09-03 13:20:00,400.4
2020-09-03 13:30:00,400.3
2020-09-03 13:40:00,400.5
2020-09-03 13:50:00,401.3
2020-09-03 14:00:00,402.5
2020-09-03 14:10:00,402.7
2020-09-03 14:20:00,403.9
2020-09-03 14:30:00,404.0
2020-09-03 14:40:00,404.0
2020-09-03 14:50:00,404.7
2020-09-03 15:00:00,404.8
2020-09-03 15:10:00,405.0
2020-09-03 15:20:00,405.2
2020-09-03 15:30:00,405.3
2020-09-03 15:40:00,405.3
2020-09-03 15:50:00,404.9
2020-09-03 16:00:00,404.5
2020-09-03 16:10:00,404.1
2020-09-03 16:20:00,403.6
2020-09-03 16:30:00,402.5
2020-09-03 16:40:00,403.0
2020-09-03 16:50:00,402.9
2020-09-03 17:00:00,402.2
2020-09-03 17:10:00,403.5
2020-09-03 17:20:00,404.2
2020-09-03 17:30:00,404.7
2020-09-03 17:40:00,405.7
2020-09-03 17:50:00,406.4
2020-09-03 18:00:00,407.2
2020-09-03 18:10:00,407.9
2020-09-03 18:20:00,409.4
2020-09-03 18:30:00,410.4
2020-09-03 18:40:00,408.5
2020-09-03 18:50:00,408.9
2020-09-03 19:00:00,411.4
2020-09-03 19:10:00,416.8
2020-09-03 19:20:00,412.2
2020-09-03 19:30:00,420.2
2020-09-03 19:40:00,418.6
2020-09-03 19:50:00,416.1
2020-09-03 20:00:00,415.6
2020-09-03 20:10:00,418.3
2020-09-03 20:20:00,419.5
2020-09-03 20:30:00,420.6
2020-09-03 20:40:00,421.6
2020-09-03 20:50:00,421.6
2020-09-03 21:00:00,419.4
2020-09-03 21:10:00,416.4
2020-09-03 21:20:00,418.9
2020-09-03 21:30:00,419.3
2020-09-03 21:40:00,419.4
2020-09-03 21:50:00,418.2
2020-09-03 22:00:00,414.5
2020-09-03 22:10:00,416.5
2020-09-03 22:20:00,417.5
2020-09-03 22:30:00,419.7
2020-09-03 22:40:00,420.2
2020-09-03 22:50:00,419.3
2020-09-03 23:00:00,417.4
2020-09-03 23:10:00,416.9
2020-09-03 23:20:00,417.7
2020-09-03 23:30:00,418.3
2020-09-03 23:40:00,418.7
2020-09-03 23:50:00,418.5
2020-09-04 00:00:00,419.4
2020-09-04 00:10:00,423.2
2020-09-04 00:20:00,424.6
2020-09-04 00:30:00,424.5
2020-09-04 00:40:00,424.1
2020-09-04 00:50:00,424.8
2020-09-04 01:00:00,426.5
2020-09-04 01:10:00,426.1
2020-09-04 01:20:00,428.0
2020-09-04 01:30:00,427.8
2020-09-04 01:40:00,428.5
2020-09-04 01:50:00,423.0
2020-09-04 02:00:00,420.4
2020-09-04 02:10:00,418.2
2020-09-04 02:20:00,417.0
2020-09-04 02:30:00,417.5
2020-09-04 02:40:00,416.9
2020-09-04 02:50:00,415.9
2020-09-04 03:00:00,416.1
2020-09-04 03:10:00,416.5
2020-09-04 03:20:00,417.7
2020-09-04 03:30:00,419.8
2020-09-04 03:40:00,417.2
2020-09-04 03:50:00,417.6
2020-09-04 04:00:00,425.9
2020-09-04 04:10:00,428.4
2020-09-04 04:20:00,431.3
2020-09-04 04:30:00,433.7
2020-09-04 04:40:00,433.0
2020-09-04 04:50:00,428.3
2020-09-04 05:00:00,422.0
2020-09-04 05:10:00,420.2
2020-09-04 05:20:00,422.9
2020-09-04 05:30:00,419.6
2020-09-04 05:40:00,417.1
2020-09-04 05:50:00,415.7
2020-09-04 06:00:00,416.2
2020-09-04 06:10:00,417.3
2020-09-04 06:20:00,416.2
2020-09-04 06:30:00,415.6
2020-09-04 06:40:00,415.5
2020-09-04 06:50:00,415.1
2020-09-04 07:00:00,414.9
2020-09-04 07:10:00,415.0
2020-09-04 07:20:00,415.0
2020-09-04 07:30:00,415.1
2020-09-04 07:40:00,415.5
2020-09-04 07:50:00,414.8
2020-09-04 08:00:00,413.7
2020-09-04 08:10:00,413.5
2020-09-04 08:20:00,412.3
2020-09-04 08:30:00,412.2491626722381
2020-09-04 08:40:00,411.8059631520292
2020-09-04 08:50:00,411.36641897366815
2020-09-04 09:00:00,410.93089601869224
2020-09-04 09:10:00,410.49976016863883
2020-09-04 09:20:00,410.07337730504526
2020-09-04 09:30:00,409.6521133094489
2020-09-04 09:40:00,409.2363340633871
2020-09-04 09:50:00,408.8264054483973
2020-09-04 10:00:00,408.4226933460167
2020-09-04 10:10:00,408.0255636377827
2020-09-04 10:20:00,407.6353822052327
2020-09-04 10:30:00,407.252514929904
2020-09-04 10:40:00,406.877327693334
2020-09-04 10:50:00,406.51018637706
2020-09-04 11:00:00,406.1514568626194
2020-09-04 11:10:00,405.8015050315495
2020-09-04 11:20:00,405.46069676538764
2020-09-04 11:30:00,405.12939794567126
2020-09-04 11:40:00,404.8079744539376
2020-09-04 11:50:00,404.4967921717241
2020-09-04 12:00:00,404.1962169805681
2020-09-04 12:10:00,403.90661476200694
2020-09-04 12:20:00,403.62835139757794
2020-09-04 12:30:00,403.3617927688185
2020-09-04 12:40:00,403.10730475726587
2020-09-04 12:50:00,402.8652532444575
2020-09-04 13:00:00,402.63600411193073
2020-09-04 13:10:00,402.4199232412229
2020-09-04 13:20:00,402.21737651387133
2020-09-04 13:30:00,402.0287298114134
2020-09-04 13:40:00,401.8543490153865
2020-09-04 13:50:00,401.6946000073279
2020-09-04 14:00:00,401.549848668775
2020-09-04 14:10:00,401.4204608812651
2020-09-04 14:20:00,401.3068025263356
2020-09-04 14:30:00,401.2092394855239
2020-09-04 14:40:00,401.12813764036724
2020-09-04 14:50:00,401.06386287240304
2020-09-04 15:00:00,401.0167810631686
2020-09-04 15:10:00,400.9872580942013
2020-09-04 15:20:00,400.9756598470385
2020-09-04 15:30:00,400.98235220321754
2020-09-04 15:40:00,401.0077010442758
2020-09-04 15:50:00,401.0520722517506
2020-09-04 16:00:00,401.11583170717927
2020-09-04 16:10:00,401.1993452920992
2020-09-04 16:20:00,401.30297888804773
2020-09-04 16:30:00,401.4270983765622
2020-09-04 16:40:00,401.57206963918
2020-09-04 16:50:00,401.7
2020-09-04 17:00:00,401.9
2020-09-04 17:10:00,402.2
2020-09-04 17:20:00,402.6
2020-09-04 17:30:00,402.8
2020-09-04 17:40:00,402.8
2020-09-04 17:50:00,402.8
2020-09-04 18:00:00,403.3
2020-09-04 18:10:00,403.4
2020-09-04 18:20:00,404.2
2020-09-04 18:30:00,405.8
2020-09-04 18:40:00,404.6
2020-09-04 18:50:00,405.2
2020-09-04 19:00:00,405.8
2020-09-04 19:10:00,406.1
2020-09-04 19:20:00,406.2
2020-09-04 19:30:00,407.6
2020-09-04 19:40:00,407.5
2020-09-04 19:50:00,409.4
2020-09-04 20:00:00,409.4
2020-09-04 20:10:00,409.8
2020-09-04 20:20:00,409.0
2020-09-04 20:30:00,411.9
2020-09-04 20:40:00,414.0
2020-09-04 20:50:00,414.4
2020-09-04 21:00:00,417.7
2020-09-04 21:10:00,423.9
2020-09-04 21:20:00,426.6
2020-09-04 21:30:00,422.8
2020-09-04 21:40:00,426.85026660627705
2020-09-04 21:50:00,428.81356568318364
2020-09-04 22:00:00,430.7978441016217
2020-09-04 22:10:00,432.80039287757035
2020-09-04 22:20:00,434.8185030270086
2020-09-04 22:30:00,436.8494655659156
2020-09-04 22:40:00,438.8905715102703
2020-09-04 22:50:00,440.9391118760519
2020-09-04 23:00:00,442.9923776792395
2020-09-04 23:10:00,445.0476599358121
2020-09-04 23:20:00,447.1022496617487
2020-09-04 23:30:00,449.15343787302857
2020-09-04 23:40:00,451.1985155856307
2020-09-04 23:50:00,453.2347738155341
2020-09-05 00:00:00,455.2595035787179
2020-09-05 00:10:00,457.2699958911612
2020-09-05 00:20:00,459.2635417688431
2020-09-05 00:30:00,461.2374322277426
2020-09-05 00:40:00,463.1889582838389
2020-09-05 00:50:00,465.11541095311094
2020-09-05 01:00:00,467.01408125153785
2020-09-05 01:10:00,468.88226019509875
2020-09-05 01:20:00,470.71723879977264
2020-09-05 01:30:00,472.5163080815387
2020-09-05 01:40:00,474.2767590563759
2020-09-05 01:50:00,475.9958827402634
2020-09-05 02:00:00,477.6709701491803
2020-09-05 02:10:00,479.29931229910557
2020-09-05 02:20:00,480.87820020601833
2020-09-05 02:30:00,482.4049248858977
2020-09-05 02:40:00,483.87677735472266
2020-09-05 02:50:00,485.2910486284724
2020-09-05 03:00:00,486.64502972312596
2020-09-05 03:10:00,487.9360116546624
2020-09-05 03:20:00,489.16128543906086
2020-09-05 03:30:00,490.3181420923003
2020-09-05 03:40:00,491.40387263035996
2020-09-05 03:50:00,492.41576806921876
2020-09-05 04:00:00,493.3511194248559
2020-09-05 04:10:00,494.2072177132504
2020-09-05 04:20:00,494.98135395038133
2020-09-05 04:30:00,495.67081915222775
2020-09-05 04:40:00,496.2729043347688
2020-09-05 04:50:00,496.7849005139835
2020-09-05 05:00:00,497.204098705851
2020-09-05 05:10:00,497.5277899263503
2020-09-05 05:20:00,497.75326519146046
2020-09-05 05:30:00,497.8778155171606
2020-09-05 05:40:00,497.8987319194299
2020-09-05 05:50:00,497.8133054142473
2020-09-05 06:00:00,502.6
2020-09-05 06:10:00,479.6
2020-09-05 06:20:00,504.3
2020-09-05 06:30:00,508.5
2020-09-05 06:40:00,506.0
2020-09-05 06:50:00,492.7
2020-09-05 07:00:00,491.7
2020-09-05 07:10:00,483.4
2020-09-05 07:20:00,487.2
2020-09-05 07:30:00,486.1
2020-09-05 07:40:00,467.0
2020-09-05 07:50:00,490.7
2020-09-05 08:00:00,479.2
2020-09-05 08:10:00,464.5
2020-09-05 08:20:00,465.1
2020-09-05 08:30:00,477.3
2020-09-05 08:40:00,463.9
2020-09-05 08:50:00,463.2
2020-09-05 09:00:00,463.2
2020-09-05 09:10:00,467.2
2020-09-05 09:20:00,474.5
2020-09-05 09:30:00,457.3
2020-09-05 09:40:00,444.0
2020-09-05 09:50:00,442.0
2020-09-05 10:00:00,446.9
2020-09-05 10:10:00,440.9
2020-09-05 10:20:00,433.6
2020-09-05 10:30:00,433.1
2020-09-05 10:40:00,431.8
2020-09-05 10:50:00,427.3
2020-09-05 11:00:00,423.9
2020-09-05 11:10:00,422.2
2020-09-05 11:20:00,422.2
2020-09-05 11:30:00,421.9
2020-09-05 11:40:00,420.7
2020-09-05 11:50:00,419.7
2020-09-05 12:00:00,419.5
2020-09-05 12:10:00,419.1
2020-09-05 12:20:00,418.9
2020-09-05 12:30:00,417.7
2020-09-05 12:40:00,417.10644668607864
2020-09-05 12:50:00,416.5072717007727
2020-09-05 13:00:00,415.9426928584881
2020-09-05 13:10:00,415.4118113974844
2020-09-05 13:20:00,414.91372855602134
2020-09-05 13:30:00,414.4475455723584
2020-09-05 13:40:00,414.01236368475537
2020-09-05 13:50:00,413.60728413147183
2020-09-05 14:00:00,413.2314081507675
2020-09-05 14:10:00,412.88383698090195
2020-09-05 14:20:00,412.56367186013483
2020-09-05 14:30:00,412.2700140267258
2020-09-05 14:40:00,412.00196471893446
2020-09-05 14:50:00,411.75862517502054
2020-09-05 15:00:00,411.5390966332436
2020-09-05 15:10:00,411.3424803318634
2020-09-05 15:20:00,411.16787750913943
2020-09-05 15:30:00,411.01438940333145
2020-09-05 15:40:00,410.8811172526991
2020-09-05 15:50:00,410.7671622955019
2020-09-05 16:00:00,410.67162576999965
2020-09-05 16:10:00,410.5936089144519
2020-09-05 16:20:00,410.5322129671183
2020-09-05 16:30:00,410.4865391662585
2020-09-05 16:40:00,410.4556887501322
2020-09-05 16:50:00,410.43876295699897
2020-09-05 17:00:00,410.4348630251185
2020-09-05 17:10:00,410.4430901927504
2020-09-05 17:20:00,410.4625456981543
2020-09-05 17:30:00,410.49233077958996
2020-09-05 17:40:00,410.5315466753169
2020-09-05 17:50:00,410.5792946235948
2020-09-05 18:00:00,410.6346758626833
2020-09-05 18:10:00,410.6967916308421
2020-09-05 18:20:00,410.7647431663308
2020-09-05 18:30:00,410.837631707409
2020-09-05 18:40:00,410.91455849233637
2020-09-05 18:50:00,410.9946247593726
2020-09-05 19:00:00,411.0769317467773
2020-09-05 19:10:00,411.1605806928101
2020-09-05 19:20:00,411.2446728357306
2020-09-05 19:30:00,411.3283094137986
2020-09-05 19:40:00,411.4105916652736
2020-09-05 19:50:00,411.49062082841533
2020-09-05 20:00:00,411.5674981414834
2020-09-05 20:10:00,411.6403248427374
2020-09-05 20:20:00,411.70820217043706
2020-09-05 20:30:00,411.770231362842
2020-09-05 20:40:00,411.8255136582119
2020-09-05 20:50:00,411.8731502948063
2020-09-05 21:00:00,411.8
2020-09-05 21:10:00,412.1
2020-09-05 21:20:00,412.0
2020-09-05 21:30:00,411.9
2020-09-05 21:40:00,412.3
2020-09-05 21:50:00,412.5
2020-09-05 22:00:00,412.1
2020-09-05 22:10:00,411.5
2020-09-05 22:20:00,410.2
2020-09-05 22:30:00,409.3
2020-09-05 22:40:00,408.8
2020-09-05 22:50:00,408.5
2020-09-05 23:00:00,408.7
2020-09-05 23:10:00,413.9
2020-09-05 23:20:00,417.7
2020-09-05 23:30:00,417.7
2020-09-05 23:40:00,421.2
2020-09-05 23:50:00,420.1
2020-09-06 00:00:00,417.7
2020-09-06 00:10:00,423.2
2020-09-06 00:20:00,419.5
2020-09-06 00:30:00,418.8
2020-09-06 00:40:00,418.1
2020-09-06 00:50:00,418.6
2020-09-06 01:00:00,419.0
2020-09-06 01:10:00,419.4
2020-09-06 01:20:00,418.2
2020-09-06 01:30:00,435.9
2020-09-06 01:40:00,429.2
2020-09-06 01:50:00,433.6
2020-09-06 02:00:00,429.1
2020-09-06 02:10:00,425.2
2020-09-06 02:20:00,427.6
2020-09-06 02:30:00,428.6
2020-09-06 02:40:00,437.4
2020-09-06 02:50:00,439.5
2020-09-06 03:00:00,440.3
2020-09-06 03:10:00,439.2
2020-09-06 03:20:00,436.5
2020-09-06 03:30:00,439.4
2020-09-06 03:40:00,443.8
2020-09-06 03:50:00,446.3
2020-09-06 04:00:00,445.5
2020-09-06 04:10:00,445.4
2020-09-06 04:20:00,446.2
2020-09-06 04:30:00,443.2
2020-09-06 04:40:00,443.8
2020-09-06 04:50:00,438.1
2020-09-06 05:00:00,433.9
2020-09-06 05:10:00,436.1
2020-09-06 05:20:00,433.4
2020-09-06 05:30:00,440.5
2020-09-06 05:40:00,450.4
2020-09-06 05:50:00,456.7
2020-09-06 06:00:00,453.7
2020-09-06 06:10:00,455.3
2020-09-06 06:20:00,456.4
2020-09-06 06:30:00,457.5
2020-09-06 06:40:00,453.9
2020-09-06 06:50:00,443.1
2020-09-06 07:00:00,435.8
2020-09-06 07:10:00,436.6
2020-09-06 07:20:00,446.5
2020-09-06 07:30:00,460.3
2020-09-06 07:40:00,459.0
2020-09-06 07:50:00,453.7
2020-09-06 08:00:00,453.3
2020-09-06 08:10:00,458.5
2020-09-06 08:20:00,452.4
2020-09-06 08:30:00,444.1
2020-09-06 08:40:00,435.9
2020-09-06 08:50:00,427.7
2020-09-06 09:00:00,425.3
2020-09-06 09:10:00,421.8
2020-09-06 09:20:00,420.7
2020-09-06 09:30:00,421.0
2020-09-06 09:40:00,419.6
2020-09-06 09:50:00,417.9
2020-09-06 10:00:00,413.6
2020-09-06 10:10:00,411.4
2020-09-06 10:20:00,406.9
2020-09-06 10:30:00,402.3
2020-09-06 10:40:00,401.4
2020-09-06 10:50:00,401.2
2020-09-06 11:00:00,401.1
2020-09-06 11:10:00,400.6
2020-09-06 11:20:00,401.2
2020-09-06 11:30:00,401.0
2020-09-06 11:40:00,402.0
2020-09-06 11:50:00,402.5
2020-09-06 12:00:00,402.3
2020-09-06 12:10:00,402.5
2020-09-06 12:20:00,401.7
2020-09-06 12:30:00,401.5
2020-09-06 12:40:00,400.7
2020-09-06 12:50:00,401.4
2020-09-06 13:00:00,400.8
2020-09-06 13:10:00,401.2
2020-09-06 13:20:00,401.9
2020-09-06 13:30:00,400.7
2020-09-06 13:40:00,400.7
2020-09-06 13:50:00,400.8
2020-09-06 14:00:00,400.7
2020-09-06 14:10:00,400.8053496407288
2020-09-06 14:20:00,400.87526241713954
2020-09-06 14:30:00,400.9742908310065
2020-09-06 14:40:00,401.10214439332054
2020-09-06 14:50:00,401.25853261507257
2020-09-06 15:00:00,401.4431650072534
2020-09-06 15:10:00,401.6557510808539
2020-09-06 15:20:00,401.8960003468649
2020-09-06 15:30:00,402.1636223162773
2020-09-06 15:40:00,402.45832650008197
2020-09-06 15:50:00,402.7798224092697
2020-09-06 16:00:00,403.1278195548314
2020-09-06 16:10:00,403.5020274477579
2020-09-06 16:20:00,403.90215559904004
2020-09-06 16:30:00,404.32791351966875
2020-09-06 16:40:00,404.77901072063486
2020-09-06 16:50:00,405.2551567129292
2020-09-06 17:00:00,405.7560610075426
2020-09-06 17:10:00,406.281433115466
2020-09-06 17:20:00,406.83098254769016
2020-09-06 17:30:00,407.404418815206
2020-09-06 17:40:00,408.0014514290043
2020-09-06 17:50:00,408.621789900076
2020-09-06 18:00:00,409.26514373941194
2020-09-06 18:10:00,409.931222458003
2020-09-06 18:20:00,410.61973556683995
2020-09-06 18:30:00,411.3303925769137
2020-09-06 18:40:00,412.06290299921517
2020-09-06 18:50:00,412.8169763447351
2020-09-06 19:00:00,413.59232212446443
2020-09-06 19:10:00,414.38864984939397
2020-09-06 19:20:00,415.20566903051457
2020-09-06 19:30:00,416.0430891788171
2020-09-06 19:40:00,416.9006198052925
2020-09-06 19:50:00,417.7779704209315
2020-09-06 20:00:00,418.67485053672505
2020-09-06 20:10:00,419.5909696636639
2020-09-06 20:20:00,420.526037312739
2020-09-06 20:30:00,421.47976299494115
2020-09-06 20:40:00,422.45185622126127
2020-09-06 20:50:00,423.44202650269017
2020-09-06 21:00:00,424.4499833502187
2020-09-06 21:10:00,425.47543627483776
2020-09-06 21:20:00,426.5180947875382
2020-09-06 21:30:00,427.5776683993108
2020-09-06 21:40:00,428.65386662114656
2020-09-06 21:50:00,429.7463989640362
2020-09-06 22:00:00,430.8549749389706
2020-09-06 22:10:00,431.9793040569407
2020-09-06 22:20:00,433.11909582893725
2020-09-06 22:30:00,435.1
2020-09-06 22:40:00,435.1
2020-09-06 22:50:00,433.8
2020-09-06 23:00:00,437.9
2020-09-06 23:10:00,440.0
2020-09-06 23:20:00,442.0
2020-09-06 23:30:00,439.3
2020-09-06 23:40:00,445.1
2020-09-06 23:50:00,447.9
2020-09-07 00:00:00,448.8
2020-09-07 00:10:00,451.5
2020-09-07 00:20:00,452.8
2020-09-07 00:30:00,448.9
2020-09-07 00:40:00,446.4
2020-09-07 00:50:00,443.5
2020-09-07 01:00:00,441.2
2020-09-07 01:10:00,438.6
2020-09-07 01:20:00,442.2
2020-09-07 01:30:00,451.5
2020-09-07 01:40:00,451.4
2020-09-07 01:50:00,453.5
2020-09-07 02:00:00,461.7
2020-09-07 02:10:00,463.8
2020-09-07 02:20:00,463.6
2020-09-07 02:30:00,462.2
2020-09-07 02:40:00,459.1
2020-09-07 02:50:00,457.8
2020-09-07 03:00:00,460.7
2020-09-07 03:10:00,465.6
2020-09-07 03:20:00,466.0
2020-09-07 03:30:00,462.9
2020-09-07 03:40:00,457.6
2020-09-07 03:50:00,450.6
2020-09-07 04:00:00,440.2
2020-09-07 04:10:00,449.2
2020-09-07 04:20:00,457.5
2020-09-07 04:30:00,455.0
2020-09-07 04:40:00,452.0
2020-09-07 04:50:00,453.8
2020-09-07 05:00:00,447.9
2020-09-07 05:10:00,448.4
2020-09-07 05:20:00,448.6
2020-09-07 05:30:00,449.0
2020-09-07 05:40:00,453.2
2020-09-07 05:50:00,457.1
2020-09-07 06:00:00,465.7
2020-09-07 06:10:00,479.7
2020-09-07 06:20:00,482.7
2020-09-07 06:30:00,481.1
2020-09-07 06:40:00,481.8
2020-09-07 06:50:00,486.7
2020-09-07 07:00:00,487.6
2020-09-07 07:10:00,481.2
2020-09-07 07:20:00,474.6
2020-09-07 07:30:00,478.9
2020-09-07 07:40:00,472.5
2020-09-07 07:50:00,473.46946256314084
2020-09-07 08:00:00,472.1287685607239
2020-09-07 08:10:00,470.7376723961808
2020-09-07 08:20:00,469.29901818550474
2020-09-07 08:30:00,467.8156500446889
2020-09-07 08:40:00,466.29041208972654
2020-09-07 08:50:00,464.7261484366109
2020-09-07 09:00:00,463.1257032013353
2020-09-07 09:10:00,461.4919204998929
2020-09-07 09:20:00,459.82764444827694
2020-09-07 09:30:00,458.1357191624807
2020-09-07 09:40:00,456.41898875849745
2020-09-07 09:50:00,454.68029735232034
2020-09-07 10:00:00,452.9224890599427
2020-09-07 10:10:00,451.14840799735765
2020-09-07 10:20:00,449.36089828055856
2020-09-07 10:30:00,447.5628040255386
2020-09-07 10:40:00,445.756969348291
2020-09-07 10:50:00,443.94623836480906
2020-09-07 11:00:00,442.133455191086
2020-09-07 11:10:00,440.321463943115
2020-09-07 11:20:00,438.5131087368894
2020-09-07 11:30:00,436.7112336884024
2020-09-07 11:40:00,434.9186829136472
2020-09-07 11:50:00,433.1383005286171
2020-09-07 12:00:00,431.3729306493053
2020-09-07 12:10:00,429.62541739170507
2020-09-07 12:20:00,427.8986048718096
2020-09-07 12:30:00,426.1953372056122
2020-09-07 12:40:00,424.51845850910604
2020-09-07 12:50:00,422.87081289828444
2020-09-07 13:00:00,421.2552444891406
2020-09-07 13:10:00,419.67459739766775
2020-09-07 13:20:00,418.1317157398591
2020-09-07 13:30:00,416.62944363170794
2020-09-07 13:40:00,415.1706251892075
2020-09-07 13:50:00,413.758104528351
2020-09-07 14:00:00,412.39472576513174
2020-09-07 14:10:00,411.08333301554285
2020-09-07 14:20:00,409.8267703955777
2020-09-07 14:30:00,408.6278820212295
2020-09-07 14:40:00,407.4895120084914
2020-09-07 14:50:00,406.41450447335666
2020-09-07 15:00:00,405.40570353181863
2020-09-07 15:10:00,404.4659532998704
2020-09-07 15:20:00,403.5980978935054
2020-09-07 15:30:00,402.8049814287167
2020-09-07 15:40:00,402.0894480214977
2020-09-07 15:50:00,401.4543417878415
2020-09-07 16:00:00,400.9025068437413
2020-09-07 16:10:00,400.3
2020-09-07 16:20:00,400.0
2020-09-07 16:30:00,399.8
2020-09-07 16:40:00,400.1
2020-09-07 16:50:00,400.3
2020-09-07 17:00:00,400.0
2020-09-07 17:10:00,399.7
2020-09-07 17:20:00,399.3
2020-09-07 17:30:00,399.4
2020-09-07 17:40:00,399.4
2020-09-07 17:50:00,400.5
2020-09-07 18:00:00,400.8
2020-09-07 18:10:00,400.8
2020-09-07 18:20:00,401.3
2020-09-07 18:30:00,401.4
2020-09-07 18:40:00,401.4
2020-09-07 18:50:00,401.7
2020-09-07 19:00:00,402.1
2020-09-07 19:10:00,404.8
2020-09-07 19:20:00,411.0
2020-09-07 19:30:00,411.1
2020-09-07 19:40:00,409.4
2020-09-07 19:50:00,408.6
2020-09-07 20:00:00,412.1
2020-09-07 20:10:00,414.9
2020-09-07 20:20:00,415.9
2020-09-07 20:30:00,417.0
2020-09-07 20:40:00,418.0
2020-09-07 20:50:00,418.2
2020-09-07 21:00:00,418.7
2020-09-07 21:10:00,418.8
2020-09-07 21:20:00,421.4
2020-09-07 21:30:00,423.2
2020-09-07 21:40:00,423.1
2020-09-07 21:50:00,424.5
2020-09-07 22:00:00,426.3
2020-09-07 22:10:00,431.0
2020-09-07 22:20:00,430.3
2020-09-07 22:30:00,429.1
2020-09-07 22:40:00,428.2
2020-09-07 22:50:00,427.7
2020-09-07 23:00:00,427.4
2020-09-07 23:10:00,428.1
2020-09-07 23:20:00,433.3
2020-09-07 23:30:00,437.2
2020-09-07 23:40:00,438.3
2020-09-07 23:50:00,436.8
2020-09-08 00:00:00,438.5
2020-09-08 00:10:00,440.6
2020-09-08 00:20:00,443.7
2020-09-08 00:30:00,448.6
2020-09-08 00:40:00,447.1
2020-09-08 00:50:00,450.2
2020-09-08 01:00:00,455.1
2020-09-08 01:10:00,456.8
2020-09-08 01:20:00,457.6
2020-09-08 01:30:00,457.8
2020-09-08 01:40:00,459.0
2020-09-08 01:50:00,458.3
2020-09-08 02:00:00,452.4
2020-09-08 02:10:00,460.0
2020-09-08 02:20:00,461.9
2020-09-08 02:30:00,461.9
2020-09-08 02:40:00,461.3
2020-09-08 02:50:00,461.3
2020-09-08 03:00:00,461.1
2020-09-08 03:10:00,460.1
2020-09-08 03:20:00,457.5
2020-09-08 03:30:00,463.8
2020-09-08 03:40:00,464.7
2020-09-08 03:50:00,465.4
2020-09-08 04:00:00,465.7
2020-09-08 04:10:00,466.3
2020-09-08 04:20:00,467.3
2020-09-08 04:30:00,468.1
2020-09-08 04:40:00,468.2
2020-09-08 04:50:00,468.3
2020-09-08 05:00:00,467.0
2020-09-08 05:10:00,466.6
2020-09-08 05:20:00,460.4
2020-09-08 05:30:00,459.0
2020-09-08 05:40:00,458.4
2020-09-08 05:50:00,464.5
2020-09-08 06:00:00,467.9
2020-09-08 06:10:00,472.2
2020-09-08 06:20:00,476.2
2020-09-08 06:30:00,478.5
2020-09-08 06:40:00,477.4
2020-09-08 06:50:00,473.2
2020-09-08 07:00:00,473.2
2020-09-08 07:10:00,473.1
2020-09-08 07:20:00,470.6
2020-09-08 07:30:00,468.4
2020-09-08 07:40:00,465.8
2020-09-08 07:50:00,465.9
2020-09-08 08:00:00,465.1
2020-09-08 08:10:00,462.9
2020-09-08 08:20:00,458.2
2020-09-08 08:30:00,453.3
2020-09-08 08:40:00,449.1
2020-09-08 08:50:00,443.8
2020-09-08 09:00:00,440.3
2020-09-08 09:10:00,434.6
2020-09-08 09:20:00,429.3
2020-09-08 09:30:00,425.6
2020-09-08 09:40:00,422.2
2020-09-08 09:50:00,417.4
2020-09-08 10:00:00,407.7
2020-09-08 10:10:00,400.4
2020-09-08 10:20:00,399.9
2020-09-08 10:30:00,399.2
2020-09-08 10:40:00,398.8
2020-09-08 10:50:00,398.8
2020-09-08 11:00:00,398.5
2020-09-08 11:10:00,398.6
2020-09-08 11:20:00,398.5
2020-09-08 11:30:00,398.5
2020-09-08 11:40:00,398.7
2020-09-08 11:50:00,398.9
2020-09-08 12:00:00,399.2
2020-09-08 12:10:00,399.0
2020-09-08 12:20:00,399.5
2020-09-08 12:30:00,399.7
2020-09-08 12:40:00,399.5
2020-09-08 12:50:00,399.7
2020-09-08 13:00:00,400.0
2020-09-08 13:10:00,400.0
2020-09-08 13:20:00,399.9
2020-09-08 13:30:00,399.9
2020-09-08 13:40:00,400.1
2020-09-08 13:50:00,400.3
2020-09-08 14:00:00,400.7
2020-09-08 14:10:00,401.2
2020-09-08 14:20:00,401.4
2020-09-08 14:30:00,401.4
2020-09-08 14:40:00,401.5
2020-09-08 14:50:00,401.5
2020-09-08 15:00:00,401.5
2020-09-08 15:10:00,401.8
2020-09-08 15:20:00,402.0
2020-09-08 15:30:00,401.9
2020-09-08 15:40:00,401.9
2020-09-08 15:50:00,401.9
2020-09-08 16:00:00,401.6
2020-09-08 16:10:00,401.5
2020-09-08 16:20:00,401.5
2020-09-08 16:30:00,401.5
2020-09-08 16:40:00,401.3
2020-09-08 16:50:00,400.9
2020-09-08 17:00:00,401.0
2020-09-08 17:10:00,400.8
2020-09-08 17:20:00,400.0
2020-09-08 17:30:00,400.0
2020-09-08 17:40:00,400.1
2020-09-08 17:50:00,400.1
2020-09-08 18:00:00,399.7
2020-09-08 18:10:00,400.0
2020-09-08 18:20:00,400.4
2020-09-08 18:30:00,400.6
2020-09-08 18:40:00,400.8
2020-09-08 18:50:00,401.3
2020-09-08 19:00:00,401.8
2020-09-08 19:10:00,402.4
2020-09-08 19:20:00,403.2
2020-09-08 19:30:00,402.8
2020-09-08 19:40:00,402.8
2020-09-08 19:50:00,403.4
2020-09-08 20:00:00,403.96514223337647
2020-09-08 20:10:00,404.4928431693444
2020-09-08 20:20:00,405.06293772132886
2020-09-08 20:30:00,405.6747911423438
2020-09-08 20:40:00,406.327768685403
2020-09-08 20:50:00,407.0212356035203
2020-09-08 21:00:00,407.7545571497097
2020-09-08 21:10:00,408.5270985769849
2020-09-08 21:20:00,409.33822513835975
2020-09-08 21:30:00,410.18730208684815
2020-09-08 21:40:00,411.0736946754639
2020-09-08 21:50:00,411.99676815722097
2020-09-08 22:00:00,412.9558877851331
2020-09-08 22:10:00,413.95041881221414
2020-09-08 22:20:00,414.979726491478
2020-09-08 22:30:00,416.0431760759385
2020-09-08 22:40:00,417.1401328186095
2020-09-08 22:50:00,418.26996197250486
2020-09-08 23:00:00,419.4320287906384
2020-09-08 23:10:00,420.625698526024
2020-09-08 23:20:00,421.8503364316755
2020-09-08 23:30:00,423.1053077606067
2020-09-08 23:40:00,424.38997776583153
2020-09-08 23:50:00,425.7037117003638
2020-09-09 00:00:00,427.04587481721734
2020-09-09 00:10:00,428.4158323694061
2020-09-09 00:20:00,429.8129496099438
2020-09-09 00:30:00,431.2365917918444
2020-09-09 00:40:00,432.68612416812164
2020-09-09 00:50:00,434.1609119917895
2020-09-09 01:00:00,435.6603205158617
2020-09-09 01:10:00,437.18371499335217
2020-09-09 01:20:00,438.7304606772748
2020-09-09 01:30:00,440.29992282064336
2020-09-09 01:40:00,441.89146667647174
2020-09-09 01:50:00,443.5044574977737
2020-09-09 02:00:00,445.1382605375632
2020-09-09 02:10:00,446.79224104885407
2020-09-09 02:20:00,448.46576428466017
2020-09-09 02:30:00,450.1581954979953
2020-09-09 02:40:00,451.86889994187334
2020-09-09 02:50:00,453.59724286930816
2020-09-09 03:00:00,455.3425895333136
2020-09-09 03:10:00,457.1043051869035
2020-09-09 03:20:00,458.8817550830917
2020-09-09 03:30:00,460.6743044748921
2020-09-09 03:40:00,462.48131861531846
2020-09-09 03:50:00,464.3021627573847
2020-09-09 04:00:00,466.13620215410464
2020-09-09 04:10:00,467.98280205849215
2020-09-09 04:20:00,468.0
2020-09-09 04:30:00,471.3
2020-09-09 04:40:00,478.6
2020-09-09 04:50:00,478.5
2020-09-09 05:00:00,478.2
2020-09-09 05:10:00,480.9
2020-09-09 05:20:00,483.3
2020-09-09 05:30:00,481.2
2020-09-09 05:40:00,479.6
2020-09-09 05:50:00,480.4
2020-09-09 06:00:00,481.1
2020-09-09 06:10:00,476.3
2020-09-09 06:20:00,470.4
2020-09-09 06:30:00,473.4
2020-09-09 06:40:00,476.6
2020-09-09 06:50:00,481.3
2020-09-09 07:00:00,486.5
2020-09-09 07:10:00,484.4
2020-09-09 07:20:00,482.7
2020-09-09 07:30:00,483.6
2020-09-09 07:40:00,481.1
2020-09-09 07:50:00,481.2
2020-09-09 08:00:00,480.3
2020-09-09 08:10:00,475.7
2020-09-09 08:20:00,471.8
2020-09-09 08:30:00,466.4
2020-09-09 08:40:00,461.0
2020-09-09 08:50:00,456.6
2020-09-09 09:00:00,450.9
2020-09-09 09:10:00,445.7
2020-09-09 09:20:00,440.0
2020-09-09 09:30:00,433.3
2020-09-09 09:40:00,430.7
2020-09-09 09:50:00,429.1
2020-09-09 10:00:00,424.1
2020-09-09 10:10:00,421.3
2020-09-09 10:20:00,417.2
2020-09-09 10:30:00,407.7
2020-09-09 10:40:00,403.5
2020-09-09 10:50:00,403.0
2020-09-09 11:00:00,402.4
2020-09-09 11:10:00,402.1
2020-09-09 11:20:00,401.5
2020-09-09 11:30:00,401.4
2020-09-09 11:40:00,401.1
2020-09-09 11:50:00,401.2
2020-09-09 12:00:00,401.0
2020-09-09 12:10:00,401.0
2020-09-09 12:20:00,400.9
2020-09-09 12:30:00,401.0
2020-09-09 12:40:00,401.2
2020-09-09 12:50:00,401.3
2020-09-09 13:00:00,401.3
2020-09-09 13:10:00,401.3
2020-09-09 13:20:00,401.0
2020-09-09 13:30:00,400.8
2020-09-09 13:40:00,401.3
2020-09-09 13:50:00,401.1
2020-09-09 14:00:00,400.5
2020-09-09 14:10:00,400.8
2020-09-09 14:20:00,400.8
2020-09-09 14:30:00,400.8
2020-09-09 14:40:00,400.9
2020-09-09 14:50:00,401.3
2020-09-09 15:00:00,401.3
2020-09-09 15:10:00,401.8
2020-09-09 15:20:00,401.9
2020-09-09 15:30:00,401.8
2020-09-09 15:40:00,401.6
2020-09-09 15:50:00,401.6
2020-09-09 16:00:00,401.7
2020-09-09 16:10:00,401.9
2020-09-09 16:20:00,401.9
2020-09-09 16:30:00,402.2
2020-09-09 16:40:00,402.2
2020-09-09 16:50:00,401.3
2020-09-09 17:00:00,400.7
2020-09-09 17:10:00,400.9
2020-09-09 17:20:00,400.9
2020-09-09 17:30:00,401.1
2020-09-09 17:40:00,402.1
2020-09-09 17:50:00,403.2
2020-09-09 18:00:00,404.1
2020-09-09 18:10:00,404.9
2020-09-09 18:20:00,405.8
2020-09-09 18:30:00,406.5
2020-09-09 18:40:00,407.3
2020-09-09 18:50:00,407.9
2020-09-09 19:00:00,408.6
2020-09-09 19:10:00,409.4
2020-09-09 19:20:00,410.0
2020-09-09 19:30:00,410.5
2020-09-09 19:40:00,411.0
2020-09-09 19:50:00,410.8
2020-09-09 20:00:00,410.3
2020-09-09 20:10:00,410.2
2020-09-09 20:20:00,410.5
2020-09-09 20:30:00,410.3
2020-09-09 20:40:00,410.56168782678543
2020-09-09 20:50:00,410.6528101781977
2020-09-09 21:00:00,410.7440123316903
2020-09-09 21:10:00,410.8353811244527
2020-09-09 21:20:00,410.92700339367406
2020-09-09 21:30:00,411.01896597654377
2020-09-09 21:40:00,411.11135571025113
2020-09-09 21:50:00,411.2042594319854
2020-09-09 22:00:00,411.29776397893596
2020-09-09 22:10:00,411.3919561882921
2020-09-09 22:20:00,411.4869228972431
2020-09-09 22:30:00,411.58275094297835
2020-09-09 22:40:00,411.67952716268707
2020-09-09 22:50:00,411.77733839355864
2020-09-09 23:00:00,411.8762714727823
2020-09-09 23:10:00,411.97641323754743
2020-09-09 23:20:00,412.07785052504335
2020-09-09 23:30:00,412.1806701724593
2020-09-09 23:40:00,412.28495901698466
2020-09-09 23:50:00,412.3908038958087
2020-09-10 00:00:00,412.4982916461207
2020-09-10 00:10:00,412.60750910511007
2020-09-10 00:20:00,412.71854310996605
2020-09-10 00:30:00,412.831480497878
2020-09-10 00:40:00,412.9464081060351
2020-09-10 00:50:00,413.0634127716268
2020-09-10 01:00:00,413.1825813318424
2020-09-10 01:10:00,413.3040006238712
2020-09-10 01:20:00,413.4277574849025
2020-09-10 01:30:00,413.5539387521256
2020-09-10 01:40:00,413.6826312627298
2020-09-10 01:50:00,413.81392185390445
2020-09-10 02:00:00,413.94789736283883
2020-09-10 02:10:00,414.08464462672225
2020-09-10 02:20:00,414.224250482744
2020-09-10 02:30:00,414.3668017680935
2020-09-10 02:40:00,414.51238531996
2020-09-10 02:50:00,414.6610879755328
2020-09-10 03:00:00,414.81299657200117
2020-09-10 03:10:00,414.9681979465545
2020-09-10 03:20:00,415.12677893638204
2020-09-10 03:30:00,415.2888263786731
2020-09-10 03:40:00,415.454427110617
2020-09-10 03:50:00,415.62366796940313
2020-09-10 04:00:00,415.79663579222074
2020-09-10 04:10:00,415.9734174162591
2020-09-10 04:20:00,416.1540996787076
2020-09-10 04:30:00,416.3387694167555
2020-09-10 04:40:00,416.52751346759214
2020-09-10 04:50:00,416.7204186684068
2020-09-10 05:00:00,417.1
2020-09-10 05:10:00,416.7
2020-09-10 05:20:00,416.9
2020-09-10 05:30:00,417.4
2020-09-10 05:40:00,418.8
2020-09-10 05:50:00,420.2
2020-09-10 06:00:00,417.7
2020-09-10 06:10:00,419.6
2020-09-10 06:20:00,419.0
2020-09-10 06:30:00,418.3
2020-09-10 06:40:00,417.4
2020-09-10 06:50:00,416.6
2020-09-10 07:00:00,416.4
2020-09-10 07:10:00,416.2
2020-09-10 07:20:00,416.9
2020-09-10 07:30:00,415.6
2020-09-10 07:40:00,415.0
2020-09-10 07:50:00,415.0
2020-09-10 08:00:00,414.4
2020-09-10 08:10:00,412.7
2020-09-10 08:20:00,411.3
2020-09-10 08:30:00,410.9
2020-09-10 08:40:00,410.0
2020-09-10 08:50:00,407.1
2020-09-10 09:00:00,406.1
2020-09-10 09:10:00,406.9
2020-09-10 09:20:00,407.6
2020-09-10 09:30:00,407.9
2020-09-10 09:40:00,407.6
2020-09-10 09:50:00,406.9
2020-09-10 10:00:00,406.5
2020-09-10 10:10:00,406.1
2020-09-10 10:20:00,406.0
2020-09-10 10:30:00,405.2
2020-09-10 10:40:00,404.8
2020-09-10 10:50:00,404.8
2020-09-10 11:00:00,404.6
2020-09-10 11:10:00,404.1
2020-09-10 11:20:00,403.9
2020-09-10 11:30:00,403.5
2020-09-10 11:40:00,403.3
2020-09-10 11:50:00,404.7
2020-09-10 12:00:00,404.7
2020-09-10 12:10:00,404.7
2020-09-10 12:20:00,404.5
2020-09-10 12:30:00,404.4
2020-09-10 12:40:00,403.8
2020-09-10 12:50:00,403.6
2020-09-10 13:00:00,403.7
2020-09-10 13:10:00,403.3
2020-09-10 13:20:00,403.5
2020-09-10 13:30:00,403.4
2020-09-10 13:40:00,403.6
2020-09-10 13:50:00,404.1
2020-09-10 14:00:00,403.3
2020-09-10 14:10:00,403.7
2020-09-10 14:20:00,403.7
2020-09-10 14:30:00,403.1
2020-09-10 14:40:00,403.1
2020-09-10 14:50:00,403.2
2020-09-10 15:00:00,403.0
2020-09-10 15:10:00,402.8
2020-09-10 15:20:00,403.0
2020-09-10 15:30:00,403.2
2020-09-10 15:40:00,402.7
2020-09-10 15:50:00,402.2
2020-09-10 16:00:00,402.3
2020-09-10 16:10:00,402.3
2020-09-10 16:20:00,402.5
2020-09-10 16:30:00,402.6
2020-09-10 16:40:00,402.6
2020-09-10 16:50:00,402.8
2020-09-10 17:00:00,403.1
2020-09-10 17:10:00,403.3
2020-09-10 17:20:00,403.3
2020-09-10 17:30:00,403.3
2020-09-10 17:40:00,403.5
2020-09-10 17:50:00,403.9
2020-09-10 18:00:00,403.8
2020-09-10 18:10:00,405.2
2020-09-10 18:20:00,406.1
2020-09-10 18:30:00,406.1
2020-09-10 18:40:00,407.1
2020-09-10 18:50:00,406.5
2020-09-10 19:00:00,407.0
2020-09-10 19:10:00,408.9
2020-09-10 19:20:00,408.4
2020-09-10 19:30:00,409.0
2020-09-10 19:40:00,409.3
2020-09-10 19:50:00,411.1
2020-09-10 20:00:00,414.4
2020-09-10 20:10:00,414.7
2020-09-10 20:20:00,412.7
2020-09-10 20:30:00,412.7
2020-09-10 20:40:00,413.6
2020-09-10 20:50:00,413.7
2020-09-10 21:00:00,412.8
2020-09-10 21:10:00,418.6
2020-09-10 21:20:00,427.0
2020-09-10 21:30:00,421.3
2020-09-10 21:40:00,421.4
2020-09-10 21:50:00,420.1
2020-09-10 22:00:00,423.7
2020-09-10 22:10:00,431.4
2020-09-10 22:20:00,439.6
2020-09-10 22:30:00,438.1
2020-09-10 22:40:00,435.8
2020-09-10 22:50:00,444.3
2020-09-10 23:00:00,438.3
2020-09-10 23:10:00,438.7
2020-09-10 23:20:00,436.3
2020-09-10 23:30:00,437.8
2020-09-10 23:40:00,435.2
2020-09-10 23:50:00,439.2
2020-09-11 00:00:00,438.5
2020-09-11 00:10:00,429.7
2020-09-11 00:20:00,429.7
2020-09-11 00:30:00,435.3
2020-09-11 00:40:00,439.0
2020-09-11 00:50:00,436.1
2020-09-11 01:00:00,446.6
2020-09-11 01:10:00,452.2
2020-09-11 01:20:00,451.7
2020-09-11 01:30:00,456.3
2020-09-11 01:40:00,460.2
2020-09-11 01:50:00,459.7
2020-09-11 02:00:00,458.4
2020-09-11 02:10:00,459.2
2020-09-11 02:20:00,460.8
2020-09-11 02:30:00,462.4
2020-09-11 02:40:00,460.3
2020-09-11 02:50:00,460.8
2020-09-11 03:00:00,450.6
2020-09-11 03:10:00,447.0
2020-09-11 03:20:00,452.5
2020-09-11 03:30:00,454.7
2020-09-11 03:40:00,455.8
2020-09-11 03:50:00,454.5
2020-09-11 04:00:00,449.3
2020-09-11 04:10:00,448.3
2020-09-11 04:20:00,451.2
2020-09-11 04:30:00,448.3
2020-09-11 04:40:00,448.5
2020-09-11 04:50:00,458.9
2020-09-11 05:00:00,452.9
2020-09-11 05:10:00,459.0
2020-09-11 05:20:00,460.6
2020-09-11 05:30:00,454.7
2020-09-11 05:40:00,460.8
2020-09-11 05:50:00,474.8
2020-09-11 06:00:00,476.8
2020-09-11 06:10:00,484.8
2020-09-11 06:20:00,484.7
2020-09-11 06:30:00,489.3
2020-09-11 06:40:00,492.2
2020-09-11 06:50:00,491.7
2020-09-11 07:00:00,481.5
2020-09-11 07:10:00,480.4
2020-09-11 07:20:00,484.4
2020-09-11 07:30:00,480.3
2020-09-11 07:40:00,476.3
2020-09-11 07:50:00,474.1
2020-09-11 08:00:00,471.2
2020-09-11 08:10:00,467.9
2020-09-11 08:20:00,464.7
2020-09-11 08:30:00,457.7
2020-09-11 08:40:00,457.3
2020-09-11 08:50:00,455.0
2020-09-11 09:00:00,452.6
2020-09-11 09:10:00,452.0
2020-09-11 09:20:00,453.4
2020-09-11 09:30:00,456.8
2020-09-11 09:40:00,453.8
2020-09-11 09:50:00,446.7
2020-09-11 10:00:00,441.7
2020-09-11 10:10:00,435.0
2020-09-11 10:20:00,426.8
2020-09-11 10:30:00,420.4
2020-09-11 10:40:00,415.3
2020-09-11 10:50:00,410.0
2020-09-11 11:00:00,411.8
2020-09-11 11:10:00,406.63981279573864
2020-09-11 11:20:00,403.6005383434315
2020-09-11 11:30:00,400.7897086639793
2020-09-11 11:40:00,398.2013243363417
2020-09-11 11:50:00,395.8293859394783
2020-09-11 12:00:00,393.66789405234863
2020-09-11 12:10:00,391.7108492539123
2020-09-11 12:20:00,389.95225212312874
2020-09-11 12:30:00,388.3861032389577
2020-09-11 12:40:00,387.0064031803586
2020-09-11 12:50:00,385.807152526291
2020-09-11 13:00:00,384.7823518557146
2020-09-11 13:10:00,383.9260017475888
2020-09-11 13:20:00,383.23210278087333
2020-09-11 13:30:00,382.69465553452767
2020-09-11 13:40:00,382.30766058751135
2020-09-11 13:50:00,382.065118518784
2020-09-11 14:00:00,381.9610299073052
2020-09-11 14:10:00,381.98939533203446
2020-09-11 14:20:00,382.14421537193135
2020-09-11 14:30:00,382.4194906059555
2020-09-11 14:40:00,382.80922161306637
2020-09-11 14:50:00,383.3074089722236
2020-09-11 15:00:00,383.9080532623867
2020-09-11 15:10:00,384.6051550625153
2020-09-11 15:20:00,385.3927149515689
2020-09-11 15:30:00,386.2647335085071
2020-09-11 15:40:00,387.21521131228945
2020-09-11 15:50:00,388.23814894187547
2020-09-11 16:00:00,389.3275469762249
2020-09-11 16:10:00,390.47740599429704
2020-09-11 16:20:00,391.6817265750516
2020-09-11 16:30:00,392.93450929744824
2020-09-11 16:40:00,394.22975474044654
2020-09-11 16:50:00,395.561463483006
2020-09-11 17:00:00,396.923636104086
2020-09-11 17:10:00,398.31027318264614
2020-09-11 17:20:00,399.7153752976461
2020-09-11 17:30:00,401.1329430280457
2020-09-11 17:40:00,402.556976952804
2020-09-11 17:50:00,403.98147765088095
2020-09-11 18:00:00,405.400445701236
2020-09-11 18:10:00,406.80788168282874
2020-09-11 18:20:00,408.1977861746185
2020-09-11 18:30:00,409.56415975556524
2020-09-11 18:40:00,410.90100300462825
2020-09-11 18:50:00,412.2023165007672
2020-09-11 19:00:00,413.46210082294135
2020-09-11 19:10:00,414.67435655011076
2020-09-11 19:20:00,415.8330842612348
2020-09-11 19:30:00,417.4
2020-09-11 19:40:00,414.7
2020-09-11 19:50:00,421.3
2020-09-11 20:00:00,422.7
2020-09-11 20:10:00,424.3
2020-09-11 20:20:00,422.2
2020-09-11 20:30:00,417.9
2020-09-11 20:40:00,416.7
2020-09-11 20:50:00,421.4
2020-09-11 21:00:00,416.6
2020-09-11 21:10:00,417.6
2020-09-11 21:20:00,427.4
2020-09-11 21:30:00,424.9
2020-09-11 21:40:00,411.4
2020-09-11 21:50:00,413.6
2020-09-11 22:00:00,426.2
2020-09-11 22:10:00,422.8
2020-09-11 22:20:00,425.1
2020-09-11 22:30:00,437.7
2020-09-11 22:40:00,443.4
2020-09-11 22:50:00,434.2
2020-09-11 23:00:00,432.0
2020-09-11 23:10:00,427.7
2020-09-11 23:20:00,425.9
2020-09-11 23:30:00,431.4
2020-09-11 23:40:00,437.3
2020-09-11 23:50:00,434.3
2020-09-12 00:00:00,434.9
2020-09-12 00:10:00,436.1
2020-09-12 00:20:00,435.8
2020-09-12 00:30:00,439.9
2020-09-12 00:40:00,440.9
2020-09-12 00:50:00,444.9
2020-09-12 01:00:00,449.6
2020-09-12 01:10:00,444.2
2020-09-12 01:20:00,456.5
2020-09-12 01:30:00,447.0
2020-09-12 01:40:00,439.1
2020-09-12 01:50:00,459.7
2020-09-12 02:00:00,463.4
2020-09-12 02:10:00,466.0
2020-09-12 02:20:00,470.9
2020-09-12 02:30:00,462.6
2020-09-12 02:40:00,459.8
2020-09-12 02:50:00,456.5
2020-09-12 03:00:00,450.9
2020-09-12 03:10:00,459.3
2020-09-12 03:20:00,457.1
2020-09-12 03:30:00,455.8
2020-09-12 03:40:00,453.0
2020-09-12 03:50:00,455.3
2020-09-12 04:00:00,464.7
2020-09-12 04:10:00,464.5
2020-09-12 04:20:00,466.0
2020-09-12 04:30:00,462.3
2020-09-12 04:40:00,456.7
2020-09-12 04:50:00,464.8
2020-09-12 05:00:00,473.0
2020-09-12 05:10:00,465.0
2020-09-12 05:20:00,464.5
2020-09-12 05:30:00,474.0
2020-09-12 05:40:00,470.5
2020-09-12 05:50:00,477.5
2020-09-12 06:00:00,467.5
2020-09-12 06:10:00,472.2
2020-09-12 06:20:00,476.8
2020-09-12 06:30:00,474.0
2020-09-12 06:40:00,469.9
2020-09-12 06:50:00,477.1
2020-09-12 07:00:00,479.2
2020-09-12 07:10:00,480.5
2020-09-12 07:20:00,484.1
2020-09-12 07:30:00,487.7
2020-09-12 07:40:00,483.0
2020-09-12 07:50:00,484.4
2020-09-12 08:00:00,479.8
2020-09-12 08:10:00,478.9
2020-09-12 08:20:00,477.7
2020-09-12 08:30:00,476.2
2020-09-12 08:40:00,472.3
2020-09-12 08:50:00,469.5
2020-09-12 09:00:00,466.3
2020-09-12 09:10:00,462.8
2020-09-12 09:20:00,458.8
2020-09-12 09:30:00,455.7
2020-09-12 09:40:00,451.4
2020-09-12 09:50:00,447.5
2020-09-12 10:00:00,443.2
2020-09-12 10:10:00,440.0
2020-09-12 10:20:00,436.3
2020-09-12 10:30:00,432.7
2020-09-12 10:40:00,430.0
2020-09-12 10:50:00,427.8
2020-09-12 11:00:00,425.2
2020-09-12 11:10:00,422.7
2020-09-12 11:20:00,419.4
2020-09-12 11:30:00,415.9
2020-09-12 11:40:00,411.1
2020-09-12 11:50:00,408.6
2020-09-12 12:00:00,406.7
2020-09-12 12:10:00,405.4
2020-09-12 12:20:00,402.9
2020-09-12 12:30:00,401.9
2020-09-12 12:40:00,401.7
2020-09-12 12:50:00,402.4
2020-09-12 13:00:00,402.5
2020-09-12 13:10:00,401.6
2020-09-12 13:20:00,402.1
2020-09-12 13:30:00,402.2
2020-09-12 13:40:00,402.8
2020-09-12 13:50:00,402.5
2020-09-12 14:00:00,402.3
2020-09-12 14:10:00,403.0
2020-09-12 14:20:00,402.7
2020-09-12 14:30:00,403.3
2020-09-12 14:40:00,403.8
2020-09-12 14:50:00,403.0
2020-09-12 15:00:00,403.4
2020-09-12 15:10:00,403.5
2020-09-12 15:20:00,403.1
2020-09-12 15:30:00,402.7
2020-09-12 15:40:00,403.0
2020-09-12 15:50:00,402.5
2020-09-12 16:00:00,402.2
2020-09-12 16:10:00,402.2
2020-09-12 16:20:00,402.4
2020-09-12 16:30:00,402.4
2020-09-12 16:40:00,402.2
2020-09-12 16:50:00,402.1
2020-09-12 17:00:00,402.5
2020-09-12 17:10:00,402.6
2020-09-12 17:20:00,402.5
2020-09-12 17:30:00,403.0
2020-09-12 17:40:00,402.6
2020-09-12 17:50:00,402.8
2020-09-12 18:00:00,402.6
2020-09-12 18:10:00,402.5
2020-09-12 18:20:00,402.8
2020-09-12 18:30:00,403.2
2020-09-12 18:40:00,403.7
2020-09-12 18:50:00,404.4
2020-09-12 19:00:00,405.0
2020-09-12 19:10:00,405.7
2020-09-12 19:20:00,407.6
2020-09-12 19:30:00,409.1
2020-09-12 19:40:00,409.9
2020-09-12 19:50:00,410.6
2020-09-12 20:00:00,411.3
2020-09-12 20:10:00,412.6
2020-09-12 20:20:00,413.2
2020-09-12 20:30:00,419.2
2020-09-12 20:40:00,428.1
2020-09-12 20:50:00,428.0
2020-09-12 21:00:00,429.6
2020-09-12 21:10:00,430.0
2020-09-12 21:20:00,430.6
2020-09-12 21:30:00,431.9
2020-09-12 21:40:00,430.7
2020-09-12 21:50:00,440.2
2020-09-12 22:00:00,437.2
2020-09-12 22:10:00,429.0
2020-09-12 22:20:00,418.1
2020-09-12 22:30:00,411.7
2020-09-12 22:40:00,409.3
2020-09-12 22:50:00,408.7
2020-09-12 23:00:00,408.2
2020-09-12 23:10:00,407.9
2020-09-12 23:20:00,408.0
2020-09-12 23:30:00,408.3
2020-09-12 23:40:00,408.9
2020-09-12 23:50:00,411.1
2020-09-13 00:00:00,419.9
2020-09-13 00:10:00,437.5
2020-09-13 00:20:00,434.8
2020-09-13 00:30:00,433.7
2020-09-13 00:40:00,424.1
2020-09-13 00:50:00,437.4
2020-09-13 01:00:00,434.8
2020-09-13 01:10:00,437.0
2020-09-13 01:20:00,429.4
2020-09-13 01:30:00,425.5
2020-09-13 01:40:00,427.9
2020-09-13 01:50:00,429.9
2020-09-13 02:00:00,430.2
2020-09-13 02:10:00,427.1
2020-09-13 02:20:00,426.6
2020-09-13 02:30:00,439.9
2020-09-13 02:40:00,441.1
2020-09-13 02:50:00,449.5
2020-09-13 03:00:00,446.9
2020-09-13 03:10:00,442.8
2020-09-13 03:20:00,436.5
2020-09-13 03:30:00,436.4
2020-09-13 03:40:00,446.3
2020-09-13 03:50:00,453.1
2020-09-13 04:00:00,450.3
2020-09-13 04:10:00,444.9
2020-09-13 04:20:00,447.7
2020-09-13 04:30:00,447.0
2020-09-13 04:40:00,451.7
2020-09-13 04:50:00,449.3
2020-09-13 05:00:00,452.8
2020-09-13 05:10:00,451.7
2020-09-13 05:20:00,453.1
2020-09-13 05:30:00,457.0
2020-09-13 05:40:00,460.4
2020-09-13 05:50:00,462.3
2020-09-13 06:00:00,458.8
2020-09-13 06:10:00,453.0
2020-09-13 06:20:00,455.3
2020-09-13 06:30:00,469.2
2020-09-13 06:40:00,473.8
2020-09-13 06:50:00,474.2
2020-09-13 07:00:00,477.3
2020-09-13 07:10:00,480.6
2020-09-13 07:20:00,478.0
2020-09-13 07:30:00,480.9
2020-09-13 07:40:00,481.2
2020-09-13 07:50:00,478.2
2020-09-13 08:00:00,475.9
2020-09-13 08:10:00,474.3
2020-09-13 08:20:00,468.4
2020-09-13 08:30:00,460.3
2020-09-13 08:40:00,453.4
2020-09-13 08:50:00,451.8
2020-09-13 09:00:00,449.0
2020-09-13 09:10:00,450.4
2020-09-13 09:20:00,447.7
2020-09-13 09:30:00,445.9
2020-09-13 09:40:00,444.6
2020-09-13 09:50:00,439.1
2020-09-13 10:00:00,426.5
2020-09-13 10:10:00,425.2
2020-09-13 10:20:00,425.6
2020-09-13 10:30:00,425.2
2020-09-13 10:40:00,425.0
2020-09-13 10:50:00,422.9
2020-09-13 11:00:00,421.0
2020-09-13 11:10:00,419.8
2020-09-13 11:20:00,417.7
2020-09-13 11:30:00,415.8
2020-09-13 11:40:00,414.7
2020-09-13 11:50:00,414.3
2020-09-13 12:00:00,412.8
2020-09-13 12:10:00,411.6
2020-09-13 12:20:00,410.5
2020-09-13 12:30:00,410.3
2020-09-13 12:40:00,410.5
2020-09-13 12:50:00,408.0
2020-09-13 13:00:00,407.6
2020-09-13 13:10:00,406.5
2020-09-13 13:20:00,405.9
2020-09-13 13:30:00,404.8
2020-09-13 13:40:00,404.4
2020-09-13 13:50:00,404.3
2020-09-13 14:00:00,404.0
2020-09-13 14:10:00,404.6
2020-09-13 14:20:00,403.5
2020-09-13 14:30:00,403.4
2020-09-13 14:40:00,402.2
2020-09-13 14:50:00,401.4
2020-09-13 15:00:00,401.4
2020-09-13 15:10:00,400.9
2020-09-13 15:20:00,400.8
2020-09-13 15:30:00,400.2
2020-09-13 15:40:00,399.4
2020-09-13 15:50:00,399.3
2020-09-13 16:00:00,399.8
2020-09-13 16:10:00,400.2
2020-09-13 16:20:00,400.6
2020-09-13 16:30:00,400.3
2020-09-13 16:40:00,401.3
2020-09-13 16:50:00,401.0
2020-09-13 17:00:00,400.4
2020-09-13 17:10:00,400.5
2020-09-13 17:20:00,401.2
2020-09-13 17:30:00,401.0
2020-09-13 17:40:00,401.2
2020-09-13 17:50:00,401.3
2020-09-13 18:00:00,401.4
2020-09-13 18:10:00,402.1
2020-09-13 18:20:00,402.4
2020-09-13 18:30:00,402.5
2020-09-13 18:40:00,404.0
2020-09-13 18:50:00,408.5
2020-09-13 19:00:00,408.6
2020-09-13 19:10:00,409.3
2020-09-13 19:20:00,410.4
2020-09-13 19:30:00,412.1
2020-09-13 19:40:00,413.9
2020-09-13 19:50:00,415.4
2020-09-13 20:00:00,416.4
2020-09-13 20:10:00,415.3
2020-09-13 20:20:00,424.1
2020-09-13 20:30:00,424.7
2020-09-13 20:40:00,426.6
2020-09-13 20:50:00,423.8
2020-09-13 21:00:00,424.0
2020-09-13 21:10:00,430.7
2020-09-13 21:20:00,426.2
2020-09-13 21:30:00,421.9
2020-09-13 21:40:00,426.2
2020-09-13 21:50:00,428.3
2020-09-13 22:00:00,427.7
2020-09-13 22:10:00,427.3
2020-09-13 22:20:00,430.7
2020-09-13 22:30:00,432.4
2020-09-13 22:40:00,438.3
2020-09-13 22:50:00,443.4
2020-09-13 23:00:00,453.2
2020-09-13 23:10:00,449.7
2020-09-13 23:20:00,451.0
2020-09-13 23:30:00,452.7
2020-09-13 23:40:00,450.8
2020-09-13 23:50:00,450.0
2020-09-14 00:00:00,447.4
2020-09-14 00:10:00,449.2
2020-09-14 00:20:00,449.2
2020-09-14 00:30:00,459.0
2020-09-14 00:40:00,459.0
2020-09-14 00:50:00,456.9
2020-09-14 01:00:00,456.6
2020-09-14 01:10:00,453.7
2020-09-14 01:20:00,463.1
2020-09-14 01:30:00,467.2
2020-09-14 01:40:00,469.1
2020-09-14 01:50:00,469.3
2020-09-14 02:00:00,467.7
2020-09-14 02:10:00,468.0
2020-09-14 02:20:00,468.3
2020-09-14 02:30:00,465.0
2020-09-14 02:40:00,463.3
2020-09-14 02:50:00,474.7
2020-09-14 03:00:00,472.4
2020-09-14 03:10:00,465.8
2020-09-14 03:20:00,467.7
2020-09-14 03:30:00,463.5
2020-09-14 03:40:00,455.9
2020-09-14 03:50:00,454.2
2020-09-14 04:00:00,457.3
2020-09-14 04:10:00,461.1
2020-09-14 04:20:00,466.6
2020-09-14 04:30:00,462.8
2020-09-14 04:40:00,460.2
2020-09-14 04:50:00,461.6
2020-09-14 05:00:00,460.8
2020-09-14 05:10:00,458.1
2020-09-14 05:20:00,471.2
2020-09-14 05:30:00,482.0
2020-09-14 05:40:00,486.3
2020-09-14 05:50:00,484.6
2020-09-14 06:00:00,483.0
2020-09-14 06:10:00,498.2
2020-09-14 06:20:00,498.1
2020-09-14 06:30:00,501.5
2020-09-14 06:40:00,501.2
2020-09-14 06:50:00,500.2
2020-09-14 07:00:00,503.6
2020-09-14 07:10:00,505.3
2020-09-14 07:20:00,505.4
2020-09-14 07:30:00,505.6
2020-09-14 07:40:00,505.4
2020-09-14 07:50:00,502.7
2020-09-14 08:00:00,503.0
2020-09-14 08:10:00,495.8
2020-09-14 08:20:00,494.0
2020-09-14 08:30:00,490.3
2020-09-14 08:40:00,490.1
2020-09-14 08:50:00,487.4
2020-09-14 09:00:00,482.3
2020-09-14 09:10:00,479.0
2020-09-14 09:20:00,475.2
2020-09-14 09:30:00,474.3
2020-09-14 09:40:00,465.8
2020-09-14 09:50:00,461.0
2020-09-14 10:00:00,458.1
2020-09-14 10:10:00,453.1
2020-09-14 10:20:00,450.5
2020-09-14 10:30:00,449.1
2020-09-14 10:40:00,444.9614765066304
2020-09-14 10:50:00,441.8417286953856
2020-09-14 11:00:00,438.8079716144381
2020-09-14 11:10:00,435.8610293867797
2020-09-14 11:20:00,433.00172613540235
2020-09-14 11:30:00,430.230885983298
2020-09-14 11:40:00,427.54933305345844
2020-09-14 11:50:00,424.95789146887563
2020-09-14 12:00:00,422.4573853525414
2020-09-14 12:10:00,420.0486388274477
2020-09-14 12:20:00,417.73247601658636
2020-09-14 12:30:00,415.5097210429493
2020-09-14 12:40:00,413.38119802952843
2020-09-14 12:50:00,411.34773109931564
2020-09-14 13:00:00,409.4101443753028
2020-09-14 13:10:00,407.5692619804818
2020-09-14 13:20:00,405.8259080378446
2020-09-14 13:30:00,404.180906670383
2020-09-14 13:40:00,402.63508200108896
2020-09-14 13:50:00,401.1892581529543
2020-09-14 14:00:00,399.844259248971
2020-09-14 14:10:00,398.6009094121309
2020-09-14 14:20:00,397.46003276542586
2020-09-14 14:30:00,396.4224534318478
2020-09-14 14:40:00,395.48899553438866
2020-09-14 14:50:00,394.6604831960403
2020-09-14 15:00:00,393.9377405397945
2020-09-14 15:10:00,393.3215916886433
2020-09-14 15:20:00,392.81286076557853
2020-09-14 15:30:00,392.4123718935922
2020-09-14 15:40:00,392.12094919567596
2020-09-14 15:50:00,391.93941679482185
2020-09-14 16:00:00,391.8685988140219
2020-09-14 16:10:00,391.9093193762678
2020-09-14 16:20:00,392.06240260455155
2020-09-14 16:30:00,392.3286726218649
2020-09-14 16:40:00,392.7089535511997
2020-09-14 16:50:00,393.2040695155481
2020-09-14 17:00:00,393.81484463790184
2020-09-14 17:10:00,394.5421030412528
2020-09-14 17:20:00,395.38666884859305
2020-09-14 17:30:00,396.34936618291425
2020-09-14 17:40:00,397.4310191672085
2020-09-14 17:50:00,398.63245192446743
2020-09-14 18:00:00,399.95448857768315
2020-09-14 18:10:00,401.3979532498475
2020-09-14 18:20:00,402.9636700639523
2020-09-14 18:30:00,404.6524631429894
2020-09-14 18:40:00,406.4651566099509
2020-09-14 18:50:00,408.40257458782855
2020-09-14 19:00:00,407.8
2020-09-14 19:10:00,412.3
2020-09-14 19:20:00,421.9
2020-09-14 19:30:00,420.5
2020-09-14 19:40:00,423.3
2020-09-14 19:50:00,425.1
2020-09-14 20:00:00,427.7
2020-09-14 20:10:00,429.6
2020-09-14 20:20:00,420.3
2020-09-14 20:30:00,419.4
2020-09-14 20:40:00,419.0
2020-09-14 20:50:00,425.2
2020-09-14 21:00:00,426.7
2020-09-14 21:10:00,424.3
2020-09-14 21:20:00,428.8
2020-09-14 21:30:00,431.5
2020-09-14 21:40:00,433.5
2020-09-14 21:50:00,435.2
2020-09-14 22:00:00,437.0
2020-09-14 22:10:00,436.5
2020-09-14 22:20:00,435.7
2020-09-14 22:30:00,437.5
2020-09-14 22:40:00,441.1
2020-09-14 22:50:00,439.4
2020-09-14 23:00:00,440.3
2020-09-14 23:10:00,438.1
2020-09-14 23:20:00,446.5
2020-09-14 23:30:00,450.9
2020-09-14 23:40:00,458.2
2020-09-14 23:50:00,470.5
2020-09-15 00:00:00,466.3
2020-09-15 00:10:00,463.0
2020-09-15 00:20:00,462.1
2020-09-15 00:30:00,452.4
2020-09-15 00:40:00,453.5
2020-09-15 00:50:00,456.8
2020-09-15 01:00:00,472.4
2020-09-15 01:10:00,470.7
2020-09-15 01:20:00,461.0
2020-09-15 01:30:00,461.2
2020-09-15 01:40:00,476.0
2020-09-15 01:50:00,478.5
2020-09-15 02:00:00,483.0
2020-09-15 02:10:00,483.0
2020-09-15 02:20:00,489.8
2020-09-15 02:30:00,497.6
2020-09-15 02:40:00,498.0
2020-09-15 02:50:00,500.7
2020-09-15 03:00:00,492.2
2020-09-15 03:10:00,500.3
2020-09-15 03:20:00,496.6
2020-09-15 03:30:00,478.5
2020-09-15 03:40:00,486.7
2020-09-15 03:50:00,478.4
2020-09-15 04:00:00,474.5
2020-09-15 04:10:00,490.4
2020-09-15 04:20:00,485.3
2020-09-15 04:30:00,483.0
2020-09-15 04:40:00,479.7
2020-09-15 04:50:00,471.8
2020-09-15 05:00:00,485.0
2020-09-15 05:10:00,504.3
2020-09-15 05:20:00,512.2
2020-09-15 05:30:00,512.6
2020-09-15 05:40:00,506.5
2020-09-15 05:50:00,505.1
2020-09-15 06:00:00,508.59039582026736
2020-09-15 06:10:00,509.2301844277112
2020-09-15 06:20:00,509.60407229682136
2020-09-15 06:30:00,509.72175508289826
2020-09-15 06:40:00,509.5929284412423
2020-09-15 06:50:00,509.2272880271539
2020-09-15 07:00:00,508.63452949593346
2020-09-15 07:10:00,507.8243485028813
2020-09-15 07:20:00,506.8064407032979
2020-09-15 07:30:00,505.59050175248353
2020-09-15 07:40:00,504.18622730573867
2020-09-15 07:50:00,502.6033130183637
2020-09-15 08:00:00,500.85145454565895
2020-09-15 08:10:00,498.9403475429249
2020-09-15 08:20:00,496.8796876654618
2020-09-15 08:30:00,494.67917056857016
2020-09-15 08:40:00,492.34849190755034
2020-09-15 08:50:00,489.8973473377027
2020-09-15 09:00:00,487.33543251432764
2020-09-15 09:10:00,484.67244309272553
2020-09-15 09:20:00,481.91807472819676
2020-09-15 09:30:00,479.08202307604176
2020-09-15 09:40:00,476.17398379156094
2020-09-15 09:50:00,473.2036525300546
2020-09-15 10:00:00,470.18072494682326
2020-09-15 10:10:00,467.1148966971672
2020-09-15 10:20:00,464.01586343638684
2020-09-15 10:30:00,460.89332081978256
2020-09-15 10:40:00,457.7569645026548
2020-09-15 10:50:00,454.61649014030377
2020-09-15 11:00:00,451.48159338803015
2020-09-15 11:10:00,448.3619699011342
2020-09-15 11:20:00,445.26731533491625
2020-09-15 11:30:00,442.2073253446765
2020-09-15 11:40:00,439.19169558571565
2020-09-15 11:50:00,436.2301217133341
2020-09-15 12:00:00,433.33229938283216
2020-09-15 12:10:00,430.5079242495102
2020-09-15 12:20:00,427.7666919686684
2020-09-15 12:30:00,425.1182981956075
2020-09-15 12:40:00,422.57243858562765
2020-09-15 12:50:00,420.1388087940293
2020-09-15 13:00:00,417.8271044761127
2020-09-15 13:10:00,415.64702128717875
2020-09-15 13:20:00,413.6082548825272
2020-09-15 13:30:00,411.7205009174588
2020-09-15 13:40:00,409.99345504727387
2020-09-15 13:50:00,408.4368129272731
2020-09-15 14:00:00,407.06027021275634
2020-09-15 14:10:00,405.8735225590241
2020-09-15 14:20:00,404.2
2020-09-15 14:30:00,404.1
2020-09-15 14:40:00,404.4
2020-09-15 14:50:00,404.6
2020-09-15 15:00:00,404.7
2020-09-15 15:10:00,404.7
2020-09-15 15:20:00,404.8
2020-09-15 15:30:00,404.6
2020-09-15 15:40:00,404.5
2020-09-15 15:50:00,404.3
2020-09-15 16:00:00,404.2
2020-09-15 16:10:00,404.1
2020-09-15 16:20:00,404.3
2020-09-15 16:30:00,404.3
2020-09-15 16:40:00,404.6
2020-09-15 16:50:00,404.7
2020-09-15 17:00:00,405.0
2020-09-15 17:10:00,404.9
2020-09-15 17:20:00,405.1
2020-09-15 17:30:00,405.4
2020-09-15 17:40:00,405.5
2020-09-15 17:50:00,406.2
2020-09-15 18:00:00,407.2
2020-09-15 18:10:00,407.8
2020-09-15 18:20:00,409.6
2020-09-15 18:30:00,410.3
2020-09-15 18:40:00,413.2
2020-09-15 18:50:00,411.8
2020-09-15 19:00:00,418.0
2020-09-15 19:10:00,415.9
2020-09-15 19:20:00,418.6
2020-09-15 19:30:00,418.4
2020-09-15 19:40:00,423.8
2020-09-15 19:50:00,424.0
2020-09-15 20:00:00,421.6
2020-09-15 20:10:00,423.0
2020-09-15 20:20:00,431.8
2020-09-15 20:30:00,427.0
2020-09-15 20:40:00,426.6
2020-09-15 20:50:00,431.8
2020-09-15 21:00:00,432.9
2020-09-15 21:10:00,432.0
2020-09-15 21:20:00,433.0
2020-09-15 21:30:00,437.3
2020-09-15 21:40:00,445.3
2020-09-15 21:50:00,447.2
2020-09-15 22:00:00,447.6
2020-09-15 22:10:00,449.3
2020-09-15 22:20:00,451.3
2020-09-15 22:30:00,453.9
2020-09-15 22:40:00,456.3
2020-09-15 22:50:00,456.1
2020-09-15 23:00:00,448.6
2020-09-15 23:10:00,461.8
2020-09-15 23:20:00,466.9
2020-09-15 23:30:00,465.4
2020-09-15 23:40:00,462.8
2020-09-15 23:50:00,462.9
2020-09-16 00:00:00,462.7
2020-09-16 00:10:00,466.6
2020-09-16 00:20:00,465.5
2020-09-16 00:30:00,455.5
2020-09-16 00:40:00,467.6
2020-09-16 00:50:00,468.8
2020-09-16 01:00:00,462.8
2020-09-16 01:10:00,465.1
2020-09-16 01:20:00,473.2
2020-09-16 01:30:00,475.8
2020-09-16 01:40:00,475.6
2020-09-16 01:50:00,472.2
2020-09-16 02:00:00,458.3
2020-09-16 02:10:00,469.3
2020-09-16 02:20:00,467.21058252606605
2020-09-16 02:30:00,467.1409716360926
2020-09-16 02:40:00,467.1250809672451
2020-09-16 02:50:00,467.15829695615486
2020-09-16 03:00:00,467.23600603945334
2020-09-16 03:10:00,467.35359465377195
2020-09-16 03:20:00,467.5064492357421
2020-09-16 03:30:00,467.68995622199515
2020-09-16 03:40:00,467.89950204916255
2020-09-16 03:50:00,468.1304731538757
2020-09-16 04:00:00,468.378255972766
2020-09-16 04:10:00,468.63823694246486
2020-09-16 04:20:00,468.9058024996037
2020-09-16 04:30:00,469.1763390808139
2020-09-16 04:40:00,469.44523312272685
2020-09-16 04:50:00,469.707871061974
2020-09-16 05:00:00,469.95963933518675
2020-09-16 05:10:00,470.1959243789965
2020-09-16 05:20:00,470.41211263003464
2020-09-16 05:30:00,470.6035905249326
2020-09-16 05:40:00,470.7657445003218
2020-09-16 05:50:00,470.89396099283357
2020-09-16 06:00:00,470.9836264390994
2020-09-16 06:10:00,471.03012727575066
2020-09-16 06:20:00,471.02884993941876
2020-09-16 06:30:00,470.9751808667351
2020-09-16 06:40:00,470.8645064943311
2020-09-16 06:50:00,470.6922132588382
2020-09-16 07:00:00,470.45368759688773
2020-09-16 07:10:00,470.14431594511115
2020-09-16 07:20:00,469.75948474013984
2020-09-16 07:30:00,469.2945804186052
2020-09-16 07:40:00,468.74498941713864
2020-09-16 07:50:00,468.1060981723717
2020-09-16 08:00:00,467.37329312093556
2020-09-16 08:10:00,466.54196069946175
2020-09-16 08:20:00,465.6074873445817
2020-09-16 08:30:00,464.56525949292677
2020-09-16 08:40:00,463.4106635811284
2020-09-16 08:50:00,462.139086045818
2020-09-16 09:00:00,460.74591332362684
2020-09-16 09:10:00,459.2265318511865
2020-09-16 09:20:00,457.57632806512834
2020-09-16 09:30:00,455.7906884020837
2020-09-16 09:40:00,453.8649992986841
2020-09-16 09:50:00,451.79464719156084
2020-09-16 10:00:00,449.57501851734537
2020-09-16 10:10:00,447.20149971266903
2020-09-16 10:20:00,444.66947721416335
2020-09-16 10:30:00,441.97433745845973
2020-09-16 10:40:00,442.1
2020-09-16 10:50:00,434.9
2020-09-16 11:00:00,428.5
2020-09-16 11:10:00,425.1
2020-09-16 11:20:00,421.9
2020-09-16 11:30:00,419.5
2020-09-16 11:40:00,418.1
2020-09-16 11:50:00,416.7
2020-09-16 12:00:00,416.0
2020-09-16 12:10:00,413.9
2020-09-16 12:20:00,411.2
2020-09-16 12:30:00,410.3
2020-09-16 12:40:00,410.5
2020-09-16 12:50:00,411.1
2020-09-16 13:00:00,410.0
2020-09-16 13:10:00,409.7
2020-09-16 13:20:00,410.6
2020-09-16 13:30:00,410.4
2020-09-16 13:40:00,409.6
2020-09-16 13:50:00,409.1
2020-09-16 14:00:00,408.4
2020-09-16 14:10:00,407.8
2020-09-16 14:20:00,408.5
2020-09-16 14:30:00,408.4
2020-09-16 14:40:00,409.0
2020-09-16 14:50:00,409.0
2020-09-16 15:00:00,409.0
2020-09-16 15:10:00,410.5
2020-09-16 15:20:00,410.3
2020-09-16 15:30:00,409.7
2020-09-16 15:40:00,408.9
2020-09-16 15:50:00,408.9
2020-09-16 16:00:00,409.2
2020-09-16 16:10:00,409.2
2020-09-16 16:20:00,409.2
2020-09-16 16:30:00,409.6
2020-09-16 16:40:00,409.9
2020-09-16 16:50:00,409.8357068760227
2020-09-16 17:00:00,409.93565662122063
2020-09-16 17:10:00,410.0346124863357
2020-09-16 17:20:00,410.13223641947855
2020-09-16 17:30:00,410.22819036876
2020-09-16 17:40:00,410.32213628229084
2020-09-16 17:50:00,410.4137361081818
2020-09-16 18:00:00,410.5026517945437
2020-09-16 18:10:00,410.5885452894872
2020-09-16 18:20:00,410.67107854112305
2020-09-16 18:30:00,410.74991349756203
2020-09-16 18:40:00,410.82471210691494
2020-09-16 18:50:00,410.89513631729244
2020-09-16 19:00:00,410.96084807680535
2020-09-16 19:10:00,411.02150933356444
2020-09-16 19:20:00,411.0767820356804
2020-09-16 19:30:00,411.126328131264
2020-09-16 19:40:00,411.16980956842605
2020-09-16 19:50:00,411.2068882952772
2020-09-16 20:00:00,411.2372262599283
2020-09-16 20:10:00,411.2604854104901
2020-09-16 20:20:00,411.2763276950733
2020-09-16 20:30:00,411.28441506178865
2020-09-16 20:40:00,411.28440945874695
2020-09-16 20:50:00,411.2759728340589
2020-09-16 21:00:00,411.2587671358353
2020-09-16 21:10:00,411.23245431218686
2020-09-16 21:20:00,411.1966963112244
2020-09-16 21:30:00,411.1511550810586
2020-09-16 21:40:00,411.0954925698003
2020-09-16 21:50:00,411.02937072556017
2020-09-16 22:00:00,410.952451496449
2020-09-16 22:10:00,410.8643968305775
2020-09-16 22:20:00,410.7648686760565
2020-09-16 22:30:00,410.6535289809967
2020-09-16 22:40:00,410.5300396935089
2020-09-16 22:50:00,410.3940627617038
2020-09-16 23:00:00,410.2452601336922
2020-09-16 23:10:00,410.08329375758484
2020-09-16 23:20:00,409.90782558149243
2020-09-16 23:30:00,409.71851755352577
2020-09-16 23:40:00,409.5150316217956
2020-09-16 23:50:00,409.29702973441266
2020-09-17 00:00:00,409.06417383948775
2020-09-17 00:10:00,408.81612588513156
2020-09-17 00:20:00,408.5525478194549
2020-09-17 00:30:00,408.2731015905685
2020-09-17 00:40:00,407.97744914658307
2020-09-17 00:50:00,407.66525243560943
2020-09-17 01:00:00,407.3361734057583
2020-09-17 01:10:00,407.4
2020-09-17 01:20:00,406.8
2020-09-17 01:30:00,405.2
2020-09-17 01:40:00,405.2
2020-09-17 01:50:00,404.8
2020-09-17 02:00:00,404.2
2020-09-17 02:10:00,403.9
2020-09-17 02:20:00,404.0
2020-09-17 02:30:00,404.5
2020-09-17 02:40:00,404.5
2020-09-17 02:50:00,405.3
2020-09-17 03:00:00,405.9
2020-09-17 03:10:00,406.1
2020-09-17 03:20:00,406.2
2020-09-17 03:30:00,406.9
2020-09-17 03:40:00,408.3
2020-09-17 03:50:00,409.1
2020-09-17 04:00:00,409.12430187368665
2020-09-17 04:10:00,409.52689217467406
2020-09-17 04:20:00,409.89855900480984
2020-09-17 04:30:00,410.2400557594701
2020-09-17 04:40:00,410.55213583403105
2020-09-17 04:50:00,410.8355526238687
2020-09-17 05:00:00,411.0910595243593
2020-09-17 05:10:00,411.319409930879
2020-09-17 05:20:00,411.52135723880383
2020-09-17 05:30:00,411.69765484351007
2020-09-17 05:40:00,411.8490561403738
2020-09-17 05:50:00,411.9763145247712
2020-09-17 06:00:00,412.0801833920784
2020-09-17 06:10:00,412.16141613767155
2020-09-17 06:20:00,412.22076615692674
2020-09-17 06:30:00,412.2589868452202
2020-09-17 06:40:00,412.27683159792804
2020-09-17 06:50:00,412.27505381042636
2020-09-17 07:00:00,412.25440687809134
2020-09-17 07:10:00,412.21564419629914
2020-09-17 07:20:00,412.15951916042593
2020-09-17 07:30:00,412.0867851658478
2020-09-17 07:40:00,411.99819560794094
2020-09-17 07:50:00,411.89450388208144
2020-09-17 08:00:00,411.7764633836455
2020-09-17 08:10:00,411.6448275080092
2020-09-17 08:20:00,411.50034965054874
2020-09-17 08:30:00,411.34378320664024
2020-09-17 08:40:00,411.1758815716599
2020-09-17 08:50:00,410.99739814098376
2020-09-17 09:00:00,410.80908630998806
2020-09-17 09:10:00,410.6116994740489
2020-09-17 09:20:00,410.4059910285424
2020-09-17 09:30:00,410.1927143688448
2020-09-17 09:40:00,409.97262289033216
2020-09-17 09:50:00,409.7464699883807
2020-09-17 10:00:00,409.51500905836645
2020-09-17 10:10:00,409.27899349566565
2020-09-17 10:20:00,409.03917669565436
2020-09-17 10:30:00,408.79631205370885
2020-09-17 10:40:00,408.5511529652052
2020-09-17 10:50:00,408.30445282551943
2020-09-17 11:00:00,408.05696503002787
2020-09-17 11:10:00,407.8094429741066
2020-09-17 11:20:00,407.56264005313176
2020-09-17 11:30:00,407.3173096624795
2020-09-17 11:40:00,407.074205197526
2020-09-17 11:50:00,406.83408005364737
2020-09-17 12:00:00,406.5976876262197
2020-09-17 12:10:00,406.36578131061924
2020-09-17 12:20:00,406.3
2020-09-17 12:30:00,406.1
2020-09-17 12:40:00,405.0
2020-09-17 12:50:00,404.9
2020-09-17 13:00:00,405.3
2020-09-17 13:10:00,405.5
2020-09-17 13:20:00,405.2
2020-09-17 13:30:00,405.8
2020-09-17 13:40:00,405.4
2020-09-17 13:50:00,404.6
2020-09-17 14:00:00,405.1
2020-09-17 14:10:00,405.1
2020-09-17 14:20:00,404.1
2020-09-17 14:30:00,403.6
2020-09-17 14:40:00,404.2
2020-09-17 14:50:00,404.4
2020-09-17 15:00:00,404.3
2020-09-17 15:10:00,403.4
2020-09-17 15:20:00,403.4
2020-09-17 15:30:00,403.2
2020-09-17 15:40:00,403.3
2020-09-17 15:50:00,403.3
2020-09-17 16:00:00,403.2
2020-09-17 16:10:00,403.1
2020-09-17 16:20:00,403.2
2020-09-17 16:30:00,402.9
2020-09-17 16:40:00,403.4
2020-09-17 16:50:00,403.8
2020-09-17 17:00:00,403.9
2020-09-17 17:10:00,403.8
2020-09-17 17:20:00,403.8
2020-09-17 17:30:00,404.0
2020-09-17 17:40:00,403.9
2020-09-17 17:50:00,403.9
2020-09-17 18:00:00,404.5
2020-09-17 18:10:00,405.0
2020-09-17 18:20:00,405.6
2020-09-17 18:30:00,405.5
2020-09-17 18:40:00,406.7
2020-09-17 18:50:00,406.7
2020-09-17 19:00:00,406.9
2020-09-17 19:10:00,406.3
2020-09-17 19:20:00,406.8
2020-09-17 19:30:00,407.8
2020-09-17 19:40:00,409.4
2020-09-17 19:50:00,409.9
2020-09-17 20:00:00,410.0
2020-09-17 20:10:00,411.4
2020-09-17 20:20:00,409.3
2020-09-17 20:30:00,409.8
2020-09-17 20:40:00,408.9
2020-09-17 20:50:00,408.8
2020-09-17 21:00:00,409.6
2020-09-17 21:10:00,410.5
2020-09-17 21:20:00,410.3
2020-09-17 21:30:00,410.8
2020-09-17 21:40:00,411.1
2020-09-17 21:50:00,411.9
2020-09-17 22:00:00,417.0
2020-09-17 22:10:00,417.8
2020-09-17 22:20:00,415.9
2020-09-17 22:30:00,420.0
2020-09-17 22:40:00,417.6
2020-09-17 22:50:00,424.2
2020-09-17 23:00:00,425.4
2020-09-17 23:10:00,421.2
2020-09-17 23:20:00,422.8
2020-09-17 23:30:00,426.8
2020-09-17 23:40:00,423.3
2020-09-17 23:50:00,422.6
2020-09-18 00:00:00,424.5
2020-09-18 00:10:00,423.8
2020-09-18 00:20:00,424.1
2020-09-18 00:30:00,424.0
2020-09-18 00:40:00,425.3
2020-09-18 00:50:00,422.9
2020-09-18 01:00:00,425.6
2020-09-18 01:10:00,423.2
2020-09-18 01:20:00,419.4
2020-09-18 01:30:00,427.4
2020-09-18 01:40:00,421.3
2020-09-18 01:50:00,419.1
2020-09-18 02:00:00,416.5
2020-09-18 02:10:00,417.1
2020-09-18 02:20:00,417.1
2020-09-18 02:30:00,418.5
2020-09-18 02:40:00,419.1
2020-09-18 02:50:00,421.8
2020-09-18 03:00:00,425.6
2020-09-18 03:10:00,431.4
2020-09-18 03:20:00,434.1
2020-09-18 03:30:00,434.8
2020-09-18 03:40:00,438.0
2020-09-18 03:50:00,438.5
2020-09-18 04:00:00,438.0
2020-09-18 04:10:00,438.0
2020-09-18 04:20:00,431.6
2020-09-18 04:30:00,434.3
2020-09-18 04:40:00,439.8
2020-09-18 04:50:00,434.1
2020-09-18 05:00:00,441.8
2020-09-18 05:10:00,430.3
2020-09-18 05:20:00,433.1
2020-09-18 05:30:00,433.9
2020-09-18 05:40:00,434.6
2020-09-18 05:50:00,439.0
2020-09-18 06:00:00,449.9
2020-09-18 06:10:00,442.6
2020-09-18 06:20:00,436.9
2020-09-18 06:30:00,443.1
2020-09-18 06:40:00,445.2
2020-09-18 06:50:00,445.4
2020-09-18 07:00:00,441.0
2020-09-18 07:10:00,444.8
2020-09-18 07:20:00,450.6
2020-09-18 07:30:00,454.1
2020-09-18 07:40:00,460.2
2020-09-18 07:50:00,466.3
2020-09-18 08:00:00,469.4
2020-09-18 08:10:00,468.9
2020-09-18 08:20:00,463.5
2020-09-18 08:30:00,458.2
2020-09-18 08:40:00,452.0
2020-09-18 08:50:00,447.1
2020-09-18 09:00:00,441.7
2020-09-18 09:10:00,437.6
2020-09-18 09:20:00,434.5
2020-09-18 09:30:00,431.8
2020-09-18 09:40:00,427.9
2020-09-18 09:50:00,425.4
2020-09-18 10:00:00,422.1
2020-09-18 10:10:00,419.2
2020-09-18 10:20:00,414.1
2020-09-18 10:30:00,410.9
2020-09-18 10:40:00,408.2
2020-09-18 10:50:00,405.8
2020-09-18 11:00:00,401.8
2020-09-18 11:10:00,401.9
2020-09-18 11:20:00,402.4
2020-09-18 11:30:00,403.8
2020-09-18 11:40:00,403.7
2020-09-18 11:50:00,403.3
2020-09-18 12:00:00,404.4
2020-09-18 12:10:00,404.0
2020-09-18 12:20:00,404.3
2020-09-18 12:30:00,403.7
2020-09-18 12:40:00,403.1
2020-09-18 12:50:00,403.1
2020-09-18 13:00:00,402.1
2020-09-18 13:10:00,401.4
2020-09-18 13:20:00,400.5
2020-09-18 13:30:00,399.5
2020-09-18 13:40:00,399.3
2020-09-18 13:50:00,399.6
2020-09-18 14:00:00,399.3
2020-09-18 14:10:00,399.1
2020-09-18 14:20:00,398.6
2020-09-18 14:30:00,398.7
2020-09-18 14:40:00,398.3
2020-09-18 14:50:00,398.5
2020-09-18 15:00:00,399.0
2020-09-18 15:10:00,398.5
2020-09-18 15:20:00,398.1
2020-09-18 15:30:00,398.1
2020-09-18 15:40:00,398.1
2020-09-18 15:50:00,398.0
2020-09-18 16:00:00,397.6
2020-09-18 16:10:00,397.3
2020-09-18 16:20:00,397.3
2020-09-18 16:30:00,397.1
2020-09-18 16:40:00,397.2
2020-09-18 16:50:00,397.2
2020-09-18 17:00:00,397.5
2020-09-18 17:10:00,397.7
2020-09-18 17:20:00,397.9
2020-09-18 17:30:00,398.2
2020-09-18 17:40:00,398.7
2020-09-18 17:50:00,399.4
2020-09-18 18:00:00,399.9
2020-09-18 18:10:00,400.5
2020-09-18 18:20:00,401.7
2020-09-18 18:30:00,402.6
2020-09-18 18:40:00,403.4
2020-09-18 18:50:00,404.0
2020-09-18 19:00:00,404.2
2020-09-18 19:10:00,406.3
2020-09-18 19:20:00,407.3
2020-09-18 19:30:00,407.0
2020-09-18 19:40:00,406.9
2020-09-18 19:50:00,407.0
2020-09-18 20:00:00,407.2
2020-09-18 20:10:00,407.0
2020-09-18 20:20:00,407.5
2020-09-18 20:30:00,408.2
2020-09-18 20:40:00,407.5
2020-09-18 20:50:00,408.4
2020-09-18 21:00:00,408.6
2020-09-18 21:10:00,409.6
2020-09-18 21:20:00,410.7
2020-09-18 21:30:00,409.6
2020-09-18 21:40:00,410.4
2020-09-18 21:50:00,409.9
2020-09-18 22:00:00,410.5
2020-09-18 22:10:00,410.3
2020-09-18 22:20:00,410.4
2020-09-18 22:30:00,411.9
2020-09-18 22:40:00,414.9
2020-09-18 22:50:00,422.6
2020-09-18 23:00:00,422.7
2020-09-18 23:10:00,418.3
2020-09-18 23:20:00,418.4
2020-09-18 23:30:00,424.4
2020-09-18 23:40:00,425.5
2020-09-18 23:50:00,422.5
2020-09-19 00:00:00,421.0
2020-09-19 00:10:00,427.5
2020-09-19 00:20:00,429.0
2020-09-19 00:30:00,431.2
2020-09-19 00:40:00,429.7
2020-09-19 00:50:00,432.2
2020-09-19 01:00:00,432.3
2020-09-19 01:10:00,433.9597965863716
2020-09-19 01:20:00,435.1687073960701
2020-09-19 01:30:00,436.3793810278404
2020-09-19 01:40:00,437.58914158159286
2020-09-19 01:50:00,438.7953131572378
2020-09-19 02:00:00,439.99521985468544
2020-09-19 02:10:00,441.1861857738462
2020-09-19 02:20:00,442.3655350146303
2020-09-19 02:30:00,443.5305916769481
2020-09-19 02:40:00,444.6786798607099
2020-09-19 02:50:00,445.80712366582594
2020-09-19 03:00:00,446.9132471922066
2020-09-19 03:10:00,447.99437453976213
2020-09-19 03:20:00,449.04782980840287
2020-09-19 03:30:00,450.07093709803905
2020-09-19 03:40:00,451.06102050858107
2020-09-19 03:50:00,452.01540413993916
2020-09-19 04:00:00,452.93141209202366
2020-09-19 04:10:00,453.8063684647449
2020-09-19 04:20:00,454.63759735801307
2020-09-19 04:30:00,455.42242287173855
2020-09-19 04:40:00,456.1581691058317
2020-09-19 04:50:00,456.84216016020275
2020-09-19 05:00:00,457.471720134762
2020-09-19 05:10:00,458.0441731294198
2020-09-19 05:20:00,458.5568432440864
2020-09-19 05:30:00,459.0070545786721
2020-09-19 05:40:00,459.3921312330873
2020-09-19 05:50:00,459.70939730724217
2020-09-19 06:00:00,459.95617690104706
2020-09-19 06:10:00,460.12979411441233
2020-09-19 06:20:00,460.2275730472482
2020-09-19 06:30:00,460.24683779946497
2020-09-19 06:40:00,460.184912470973
2020-09-19 06:50:00,460.0391211616826
2020-09-19 07:00:00,459.8067879715041
2020-09-19 07:10:00,459.48523700034775
2020-09-19 07:20:00,459.07179234812384
2020-09-19 07:30:00,458.5637781147427
2020-09-19 07:40:00,457.95851840011466
2020-09-19 07:50:00,457.2533373041499
2020-09-19 08:00:00,456.44555892675885
2020-09-19 08:10:00,455.53250736785174
2020-09-19 08:20:00,454.5115067273389
2020-09-19 08:30:00,453.37988110513066
2020-09-19 08:40:00,452.1349546011373
2020-09-19 08:50:00,450.7740513152691
2020-09-19 09:00:00,449.2944953474364
2020-09-19 09:10:00,447.69361079754947
2020-09-19 09:20:00,445.9687217655187
2020-09-19 09:30:00,444.4
2020-09-19 09:40:00,442.4
2020-09-19 09:50:00,441.5
2020-09-19 10:00:00,434.4
2020-09-19 10:10:00,430.8
2020-09-19 10:20:00,431.3
2020-09-19 10:30:00,432.4
2020-09-19 10:40:00,432.9
2020-09-19 10:50:00,427.9
2020-09-19 11:00:00,423.7
2020-09-19 11:10:00,417.2
2020-09-19 11:20:00,415.2
2020-09-19 11:30:00,413.5
2020-09-19 11:40:00,411.3
2020-09-19 11:50:00,409.3
2020-09-19 12:00:00,408.3
2020-09-19 12:10:00,406.8
2020-09-19 12:20:00,406.9
2020-09-19 12:30:00,406.5
2020-09-19 12:40:00,406.6
2020-09-19 12:50:00,407.1
2020-09-19 13:00:00,407.2
2020-09-19 13:10:00,407.4
2020-09-19 13:20:00,408.1
2020-09-19 13:30:00,407.0
2020-09-19 13:40:00,405.2
2020-09-19 13:50:00,404.6
2020-09-19 14:00:00,403.4
2020-09-19 14:10:00,404.4
2020-09-19 14:20:00,404.8
2020-09-19 14:30:00,404.5
2020-09-19 14:40:00,405.0
2020-09-19 14:50:00,403.7
2020-09-19 15:00:00,401.4
2020-09-19 15:10:00,400.1
2020-09-19 15:20:00,399.8
2020-09-19 15:30:00,399.9
2020-09-19 15:40:00,400.2
2020-09-19 15:50:00,400.0
2020-09-19 16:00:00,399.7
2020-09-19 16:10:00,400.0
2020-09-19 16:20:00,400.6
2020-09-19 16:30:00,400.1
2020-09-19 16:40:00,399.2
2020-09-19 16:50:00,399.6
2020-09-19 17:00:00,400.3
2020-09-19 17:10:00,401.4
2020-09-19 17:20:00,402.9
2020-09-19 17:30:00,403.4
2020-09-19 17:40:00,402.9
2020-09-19 17:50:00,402.8
2020-09-19 18:00:00,402.0
2020-09-19 18:10:00,401.7
2020-09-19 18:20:00,402.9
2020-09-19 18:30:00,403.8
2020-09-19 18:40:00,403.2
2020-09-19 18:50:00,403.3
2020-09-19 19:00:00,405.2
2020-09-19 19:10:00,405.7
2020-09-19 19:20:00,406.2
2020-09-19 19:30:00,410.1
2020-09-19 19:40:00,408.0
2020-09-19 19:50:00,407.0
2020-09-19 20:00:00,407.3
2020-09-19 20:10:00,408.7
2020-09-19 20:20:00,409.1
2020-09-19 20:30:00,407.1
2020-09-19 20:40:00,407.0
2020-09-19 20:50:00,407.1
2020-09-19 21:00:00,407.0
2020-09-19 21:10:00,415.9
2020-09-19 21:20:00,422.6
2020-09-19 21:30:00,420.0
2020-09-19 21:40:00,420.4
2020-09-19 21:50:00,422.6
2020-09-19 22:00:00,422.8
2020-09-19 22:10:00,428.3
2020-09-19 22:20:00,429.1
2020-09-19 22:30:00,430.3
2020-09-19 22:40:00,422.8
2020-09-19 22:50:00,419.8
2020-09-19 23:00:00,425.1
2020-09-19 23:10:00,426.3
2020-09-19 23:20:00,430.8
2020-09-19 23:30:00,430.1
2020-09-19 23:40:00,427.9
2020-09-19 23:50:00,429.7
2020-09-20 00:00:00,429.9
2020-09-20 00:10:00,437.1
2020-09-20 00:20:00,435.3
2020-09-20 00:30:00,436.2
2020-09-20 00:40:00,436.6
2020-09-20 00:50:00,434.7
2020-09-20 01:00:00,446.4
2020-09-20 01:10:00,441.2
2020-09-20 01:20:00,442.1
2020-09-20 01:30:00,439.2
2020-09-20 01:40:00,433.3
2020-09-20 01:50:00,434.3
2020-09-20 02:00:00,434.3
2020-09-20 02:10:00,439.6
2020-09-20 02:20:00,440.1
2020-09-20 02:30:00,448.1
2020-09-20 02:40:00,451.8
2020-09-20 02:50:00,457.6
2020-09-20 03:00:00,456.4
2020-09-20 03:10:00,457.2
2020-09-20 03:20:00,457.7
2020-09-20 03:30:00,457.4
2020-09-20 03:40:00,452.6
2020-09-20 03:50:00,447.7
2020-09-20 04:00:00,448.3
2020-09-20 04:10:00,456.6
2020-09-20 04:20:00,463.9
2020-09-20 04:30:00,462.4
2020-09-20 04:40:00,462.1
2020-09-20 04:50:00,464.7
2020-09-20 05:00:00,461.6
2020-09-20 05:10:00,461.8
2020-09-20 05:20:00,463.7
2020-09-20 05:30:00,463.7
2020-09-20 05:40:00,460.4
2020-09-20 05:50:00,461.6
2020-09-20 06:00:00,459.1
2020-09-20 06:10:00,462.3
2020-09-20 06:20:00,468.8
2020-09-20 06:30:00,465.70318045363524
2020-09-20 06:40:00,465.81778899652426
2020-09-20 06:50:00,465.7911536135558
2020-09-20 07:00:00,465.62845970331324
2020-09-20 07:10:00,465.33489266437994
2020-09-20 07:20:00,464.9156378953392
2020-09-20 07:30:00,464.3758807947744
2020-09-20 07:40:00,463.7208067612689
2020-09-20 07:50:00,462.955601193406
2020-09-20 08:00:00,462.08544948976913
2020-09-20 08:10:00,461.11553704894163
2020-09-20 08:20:00,460.05104926950685
2020-09-20 08:30:00,458.89717155004814
2020-09-20 08:40:00,457.6590892891488
2020-09-20 08:50:00,456.34198788539226
2020-09-20 09:00:00,454.9510527373618
2020-09-20 09:10:00,453.49146924364084
2020-09-20 09:20:00,451.9684228028127
2020-09-20 09:30:00,450.38709881346074
2020-09-20 09:40:00,448.7526826741683
2020-09-20 09:50:00,447.0703597835187
2020-09-20 10:00:00,445.34531554009544
2020-09-20 10:10:00,443.5827353424817
2020-09-20 10:20:00,441.787804589261
2020-09-20 10:30:00,439.96570867901653
2020-09-20 10:40:00,438.1216330103317
2020-09-20 10:50:00,436.26076298179
2020-09-20 11:00:00,434.38828399197456
2020-09-20 11:10:00,432.5093814394689
2020-09-20 11:20:00,430.6292407228562
2020-09-20 11:30:00,428.75304724072004
2020-09-20 11:40:00,426.88598639164366
2020-09-20 11:50:00,425.03324357421036
2020-09-20 12:00:00,423.20000418700346
2020-09-20 12:10:00,421.3914536286064
2020-09-20 12:20:00,419.61277729760263
2020-09-20 12:30:00,417.86916059257544
2020-09-20 12:40:00,416.16578891210816
2020-09-20 12:50:00,414.50784765478403
2020-09-20 13:00:00,412.9005222191866
2020-09-20 13:10:00,411.34899800389906
2020-09-20 13:20:00,409.8584604075048
2020-09-20 13:30:00,408.4340948285872
2020-09-20 13:40:00,407.08108666572974
2020-09-20 13:50:00,405.8046213175155
2020-09-20 14:00:00,404.6098841825281
2020-09-20 14:10:00,403.5020606593507
2020-09-20 14:20:00,402.4863361465669
2020-09-20 14:30:00,401.56789604275974
2020-09-20 14:40:00,400.7519257465127
2020-09-20 14:50:00,400.0
2020-09-20 15:00:00,399.3
2020-09-20 15:10:00,398.9
2020-09-20 15:20:00,399.1
2020-09-20 15:30:00,398.9
2020-09-20 15:40:00,398.6
2020-09-20 15:50:00,398.6
2020-09-20 16:00:00,398.6
2020-09-20 16:10:00,398.9
2020-09-20 16:20:00,399.3
2020-09-20 16:30:00,399.6
2020-09-20 16:40:00,401.0
2020-09-20 16:50:00,400.7
2020-09-20 17:00:00,401.0
2020-09-20 17:10:00,400.6
2020-09-20 17:20:00,400.4
2020-09-20 17:30:00,400.5
2020-09-20 17:40:00,400.8
2020-09-20 17:50:00,401.8
2020-09-20 18:00:00,403.5
2020-09-20 18:10:00,404.3
2020-09-20 18:20:00,403.7
2020-09-20 18:30:00,404.4
2020-09-20 18:40:00,405.6
2020-09-20 18:50:00,405.3
2020-09-20 19:00:00,406.7
2020-09-20 19:10:00,406.8
2020-09-20 19:20:00,407.6
2020-09-20 19:30:00,407.7
2020-09-20 19:40:00,407.6
2020-09-20 19:50:00,407.9
2020-09-20 20:00:00,407.8
2020-09-20 20:10:00,408.8
2020-09-20 20:20:00,409.7
2020-09-20 20:30:00,408.8
2020-09-20 20:40:00,409.6
2020-09-20 20:50:00,409.5
2020-09-20 21:00:00,409.0
2020-09-20 21:10:00,407.9
2020-09-20 21:20:00,407.8
2020-09-20 21:30:00,408.3
2020-09-20 21:40:00,408.8
2020-09-20 21:50:00,409.4
2020-09-20 22:00:00,409.7
2020-09-20 22:10:00,409.8
2020-09-20 22:20:00,410.2
2020-09-20 22:30:00,410.4
2020-09-20 22:40:00,411.4
2020-09-20 22:50:00,411.1
2020-09-20 23:00:00,411.7
2020-09-20 23:10:00,426.9
2020-09-20 23:20:00,427.6
2020-09-20 23:30:00,430.0
2020-09-20 23:40:00,433.1
2020-09-20 23:50:00,430.7
2020-09-21 00:00:00,427.7
2020-09-21 00:10:00,434.3
2020-09-21 00:20:00,432.0
2020-09-21 00:30:00,433.0
2020-09-21 00:40:00,437.3
2020-09-21 00:50:00,437.3
2020-09-21 01:00:00,441.2
2020-09-21 01:10:00,445.0
2020-09-21 01:20:00,441.0
2020-09-21 01:30:00,446.7
2020-09-21 01:40:00,441.0
2020-09-21 01:50:00,437.9
2020-09-21 02:00:00,438.5
2020-09-21 02:10:00,431.5
2020-09-21 02:20:00,436.1
2020-09-21 02:30:00,438.6
2020-09-21 02:40:00,440.1
2020-09-21 02:50:00,443.1
2020-09-21 03:00:00,444.6
2020-09-21 03:10:00,449.0
2020-09-21 03:20:00,443.2
2020-09-21 03:30:00,439.9
2020-09-21 03:40:00,450.1
2020-09-21 03:50:00,463.9
2020-09-21 04:00:00,463.7
2020-09-21 04:10:00,461.2
2020-09-21 04:20:00,460.1
2020-09-21 04:30:00,459.6
2020-09-21 04:40:00,459.8
2020-09-21 04:50:00,452.1
2020-09-21 05:00:00,446.1
2020-09-21 05:10:00,444.5
2020-09-21 05:20:00,451.5
2020-09-21 05:30:00,452.5
2020-09-21 05:40:00,469.9
2020-09-21 05:50:00,468.1
2020-09-21 06:00:00,465.2
2020-09-21 06:10:00,466.9
2020-09-21 06:20:00,450.3
2020-09-21 06:30:00,448.0
2020-09-21 06:40:00,446.2
2020-09-21 06:50:00,453.4
2020-09-21 07:00:00,468.7
2020-09-21 07:10:00,476.1
2020-09-21 07:20:00,477.4
2020-09-21 07:30:00,481.3
2020-09-21 07:40:00,476.6
2020-09-21 07:50:00,471.6
2020-09-21 08:00:00,471.2
2020-09-21 08:10:00,466.6
2020-09-21 08:20:00,462.9
2020-09-21 08:30:00,459.6
2020-09-21 08:40:00,458.8
2020-09-21 08:50:00,456.6
2020-09-21 09:00:00,455.7
2020-09-21 09:10:00,452.2
2020-09-21 09:20:00,451.7
2020-09-21 09:30:00,451.1
2020-09-21 09:40:00,450.8
2020-09-21 09:50:00,445.9
2020-09-21 10:00:00,441.3
2020-09-21 10:10:00,436.2
2020-09-21 10:20:00,436.9
2020-09-21 10:30:00,436.1
2020-09-21 10:40:00,430.5
2020-09-21 10:50:00,427.6
2020-09-21 11:00:00,426.1
2020-09-21 11:10:00,418.5
2020-09-21 11:20:00,419.8
2020-09-21 11:30:00,419.9
2020-09-21 11:40:00,420.5
2020-09-21 11:50:00,417.7
2020-09-21 12:00:00,412.6
2020-09-21 12:10:00,409.9
2020-09-21 12:20:00,409.4
2020-09-21 12:30:00,409.8
2020-09-21 12:40:00,409.5
2020-09-21 12:50:00,408.4
2020-09-21 13:00:00,407.1
2020-09-21 13:10:00,406.0
2020-09-21 13:20:00,405.3
2020-09-21 13:30:00,402.9
2020-09-21 13:40:00,403.1
2020-09-21 13:50:00,404.6
2020-09-21 14:00:00,404.6
2020-09-21 14:10:00,404.1
2020-09-21 14:20:00,404.4
2020-09-21 14:30:00,404.6
2020-09-21 14:40:00,404.3
2020-09-21 14:50:00,404.8
2020-09-21 15:00:00,404.4
2020-09-21 15:10:00,403.9
2020-09-21 15:20:00,404.1488923884042
2020-09-21 15:30:00,404.16376220107026
2020-09-21 15:40:00,404.2021538894623
2020-09-21 15:50:00,404.26448418907626
2020-09-21 16:00:00,404.351169835408
2020-09-21 16:10:00,404.46262756395333
2020-09-21 16:20:00,404.59927411020817
2020-09-21 16:30:00,404.76152620966843
2020-09-21 16:40:00,404.94980059782995
2020-09-21 16:50:00,405.16451401018855
2020-09-21 17:00:00,405.4060831822402
2020-09-21 17:10:00,405.6749248494807
2020-09-21 17:20:00,405.97145574740597
2020-09-21 17:30:00,406.2960926115118
2020-09-21 17:40:00,406.6492521772942
2020-09-21 17:50:00,407.031351180249
2020-09-21 18:00:00,407.44280635587194
2020-09-21 18:10:00,407.88403443965905
2020-09-21 18:20:00,408.35545216710614
2020-09-21 18:30:00,408.8574762737091
2020-09-21 18:40:00,409.39052349496376
2020-09-21 18:50:00,409.955010566366
2020-09-21 19:00:00,410.55135422341175
2020-09-21 19:10:00,411.17997120159686
2020-09-21 19:20:00,411.84127823641717
2020-09-21 19:30:00,412.5356920633686
2020-09-21 19:40:00,413.26362941794696
2020-09-21 19:50:00,414.02550703564816
2020-09-21 20:00:00,414.82174165196807
2020-09-21 20:10:00,415.6527500024026
2020-09-21 20:20:00,416.5189488224476
2020-09-21 20:30:00,417.4207548475989
2020-09-21 20:40:00,418.3585848133524
2020-09-21 20:50:00,419.332855455204
2020-09-21 21:00:00,420.3439835086496
2020-09-21 21:10:00,421.39238570918496
2020-09-21 21:20:00,422.478478792306
2020-09-21 21:30:00,423.6026794935087
2020-09-21 21:40:00,424.76540454828876
2020-09-21 21:50:00,425.96707069214216
2020-09-21 22:00:00,427.20809466056477
2020-09-21 22:10:00,428.4888931890524
2020-09-21 22:20:00,429.809883013101
2020-09-21 22:30:00,431.1714808682064
2020-09-21 22:40:00,432.57410348986446
2020-09-21 22:50:00,434.0181676135711
2020-09-21 23:00:00,435.5040899748222
2020-09-21 23:10:00,437.03228730911354
2020-09-21 23:20:00,438.6031763519411
2020-09-21 23:30:00,440.21717383880065
2020-09-21 23:40:00,440.5
2020-09-21 23:50:00,442.6
2020-09-22 00:00:00,445.2
2020-09-22 00:10:00,455.2
2020-09-22 00:20:00,453.8
2020-09-22 00:30:00,456.2
2020-09-22 00:40:00,458.4
2020-09-22 00:50:00,456.6
2020-09-22 01:00:00,450.3
2020-09-22 01:10:00,433.3
2020-09-22 01:20:00,432.6
2020-09-22 01:30:00,436.2
2020-09-22 01:40:00,440.7
2020-09-22 01:50:00,447.2
2020-09-22 02:00:00,451.2
2020-09-22 02:10:00,449.0
2020-09-22 02:20:00,450.9
2020-09-22 02:30:00,453.9
2020-09-22 02:40:00,459.1
2020-09-22 02:50:00,465.0
2020-09-22 03:00:00,468.6
2020-09-22 03:10:00,467.8
2020-09-22 03:20:00,468.3
2020-09-22 03:30:00,465.8
2020-09-22 03:40:00,463.6
2020-09-22 03:50:00,459.7
2020-09-22 04:00:00,465.1
2020-09-22 04:10:00,467.9
2020-09-22 04:20:00,472.1
2020-09-22 04:30:00,472.4
2020-09-22 04:40:00,472.1
2020-09-22 04:50:00,473.1
2020-09-22 05:00:00,469.5
2020-09-22 05:10:00,460.6
2020-09-22 05:20:00,461.3
2020-09-22 05:30:00,469.0
2020-09-22 05:40:00,472.1
2020-09-22 05:50:00,472.9
2020-09-22 06:00:00,473.2
2020-09-22 06:10:00,473.7
2020-09-22 06:20:00,476.1
2020-09-22 06:30:00,476.8
2020-09-22 06:40:00,471.1
2020-09-22 06:50:00,464.3
2020-09-22 07:00:00,463.6
2020-09-22 07:10:00,459.6
2020-09-22 07:20:00,469.8
2020-09-22 07:30:00,473.3
2020-09-22 07:40:00,476.2
2020-09-22 07:50:00,475.3
2020-09-22 08:00:00,469.9
2020-09-22 08:10:00,468.0
2020-09-22 08:20:00,463.9
2020-09-22 08:30:00,462.9
2020-09-22 08:40:00,457.8
2020-09-22 08:50:00,452.4
2020-09-22 09:00:00,456.0
2020-09-22 09:10:00,455.0
2020-09-22 09:20:00,453.4
2020-09-22 09:30:00,448.8
2020-09-22 09:40:00,446.7
2020-09-22 09:50:00,444.2
2020-09-22 10:00:00,441.0
2020-09-22 10:10:00,434.5
2020-09-22 10:20:00,431.4
2020-09-22 10:30:00,430.8
2020-09-22 10:40:00,426.5
2020-09-22 10:50:00,421.6
2020-09-22 11:00:00,419.1
2020-09-22 11:10:00,417.1
2020-09-22 11:20:00,414.6
2020-09-22 11:30:00,412.1
2020-09-22 11:40:00,409.7
2020-09-22 11:50:00,406.4
2020-09-22 12:00:00,403.2
2020-09-22 12:10:00,401.3
2020-09-22 12:20:00,399.1
2020-09-22 12:30:00,398.6
2020-09-22 12:40:00,398.5
2020-09-22 12:50:00,398.5
2020-09-22 13:00:00,398.5
2020-09-22 13:10:00,398.5
2020-09-22 13:20:00,398.4
2020-09-22 13:30:00,398.8
2020-09-22 13:40:00,398.8
2020-09-22 13:50:00,398.8
2020-09-22 14:00:00,398.8
2020-09-22 14:10:00,398.9
2020-09-22 14:20:00,399.0
2020-09-22 14:30:00,399.2
2020-09-22 14:40:00,399.2
2020-09-22 14:50:00,399.2
2020-09-22 15:00:00,399.8
2020-09-22 15:10:00,399.6
2020-09-22 15:20:00,399.5
2020-09-22 15:30:00,399.9
2020-09-22 15:40:00,399.3
2020-09-22 15:50:00,399.6
2020-09-22 16:00:00,399.7
2020-09-22 16:10:00,399.5
2020-09-22 16:20:00,399.6
2020-09-22 16:30:00,399.7
2020-09-22 16:40:00,400.1
2020-09-22 16:50:00,400.3
2020-09-22 17:00:00,400.9
2020-09-22 17:10:00,400.8
2020-09-22 17:20:00,401.0
2020-09-22 17:30:00,401.4
2020-09-22 17:40:00,401.3
2020-09-22 17:50:00,401.8
2020-09-22 18:00:00,402.0
2020-09-22 18:10:00,402.6
2020-09-22 18:20:00,403.2
2020-09-22 18:30:00,403.8
2020-09-22 18:40:00,408.2
2020-09-22 18:50:00,414.4
2020-09-22 19:00:00,412.7
2020-09-22 19:10:00,411.3
2020-09-22 19:20:00,412.9
2020-09-22 19:30:00,413.5
2020-09-22 19:40:00,413.5
2020-09-22 19:50:00,415.3
2020-09-22 20:00:00,416.6
2020-09-22 20:10:00,416.9
2020-09-22 20:20:00,420.9
2020-09-22 20:30:00,417.9
2020-09-22 20:40:00,416.0
2020-09-22 20:50:00,419.7
2020-09-22 21:00:00,422.2
2020-09-22 21:10:00,429.1
2020-09-22 21:20:00,432.9
2020-09-22 21:30:00,429.1
2020-09-22 21:40:00,426.8
2020-09-22 21:50:00,424.2
2020-09-22 22:00:00,426.5
2020-09-22 22:10:00,430.8
2020-09-22 22:20:00,435.1
2020-09-22 22:30:00,440.2
2020-09-22 22:40:00,435.3
2020-09-22 22:50:00,432.5
2020-09-22 23:00:00,433.5
2020-09-22 23:10:00,433.8
2020-09-22 23:20:00,436.8
2020-09-22 23:30:00,437.4
2020-09-22 23:40:00,435.9
2020-09-22 23:50:00,434.2
2020-09-23 00:00:00,435.5
2020-09-23 00:10:00,435.9
2020-09-23 00:20:00,436.5
2020-09-23 00:30:00,440.8
2020-09-23 00:40:00,449.0
2020-09-23 00:50:00,449.8
2020-09-23 01:00:00,447.5
2020-09-23 01:10:00,444.3
2020-09-23 01:20:00,443.0
2020-09-23 01:30:00,446.1
2020-09-23 01:40:00,449.8
2020-09-23 01:50:00,455.9
2020-09-23 02:00:00,457.4
2020-09-23 02:10:00,451.4
2020-09-23 02:20:00,450.8
2020-09-23 02:30:00,446.3
2020-09-23 02:40:00,450.8
2020-09-23 02:50:00,449.9
2020-09-23 03:00:00,447.8
2020-09-23 03:10:00,451.0
2020-09-23 03:20:00,452.0
2020-09-23 03:30:00,460.0
2020-09-23 03:40:00,467.9
2020-09-23 03:50:00,470.9
2020-09-23 04:00:00,466.6
2020-09-23 04:10:00,465.9
2020-09-23 04:20:00,469.2
2020-09-23 04:30:00,467.8
2020-09-23 04:40:00,471.1
2020-09-23 04:50:00,468.8
2020-09-23 05:00:00,471.6
2020-09-23 05:10:00,471.9
2020-09-23 05:20:00,472.7
2020-09-23 05:30:00,482.1
2020-09-23 05:40:00,481.3
2020-09-23 05:50:00,485.7
2020-09-23 06:00:00,485.8
2020-09-23 06:10:00,484.3
2020-09-23 06:20:00,481.9
2020-09-23 06:30:00,476.2
2020-09-23 06:40:00,478.6131500150538
2020-09-23 06:50:00,477.8517069716266
2020-09-23 07:00:00,477.0251190375106
2020-09-23 07:10:00,476.1360419304245
2020-09-23 07:20:00,475.187131368087
2020-09-23 07:30:00,474.1810430682169
2020-09-23 07:40:00,473.12043274853295
2020-09-23 07:50:00,472.0079561267538
2020-09-23 08:00:00,470.8462689205982
2020-09-23 08:10:00,469.63802684778494
2020-09-23 08:20:00,468.38588562603275
2020-09-23 08:30:00,467.0925009730603
2020-09-23 08:40:00,465.7605286065863
2020-09-23 08:50:00,464.3926242443296
2020-09-23 09:00:00,462.9914436040089
2020-09-23 09:10:00,461.5596424033429
2020-09-23 09:20:00,460.0998763600503
2020-09-23 09:30:00,458.6148011918499
2020-09-23 09:40:00,457.10707261646036
2020-09-23 09:50:00,455.57934635160046
2020-09-23 10:00:00,454.0342781149889
2020-09-23 10:10:00,452.4745236243445
2020-09-23 10:20:00,450.9027385973859
2020-09-23 10:30:00,449.32157875183185
2020-09-23 10:40:00,447.7336998054011
2020-09-23 10:50:00,446.14175747581237
2020-09-23 11:00:00,444.5484074807844
2020-09-23 11:10:00,442.95630553803596
2020-09-23 11:20:00,441.3681073652857
2020-09-23 11:30:00,439.78646868025237
2020-09-23 11:40:00,438.21404520065477
2020-09-23 11:50:00,436.6534926442116
2020-09-23 12:00:00,435.1074667286416
2020-09-23 12:10:00,433.5786231716634
2020-09-23 12:20:00,432.06961769099587
2020-09-23 12:30:00,430.5831060043577
2020-09-23 12:40:00,429.1217438294676
2020-09-23 12:50:00,427.68818688404434
2020-09-23 13:00:00,426.2850908858066
2020-09-23 13:10:00,424.91511155247315
2020-09-23 13:20:00,423.5809046017627
2020-09-23 13:30:00,422.285125751394
2020-09-23 13:40:00,421.03043071908576
2020-09-23 13:50:00,419.8194752225568
2020-09-23 14:00:00,418.65491497952564
2020-09-23 14:10:00,417.53940570771124
2020-09-23 14:20:00,416.4756031248322
2020-09-23 14:30:00,415.4661629486074
2020-09-23 14:40:00,414.51374089675545
2020-09-23 14:50:00,413.62099268699507
2020-09-23 15:00:00,412.5
2020-09-23 15:10:00,412.6
2020-09-23 15:20:00,411.9
2020-09-23 15:30:00,410.2
2020-09-23 15:40:00,409.2
2020-09-23 15:50:00,408.7
2020-09-23 16:00:00,409.2
2020-09-23 16:10:00,409.3
2020-09-23 16:20:00,409.4
2020-09-23 16:30:00,409.8
2020-09-23 16:40:00,409.4
2020-09-23 16:50:00,409.3
2020-09-23 17:00:00,409.3
2020-09-23 17:10:00,409.6
2020-09-23 17:20:00,409.8
2020-09-23 17:30:00,410.6
2020-09-23 17:40:00,410.8
2020-09-23 17:50:00,410.5
2020-09-23 18:00:00,411.3
2020-09-23 18:10:00,412.4
2020-09-23 18:20:00,414.4
2020-09-23 18:30:00,413.7
2020-09-23 18:40:00,412.0
2020-09-23 18:50:00,413.0
2020-09-23 19:00:00,414.5
2020-09-23 19:10:00,417.5
2020-09-23 19:20:00,416.2
2020-09-23 19:30:00,416.5
2020-09-23 19:40:00,416.5
2020-09-23 19:50:00,415.3
2020-09-23 20:00:00,415.9
2020-09-23 20:10:00,414.5
2020-09-23 20:20:00,415.6
2020-09-23 20:30:00,415.9
2020-09-23 20:40:00,415.2
2020-09-23 20:50:00,416.2
2020-09-23 21:00:00,416.8
2020-09-23 21:10:00,415.8
2020-09-23 21:20:00,417.1
2020-09-23 21:30:00,416.7
2020-09-23 21:40:00,415.7
2020-09-23 21:50:00,416.1
2020-09-23 22:00:00,418.9
2020-09-23 22:10:00,417.3
2020-09-23 22:20:00,416.5
2020-09-23 22:30:00,418.4
2020-09-23 22:40:00,419.0
2020-09-23 22:50:00,419.5
2020-09-23 23:00:00,422.7
2020-09-23 23:10:00,423.4
2020-09-23 23:20:00,422.4
2020-09-23 23:30:00,423.3
2020-09-23 23:40:00,429.3
2020-09-23 23:50:00,434.0
2020-09-24 00:00:00,437.4
2020-09-24 00:10:00,439.3
2020-09-24 00:20:00,437.9
2020-09-24 00:30:00,433.1
2020-09-24 00:40:00,431.5
2020-09-24 00:50:00,433.4
2020-09-24 01:00:00,436.0
2020-09-24 01:10:00,436.5
2020-09-24 01:20:00,436.2
2020-09-24 01:30:00,434.4
2020-09-24 01:40:00,432.5
2020-09-24 01:50:00,431.1
2020-09-24 02:00:00,431.7
2020-09-24 02:10:00,432.1
2020-09-24 02:20:00,431.5
2020-09-24 02:30:00,431.2
2020-09-24 02:40:00,433.0
2020-09-24 02:50:00,434.8
2020-09-24 03:00:00,435.4
2020-09-24 03:10:00,434.1
2020-09-24 03:20:00,433.1
2020-09-24 03:30:00,426.6
2020-09-24 03:40:00,430.7
2020-09-24 03:50:00,439.5
2020-09-24 04:00:00,438.2
2020-09-24 04:10:00,438.1
2020-09-24 04:20:00,436.5
2020-09-24 04:30:00,437.7
2020-09-24 04:40:00,431.2
2020-09-24 04:50:00,429.3
2020-09-24 05:00:00,435.0
2020-09-24 05:10:00,427.6
2020-09-24 05:20:00,427.2
2020-09-24 05:30:00,431.2
2020-09-24 05:40:00,425.3
2020-09-24 05:50:00,423.4
2020-09-24 06:00:00,425.7
2020-09-24 06:10:00,427.6
2020-09-24 06:20:00,431.5
2020-09-24 06:30:00,430.9
2020-09-24 06:40:00,425.9
2020-09-24 06:50:00,425.3
2020-09-24 07:00:00,425.7
2020-09-24 07:10:00,426.8
2020-09-24 07:20:00,429.3
2020-09-24 07:30:00,428.2
2020-09-24 07:40:00,427.2
2020-09-24 07:50:00,427.8
2020-09-24 08:00:00,429.0
2020-09-24 08:10:00,427.2
2020-09-24 08:20:00,424.5
2020-09-24 08:30:00,421.7
2020-09-24 08:40:00,420.2
2020-09-24 08:50:00,418.3
2020-09-24 09:00:00,417.7
2020-09-24 09:10:00,416.3
2020-09-24 09:20:00,415.2
2020-09-24 09:30:00,415.0
2020-09-24 09:40:00,414.6
2020-09-24 09:50:00,414.6
2020-09-24 10:00:00,413.7
2020-09-24 10:10:00,413.6
2020-09-24 10:20:00,413.3
2020-09-24 10:30:00,412.7
2020-09-24 10:40:00,412.7
2020-09-24 10:50:00,412.4
2020-09-24 11:00:00,412.0
2020-09-24 11:10:00,411.5
2020-09-24 11:20:00,411.2
2020-09-24 11:30:00,410.1
2020-09-24 11:40:00,409.5
2020-09-24 11:50:00,408.7
2020-09-24 12:00:00,408.8
2020-09-24 12:10:00,408.4
2020-09-24 12:20:00,407.9
2020-09-24 12:30:00,407.8
2020-09-24 12:40:00,408.1
2020-09-24 12:50:00,407.8
2020-09-24 13:00:00,406.5
2020-09-24 13:10:00,406.3
2020-09-24 13:20:00,405.8
2020-09-24 13:30:00,405.4
2020-09-24 13:40:00,405.1
2020-09-24 13:50:00,404.8
2020-09-24 14:00:00,404.3
2020-09-24 14:10:00,404.2
2020-09-24 14:20:00,404.2
2020-09-24 14:30:00,403.9
2020-09-24 14:40:00,403.7
2020-09-24 14:50:00,403.1
2020-09-24 15:00:00,403.4
2020-09-24 15:10:00,403.5
2020-09-24 15:20:00,403.3
2020-09-24 15:30:00,403.3
2020-09-24 15:40:00,403.4
2020-09-24 15:50:00,403.2
2020-09-24 16:00:00,403.2
2020-09-24 16:10:00,403.7
2020-09-24 16:20:00,403.5
2020-09-24 16:30:00,403.7
2020-09-24 16:40:00,403.7
2020-09-24 16:50:00,403.6
2020-09-24 17:00:00,403.6
2020-09-24 17:10:00,403.3
2020-09-24 17:20:00,403.3
2020-09-24 17:30:00,403.7
2020-09-24 17:40:00,404.0
2020-09-24 17:50:00,404.4
2020-09-24 18:00:00,404.8
2020-09-24 18:10:00,406.2
2020-09-24 18:20:00,406.6
2020-09-24 18:30:00,406.1
2020-09-24 18:40:00,406.3
2020-09-24 18:50:00,406.6
2020-09-24 19:00:00,406.4
2020-09-24 19:10:00,406.6
2020-09-24 19:20:00,407.3
2020-09-24 19:30:00,410.8
2020-09-24 19:40:00,409.4
2020-09-24 19:50:00,412.3
2020-09-24 20:00:00,413.4
2020-09-24 20:10:00,413.5
2020-09-24 20:20:00,413.6
2020-09-24 20:30:00,412.1
2020-09-24 20:40:00,412.7
2020-09-24 20:50:00,413.7
2020-09-24 21:00:00,414.6
2020-09-24 21:10:00,415.0
2020-09-24 21:20:00,416.1
2020-09-24 21:30:00,417.7
2020-09-24 21:40:00,416.2
2020-09-24 21:50:00,415.1
2020-09-24 22:00:00,415.5
2020-09-24 22:10:00,417.1
2020-09-24 22:20:00,417.8
2020-09-24 22:30:00,419.2
2020-09-24 22:40:00,419.2
2020-09-24 22:50:00,419.1
2020-09-24 23:00:00,418.6
2020-09-24 23:10:00,418.2
2020-09-24 23:20:00,418.1
2020-09-24 23:30:00,417.8
2020-09-24 23:40:00,418.9
2020-09-24 23:50:00,419.0
2020-09-25 00:00:00,419.1
2020-09-25 00:10:00,416.0
2020-09-25 00:20:00,414.6
2020-09-25 00:30:00,414.6
2020-09-25 00:40:00,417.5
2020-09-25 00:50:00,417.9
2020-09-25 01:00:00,416.1
2020-09-25 01:10:00,416.0
2020-09-25 01:20:00,415.5
2020-09-25 01:30:00,416.2
2020-09-25 01:40:00,415.5
2020-09-25 01:50:00,417.5
2020-09-25 02:00:00,418.3
2020-09-25 02:10:00,417.5
2020-09-25 02:20:00,418.6
2020-09-25 02:30:00,420.7
2020-09-25 02:40:00,420.1
2020-09-25 02:50:00,419.7
2020-09-25 03:00:00,418.1
2020-09-25 03:10:00,417.6
2020-09-25 03:20:00,418.6
2020-09-25 03:30:00,419.8
2020-09-25 03:40:00,424.8
2020-09-25 03:50:00,423.8
2020-09-25 04:00:00,425.9
2020-09-25 04:10:00,426.9
2020-09-25 04:20:00,428.2
2020-09-25 04:30:00,429.9
2020-09-25 04:40:00,430.9
2020-09-25 04:50:00,430.7
2020-09-25 05:00:00,428.4
2020-09-25 05:10:00,425.6
2020-09-25 05:20:00,425.5
2020-09-25 05:30:00,424.8
2020-09-25 05:40:00,425.0
2020-09-25 05:50:00,427.7
2020-09-25 06:00:00,428.8
2020-09-25 06:10:00,427.6
2020-09-25 06:20:00,427.7
2020-09-25 06:30:00,428.2
2020-09-25 06:40:00,428.3
2020-09-25 06:50:00,428.0
2020-09-25 07:00:00,428.3
2020-09-25 07:10:00,428.8
2020-09-25 07:20:00,428.0
2020-09-25 07:30:00,433.7
2020-09-25 07:40:00,431.8
2020-09-25 07:50:00,431.2
2020-09-25 08:00:00,422.5
2020-09-25 08:10:00,418.3
2020-09-25 08:20:00,415.5
2020-09-25 08:30:00,413.7
2020-09-25 08:40:00,412.4
2020-09-25 08:50:00,409.9
2020-09-25 09:00:00,408.1
2020-09-25 09:10:00,406.9
2020-09-25 09:20:00,405.8
2020-09-25 09:30:00,406.0
2020-09-25 09:40:00,405.7
2020-09-25 09:50:00,405.9
2020-09-25 10:00:00,406.0
2020-09-25 10:10:00,405.9
2020-09-25 10:20:00,405.5
2020-09-25 10:30:00,405.4
2020-09-25 10:40:00,405.1
2020-09-25 10:50:00,405.8
2020-09-25 11:00:00,405.1
2020-09-25 11:10:00,405.5
2020-09-25 11:20:00,405.5
2020-09-25 11:30:00,405.3
2020-09-25 11:40:00,405.4
2020-09-25 11:50:00,405.3
2020-09-25 12:00:00,405.2
2020-09-25 12:10:00,405.0
2020-09-25 12:20:00,403.8
2020-09-25 12:30:00,404.2
2020-09-25 12:40:00,403.7
2020-09-25 12:50:00,403.1
2020-09-25 13:00:00,403.2
2020-09-25 13:10:00,403.0
2020-09-25 13:20:00,403.5
2020-09-25 13:30:00,403.3
2020-09-25 13:40:00,402.8
2020-09-25 13:50:00,402.6
2020-09-25 14:00:00,402.0
2020-09-25 14:10:00,401.4
2020-09-25 14:20:00,401.5636208894797
2020-09-25 14:30:00,401.44529144365646
2020-09-25 14:40:00,401.3591846700903
2020-09-25 14:50:00,401.30447428501446
2020-09-25 15:00:00,401.28033400466205
2020-09-25 15:10:00,401.2859375452662
2020-09-25 15:20:00,401.32045862306023
2020-09-25 15:30:00,401.38307095427723
2020-09-25 15:40:00,401.47294825515036
2020-09-25 15:50:00,401.5892642419128
2020-09-25 16:00:00,401.73119263079775
2020-09-25 16:10:00,401.8979071380384
2020-09-25 16:20:00,402.0885814798679
2020-09-25 16:30:00,402.3023893725195
2020-09-25 16:40:00,402.5385045322263
2020-09-25 16:50:00,402.79610067522145
2020-09-25 17:00:00,403.0743515177382
2020-09-25 17:10:00,403.3724307760097
2020-09-25 17:20:00,403.68951216626914
2020-09-25 17:30:00,404.0247694047497
2020-09-25 17:40:00,404.3773762076845
2020-09-25 17:50:00,404.7465062913068
2020-09-25 18:00:00,405.13133337184973
2020-09-25 18:10:00,405.5310311655465
2020-09-25 18:20:00,405.9447733886302
2020-09-25 18:30:00,406.37173375733414
2020-09-25 18:40:00,406.8110859878914
2020-09-25 18:50:00,407.26200379653517
2020-09-25 19:00:00,407.72366089949867
2020-09-25 19:10:00,408.1952310130151
2020-09-25 19:20:00,408.67588785331753
2020-09-25 19:30:00,409.1648051366392
2020-09-25 19:40:00,409.6611565792133
2020-09-25 19:50:00,410.164115897273
2020-09-25 20:00:00,410.6728568070515
2020-09-25 20:10:00,411.1865530247819
2020-09-25 20:20:00,411.70437826669746
2020-09-25 20:30:00,412.2255062490313
2020-09-25 20:40:00,412.74911068801663
2020-09-25 20:50:00,413.2743652998866
2020-09-25 21:00:00,413.80044380087446
2020-09-25 21:10:00,414.3265199072133
2020-09-25 21:20:00,414.8517673351364
2020-09-25 21:30:00,415.3753598008768
2020-09-25 21:40:00,415.89647102066783
2020-09-25 21:50:00,416.4142747107426
2020-09-25 22:00:00,416.9279445873342
2020-09-25 22:10:00,417.4366543666759
2020-09-25 22:20:00,417.9395777650009
2020-09-25 22:30:00,418.4358884985423
2020-09-25 22:40:00,419.2
2020-09-25 22:50:00,419.6
2020-09-25 23:00:00,419.3
2020-09-25 23:10:00,419.2
2020-09-25 23:20:00,419.2
2020-09-25 23:30:00,421.8
2020-09-25 23:40:00,423.8
2020-09-25 23:50:00,424.0
2020-09-26 00:00:00,422.3
2020-09-26 00:10:00,424.3
2020-09-26 00:20:00,424.7
2020-09-26 00:30:00,424.6
2020-09-26 00:40:00,425.1
2020-09-26 00:50:00,425.8
2020-09-26 01:00:00,425.0
2020-09-26 01:10:00,425.6
2020-09-26 01:20:00,427.7
2020-09-26 01:30:00,426.8
2020-09-26 01:40:00,423.0
2020-09-26 01:50:00,424.1
2020-09-26 02:00:00,425.7
2020-09-26 02:10:00,424.9
2020-09-26 02:20:00,423.5
2020-09-26 02:30:00,425.0
2020-09-26 02:40:00,427.1
2020-09-26 02:50:00,428.7
2020-09-26 03:00:00,429.0
2020-09-26 03:10:00,429.7
2020-09-26 03:20:00,430.6
2020-09-26 03:30:00,430.4
2020-09-26 03:40:00,430.0
2020-09-26 03:50:00,430.0
2020-09-26 04:00:00,430.4
2020-09-26 04:10:00,430.5
2020-09-26 04:20:00,427.9
2020-09-26 04:30:00,427.9
2020-09-26 04:40:00,428.9
2020-09-26 04:50:00,430.6
2020-09-26 05:00:00,430.8
2020-09-26 05:10:00,430.9
2020-09-26 05:20:00,430.9
2020-09-26 05:30:00,433.2
2020-09-26 05:40:00,434.5
2020-09-26 05:50:00,435.4
2020-09-26 06:00:00,434.5
2020-09-26 06:10:00,433.9
2020-09-26 06:20:00,434.4
2020-09-26 06:30:00,433.9
2020-09-26 06:40:00,435.2
2020-09-26 06:50:00,435.9
2020-09-26 07:00:00,437.8
2020-09-26 07:10:00,436.9
2020-09-26 07:20:00,436.6
2020-09-26 07:30:00,436.4
2020-09-26 07:40:00,436.5
2020-09-26 07:50:00,436.8
2020-09-26 08:00:00,436.2
2020-09-26 08:10:00,435.3
2020-09-26 08:20:00,435.3
2020-09-26 08:30:00,435.4
2020-09-26 08:40:00,435.7
2020-09-26 08:50:00,435.0
2020-09-26 09:00:00,434.0
2020-09-26 09:10:00,435.2
2020-09-26 09:20:00,433.7
2020-09-26 09:30:00,432.2
2020-09-26 09:40:00,431.6
2020-09-26 09:50:00,430.4
2020-09-26 10:00:00,429.2
2020-09-26 10:10:00,424.9
2020-09-26 10:20:00,425.5
2020-09-26 10:30:00,425.6
2020-09-26 10:40:00,425.3
2020-09-26 10:50:00,419.6
2020-09-26 11:00:00,416.9
2020-09-26 11:10:00,415.9
2020-09-26 11:20:00,415.6
2020-09-26 11:30:00,415.3
2020-09-26 11:40:00,415.0
2020-09-26 11:50:00,414.7
2020-09-26 12:00:00,412.8
2020-09-26 12:10:00,411.5
2020-09-26 12:20:00,410.8
2020-09-26 12:30:00,410.7
2020-09-26 12:40:00,409.8
2020-09-26 12:50:00,409.3
2020-09-26 13:00:00,409.1
2020-09-26 13:10:00,409.0
2020-09-26 13:20:00,408.8
2020-09-26 13:30:00,408.8
2020-09-26 13:40:00,408.8
2020-09-26 13:50:00,408.9
2020-09-26 14:00:00,409.0
2020-09-26 14:10:00,409.6
2020-09-26 14:20:00,409.8
2020-09-26 14:30:00,410.2
2020-09-26 14:40:00,410.1
2020-09-26 14:50:00,410.1
2020-09-26 15:00:00,410.2
2020-09-26 15:10:00,410.1
2020-09-26 15:20:00,409.7
2020-09-26 15:30:00,409.9
2020-09-26 15:40:00,410.4
2020-09-26 15:50:00,409.7
2020-09-26 16:00:00,408.7
2020-09-26 16:10:00,408.8
2020-09-26 16:20:00,409.0
2020-09-26 16:30:00,409.0
2020-09-26 16:40:00,409.1
2020-09-26 16:50:00,409.0
2020-09-26 17:00:00,409.0
2020-09-26 17:10:00,408.7
2020-09-26 17:20:00,408.6
2020-09-26 17:30:00,409.0
2020-09-26 17:40:00,409.0
2020-09-26 17:50:00,409.7
2020-09-26 18:00:00,409.9
2020-09-26 18:10:00,410.0
2020-09-26 18:20:00,409.5
2020-09-26 18:30:00,409.7
2020-09-26 18:40:00,409.4
2020-09-26 18:50:00,410.3
2020-09-26 19:00:00,410.0
2020-09-26 19:10:00,410.2
2020-09-26 19:20:00,411.4
2020-09-26 19:30:00,411.9
2020-09-26 19:40:00,411.8
2020-09-26 19:50:00,412.1
2020-09-26 20:00:00,411.6
2020-09-26 20:10:00,411.5
2020-09-26 20:20:00,411.8
2020-09-26 20:30:00,412.4
2020-09-26 20:40:00,412.3
2020-09-26 20:50:00,412.9
2020-09-26 21:00:00,414.0
2020-09-26 21:10:00,415.3
2020-09-26 21:20:00,415.0
2020-09-26 21:30:00,414.1
2020-09-26 21:40:00,415.5
2020-09-26 21:50:00,416.8
2020-09-26 22:00:00,416.9
2020-09-26 22:10:00,415.3
2020-09-26 22:20:00,414.1
2020-09-26 22:30:00,413.9
2020-09-26 22:40:00,414.2
2020-09-26 22:50:00,414.2
2020-09-26 23:00:00,415.6
2020-09-26 23:10:00,416.7
2020-09-26 23:20:00,418.2
2020-09-26 23:30:00,418.9
2020-09-26 23:40:00,418.8
2020-09-26 23:50:00,419.80225266100484
2020-09-27 00:00:00,420.5642225104839
2020-09-27 00:10:00,421.34533858769
2020-09-27 00:20:00,422.14343766547626
2020-09-27 00:30:00,422.9563565166959
2020-09-27 00:40:00,423.78193191420206
2020-09-27 00:50:00,424.6180006308479
2020-09-27 01:00:00,425.46239943948666
2020-09-27 01:10:00,426.3129651129714
2020-09-27 01:20:00,427.1675344241554
2020-09-27 01:30:00,428.02394414589173
2020-09-27 01:40:00,428.8800310510336
2020-09-27 01:50:00,429.73363191243413
2020-09-27 02:00:00,430.58258350294653
2020-09-27 02:10:00,431.424722595424
2020-09-27 02:20:00,432.25788596271957
2020-09-27 02:30:00,433.07991037768653
2020-09-27 02:40:00,433.888632613178
2020-09-27 02:50:00,434.6818894420472
2020-09-27 03:00:00,435.4575176371472
2020-09-27 03:10:00,436.21335397133123
2020-09-27 03:20:00,436.94723521745243
2020-09-27 03:30:00,437.656998148364
2020-09-27 03:40:00,438.3404795369191
2020-09-27 03:50:00,438.99551615597085
2020-09-27 04:00:00,439.6199447783724
2020-09-27 04:10:00,440.211602176977
2020-09-27 04:20:00,440.7683251246378
2020-09-27 04:30:00,441.28795039420794
2020-09-27 04:40:00,441.76831475854055
2020-09-27 04:50:00,442.2072549904889
2020-09-27 05:00:00,442.602607862906
2020-09-27 05:10:00,442.9522101486451
2020-09-27 05:20:00,443.2538986205594
2020-09-27 05:30:00,443.50551005150203
2020-09-27 05:40:00,443.7048812143262
2020-09-27 05:50:00,443.849848881885
2020-09-27 06:00:00,443.93824982703165
2020-09-27 06:10:00,443.9679208226193
2020-09-27 06:20:00,443.9366986415011
2020-09-27 06:30:00,443.8424200565302
2020-09-27 06:40:00,443.68292184055986
2020-09-27 06:50:00,443.45604076644315
2020-09-27 07:00:00,443.15961360703324
2020-09-27 07:10:00,442.79147713518336
2020-09-27 07:20:00,442.3494681237466
2020-09-27 07:30:00,441.8314233455762
2020-09-27 07:40:00,441.2351795735252
2020-09-27 07:50:00,440.55857358044693
2020-09-27 08:00:00,439.79944213919447
2020-09-27 08:10:00,439.1
2020-09-27 08:20:00,437.3
2020-09-27 08:30:00,436.8
2020-09-27 08:40:00,437.6
2020-09-27 08:50:00,436.5
2020-09-27 09:00:00,434.1
2020-09-27 09:10:00,429.2
2020-09-27 09:20:00,427.0
2020-09-27 09:30:00,425.1
2020-09-27 09:40:00,424.0
2020-09-27 09:50:00,424.0
2020-09-27 10:00:00,425.0
2020-09-27 10:10:00,424.9
2020-09-27 10:20:00,424.8
2020-09-27 10:30:00,425.0
2020-09-27 10:40:00,424.7
2020-09-27 10:50:00,420.9
2020-09-27 11:00:00,418.5
2020-09-27 11:10:00,413.4
2020-09-27 11:20:00,410.9
2020-09-27 11:30:00,409.5
2020-09-27 11:40:00,408.5
2020-09-27 11:50:00,407.6
2020-09-27 12:00:00,406.9
2020-09-27 12:10:00,406.6
2020-09-27 12:20:00,406.3
2020-09-27 12:30:00,406.2
2020-09-27 12:40:00,405.5
2020-09-27 12:50:00,405.0
2020-09-27 13:00:00,405.2
2020-09-27 13:10:00,404.7
2020-09-27 13:20:00,404.4
2020-09-27 13:30:00,404.4
2020-09-27 13:40:00,404.3
2020-09-27 13:50:00,404.1
2020-09-27 14:00:00,404.6
2020-09-27 14:10:00,404.5
2020-09-27 14:20:00,404.4
2020-09-27 14:30:00,404.6
2020-09-27 14:40:00,404.2
2020-09-27 14:50:00,404.0
2020-09-27 15:00:00,403.7
2020-09-27 15:10:00,403.7
2020-09-27 15:20:00,403.6
2020-09-27 15:30:00,403.4
2020-09-27 15:40:00,403.3
2020-09-27 15:50:00,403.4
2020-09-27 16:00:00,402.8
2020-09-27 16:10:00,402.8
2020-09-27 16:20:00,403.0
2020-09-27 16:30:00,403.1
2020-09-27 16:40:00,403.6
2020-09-27 16:50:00,403.3
2020-09-27 17:00:00,403.7
2020-09-27 17:10:00,403.8
2020-09-27 17:20:00,404.0
2020-09-27 17:30:00,404.3
2020-09-27 17:40:00,404.2
2020-09-27 17:50:00,403.9
2020-09-27 18:00:00,403.8
2020-09-27 18:10:00,405.0
2020-09-27 18:20:00,406.5
2020-09-27 18:30:00,406.5
2020-09-27 18:40:00,407.7
2020-09-27 18:50:00,408.7
2020-09-27 19:00:00,408.0
2020-09-27 19:10:00,408.1
2020-09-27 19:20:00,416.5
2020-09-27 19:30:00,419.8
2020-09-27 19:40:00,417.5
2020-09-27 19:50:00,411.3
2020-09-27 20:00:00,414.7
2020-09-27 20:10:00,415.5
2020-09-27 20:20:00,413.8
2020-09-27 20:30:00,413.2
2020-09-27 20:40:00,416.4
2020-09-27 20:50:00,419.6
2020-09-27 21:00:00,422.5
2020-09-27 21:10:00,422.7
2020-09-27 21:20:00,422.9
2020-09-27 21:30:00,421.6
2020-09-27 21:40:00,423.0
2020-09-27 21:50:00,422.7
2020-09-27 22:00:00,422.5
2020-09-27 22:10:00,422.8
2020-09-27 22:20:00,423.1
2020-09-27 22:30:00,423.8
2020-09-27 22:40:00,424.6
2020-09-27 22:50:00,422.2
2020-09-27 23:00:00,421.4
2020-09-27 23:10:00,422.4
2020-09-27 23:20:00,420.2
2020-09-27 23:30:00,420.3
2020-09-27 23:40:00,423.2
2020-09-27 23:50:00,423.7
2020-09-28 00:00:00,421.1
2020-09-28 00:10:00,427.7
2020-09-28 00:20:00,428.9
2020-09-28 00:30:00,425.6
2020-09-28 00:40:00,426.7
2020-09-28 00:50:00,429.6
2020-09-28 01:00:00,438.0
2020-09-28 01:10:00,438.3
2020-09-28 01:20:00,441.0
2020-09-28 01:30:00,439.4
2020-09-28 01:40:00,433.7
2020-09-28 01:50:00,441.0
2020-09-28 02:00:00,449.2
2020-09-28 02:10:00,444.1
2020-09-28 02:20:00,442.9
2020-09-28 02:30:00,444.2
2020-09-28 02:40:00,446.9
2020-09-28 02:50:00,447.6
2020-09-28 03:00:00,445.1
2020-09-28 03:10:00,445.6
2020-09-28 03:20:00,446.5
2020-09-28 03:30:00,446.8
2020-09-28 03:40:00,447.2
2020-09-28 03:50:00,446.9
2020-09-28 04:00:00,445.7
2020-09-28 04:10:00,444.5
2020-09-28 04:20:00,444.5
2020-09-28 04:30:00,445.4
2020-09-28 04:40:00,446.3
2020-09-28 04:50:00,446.6
2020-09-28 05:00:00,445.3
2020-09-28 05:10:00,445.5
2020-09-28 05:20:00,446.8
2020-09-28 05:30:00,447.2
2020-09-28 05:40:00,447.4
2020-09-28 05:50:00,448.2
2020-09-28 06:00:00,449.1
2020-09-28 06:10:00,449.3
2020-09-28 06:20:00,449.5
2020-09-28 06:30:00,449.3
2020-09-28 06:40:00,449.0
2020-09-28 06:50:00,448.6
2020-09-28 07:00:00,448.5
2020-09-28 07:10:00,449.2
2020-09-28 07:20:00,449.4
2020-09-28 07:30:00,449.6
2020-09-28 07:40:00,451.0
2020-09-28 07:50:00,458.0
2020-09-28 08:00:00,451.2
2020-09-28 08:10:00,445.1
2020-09-28 08:20:00,444.3
2020-09-28 08:30:00,444.1
2020-09-28 08:40:00,441.7
2020-09-28 08:50:00,439.5
2020-09-28 09:00:00,440.7
2020-09-28 09:10:00,441.3
2020-09-28 09:20:00,439.5
2020-09-28 09:30:00,437.1
2020-09-28 09:40:00,434.3
2020-09-28 09:50:00,435.1
2020-09-28 10:00:00,433.8
2020-09-28 10:10:00,432.6
2020-09-28 10:20:00,431.3
2020-09-28 10:30:00,428.6
2020-09-28 10:40:00,426.9
2020-09-28 10:50:00,423.9
2020-09-28 11:00:00,419.9
2020-09-28 11:10:00,416.6
2020-09-28 11:20:00,415.5
2020-09-28 11:30:00,419.5
2020-09-28 11:40:00,413.0
2020-09-28 11:50:00,411.6
2020-09-28 12:00:00,411.7
2020-09-28 12:10:00,409.8447664635827
2020-09-28 12:20:00,408.5588357523457
2020-09-28 12:30:00,407.3393381024898
2020-09-28 12:40:00,406.18590558138675
2020-09-28 12:50:00,405.09817025640814
2020-09-28 13:00:00,404.07576419492574
2020-09-28 13:10:00,403.11831946431124
2020-09-28 13:20:00,402.22546813193634
2020-09-28 13:30:00,401.3968422651727
2020-09-28 13:40:00,400.63207393139214
2020-09-28 13:50:00,399.9307951979663
2020-09-28 14:00:00,399.29263813226686
2020-09-28 14:10:00,398.71723480166554
2020-09-28 14:20:00,398.204217273534
2020-09-28 14:30:00,397.75321761524407
2020-09-28 14:40:00,397.3638678941673
2020-09-28 14:50:00,397.03580017767547
2020-09-28 15:00:00,396.7686465331403
2020-09-28 15:10:00,396.5620390279335
2020-09-28 15:20:00,396.4156097294267
2020-09-28 15:30:00,396.32899070499167
2020-09-28 15:40:00,396.3018140220001
2020-09-28 15:50:00,396.33371174782366
2020-09-28 16:00:00,396.42431594983407
2020-09-28 16:10:00,396.57325869540307
2020-09-28 16:20:00,396.78017205190235
2020-09-28 16:30:00,397.04468808670356
2020-09-28 16:40:00,397.36643886717843
2020-09-28 16:50:00,397.74505646069866
2020-09-28 17:00:00,398.180172934636
2020-09-28 17:10:00,398.6714203563621
2020-09-28 17:20:00,399.2184307932487
2020-09-28 17:30:00,399.8208363126675
2020-09-28 17:40:00,400.4782689819902
2020-09-28 17:50:00,401.1903608685885
2020-09-28 18:00:00,401.95674403983406
2020-09-28 18:10:00,402.77705056309856
2020-09-28 18:20:00,403.6509125057538
2020-09-28 18:30:00,404.57796193517146
2020-09-28 18:40:00,405.5578309187232
2020-09-28 18:50:00,406.59015152378083
2020-09-28 19:00:00,407.67455581771594
2020-09-28 19:10:00,408.81067586790033
2020-09-28 19:20:00,409.9981437417056
2020-09-28 19:30:00,411.2365915065035
2020-09-28 19:40:00,412.5256512296657
2020-09-28 19:50:00,413.86495497856396
2020-09-28 20:00:00,415.2541348205699
2020-09-28 20:10:00,416.6928228230554
2020-09-28 20:20:00,418.180651053392
2020-09-28 20:30:00,417.5
2020-09-28 20:40:00,423.8
2020-09-28 20:50:00,424.3
2020-09-28 21:00:00,428.1
2020-09-28 21:10:00,428.2
2020-09-28 21:20:00,426.1
2020-09-28 21:30:00,424.2
2020-09-28 21:40:00,428.9
2020-09-28 21:50:00,436.3
2020-09-28 22:00:00,431.9
2020-09-28 22:10:00,431.9
2020-09-28 22:20:00,437.5
2020-09-28 22:30:00,438.0
2020-09-28 22:40:00,438.9
2020-09-28 22:50:00,429.3
2020-09-28 23:00:00,436.5
2020-09-28 23:10:00,437.2
2020-09-28 23:20:00,437.2
2020-09-28 23:30:00,437.4
2020-09-28 23:40:00,436.4
2020-09-28 23:50:00,437.6
2020-09-29 00:00:00,438.2
2020-09-29 00:10:00,442.0
2020-09-29 00:20:00,441.3
2020-09-29 00:30:00,439.7
2020-09-29 00:40:00,443.2
2020-09-29 00:50:00,445.3
2020-09-29 01:00:00,445.0
2020-09-29 01:10:00,444.6
2020-09-29 01:20:00,444.7
2020-09-29 01:30:00,447.1
2020-09-29 01:40:00,446.9
2020-09-29 01:50:00,446.6
2020-09-29 02:00:00,449.6
2020-09-29 02:10:00,450.4
2020-09-29 02:20:00,454.1
2020-09-29 02:30:00,450.1
2020-09-29 02:40:00,448.1
2020-09-29 02:50:00,449.4
2020-09-29 03:00:00,450.0
2020-09-29 03:10:00,449.4
2020-09-29 03:20:00,448.3
2020-09-29 03:30:00,446.4
2020-09-29 03:40:00,444.1
2020-09-29 03:50:00,441.3
2020-09-29 04:00:00,439.7
2020-09-29 04:10:00,443.3
2020-09-29 04:20:00,444.5
2020-09-29 04:30:00,444.3
2020-09-29 04:40:00,449.0
2020-09-29 04:50:00,450.6
2020-09-29 05:00:00,450.3
2020-09-29 05:10:00,448.3
2020-09-29 05:20:00,452.9
2020-09-29 05:30:00,443.3
2020-09-29 05:40:00,446.3
2020-09-29 05:50:00,451.6
2020-09-29 06:00:00,449.2
2020-09-29 06:10:00,443.0
2020-09-29 06:20:00,446.8
2020-09-29 06:30:00,454.2
2020-09-29 06:40:00,458.2
2020-09-29 06:50:00,455.5
2020-09-29 07:00:00,451.2
2020-09-29 07:10:00,454.9
2020-09-29 07:20:00,456.7
2020-09-29 07:30:00,454.9
2020-09-29 07:40:00,456.0
2020-09-29 07:50:00,457.4
2020-09-29 08:00:00,459.7
2020-09-29 08:10:00,457.8
2020-09-29 08:20:00,458.3
2020-09-29 08:30:00,459.2
2020-09-29 08:40:00,459.7
2020-09-29 08:50:00,461.5
2020-09-29 09:00:00,455.9
2020-09-29 09:10:00,454.4
2020-09-29 09:20:00,446.2
2020-09-29 09:30:00,443.5
2020-09-29 09:40:00,449.5
2020-09-29 09:50:00,443.3
2020-09-29 10:00:00,442.6
2020-09-29 10:10:00,440.5
2020-09-29 10:20:00,442.0
2020-09-29 10:30:00,439.6
2020-09-29 10:40:00,424.3
2020-09-29 10:50:00,422.6
2020-09-29 11:00:00,423.0
2020-09-29 11:10:00,420.8
2020-09-29 11:20:00,420.2
2020-09-29 11:30:00,420.2
2020-09-29 11:40:00,415.7
2020-09-29 11:50:00,414.8
2020-09-29 12:00:00,413.7
2020-09-29 12:10:00,412.9
2020-09-29 12:20:00,412.3
2020-09-29 12:30:00,410.4
2020-09-29 12:40:00,409.1
2020-09-29 12:50:00,409.2
2020-09-29 13:00:00,409.4
2020-09-29 13:10:00,406.4
2020-09-29 13:20:00,404.1
2020-09-29 13:30:00,404.7
2020-09-29 13:40:00,403.9
2020-09-29 13:50:00,402.6
2020-09-29 14:00:00,402.4
2020-09-29 14:10:00,402.4
2020-09-29 14:20:00,402.1
2020-09-29 14:30:00,401.4
2020-09-29 14:40:00,402.5
2020-09-29 14:50:00,402.9
2020-09-29 15:00:00,402.9
2020-09-29 15:10:00,403.3
2020-09-29 15:20:00,403.1
2020-09-29 15:30:00,402.8
2020-09-29 15:40:00,403.1
2020-09-29 15:50:00,403.5
2020-09-29 16:00:00,403.6
2020-09-29 16:10:00,403.8
2020-09-29 16:20:00,404.1
2020-09-29 16:30:00,404.6
2020-09-29 16:40:00,406.1
2020-09-29 16:50:00,407.5
2020-09-29 17:00:00,408.0
2020-09-29 17:10:00,408.6
2020-09-29 17:20:00,409.2
2020-09-29 17:30:00,409.5
2020-09-29 17:40:00,410.0
2020-09-29 17:50:00,410.4
2020-09-29 18:00:00,411.0
2020-09-29 18:10:00,411.7
2020-09-29 18:20:00,412.8
2020-09-29 18:30:00,415.1
2020-09-29 18:40:00,413.9
2020-09-29 18:50:00,420.5
2020-09-29 19:00:00,415.9
2020-09-29 19:10:00,413.6
2020-09-29 19:20:00,412.5
2020-09-29 19:30:00,412.1
2020-09-29 19:40:00,414.1
2020-09-29 19:50:00,416.9
2020-09-29 20:00:00,419.9
2020-09-29 20:10:00,425.0
2020-09-29 20:20:00,433.1
2020-09-29 20:30:00,434.0
2020-09-29 20:40:00,430.9
2020-09-29 20:50:00,429.6
2020-09-29 21:00:00,426.3
2020-09-29 21:10:00,423.2
2020-09-29 21:20:00,423.4
2020-09-29 21:30:00,426.3
2020-09-29 21:40:00,432.0
2020-09-29 21:50:00,433.7
2020-09-29 22:00:00,435.6
2020-09-29 22:10:00,432.3
2020-09-29 22:20:00,435.7
2020-09-29 22:30:00,439.2
2020-09-29 22:40:00,436.2
2020-09-29 22:50:00,439.0
2020-09-29 23:00:00,440.9
2020-09-29 23:10:00,441.3
2020-09-29 23:20:00,443.0
2020-09-29 23:30:00,443.0
2020-09-29 23:40:00,441.9
2020-09-29 23:50:00,438.0
2020-09-30 00:00:00,441.9
2020-09-30 00:10:00,450.3
2020-09-30 00:20:00,445.2
2020-09-30 00:30:00,443.1
2020-09-30 00:40:00,452.4
2020-09-30 00:50:00,453.9
2020-09-30 01:00:00,446.5
2020-09-30 01:10:00,445.8
2020-09-30 01:20:00,448.2
2020-09-30 01:30:00,456.3
2020-09-30 01:40:00,455.9
2020-09-30 01:50:00,456.5
2020-09-30 02:00:00,454.3
2020-09-30 02:10:00,455.3
2020-09-30 02:20:00,459.1
2020-09-30 02:30:00,460.4
2020-09-30 02:40:00,460.2
2020-09-30 02:50:00,463.0
2020-09-30 03:00:00,463.3068326336351
2020-09-30 03:10:00,464.2386412332565
2020-09-30 03:20:00,465.1083058804794
2020-09-30 03:30:00,465.9166790311089
2020-09-30 03:40:00,466.66461314095
2020-09-30 03:50:00,467.35296066580764
2020-09-30 04:00:00,467.98257406148684
2020-09-30 04:10:00,468.5543057837926
2020-09-30 04:20:00,469.0690082885299
2020-09-30 04:30:00,469.5275340315038
2020-09-30 04:40:00,469.9307354685193
2020-09-30 04:50:00,470.2794650553813
2020-09-30 05:00:00,470.5745752478949
2020-09-30 05:10:00,470.8169185018651
2020-09-30 05:20:00,471.0073472730968
2020-09-30 05:30:00,471.1467140173951
2020-09-30 05:40:00,471.2358711905649
2020-09-30 05:50:00,471.2756712484113
2020-09-30 06:00:00,471.2669666467392
2020-09-30 06:10:00,471.2106098413537
2020-09-30 06:20:00,471.10745328805973
2020-09-30 06:30:00,470.9583494426623
2020-09-30 06:40:00,470.76415076096646
2020-09-30 06:50:00,470.5257096987772
2020-09-30 07:00:00,470.2438787118994
2020-09-30 07:10:00,469.9195102561382
2020-09-30 07:20:00,469.55345678729856
2020-09-30 07:30:00,469.14657076118544
2020-09-30 07:40:00,468.6997046336039
2020-09-30 07:50:00,468.2137108603589
2020-09-30 08:00:00,467.68944189725545
2020-09-30 08:10:00,467.12775020009855
2020-09-30 08:20:00,466.5294882246931
2020-09-30 08:30:00,465.89550842684423
2020-09-30 08:40:00,465.2266632623569
2020-09-30 08:50:00,464.52380518703615
2020-09-30 09:00:00,463.78778665668693
2020-09-30 09:10:00,463.01946012711426
2020-09-30 09:20:00,462.21967805412305
2020-09-30 09:30:00,461.3892928935184
2020-09-30 09:40:00,460.5291571011052
2020-09-30 09:50:00,459.6401231326886
2020-09-30 10:00:00,458.7230434440735
2020-09-30 10:10:00,457.77877049106496
2020-09-30 10:20:00,456.8081567294679
2020-09-30 10:30:00,455.8120546150874
2020-09-30 10:40:00,454.79131660372843
2020-09-30 10:50:00,453.74679515119607
2020-09-30 11:00:00,452.6793427132951
2020-09-30 11:10:00,451.5898117458307
2020-09-30 11:20:00,449.6
2020-09-30 11:30:00,450.5
2020-09-30 11:40:00,449.3
2020-09-30 11:50:00,447.7
2020-09-30 12:00:00,446.1
2020-09-30 12:10:00,440.4
2020-09-30 12:20:00,442.0
2020-09-30 12:30:00,443.1
2020-09-30 12:40:00,442.0
2020-09-30 12:50:00,439.4
2020-09-30 13:00:00,440.8
2020-09-30 13:10:00,438.7
2020-09-30 13:20:00,434.6
2020-09-30 13:30:00,432.1
2020-09-30 13:40:00,426.9
2020-09-30 13:50:00,426.2
2020-09-30 14:00:00,427.9
2020-09-30 14:10:00,429.2
2020-09-30 14:20:00,428.3
2020-09-30 14:30:00,423.8
2020-09-30 14:40:00,421.4
2020-09-30 14:50:00,418.9
2020-09-30 15:00:00,418.6
2020-09-30 15:10:00,418.6
2020-09-30 15:20:00,419.6
2020-09-30 15:30:00,419.5
2020-09-30 15:40:00,419.5
2020-09-30 15:50:00,419.4
2020-09-30 16:00:00,419.3
2020-09-30 16:10:00,418.8
2020-09-30 16:20:00,418.7
2020-09-30 16:30:00,418.5
2020-09-30 16:40:00,418.6
2020-09-30 16:50:00,418.9
2020-09-30 17:00:00,419.7
2020-09-30 17:10:00,420.5
2020-09-30 17:20:00,421.6
2020-09-30 17:30:00,423.0
2020-09-30 17:40:00,423.9
2020-09-30 17:50:00,424.8
2020-09-30 18:00:00,424.1
2020-09-30 18:10:00,423.7
2020-09-30 18:20:00,423.4
2020-09-30 18:30:00,422.9
2020-09-30 18:40:00,423.8
2020-09-30 18:50:00,423.7
2020-09-30 19:00:00,424.4
2020-09-30 19:10:00,429.6
2020-09-30 19:20:00,435.9
2020-09-30 19:30:00,434.6
2020-09-30 19:40:00,432.9
2020-09-30 19:50:00,438.2
2020-09-30 20:00:00,444.4
2020-09-30 20:10:00,439.0
2020-09-30 20:20:00,439.7
2020-09-30 20:30:00,448.4
2020-09-30 20:40:00,440.5
2020-09-30 20:50:00,440.4
2020-09-30 21:00:00,450.4
2020-09-30 21:10:00,448.6
2020-09-30 21:20:00,448.7
2020-09-30 21:30:00,452.6
2020-09-30 21:40:00,451.1
2020-09-30 21:50:00,451.5
2020-09-30 22:00:00,449.2
2020-09-30 22:10:00,453.7
2020-09-30 22:20:00,454.1
2020-09-30 22:30:00,453.7
2020-09-30 22:40:00,448.2
2020-09-30 22:50:00,445.3
2020-09-30 23:00:00,446.5
2020-09-30 23:10:00,449.5
2020-09-30 23:20:00,449.6
2020-09-30 23:30:00,458.2
2020-09-30 23:40:00,466.7
2020-09-30 23:50:00,468.7
2020-10-01 00:00:00,469.2
2020-10-01 00:10:00,468.5
2020-10-01 00:20:00,470.9
2020-10-01 00:30:00,476.9
2020-10-01 00:40:00,477.9
2020-10-01 00:50:00,475.7
2020-10-01 01:00:00,485.3
2020-10-01 01:10:00,488.1
2020-10-01 01:20:00,484.6
2020-10-01 01:30:00,480.1
2020-10-01 01:40:00,478.1
2020-10-01 01:50:00,484.8
2020-10-01 02:00:00,486.7
2020-10-01 02:10:00,475.6
2020-10-01 02:20:00,474.6
2020-10-01 02:30:00,467.6
2020-10-01 02:40:00,466.1
2020-10-01 02:50:00,458.2
2020-10-01 03:00:00,461.8
2020-10-01 03:10:00,466.6
2020-10-01 03:20:00,468.3
2020-10-01 03:30:00,468.5
2020-10-01 03:40:00,464.7
2020-10-01 03:50:00,464.0
2020-10-01 04:00:00,465.3
2020-10-01 04:10:00,465.7
2020-10-01 04:20:00,465.6
2020-10-01 04:30:00,466.1
2020-10-01 04:40:00,466.8
2020-10-01 04:50:00,467.3
2020-10-01 05:00:00,467.3
2020-10-01 05:10:00,467.8
2020-10-01 05:20:00,467.9
2020-10-01 05:30:00,468.3
2020-10-01 05:40:00,469.3
2020-10-01 05:50:00,469.9
2020-10-01 06:00:00,469.4
2020-10-01 06:10:00,468.7
2020-10-01 06:20:00,469.6
2020-10-01 06:30:00,469.1
2020-10-01 06:40:00,469.8
2020-10-01 06:50:00,469.6
2020-10-01 07:00:00,469.7
2020-10-01 07:10:00,469.8
2020-10-01 07:20:00,469.6
2020-10-01 07:30:00,469.9
2020-10-01 07:40:00,470.2
2020-10-01 07:50:00,470.6
2020-10-01 08:00:00,470.7
2020-10-01 08:10:00,470.2
2020-10-01 08:20:00,469.8
2020-10-01 08:30:00,468.9
2020-10-01 08:40:00,468.9
2020-10-01 08:50:00,469.1
2020-10-01 09:00:00,467.4
2020-10-01 09:10:00,466.7
2020-10-01 09:20:00,465.6
2020-10-01 09:30:00,464.0
2020-10-01 09:40:00,462.7
2020-10-01 09:50:00,461.7
2020-10-01 10:00:00,460.8
2020-10-01 10:10:00,458.0
2020-10-01 10:20:00,456.0
2020-10-01 10:30:00,455.3
2020-10-01 10:40:00,451.0
2020-10-01 10:50:00,445.5
2020-10-01 11:00:00,443.9
2020-10-01 11:10:00,441.1
2020-10-01 11:20:00,441.4
2020-10-01 11:30:00,439.2
2020-10-01 11:40:00,433.9
2020-10-01 11:50:00,432.2
2020-10-01 12:00:00,429.8
2020-10-01 12:10:00,430.0
2020-10-01 12:20:00,425.4
2020-10-01 12:30:00,420.1
2020-10-01 12:40:00,416.3
2020-10-01 12:50:00,416.5
2020-10-01 13:00:00,413.7
2020-10-01 13:10:00,410.5
2020-10-01 13:20:00,408.5
2020-10-01 13:30:00,406.6
2020-10-01 13:40:00,405.7
2020-10-01 13:50:00,406.0
2020-10-01 14:00:00,406.1
2020-10-01 14:10:00,407.8
2020-10-01 14:20:00,407.0
2020-10-01 14:30:00,408.0
2020-10-01 14:40:00,408.0
2020-10-01 14:50:00,408.0
2020-10-01 15:00:00,407.5
2020-10-01 15:10:00,406.8
2020-10-01 15:20:00,406.1
2020-10-01 15:30:00,405.8
2020-10-01 15:40:00,405.4
2020-10-01 15:50:00,405.1
2020-10-01 16:00:00,403.8
2020-10-01 16:10:00,403.5
2020-10-01 16:20:00,403.3
2020-10-01 16:30:00,404.6
2020-10-01 16:40:00,405.5
2020-10-01 16:50:00,406.9
2020-10-01 17:00:00,407.6
2020-10-01 17:10:00,407.8
2020-10-01 17:20:00,408.9
2020-10-01 17:30:00,409.5
2020-10-01 17:40:00,409.8
2020-10-01 17:50:00,410.5
2020-10-01 18:00:00,411.5
2020-10-01 18:10:00,412.1
2020-10-01 18:20:00,412.6
2020-10-01 18:30:00,414.4
2020-10-01 18:40:00,421.7
2020-10-01 18:50:00,420.2
2020-10-01 19:00:00,421.8
2020-10-01 19:10:00,429.6
2020-10-01 19:20:00,425.2
2020-10-01 19:30:00,425.4
2020-10-01 19:40:00,424.7
2020-10-01 19:50:00,425.6
2020-10-01 20:00:00,427.1
2020-10-01 20:10:00,428.3
2020-10-01 20:20:00,429.9
2020-10-01 20:30:00,430.5
2020-10-01 20:40:00,432.3
2020-10-01 20:50:00,435.6
2020-10-01 21:00:00,436.5
2020-10-01 21:10:00,436.8
2020-10-01 21:20:00,436.5
2020-10-01 21:30:00,436.6
2020-10-01 21:40:00,437.0
2020-10-01 21:50:00,437.7
2020-10-01 22:00:00,436.3
2020-10-01 22:10:00,433.5
2020-10-01 22:20:00,435.0
2020-10-01 22:30:00,437.8
2020-10-01 22:40:00,442.0
2020-10-01 22:50:00,445.6
2020-10-01 23:00:00,444.6365525285974
2020-10-01 23:10:00,445.6567639336881
2020-10-01 23:20:00,446.5906323459631
2020-10-01 23:30:00,447.442020480828
2020-10-01 23:40:00,448.21479105368826
2020-10-01 23:50:00,448.9128067799495
2020-10-02 00:00:00,449.5399303750173
2020-10-02 00:10:00,450.1000245542973
2020-10-02 00:20:00,450.59695203319495
2020-10-02 00:30:00,451.0345755271159
2020-10-02 00:40:00,451.41675775146575
2020-10-02 00:50:00,451.74736142165
2020-10-02 01:00:00,452.0302492530742
2020-10-02 01:10:00,452.269283961144
2020-10-02 01:20:00,452.46832826126496
2020-10-02 01:30:00,452.6312448688426
2020-10-02 01:40:00,452.76189649928256
2020-10-02 01:50:00,452.8641458679903
2020-10-02 02:00:00,452.94185569037154
2020-10-02 02:10:00,452.9988886818318
2020-10-02 02:20:00,453.03910755777656
2020-10-02 02:30:00,453.0663750336115
2020-10-02 02:40:00,453.08455382474216
2020-10-02 02:50:00,453.09750664657406
2020-10-02 03:00:00,453.1090962145128
2020-10-02 03:10:00,453.12318524396403
2020-10-02 03:20:00,453.14363645033325
2020-10-02 03:30:00,453.174312549026
2020-10-02 03:40:00,453.21907625544793
2020-10-02 03:50:00,453.28179028500455
2020-10-02 04:00:00,453.36631735310146
2020-10-02 04:10:00,453.4765201751443
2020-10-02 04:20:00,453.6162614665385
2020-10-02 04:30:00,453.78940394268966
2020-10-02 04:40:00,453.9998103190034
2020-10-02 04:50:00,454.2513433108853
2020-10-02 05:00:00,454.54786563374097
2020-10-02 05:10:00,454.8932400029759
2020-10-02 05:20:00,455.29132913399565
2020-10-02 05:30:00,455.7459957422059
2020-10-02 05:40:00,456.2611025430121
2020-10-02 05:50:00,456.84051225181986
2020-10-02 06:00:00,457.48808758403476
2020-10-02 06:10:00,458.2076912550624
2020-10-02 06:20:00,459.0031859803082
2020-10-02 06:30:00,459.8784344751779
2020-10-02 06:40:00,460.8372994550771
2020-10-02 06:50:00,461.8836436354113
2020-10-02 07:00:00,463.0213297315861
2020-10-02 07:10:00,464.25422045900694
2020-10-02 07:20:00,467.8
2020-10-02 07:30:00,461.9
2020-10-02 07:40:00,463.2
2020-10-02 07:50:00,476.0
2020-10-02 08:00:00,476.9
2020-10-02 08:10:00,489.9
2020-10-02 08:20:00,482.7
2020-10-02 08:30:00,473.1
2020-10-02 08:40:00,474.8
2020-10-02 08:50:00,481.6
2020-10-02 09:00:00,485.7
2020-10-02 09:10:00,478.2
2020-10-02 09:20:00,470.4
2020-10-02 09:30:00,460.6
2020-10-02 09:40:00,452.4
2020-10-02 09:50:00,449.9
2020-10-02 10:00:00,453.2
2020-10-02 10:10:00,447.7
2020-10-02 10:20:00,444.5
2020-10-02 10:30:00,438.0
2020-10-02 10:40:00,435.3
2020-10-02 10:50:00,428.7
2020-10-02 11:00:00,423.9
2020-10-02 11:10:00,417.6
2020-10-02 11:20:00,412.5
2020-10-02 11:30:00,412.8
2020-10-02 11:40:00,413.0
2020-10-02 11:50:00,413.5
2020-10-02 12:00:00,413.4
2020-10-02 12:10:00,412.5
2020-10-02 12:20:00,412.2
2020-10-02 12:30:00,412.1
2020-10-02 12:40:00,412.7
2020-10-02 12:50:00,413.3
2020-10-02 13:00:00,412.9
2020-10-02 13:10:00,412.0
2020-10-02 13:20:00,411.5
2020-10-02 13:30:00,411.0
2020-10-02 13:40:00,409.9
2020-10-02 13:50:00,409.0
2020-10-02 14:00:00,408.5
2020-10-02 14:10:00,407.5
2020-10-02 14:20:00,408.8
2020-10-02 14:30:00,408.5
2020-10-02 14:40:00,407.5
2020-10-02 14:50:00,406.7
2020-10-02 15:00:00,405.3
2020-10-02 15:10:00,404.5
2020-10-02 15:20:00,404.9
2020-10-02 15:30:00,405.3
2020-10-02 15:40:00,405.4
2020-10-02 15:50:00,405.5
2020-10-02 16:00:00,405.5
2020-10-02 16:10:00,405.4
2020-10-02 16:20:00,406.0
2020-10-02 16:30:00,405.9
2020-10-02 16:40:00,406.2
2020-10-02 16:50:00,406.2
2020-10-02 17:00:00,406.5
2020-10-02 17:10:00,408.3
2020-10-02 17:20:00,409.7
2020-10-02 17:30:00,411.0
2020-10-02 17:40:00,412.2
2020-10-02 17:50:00,413.4
2020-10-02 18:00:00,414.1
2020-10-02 18:10:00,414.4
2020-10-02 18:20:00,415.4
2020-10-02 18:30:00,415.4
2020-10-02 18:40:00,415.7
2020-10-02 18:50:00,415.8
2020-10-02 19:00:00,416.0
2020-10-02 19:10:00,416.2
2020-10-02 19:20:00,416.2
2020-10-02 19:30:00,416.7
2020-10-02 19:40:00,416.9
2020-10-02 19:50:00,416.9
2020-10-02 20:00:00,417.1
2020-10-02 20:10:00,417.7
2020-10-02 20:20:00,418.1
2020-10-02 20:30:00,418.3
2020-10-02 20:40:00,418.4
2020-10-02 20:50:00,418.3
2020-10-02 21:00:00,418.2
2020-10-02 21:10:00,418.5
2020-10-02 21:20:00,418.3
2020-10-02 21:30:00,418.1
2020-10-02 21:40:00,418.1
2020-10-02 21:50:00,418.2
2020-10-02 22:00:00,418.5
2020-10-02 22:10:00,418.5
2020-10-02 22:20:00,419.0
2020-10-02 22:30:00,419.1
2020-10-02 22:40:00,419.3
2020-10-02 22:50:00,419.5
2020-10-02 23:00:00,419.7
2020-10-02 23:10:00,420.1
2020-10-02 23:20:00,420.5
2020-10-02 23:30:00,420.8
2020-10-02 23:40:00,421.2
2020-10-02 23:50:00,421.6
2020-10-03 00:00:00,422.1
2020-10-03 00:10:00,423.6
2020-10-03 00:20:00,423.71674391986534
2020-10-03 00:30:00,424.28442452115996
2020-10-03 00:40:00,424.85591241733965
2020-10-03 00:50:00,425.43034640762505
2020-10-03 01:00:00,426.0068652912369
2020-10-03 01:10:00,426.5846078673959
2020-10-03 01:20:00,427.1627129353227
2020-10-03 01:30:00,427.74031929423796
2020-10-03 01:40:00,428.3165657433624
2020-10-03 01:50:00,428.8905910819167
2020-10-03 02:00:00,429.46153410912154
2020-10-03 02:10:00,430.0285336241976
2020-10-03 02:20:00,430.5907284263656
2020-10-03 02:30:00,431.14725731484623
2020-10-03 02:40:00,431.69725908886016
2020-10-03 02:50:00,432.23987254762807
2020-10-03 03:00:00,432.77423649037064
2020-10-03 03:10:00,433.2994897163085
2020-10-03 03:20:00,433.81477102466243
2020-10-03 03:30:00,434.31921921465306
2020-10-03 03:40:00,434.8119730855011
2020-10-03 03:50:00,435.2921714364272
2020-10-03 04:00:00,435.7589530666521
2020-10-03 04:10:00,436.21145677539647
2020-10-03 04:20:00,436.648821361881
2020-10-03 04:30:00,437.07018562532636
2020-10-03 04:40:00,437.47468836495324
2020-10-03 04:50:00,437.8614683799823
2020-10-03 05:00:00,438.22966446963426
2020-10-03 05:10:00,438.5784154331298
2020-10-03 05:20:00,438.90686006968957
2020-10-03 05:30:00,439.2141371785343
2020-10-03 05:40:00,439.4993855588847
2020-10-03 05:50:00,439.7617440099614
2020-10-03 06:00:00,440.00035133098504
2020-10-03 06:10:00,440.2143463211764
2020-10-03 06:20:00,440.4028677797561
2020-10-03 06:30:00,440.5650545059449
2020-10-03 06:40:00,440.7000452989634
2020-10-03 06:50:00,440.80697895803235
2020-10-03 07:00:00,440.8849942823724
2020-10-03 07:10:00,440.93323007120426
2020-10-03 07:20:00,440.9508251237486
2020-10-03 07:30:00,440.9369182392261
2020-10-03 07:40:00,440.89064821685747
2020-10-03 07:50:00,440.8111538558634
2020-10-03 08:00:00,440.6975739554645
2020-10-03 08:10:00,440.54904731488153
2020-10-03 08:20:00,440.3647127333351
2020-10-03 08:30:00,440.14370901004605
2020-10-03 08:40:00,440.0
2020-10-03 08:50:00,439.7
2020-10-03 09:00:00,439.0
2020-10-03 09:10:00,438.4
2020-10-03 09:20:00,438.2193487441641
2020-10-03 09:30:00,437.8346060106968
2020-10-03 09:40:00,437.4414434081845
2020-10-03 09:50:00,437.04052867566827
2020-10-03 10:00:00,436.6325295521892
2020-10-03 10:10:00,436.2181137767884
2020-10-03 10:20:00,435.79794908850687
2020-10-03 10:30:00,435.3727032263857
2020-10-03 10:40:00,434.94304392946594
2020-10-03 10:50:00,434.5096389367887
2020-10-03 11:00:00,434.073155987395
2020-10-03 11:10:00,433.63426282032594
2020-10-03 11:20:00,433.1936271746226
2020-10-03 11:30:00,432.75191678932595
2020-10-03 11:40:00,432.3097994034772
2020-10-03 11:50:00,431.8679427561173
2020-10-03 12:00:00,431.4270145862874
2020-10-03 12:10:00,430.9876826330285
2020-10-03 12:20:00,430.55061463538175
2020-10-03 12:30:00,430.11647833238817
2020-10-03 12:40:00,429.6859414630888
2020-10-03 12:50:00,429.2596717665247
2020-10-03 13:00:00,428.83833698173703
2020-10-03 13:10:00,428.42260484776676
2020-10-03 13:20:00,428.013143103655
2020-10-03 13:30:00,427.61061948844286
2020-10-03 13:40:00,427.21570174117136
2020-10-03 13:50:00,426.8290576008816
2020-10-03 14:00:00,426.4513548066146
2020-10-03 14:10:00,426.0832610974114
2020-10-03 14:20:00,425.72544421231316
2020-10-03 14:30:00,425.3785718903609
2020-10-03 14:40:00,425.0433118705957
2020-10-03 14:50:00,424.7203318920586
2020-10-03 15:00:00,424.4102996937907
2020-10-03 15:10:00,424.11388301483305
2020-10-03 15:20:00,423.8317495942267
2020-10-03 15:30:00,423.56456717101275
2020-10-03 15:40:00,423.31300348423224
2020-10-03 15:50:00,423.07772627292627
2020-10-03 16:00:00,422.8594032761359
2020-10-03 16:10:00,422.65870223290216
2020-10-03 16:20:00,422.47629088226614
2020-10-03 16:30:00,422.3128369632689
2020-10-03 16:40:00,422.1690082149516
2020-10-03 16:50:00,422.0454723763552
2020-10-03 17:00:00,421.9428971865208
2020-10-03 17:10:00,421.86195038448943
2020-10-03 17:20:00,421.8032997093022
2020-10-03 17:30:00,421.7676129000002
2020-10-03 17:40:00,421.1
2020-10-03 17:50:00,421.7
2020-10-03 18:00:00,422.8
2020-10-03 18:10:00,424.1
2020-10-03 18:20:00,423.2
2020-10-03 18:30:00,422.4
2020-10-03 18:40:00,421.0
2020-10-03 18:50:00,420.4
2020-10-03 19:00:00,420.3
2020-10-03 19:10:00,420.1
2020-10-03 19:20:00,420.6
2020-10-03 19:30:00,419.3
2020-10-03 19:40:00,418.9
2020-10-03 19:50:00,419.2
2020-10-03 20:00:00,419.6
2020-10-03 20:10:00,419.0
2020-10-03 20:20:00,420.9
2020-10-03 20:30:00,418.8
2020-10-03 20:40:00,418.5
2020-10-03 20:50:00,418.1
2020-10-03 21:00:00,417.8
2020-10-03 21:10:00,416.7
2020-10-03 21:20:00,416.9
2020-10-03 21:30:00,416.8
2020-10-03 21:40:00,416.6
2020-10-03 21:50:00,416.8
2020-10-03 22:00:00,416.8
2020-10-03 22:10:00,416.4
2020-10-03 22:20:00,416.6
2020-10-03 22:30:00,417.4
2020-10-03 22:40:00,417.4
2020-10-03 22:50:00,417.7
2020-10-03 23:00:00,418.7
2020-10-03 23:10:00,421.4
2020-10-03 23:20:00,419.1
2020-10-03 23:30:00,419.1
2020-10-03 23:40:00,420.1
2020-10-03 23:50:00,422.4
2020-10-04 00:00:00,423.5
2020-10-04 00:10:00,424.8
2020-10-04 00:20:00,423.8
2020-10-04 00:30:00,423.9
2020-10-04 00:40:00,423.6
2020-10-04 00:50:00,425.3
2020-10-04 01:00:00,426.4
2020-10-04 01:10:00,427.0
2020-10-04 01:20:00,427.6
2020-10-04 01:30:00,426.7
2020-10-04 01:40:00,427.3
2020-10-04 01:50:00,428.9
2020-10-04 02:00:00,430.0
2020-10-04 02:10:00,428.9
2020-10-04 02:20:00,427.0
2020-10-04 02:30:00,426.3
2020-10-04 02:40:00,427.0
2020-10-04 02:50:00,428.7
2020-10-04 03:00:00,429.8
2020-10-04 03:10:00,428.9
2020-10-04 03:20:00,428.3
2020-10-04 03:30:00,427.9
2020-10-04 03:40:00,432.4
2020-10-04 03:50:00,437.3
2020-10-04 04:00:00,433.2
2020-10-04 04:10:00,431.9
2020-10-04 04:20:00,435.2
2020-10-04 04:30:00,442.8
2020-10-04 04:40:00,445.8
2020-10-04 04:50:00,447.9
2020-10-04 05:00:00,446.7
2020-10-04 05:10:00,447.5
2020-10-04 05:20:00,450.2
2020-10-04 05:30:00,453.1
2020-10-04 05:40:00,455.5
2020-10-04 05:50:00,454.8
2020-10-04 06:00:00,450.5
2020-10-04 06:10:00,449.4
2020-10-04 06:20:00,449.0
2020-10-04 06:30:00,444.0
2020-10-04 06:40:00,442.0
2020-10-04 06:50:00,440.2
2020-10-04 07:00:00,436.4
2020-10-04 07:10:00,436.0
2020-10-04 07:20:00,438.5
2020-10-04 07:30:00,437.4
2020-10-04 07:40:00,434.7
2020-10-04 07:50:00,433.6
2020-10-04 08:00:00,433.5
2020-10-04 08:10:00,433.1
2020-10-04 08:20:00,431.7
2020-10-04 08:30:00,427.6
2020-10-04 08:40:00,424.7
2020-10-04 08:50:00,422.6
2020-10-04 09:00:00,418.3
2020-10-04 09:10:00,416.2
2020-10-04 09:20:00,413.9
2020-10-04 09:30:00,411.3
2020-10-04 09:40:00,410.4
2020-10-04 09:50:00,410.2
2020-10-04 10:00:00,409.7
2020-10-04 10:10:00,408.9
2020-10-04 10:20:00,408.7
2020-10-04 10:30:00,409.1
2020-10-04 10:40:00,409.0
2020-10-04 10:50:00,409.0
2020-10-04 11:00:00,409.1
2020-10-04 11:10:00,409.3
2020-10-04 11:20:00,409.4
2020-10-04 11:30:00,409.4
2020-10-04 11:40:00,409.5
2020-10-04 11:50:00,409.8
2020-10-04 12:00:00,409.9
2020-10-04 12:10:00,409.2
2020-10-04 12:20:00,408.4
2020-10-04 12:30:00,407.7
2020-10-04 12:40:00,407.3
2020-10-04 12:50:00,406.8
2020-10-04 13:00:00,406.5
2020-10-04 13:10:00,406.3
2020-10-04 13:20:00,406.1
2020-10-04 13:30:00,405.7
2020-10-04 13:40:00,405.6
2020-10-04 13:50:00,405.5
2020-10-04 14:00:00,405.5
2020-10-04 14:10:00,405.5
2020-10-04 14:20:00,405.0
2020-10-04 14:30:00,405.0
2020-10-04 14:40:00,404.7
2020-10-04 14:50:00,404.7
2020-10-04 15:00:00,405.0
2020-10-04 15:10:00,404.9
2020-10-04 15:20:00,405.1
2020-10-04 15:30:00,404.7
2020-10-04 15:40:00,404.8
2020-10-04 15:50:00,405.2
2020-10-04 16:00:00,405.2
2020-10-04 16:10:00,405.1
2020-10-04 16:20:00,405.2
2020-10-04 16:30:00,405.5
2020-10-04 16:40:00,405.5
2020-10-04 16:50:00,405.5
2020-10-04 17:00:00,405.9
2020-10-04 17:10:00,406.5
2020-10-04 17:20:00,405.7
2020-10-04 17:30:00,406.6
2020-10-04 17:40:00,406.5
2020-10-04 17:50:00,407.0
2020-10-04 18:00:00,407.4
2020-10-04 18:10:00,407.5
2020-10-04 18:20:00,407.9
2020-10-04 18:30:00,408.4
2020-10-04 18:40:00,410.0
2020-10-04 18:50:00,411.7
2020-10-04 19:00:00,412.7
2020-10-04 19:10:00,414.2
2020-10-04 19:20:00,415.2
2020-10-04 19:30:00,415.3
2020-10-04 19:40:00,414.6
2020-10-04 19:50:00,413.7
2020-10-04 20:00:00,411.8
2020-10-04 20:10:00,411.8
2020-10-04 20:20:00,412.7
2020-10-04 20:30:00,413.2
2020-10-04 20:40:00,414.1
2020-10-04 20:50:00,415.9
2020-10-04 21:00:00,416.8
2020-10-04 21:10:00,418.7
2020-10-04 21:20:00,419.6
2020-10-04 21:30:00,420.6
2020-10-04 21:40:00,422.9
2020-10-04 21:50:00,422.8
2020-10-04 22:00:00,423.1
2020-10-04 22:10:00,422.3
2020-10-04 22:20:00,422.4
2020-10-04 22:30:00,422.0
2020-10-04 22:40:00,420.8
2020-10-04 22:50:00,421.0
2020-10-04 23:00:00,427.3
2020-10-04 23:10:00,436.5
2020-10-04 23:20:00,422.7
2020-10-04 23:30:00,419.0
2020-10-04 23:40:00,430.1
2020-10-04 23:50:00,431.2
2020-10-05 00:00:00,437.3
2020-10-05 00:10:00,440.2
2020-10-05 00:20:00,441.9
2020-10-05 00:30:00,434.6
2020-10-05 00:40:00,427.8
2020-10-05 00:50:00,424.7
2020-10-05 01:00:00,425.9
2020-10-05 01:10:00,433.5
2020-10-05 01:20:00,435.4
2020-10-05 01:30:00,445.8
2020-10-05 01:40:00,445.7
2020-10-05 01:50:00,440.6
2020-10-05 02:00:00,444.4
2020-10-05 02:10:00,439.2
2020-10-05 02:20:00,446.9
2020-10-05 02:30:00,448.7
2020-10-05 02:40:00,451.9
2020-10-05 02:50:00,452.32131598621095
2020-10-05 03:00:00,453.8298170330535
2020-10-05 03:10:00,455.2673672359121
2020-10-05 03:20:00,456.6332357052787
2020-10-05 03:30:00,457.92669155164526
2020-10-05 03:40:00,459.14700388550375
2020-10-05 03:50:00,460.29344181734604
2020-10-05 04:00:00,461.36527445766404
2020-10-05 04:10:00,462.36177091694975
2020-10-05 04:20:00,463.282200305695
2020-10-05 04:30:00,464.12583173439185
2020-10-05 04:40:00,464.8919343135321
2020-10-05 04:50:00,465.5797771536077
2020-10-05 05:00:00,466.18862936511067
2020-10-05 05:10:00,466.71776005853286
2020-10-05 05:20:00,467.1664383443662
2020-10-05 05:30:00,467.53393333310265
2020-10-05 05:40:00,467.8195141352341
2020-10-05 05:50:00,468.0224498612525
2020-10-05 06:00:00,468.1420096216498
2020-10-05 06:10:00,468.17746252691785
2020-10-05 06:20:00,468.1280776875487
2020-10-05 06:30:00,467.9931242140342
2020-10-05 06:40:00,467.77187121686626
2020-10-05 06:50:00,467.4635878065369
2020-10-05 07:00:00,467.06754309353795
2020-10-05 07:10:00,466.5830061883614
2020-10-05 07:20:00,466.00924620149914
2020-10-05 07:30:00,465.3455322434432
2020-10-05 07:40:00,464.5911334246853
2020-10-05 07:50:00,463.7453188557176
2020-10-05 08:00:00,462.8073576470319
2020-10-05 08:10:00,461.77651890912
2020-10-05 08:20:00,460.652071752474
2020-10-05 08:30:00,459.43328528758576
2020-10-05 08:40:00,458.1194286249474
2020-10-05 08:50:00,456.7097708750507
2020-10-05 09:00:00,455.20358114838757
2020-10-05 09:10:00,453.60012855544994
2020-10-05 09:20:00,451.89868220672986
2020-10-05 09:30:00,450.098511212719
2020-10-05 09:40:00,448.1988846839095
2020-10-05 09:50:00,446.1990717307932
2020-10-05 10:00:00,444.09834146386214
2020-10-05 10:10:00,441.8959629936081
2020-10-05 10:20:00,439.59120543052313
2020-10-05 10:30:00,437.1833378850991
2020-10-05 10:40:00,434.671629467828
2020-10-05 10:50:00,432.05534928920156
2020-10-05 11:00:00,429.3337664597119
2020-10-05 11:10:00,429.8
2020-10-05 11:20:00,424.9
2020-10-05 11:30:00,412.4
2020-10-05 11:40:00,409.1
2020-10-05 11:50:00,408.4
2020-10-05 12:00:00,409.3
2020-10-05 12:10:00,409.9
2020-10-05 12:20:00,410.1
2020-10-05 12:30:00,409.8
2020-10-05 12:40:00,409.9
2020-10-05 12:50:00,410.6
2020-10-05 13:00:00,409.7
2020-10-05 13:10:00,409.3
2020-10-05 13:20:00,408.9
2020-10-05 13:30:00,408.6
2020-10-05 13:40:00,408.5
2020-10-05 13:50:00,409.1
2020-10-05 14:00:00,408.4
2020-10-05 14:10:00,407.6
2020-10-05 14:20:00,407.5
2020-10-05 14:30:00,407.6
2020-10-05 14:40:00,407.2
2020-10-05 14:50:00,407.4
2020-10-05 15:00:00,407.9
2020-10-05 15:10:00,408.2
2020-10-05 15:20:00,408.5
2020-10-05 15:30:00,409.1
2020-10-05 15:40:00,410.0
2020-10-05 15:50:00,410.4
2020-10-05 16:00:00,410.5
2020-10-05 16:10:00,410.7
2020-10-05 16:20:00,410.0
2020-10-05 16:30:00,409.7
2020-10-05 16:40:00,409.2
2020-10-05 16:50:00,408.4
2020-10-05 17:00:00,408.5
2020-10-05 17:10:00,408.8
2020-10-05 17:20:00,409.3
2020-10-05 17:30:00,409.7
2020-10-05 17:40:00,410.5
2020-10-05 17:50:00,411.4
2020-10-05 18:00:00,410.9
2020-10-05 18:10:00,411.4
2020-10-05 18:20:00,411.9
2020-10-05 18:30:00,412.4
2020-10-05 18:40:00,412.7
2020-10-05 18:50:00,413.4
2020-10-05 19:00:00,411.5
2020-10-05 19:10:00,412.4
2020-10-05 19:20:00,412.5
2020-10-05 19:30:00,411.7
2020-10-05 19:40:00,411.2
2020-10-05 19:50:00,411.5
2020-10-05 20:00:00,412.1
2020-10-05 20:10:00,412.5
2020-10-05 20:20:00,413.4
2020-10-05 20:30:00,412.3
2020-10-05 20:40:00,413.2
2020-10-05 20:50:00,412.8
2020-10-05 21:00:00,412.7
2020-10-05 21:10:00,412.8
2020-10-05 21:20:00,411.3
2020-10-05 21:30:00,411.2
2020-10-05 21:40:00,411.7
2020-10-05 21:50:00,411.1
2020-10-05 22:00:00,411.0
2020-10-05 22:10:00,411.1
2020-10-05 22:20:00,410.9
2020-10-05 22:30:00,411.1
2020-10-05 22:40:00,411.5
2020-10-05 22:50:00,412.0
2020-10-05 23:00:00,412.3
2020-10-05 23:10:00,412.4
2020-10-05 23:20:00,412.3
2020-10-05 23:30:00,412.4
2020-10-05 23:40:00,412.3
2020-10-05 23:50:00,412.8
2020-10-06 00:00:00,413.3
2020-10-06 00:10:00,414.5
2020-10-06 00:20:00,414.0
2020-10-06 00:30:00,413.9
2020-10-06 00:40:00,413.8
2020-10-06 00:50:00,414.2
2020-10-06 01:00:00,414.5
2020-10-06 01:10:00,414.9
2020-10-06 01:20:00,415.3
2020-10-06 01:30:00,415.2
2020-10-06 01:40:00,415.2
2020-10-06 01:50:00,415.5
2020-10-06 02:00:00,415.3
2020-10-06 02:10:00,415.4
2020-10-06 02:20:00,414.9
2020-10-06 02:30:00,414.8
2020-10-06 02:40:00,414.8
2020-10-06 02:50:00,415.2
2020-10-06 03:00:00,415.3
2020-10-06 03:10:00,415.142466009368
2020-10-06 03:20:00,415.1098667886638
2020-10-06 03:30:00,415.0661381061265
2020-10-06 03:40:00,415.01175111908884
2020-10-06 03:50:00,414.9471769848833
2020-10-06 04:00:00,414.8728868608426
2020-10-06 04:10:00,414.7893519042992
2020-10-06 04:20:00,414.69704327258586
2020-10-06 04:30:00,414.59643212303513
2020-10-06 04:40:00,414.48798961297956
2020-10-06 04:50:00,414.37218689975185
2020-10-06 05:00:00,414.2494951406846
2020-10-06 05:10:00,414.12038549311035
2020-10-06 05:20:00,413.9853291143618
2020-10-06 05:30:00,413.84479716177145
2020-10-06 05:40:00,413.69926079267196
2020-10-06 05:50:00,413.54919116439595
2020-10-06 06:00:00,413.395059434276
2020-10-06 06:10:00,413.23733675964473
2020-10-06 06:20:00,413.0764942978348
2020-10-06 06:30:00,412.91300320617876
2020-10-06 06:40:00,412.7473346420092
2020-10-06 06:50:00,412.5799597626588
2020-10-06 07:00:00,412.4113497254601
2020-10-06 07:10:00,412.2419756877458
2020-10-06 07:20:00,412.0723088068484
2020-10-06 07:30:00,411.9028202401006
2020-10-06 07:40:00,411.73398114483496
2020-10-06 07:50:00,411.5662626783841
2020-10-06 08:00:00,411.4001359980806
2020-10-06 08:10:00,411.2360722612571
2020-10-06 08:20:00,411.0745426252462
2020-10-06 08:30:00,410.91601824738046
2020-10-06 08:40:00,410.7609702849926
2020-10-06 08:50:00,410.6098698954151
2020-10-06 09:00:00,410.4631882359807
2020-10-06 09:10:00,410.3213964640219
2020-10-06 09:20:00,410.1849657368714
2020-10-06 09:30:00,410.0543672118617
2020-10-06 09:40:00,409.93007204632545
2020-10-06 09:50:00,409.8125513975953
2020-10-06 10:00:00,409.70227642300387
2020-10-06 10:10:00,409.5997182798837
2020-10-06 10:20:00,409.5053481255674
2020-10-06 10:30:00,409.41963711738765
2020-10-06 10:40:00,409.343056412677
2020-10-06 10:50:00,409.2760771687681
2020-10-06 11:00:00,409.21917054299354
2020-10-06 11:10:00,409.1728076926859
2020-10-06 11:20:00,409.13745977517783
2020-10-06 11:30:00,409.1
2020-10-06 11:40:00,409.0
2020-10-06 11:50:00,409.2
2020-10-06 12:00:00,409.1
2020-10-06 12:10:00,409.4
2020-10-06 12:20:00,409.5
2020-10-06 12:30:00,409.5
2020-10-06 12:40:00,409.5
2020-10-06 12:50:00,409.1
2020-10-06 13:00:00,409.3
2020-10-06 13:10:00,409.3
2020-10-06 13:20:00,408.7
2020-10-06 13:30:00,408.8
2020-10-06 13:40:00,408.9
2020-10-06 13:50:00,408.4
2020-10-06 14:00:00,408.7
2020-10-06 14:10:00,408.6
2020-10-06 14:20:00,408.8
2020-10-06 14:30:00,409.2
2020-10-06 14:40:00,409.0
2020-10-06 14:50:00,409.1
2020-10-06 15:00:00,408.9
2020-10-06 15:10:00,408.9
2020-10-06 15:20:00,409.1
2020-10-06 15:30:00,409.1
2020-10-06 15:40:00,408.8
2020-10-06 15:50:00,408.3
2020-10-06 16:00:00,408.0
2020-10-06 16:10:00,407.7
2020-10-06 16:20:00,407.7
2020-10-06 16:30:00,408.2
2020-10-06 16:40:00,408.4
2020-10-06 16:50:00,408.7
2020-10-06 17:00:00,409.1
2020-10-06 17:10:00,409.3
2020-10-06 17:20:00,409.8
2020-10-06 17:30:00,410.3
2020-10-06 17:40:00,410.9
2020-10-06 17:50:00,410.99915903825877
2020-10-06 18:00:00,411.2992924673827
2020-10-06 18:10:00,411.5897726497676
2020-10-06 18:20:00,411.8708075294556
2020-10-06 18:30:00,412.14260505048884
2020-10-06 18:40:00,412.40537315690955
2020-10-06 18:50:00,412.6593197927599
2020-10-06 19:00:00,412.9046529020821
2020-10-06 19:10:00,413.14158042891825
2020-10-06 19:20:00,413.3703103173106
2020-10-06 19:30:00,413.5910505113013
2020-10-06 19:40:00,413.80400895493256
2020-10-06 19:50:00,414.00939359224645
2020-10-06 20:00:00,414.20741236728526
2020-10-06 20:10:00,414.3982732240911
2020-10-06 20:20:00,414.58218410670617
2020-10-06 20:30:00,414.75935295917265
2020-10-06 20:40:00,414.9299877255327
2020-10-06 20:50:00,415.0942963498286
2020-10-06 21:00:00,415.2524867761024
2020-10-06 21:10:00,415.4047669483963
2020-10-06 21:20:00,415.5513448107525
2020-10-06 21:30:00,415.69242830721316
2020-10-06 21:40:00,415.8282253818205
2020-10-06 21:50:00,415.9589439786167
2020-10-06 22:00:00,416.0847920416439
2020-10-06 22:10:00,416.20597751494427
2020-10-06 22:20:00,416.32270834256
2020-10-06 22:30:00,416.4351924685333
2020-10-06 22:40:00,416.54363783690627
2020-10-06 22:50:00,416.64825239172114
2020-10-06 23:00:00,416.7492440770201
2020-10-06 23:10:00,416.84682083684527
2020-10-06 23:20:00,416.9411906152389
2020-10-06 23:30:00,417.03256135624315
2020-10-06 23:40:00,417.12114100390016
2020-10-06 23:50:00,417.2071375022521
2020-10-07 00:00:00,417.2907587953412
2020-10-07 00:10:00,417.37221282720964
2020-10-07 00:20:00,417.45170754189957
2020-10-07 00:30:00,417.52945088345314
2020-10-07 00:40:00,417.6056507959126
2020-10-07 00:50:00,417.68051522332007
2020-10-07 01:00:00,417.75425210971775
2020-10-07 01:10:00,417.8270693991478
2020-10-07 01:20:00,417.8991750356524
2020-10-07 01:30:00,417.9707769632737
2020-10-07 01:40:00,418.0420831260539
2020-10-07 01:50:00,418.1133014680352
2020-10-07 02:00:00,418.1846399332598
2020-10-07 02:10:00,418.8
2020-10-07 02:20:00,417.6
2020-10-07 02:30:00,418.0
2020-10-07 02:40:00,418.1
2020-10-07 02:50:00,418.5
2020-10-07 03:00:00,418.9
2020-10-07 03:10:00,419.0
2020-10-07 03:20:00,419.1
2020-10-07 03:30:00,420.1
2020-10-07 03:40:00,420.5
2020-10-07 03:50:00,419.5
2020-10-07 04:00:00,419.5
2020-10-07 04:10:00,420.3
2020-10-07 04:20:00,420.7
2020-10-07 04:30:00,420.4
2020-10-07 04:40:00,421.8
2020-10-07 04:50:00,421.0
2020-10-07 05:00:00,421.2
2020-10-07 05:10:00,421.7
2020-10-07 05:20:00,420.8
2020-10-07 05:30:00,420.2
2020-10-07 05:40:00,420.2
2020-10-07 05:50:00,420.9
2020-10-07 06:00:00,421.7
2020-10-07 06:10:00,423.8
2020-10-07 06:20:00,424.4
2020-10-07 06:30:00,423.4
2020-10-07 06:40:00,425.7
2020-10-07 06:50:00,424.7
2020-10-07 07:00:00,422.3
2020-10-07 07:10:00,423.6
2020-10-07 07:20:00,421.5
2020-10-07 07:30:00,422.0
2020-10-07 07:40:00,421.7
2020-10-07 07:50:00,422.1
2020-10-07 08:00:00,421.9
2020-10-07 08:10:00,423.7
2020-10-07 08:20:00,421.3
2020-10-07 08:30:00,420.6
2020-10-07 08:40:00,419.8
2020-10-07 08:50:00,417.3
2020-10-07 09:00:00,415.9
2020-10-07 09:10:00,414.5
2020-10-07 09:20:00,413.6
2020-10-07 09:30:00,412.8
2020-10-07 09:40:00,412.5
2020-10-07 09:50:00,412.3
2020-10-07 10:00:00,411.8
2020-10-07 10:10:00,411.1
2020-10-07 10:20:00,411.0
2020-10-07 10:30:00,410.9
2020-10-07 10:40:00,411.3
2020-10-07 10:50:00,411.0
2020-10-07 11:00:00,411.1
2020-10-07 11:10:00,411.5
2020-10-07 11:20:00,411.2403482027551
2020-10-07 11:30:00,411.24875070183083
2020-10-07 11:40:00,411.26973481025794
2020-10-07 11:50:00,411.30278882654795
2020-10-07 12:00:00,411.34740104921224
2020-10-07 12:10:00,411.40305977676223
2020-10-07 12:20:00,411.4692533077094
2020-10-07 12:30:00,411.54546994056517
2020-10-07 12:40:00,411.631197973841
2020-10-07 12:50:00,411.72592570604826
2020-10-07 13:00:00,411.82914143569843
2020-10-07 13:10:00,411.940333461303
2020-10-07 13:20:00,412.05899008137334
2020-10-07 13:30:00,412.1845995944209
2020-10-07 13:40:00,412.3166502989571
2020-10-07 13:50:00,412.45463049349337
2020-10-07 14:00:00,412.5980284765412
2020-10-07 14:10:00,412.746332546612
2020-10-07 14:20:00,412.8990310022172
2020-10-07 14:30:00,413.05561214186827
2020-10-07 14:40:00,413.2155642640766
2020-10-07 14:50:00,413.3783756673536
2020-10-07 15:00:00,413.5435346502108
2020-10-07 15:10:00,413.71052951115956
2020-10-07 15:20:00,413.87884854871135
2020-10-07 15:30:00,414.0479800613776
2020-10-07 15:40:00,414.2174123476697
2020-10-07 15:50:00,414.3866337060992
2020-10-07 16:00:00,414.5551324351774
2020-10-07 16:10:00,414.72239683341587
2020-10-07 16:20:00,414.88791519932596
2020-10-07 16:30:00,415.05117583141913
2020-10-07 16:40:00,415.2116670282068
2020-10-07 16:50:00,415.36887708820046
2020-10-07 17:00:00,415.5222943099115
2020-10-07 17:10:00,415.67140699185137
2020-10-07 17:20:00,415.81570343253145
2020-10-07 17:30:00,415.95467193046323
2020-10-07 17:40:00,416.08780078415816
2020-10-07 17:50:00,416.21457829212767
2020-10-07 18:00:00,416.3344927528832
2020-10-07 18:10:00,416.44703246493617
2020-10-07 18:20:00,416.55168572679804
2020-10-07 18:30:00,416.6479408369802
2020-10-07 18:40:00,416.7352860939941
2020-10-07 18:50:00,416.8132097963512
2020-10-07 19:00:00,416.88120024256295
2020-10-07 19:10:00,416.9387457311407
2020-10-07 19:20:00,416.985334560596
2020-10-07 19:30:00,417.02045502944026
2020-10-07 19:40:00,417.3
2020-10-07 19:50:00,416.8
2020-10-07 20:00:00,416.9
2020-10-07 20:10:00,416.8
2020-10-07 20:20:00,416.7
2020-10-07 20:30:00,416.7
2020-10-07 20:40:00,416.7
2020-10-07 20:50:00,417.1
2020-10-07 21:00:00,417.1
2020-10-07 21:10:00,417.2
2020-10-07 21:20:00,417.4
2020-10-07 21:30:00,417.5
2020-10-07 21:40:00,418.1
2020-10-07 21:50:00,418.0
2020-10-07 22:00:00,417.9
2020-10-07 22:10:00,418.2
2020-10-07 22:20:00,418.4
2020-10-07 22:30:00,419.0
2020-10-07 22:40:00,419.2
2020-10-07 22:50:00,419.6
2020-10-07 23:00:00,420.4
2020-10-07 23:10:00,420.5
2020-10-07 23:20:00,421.3
2020-10-07 23:30:00,422.4
2020-10-07 23:40:00,421.0
2020-10-07 23:50:00,420.6
2020-10-08 00:00:00,420.6
2020-10-08 00:10:00,419.9
2020-10-08 00:20:00,418.6
2020-10-08 00:30:00,418.3
2020-10-08 00:40:00,418.2
2020-10-08 00:50:00,418.3
2020-10-08 01:00:00,418.5
2020-10-08 01:10:00,418.8
2020-10-08 01:20:00,418.0
2020-10-08 01:30:00,417.9
2020-10-08 01:40:00,418.5
2020-10-08 01:50:00,418.8
2020-10-08 02:00:00,420.1
2020-10-08 02:10:00,420.2
2020-10-08 02:20:00,420.0
2020-10-08 02:30:00,420.6
2020-10-08 02:40:00,420.7
2020-10-08 02:50:00,420.4
2020-10-08 03:00:00,420.1
2020-10-08 03:10:00,419.8
2020-10-08 03:20:00,419.4
2020-10-08 03:30:00,419.5
2020-10-08 03:40:00,421.8
2020-10-08 03:50:00,421.3
2020-10-08 04:00:00,421.3
2020-10-08 04:10:00,423.3
2020-10-08 04:20:00,424.5
2020-10-08 04:30:00,423.9
2020-10-08 04:40:00,422.6
2020-10-08 04:50:00,422.6
2020-10-08 05:00:00,422.6
2020-10-08 05:10:00,420.9
2020-10-08 05:20:00,420.9
2020-10-08 05:30:00,421.4
2020-10-08 05:40:00,421.8
2020-10-08 05:50:00,422.3
2020-10-08 06:00:00,422.4
2020-10-08 06:10:00,422.6
2020-10-08 06:20:00,422.9
2020-10-08 06:30:00,422.6
2020-10-08 06:40:00,422.9
2020-10-08 06:50:00,422.3
2020-10-08 07:00:00,422.3
2020-10-08 07:10:00,422.6
2020-10-08 07:20:00,426.2
2020-10-08 07:30:00,436.2
2020-10-08 07:40:00,438.3
2020-10-08 07:50:00,436.8
2020-10-08 08:00:00,435.3
2020-10-08 08:10:00,430.9
2020-10-08 08:20:00,428.2
2020-10-08 08:30:00,426.1
2020-10-08 08:40:00,424.6
2020-10-08 08:50:00,423.9
2020-10-08 09:00:00,421.4
2020-10-08 09:10:00,419.5
2020-10-08 09:20:00,415.8
2020-10-08 09:30:00,412.8
2020-10-08 09:40:00,412.4
2020-10-08 09:50:00,412.1
2020-10-08 10:00:00,411.6
2020-10-08 10:10:00,411.3
2020-10-08 10:20:00,411.4
2020-10-08 10:30:00,411.1
2020-10-08 10:40:00,410.9
2020-10-08 10:50:00,410.4
2020-10-08 11:00:00,410.2
2020-10-08 11:10:00,409.8
2020-10-08 11:20:00,409.9
2020-10-08 11:30:00,410.1
2020-10-08 11:40:00,410.5
2020-10-08 11:50:00,410.2
2020-10-08 12:00:00,410.0
2020-10-08 12:10:00,409.9
2020-10-08 12:20:00,409.4
2020-10-08 12:30:00,409.2
2020-10-08 12:40:00,409.4
2020-10-08 12:50:00,409.4
2020-10-08 13:00:00,408.5
2020-10-08 13:10:00,407.8
2020-10-08 13:20:00,407.4
2020-10-08 13:30:00,407.6
2020-10-08 13:40:00,408.0
2020-10-08 13:50:00,408.3
2020-10-08 14:00:00,408.5
2020-10-08 14:10:00,408.9
2020-10-08 14:20:00,409.2
2020-10-08 14:30:00,409.5
2020-10-08 14:40:00,409.8
2020-10-08 14:50:00,410.0
2020-10-08 15:00:00,410.1
2020-10-08 15:10:00,410.2
2020-10-08 15:20:00,410.4
2020-10-08 15:30:00,410.4
2020-10-08 15:40:00,410.3
2020-10-08 15:50:00,410.2
2020-10-08 16:00:00,410.0
2020-10-08 16:10:00,410.1
2020-10-08 16:20:00,410.4
2020-10-08 16:30:00,410.5
2020-10-08 16:40:00,410.9
2020-10-08 16:50:00,411.0
2020-10-08 17:00:00,411.1
2020-10-08 17:10:00,411.3
2020-10-08 17:20:00,411.9
2020-10-08 17:30:00,412.6
2020-10-08 17:40:00,412.8
2020-10-08 17:50:00,413.2
2020-10-08 18:00:00,413.1
2020-10-08 18:10:00,412.9
2020-10-08 18:20:00,412.8
2020-10-08 18:30:00,413.1
2020-10-08 18:40:00,412.9
2020-10-08 18:50:00,413.1
2020-10-08 19:00:00,413.2
2020-10-08 19:10:00,413.8
2020-10-08 19:20:00,413.7
2020-10-08 19:30:00,413.5
2020-10-08 19:40:00,414.2
2020-10-08 19:50:00,414.3
2020-10-08 20:00:00,414.4
2020-10-08 20:10:00,413.9
2020-10-08 20:20:00,413.9
2020-10-08 20:30:00,413.9
2020-10-08 20:40:00,413.8
2020-10-08 20:50:00,414.3
2020-10-08 21:00:00,414.1
2020-10-08 21:10:00,414.1
2020-10-08 21:20:00,413.7
2020-10-08 21:30:00,413.9
2020-10-08 21:40:00,414.0
2020-10-08 21:50:00,413.9
2020-10-08 22:00:00,413.9
2020-10-08 22:10:00,414.7
2020-10-08 22:20:00,414.6
2020-10-08 22:30:00,414.5
2020-10-08 22:40:00,414.4
2020-10-08 22:50:00,414.4
2020-10-08 23:00:00,414.6
2020-10-08 23:10:00,414.8
2020-10-08 23:20:00,414.8
2020-10-08 23:30:00,415.0
2020-10-08 23:40:00,415.2
2020-10-08 23:50:00,415.3
2020-10-09 00:00:00,415.4
2020-10-09 00:10:00,416.7
2020-10-09 00:20:00,416.4
2020-10-09 00:30:00,416.0
2020-10-09 00:40:00,415.9
2020-10-09 00:50:00,416.0
2020-10-09 01:00:00,415.9
2020-10-09 01:10:00,416.0
2020-10-09 01:20:00,416.2
2020-10-09 01:30:00,416.3
2020-10-09 01:40:00,416.3
2020-10-09 01:50:00,416.3
2020-10-09 02:00:00,416.4
2020-10-09 02:10:00,416.4
2020-10-09 02:20:00,416.6
2020-10-09 02:30:00,416.9
2020-10-09 02:40:00,416.8
2020-10-09 02:50:00,417.0
2020-10-09 03:00:00,417.1
2020-10-09 03:10:00,417.1181373393298
2020-10-09 03:20:00,417.16589784742683
2020-10-09 03:30:00,417.2037856621552
2020-10-09 03:40:00,417.2319789285152
2020-10-09 03:50:00,417.25065579150714
2020-10-09 04:00:00,417.25999439613133
2020-10-09 04:10:00,417.260172887388
2020-10-09 04:20:00,417.2513694102775
2020-10-09 04:30:00,417.2337621098001
2020-10-09 04:40:00,417.2075291309561
2020-10-09 04:50:00,417.17284861874583
2020-10-09 05:00:00,417.12989871816956
2020-10-09 05:10:00,417.0788575742275
2020-10-09 05:20:00,417.0199033319201
2020-10-09 05:30:00,416.95321413624754
2020-10-09 05:40:00,416.87896813221016
2020-10-09 05:50:00,416.79734346480825
2020-10-09 06:00:00,416.7085182790421
2020-10-09 06:10:00,416.61267071991205
2020-10-09 06:20:00,416.50997893241833
2020-10-09 06:30:00,416.40062106156125
2020-10-09 06:40:00,416.28477525234115
2020-10-09 06:50:00,416.16261964975826
2020-10-09 07:00:00,416.0343323988129
2020-10-09 07:10:00,415.90009164450544
2020-10-09 07:20:00,415.76007553183604
2020-10-09 07:30:00,415.61446220580507
2020-10-09 07:40:00,415.4634298114128
2020-10-09 07:50:00,415.3071564936596
2020-10-09 08:00:00,415.14582039754566
2020-10-09 08:10:00,414.97959966807133
2020-10-09 08:20:00,414.8086724502369
2020-10-09 08:30:00,414.6332168890426
2020-10-09 08:40:00,414.45341112948887
2020-10-09 08:50:00,414.2694333165759
2020-10-09 09:00:00,414.081461595304
2020-10-09 09:10:00,413.88967411067347
2020-10-09 09:20:00,413.6942490076846
2020-10-09 09:30:00,413.49536443133775
2020-10-09 09:40:00,413.2931985266331
2020-10-09 09:50:00,413.087929438571
2020-10-09 10:00:00,412.87973531215175
2020-10-09 10:10:00,412.66879429237565
2020-10-09 10:20:00,412.455284524243
2020-10-09 10:30:00,412.23938415275404
2020-10-09 10:40:00,412.0212713229092
2020-10-09 10:50:00,411.8011241797086
2020-10-09 11:00:00,411.57912086815264
2020-10-09 11:10:00,411.3554395332416
2020-10-09 11:20:00,411.1302583199758
2020-10-09 11:30:00,411.2
2020-10-09 11:40:00,411.0
2020-10-09 11:50:00,409.3
2020-10-09 12:00:00,410.0
2020-10-09 12:10:00,408.9
2020-10-09 12:20:00,408.5
2020-10-09 12:30:00,410.4
2020-10-09 12:40:00,410.3
2020-10-09 12:50:00,410.6
2020-10-09 13:00:00,410.8
2020-10-09 13:10:00,411.0
2020-10-09 13:20:00,410.7
2020-10-09 13:30:00,410.8
2020-10-09 13:40:00,410.5
2020-10-09 13:50:00,411.2
2020-10-09 14:00:00,410.3
2020-10-09 14:10:00,410.9
2020-10-09 14:20:00,410.9
2020-10-09 14:30:00,411.4
2020-10-09 14:40:00,412.8
2020-10-09 14:50:00,412.8
2020-10-09 15:00:00,413.3
2020-10-09 15:10:00,413.3
2020-10-09 15:20:00,412.1
2020-10-09 15:30:00,412.3
2020-10-09 15:40:00,412.5590795509881
2020-10-09 15:50:00,412.60763164011513
2020-10-09 16:00:00,412.65834392670297
2020-10-09 16:10:00,412.7113080677873
2020-10-09 16:20:00,412.7666157204038
2020-10-09 16:30:00,412.8243585415882
2020-10-09 16:40:00,412.88462818837604
2020-10-09 16:50:00,412.9475163178031
2020-10-09 17:00:00,413.013114586905
2020-10-09 17:10:00,413.0815146527174
2020-10-09 17:20:00,413.15280817227597
2020-10-09 17:30:00,413.2270868026164
2020-10-09 17:40:00,413.30444220077436
2020-10-09 17:50:00,413.3849660237855
2020-10-09 18:00:00,413.46874992868555
2020-10-09 18:10:00,413.55588557251014
2020-10-09 18:20:00,413.64646461229495
2020-10-09 18:30:00,413.7405787050756
2020-10-09 18:40:00,413.83831950788783
2020-10-09 18:50:00,413.93977867776726
2020-10-09 19:00:00,414.0450478717496
2020-10-09 19:10:00,414.1542187468705
2020-10-09 19:20:00,414.26738296016566
2020-10-09 19:30:00,414.3846321686707
2020-10-09 19:40:00,414.5060580294213
2020-10-09 19:50:00,414.63175219945316
2020-10-09 20:00:00,414.7618063358019
2020-10-09 20:10:00,414.8963120955032
2020-10-09 20:20:00,415.03536113559284
2020-10-09 20:30:00,415.1790451131063
2020-10-09 20:40:00,415.3274556850794
2020-10-09 20:50:00,415.4806845085478
2020-10-09 21:00:00,415.63882324054714
2020-10-09 21:10:00,415.80196353811306
2020-10-09 21:20:00,415.97019705828126
2020-10-09 21:30:00,416.14361545808737
2020-10-09 21:40:00,416.3223103945671
2020-10-09 21:50:00,416.50637352475616
2020-10-09 22:00:00,416.69589650569014
2020-10-09 22:10:00,416.89097099440477
2020-10-09 22:20:00,417.0916886479357
2020-10-09 22:30:00,417.2981411233186
2020-10-09 22:40:00,417.5104200775891
2020-10-09 22:50:00,417.72861716778294
2020-10-09 23:00:00,417.95282405093576
2020-10-09 23:10:00,418.18313238408325
2020-10-09 23:20:00,418.41963382426104
2020-10-09 23:30:00,418.6624200285048
2020-10-09 23:40:00,418.91158265385025
2020-10-09 23:50:00,419.167213357333
2020-10-10 00:00:00,419.3
2020-10-10 00:10:00,420.1
2020-10-10 00:20:00,420.3
2020-10-10 00:30:00,419.9
2020-10-10 00:40:00,419.3
2020-10-10 00:50:00,421.0
2020-10-10 01:00:00,420.6
2020-10-10 01:10:00,420.0
2020-10-10 01:20:00,422.1
2020-10-10 01:30:00,422.0
2020-10-10 01:40:00,422.8
2020-10-10 01:50:00,424.1
2020-10-10 02:00:00,426.9
2020-10-10 02:10:00,429.1
2020-10-10 02:20:00,430.7
2020-10-10 02:30:00,431.9
2020-10-10 02:40:00,431.7
2020-10-10 02:50:00,429.1
2020-10-10 03:00:00,427.9
2020-10-10 03:10:00,427.2
2020-10-10 03:20:00,428.4
2020-10-10 03:30:00,429.9
2020-10-10 03:40:00,431.4
2020-10-10 03:50:00,433.5
2020-10-10 04:00:00,431.7
2020-10-10 04:10:00,432.6
2020-10-10 04:20:00,427.3
2020-10-10 04:30:00,424.4
2020-10-10 04:40:00,423.7
2020-10-10 04:50:00,423.7
2020-10-10 05:00:00,425.4
2020-10-10 05:10:00,427.0
2020-10-10 05:20:00,426.2
2020-10-10 05:30:00,426.1
2020-10-10 05:40:00,425.7
2020-10-10 05:50:00,425.4
2020-10-10 06:00:00,423.7
2020-10-10 06:10:00,423.2
2020-10-10 06:20:00,423.6
2020-10-10 06:30:00,423.4
2020-10-10 06:40:00,422.5
2020-10-10 06:50:00,422.6
2020-10-10 07:00:00,425.2
2020-10-10 07:10:00,426.2
2020-10-10 07:20:00,426.9
2020-10-10 07:30:00,425.7
2020-10-10 07:40:00,426.6
2020-10-10 07:50:00,426.4
2020-10-10 08:00:00,424.7
2020-10-10 08:10:00,423.6
2020-10-10 08:20:00,423.3
2020-10-10 08:30:00,421.7
2020-10-10 08:40:00,421.1
2020-10-10 08:50:00,419.4
2020-10-10 09:00:00,417.5
2020-10-10 09:10:00,416.8
2020-10-10 09:20:00,416.5
2020-10-10 09:30:00,413.8
2020-10-10 09:40:00,412.3
2020-10-10 09:50:00,411.7
2020-10-10 10:00:00,412.2
2020-10-10 10:10:00,411.9
2020-10-10 10:20:00,412.7
2020-10-10 10:30:00,412.5
2020-10-10 10:40:00,412.2
2020-10-10 10:50:00,411.7
2020-10-10 11:00:00,411.6
2020-10-10 11:10:00,411.2
2020-10-10 11:20:00,410.5
2020-10-10 11:30:00,409.8
2020-10-10 11:40:00,410.0
2020-10-10 11:50:00,409.8
2020-10-10 12:00:00,410.8
2020-10-10 12:10:00,410.6
2020-10-10 12:20:00,410.9
2020-10-10 12:30:00,410.3
2020-10-10 12:40:00,410.2
2020-10-10 12:50:00,409.7
2020-10-10 13:00:00,409.7
2020-10-10 13:10:00,409.7
2020-10-10 13:20:00,409.3
2020-10-10 13:30:00,409.2
2020-10-10 13:40:00,408.6
2020-10-10 13:50:00,408.6
2020-10-10 14:00:00,408.6
2020-10-10 14:10:00,407.9
2020-10-10 14:20:00,408.1
2020-10-10 14:30:00,408.2
2020-10-10 14:40:00,408.2
2020-10-10 14:50:00,408.7
2020-10-10 15:00:00,408.6
2020-10-10 15:10:00,409.3
2020-10-10 15:20:00,409.0
2020-10-10 15:30:00,409.2
2020-10-10 15:40:00,409.0
2020-10-10 15:50:00,408.8
2020-10-10 16:00:00,409.7
2020-10-10 16:10:00,410.5
2020-10-10 16:20:00,410.5
2020-10-10 16:30:00,410.4
2020-10-10 16:40:00,410.8
2020-10-10 16:50:00,410.7
2020-10-10 17:00:00,410.6
2020-10-10 17:10:00,410.2
2020-10-10 17:20:00,410.5
2020-10-10 17:30:00,411.1
2020-10-10 17:40:00,411.5
2020-10-10 17:50:00,411.9
2020-10-10 18:00:00,412.4
2020-10-10 18:10:00,412.6
2020-10-10 18:20:00,413.5
2020-10-10 18:30:00,414.8
2020-10-10 18:40:00,415.1
2020-10-10 18:50:00,415.5
2020-10-10 19:00:00,415.5
2020-10-10 19:10:00,416.9
2020-10-10 19:20:00,419.3
2020-10-10 19:30:00,418.9
2020-10-10 19:40:00,417.2
2020-10-10 19:50:00,418.6
2020-10-10 20:00:00,423.7
2020-10-10 20:10:00,423.0
2020-10-10 20:20:00,420.2
2020-10-10 20:30:00,424.6
2020-10-10 20:40:00,427.6
2020-10-10 20:50:00,430.1
2020-10-10 21:00:00,431.3
2020-10-10 21:10:00,429.6
2020-10-10 21:20:00,428.4
2020-10-10 21:30:00,431.3
2020-10-10 21:40:00,433.4
2020-10-10 21:50:00,431.9
2020-10-10 22:00:00,432.1
2020-10-10 22:10:00,434.1
2020-10-10 22:20:00,434.5
2020-10-10 22:30:00,437.2
2020-10-10 22:40:00,438.6
2020-10-10 22:50:00,441.0
2020-10-10 23:00:00,440.8
2020-10-10 23:10:00,439.5
2020-10-10 23:20:00,439.7
2020-10-10 23:30:00,439.7
2020-10-10 23:40:00,441.2
2020-10-10 23:50:00,441.8
2020-10-11 00:00:00,441.8
2020-10-11 00:10:00,441.0
2020-10-11 00:20:00,441.7
2020-10-11 00:30:00,441.6
2020-10-11 00:40:00,441.0
2020-10-11 00:50:00,442.4
2020-10-11 01:00:00,442.5
2020-10-11 01:10:00,442.7
2020-10-11 01:20:00,438.5
2020-10-11 01:30:00,441.8
2020-10-11 01:40:00,444.9
2020-10-11 01:50:00,444.7
2020-10-11 02:00:00,446.3
2020-10-11 02:10:00,444.8
2020-10-11 02:20:00,443.9
2020-10-11 02:30:00,443.0
2020-10-11 02:40:00,443.9
2020-10-11 02:50:00,438.9
2020-10-11 03:00:00,439.7
2020-10-11 03:10:00,431.5
2020-10-11 03:20:00,425.3
2020-10-11 03:30:00,434.2
2020-10-11 03:40:00,438.8
2020-10-11 03:50:00,442.3
2020-10-11 04:00:00,441.9
2020-10-11 04:10:00,441.1
2020-10-11 04:20:00,435.6
2020-10-11 04:30:00,437.3
2020-10-11 04:40:00,440.3
2020-10-11 04:50:00,440.4
2020-10-11 05:00:00,442.5
2020-10-11 05:10:00,443.8
2020-10-11 05:20:00,445.0
2020-10-11 05:30:00,447.6
2020-10-11 05:40:00,449.8
2020-10-11 05:50:00,449.2
2020-10-11 06:00:00,444.5
2020-10-11 06:10:00,443.2
2020-10-11 06:20:00,446.2
2020-10-11 06:30:00,445.9
2020-10-11 06:40:00,443.6
2020-10-11 06:50:00,442.6
2020-10-11 07:00:00,441.3
2020-10-11 07:10:00,443.1
2020-10-11 07:20:00,441.7
2020-10-11 07:30:00,437.3
2020-10-11 07:40:00,437.4
2020-10-11 07:50:00,436.8
2020-10-11 08:00:00,433.9
2020-10-11 08:10:00,434.1
2020-10-11 08:20:00,432.3
2020-10-11 08:30:00,430.2
2020-10-11 08:40:00,429.9
2020-10-11 08:50:00,430.2
2020-10-11 09:00:00,428.3
2020-10-11 09:10:00,427.2
2020-10-11 09:20:00,426.8
2020-10-11 09:30:00,423.7
2020-10-11 09:40:00,420.2
2020-10-11 09:50:00,414.8
2020-10-11 10:00:00,413.8
2020-10-11 10:10:00,413.5
2020-10-11 10:20:00,414.1
2020-10-11 10:30:00,414.1
2020-10-11 10:40:00,413.3
2020-10-11 10:50:00,413.2
2020-10-11 11:00:00,413.2
2020-10-11 11:10:00,412.5
2020-10-11 11:20:00,411.9
2020-10-11 11:30:00,411.8
2020-10-11 11:40:00,410.4
2020-10-11 11:50:00,409.8
2020-10-11 12:00:00,409.2
2020-10-11 12:10:00,408.7
2020-10-11 12:20:00,409.6
2020-10-11 12:30:00,409.9
2020-10-11 12:40:00,408.9
2020-10-11 12:50:00,407.9
2020-10-11 13:00:00,408.5
2020-10-11 13:10:00,408.5
2020-10-11 13:20:00,408.0
2020-10-11 13:30:00,407.9
2020-10-11 13:40:00,407.8
2020-10-11 13:50:00,408.1
2020-10-11 14:00:00,408.1
2020-10-11 14:10:00,408.3
2020-10-11 14:20:00,409.0
2020-10-11 14:30:00,408.9
2020-10-11 14:40:00,408.5
2020-10-11 14:50:00,408.9
2020-10-11 15:00:00,408.8
2020-10-11 15:10:00,408.8
2020-10-11 15:20:00,409.1
2020-10-11 15:30:00,409.5
2020-10-11 15:40:00,409.5
2020-10-11 15:50:00,409.9
2020-10-11 16:00:00,410.0
2020-10-11 16:10:00,410.5
2020-10-11 16:20:00,410.9
2020-10-11 16:30:00,410.5
2020-10-11 16:40:00,410.1
2020-10-11 16:50:00,410.5
2020-10-11 17:00:00,410.8
2020-10-11 17:10:00,412.7
2020-10-11 17:20:00,411.8
2020-10-11 17:30:00,412.7
2020-10-11 17:40:00,417.8
2020-10-11 17:50:00,415.7
2020-10-11 18:00:00,415.0
2020-10-11 18:10:00,415.3
2020-10-11 18:20:00,416.2
2020-10-11 18:30:00,418.4
2020-10-11 18:40:00,418.5
2020-10-11 18:50:00,419.7
2020-10-11 19:00:00,418.3
2020-10-11 19:10:00,417.8
2020-10-11 19:20:00,418.8
2020-10-11 19:30:00,416.9
2020-10-11 19:40:00,416.4
2020-10-11 19:50:00,417.0
2020-10-11 20:00:00,420.7
2020-10-11 20:10:00,422.6
2020-10-11 20:20:00,423.0
2020-10-11 20:30:00,425.5
2020-10-11 20:40:00,424.8
2020-10-11 20:50:00,426.8
2020-10-11 21:00:00,430.9
2020-10-11 21:10:00,432.9
2020-10-11 21:20:00,434.7
2020-10-11 21:30:00,433.3
2020-10-11 21:40:00,431.9
2020-10-11 21:50:00,433.8
2020-10-11 22:00:00,435.0
2020-10-11 22:10:00,436.1
2020-10-11 22:20:00,437.1
2020-10-11 22:30:00,436.5
2020-10-11 22:40:00,436.1
2020-10-11 22:50:00,437.0
2020-10-11 23:00:00,437.6
2020-10-11 23:10:00,438.5
2020-10-11 23:20:00,439.8
2020-10-11 23:30:00,440.4
2020-10-11 23:40:00,441.1
2020-10-11 23:50:00,442.7
2020-10-12 00:00:00,444.0
2020-10-12 00:10:00,444.8
2020-10-12 00:20:00,444.7
2020-10-12 00:30:00,443.8
2020-10-12 00:40:00,444.4
2020-10-12 00:50:00,445.3
2020-10-12 01:00:00,445.7
2020-10-12 01:10:00,444.1
2020-10-12 01:20:00,444.6
2020-10-12 01:30:00,445.0
2020-10-12 01:40:00,449.6
2020-10-12 01:50:00,448.2
2020-10-12 02:00:00,447.2
2020-10-12 02:10:00,447.7
2020-10-12 02:20:00,447.0
2020-10-12 02:30:00,447.2981191722573
2020-10-12 02:40:00,447.20066638478596
2020-10-12 02:50:00,447.06023920943824
2020-10-12 03:00:00,446.8781917156463
2020-10-12 03:10:00,446.6558779728424
2020-10-12 03:20:00,446.3946520504587
2020-10-12 03:30:00,446.09586801792744
2020-10-12 03:40:00,445.76087994468077
2020-10-12 03:50:00,445.39104190015087
2020-10-12 04:00:00,444.9877079537699
2020-10-12 04:10:00,444.5522321749702
2020-10-12 04:20:00,444.0859686331838
2020-10-12 04:30:00,443.5902713978431
2020-10-12 04:40:00,443.06649453838014
2020-10-12 04:50:00,442.5159921242272
2020-10-12 05:00:00,441.9401182248164
2020-10-12 05:10:00,441.34022690957994
2020-10-12 05:20:00,440.7176722479501
2020-10-12 05:30:00,440.073808309359
2020-10-12 05:40:00,439.40998916323883
2020-10-12 05:50:00,438.7275688790219
2020-10-12 06:00:00,438.0279015261403
2020-10-12 06:10:00,437.31234117402624
2020-10-12 06:20:00,436.582241892112
2020-10-12 06:30:00,435.83895774982966
2020-10-12 06:40:00,435.0838428166115
2020-10-12 06:50:00,434.3182511618897
2020-10-12 07:00:00,433.5435368550964
2020-10-12 07:10:00,432.7610539656639
2020-10-12 07:20:00,431.9721565630243
2020-10-12 07:30:00,431.1781987166099
2020-10-12 07:40:00,430.3805344958529
2020-10-12 07:50:00,429.5805179701853
2020-10-12 08:00:00,428.7795032090395
2020-10-12 08:10:00,427.9788442818476
2020-10-12 08:20:00,427.1798952580419
2020-10-12 08:30:00,426.3840102070545
2020-10-12 08:40:00,425.59254319831757
2020-10-12 08:50:00,424.80684830126336
2020-10-12 09:00:00,424.02827958532407
2020-10-12 09:10:00,423.2581911199319
2020-10-12 09:20:00,422.49793697451906
2020-10-12 09:30:00,421.7488712185177
2020-10-12 09:40:00,421.0123479213601
2020-10-12 09:50:00,420.28972115247836
2020-10-12 10:00:00,419.58234498130474
2020-10-12 10:10:00,418.89157347727144
2020-10-12 10:20:00,418.2187607098106
2020-10-12 10:30:00,417.5652607483545
2020-10-12 10:40:00,416.9324276623352
2020-10-12 10:50:00,416.3
2020-10-12 11:00:00,415.8
2020-10-12 11:10:00,415.0
2020-10-12 11:20:00,414.6
2020-10-12 11:30:00,414.5
2020-10-12 11:40:00,413.7919476173147
2020-10-12 11:50:00,413.30690436633967
2020-10-12 12:00:00,412.83485976760676
2020-10-12 12:10:00,412.37650121297327
2020-10-12 12:20:00,411.93251609429643
2020-10-12 12:30:00,411.50359180343344
2020-10-12 12:40:00,411.0904157322416
2020-10-12 12:50:00,410.6936752725781
2020-10-12 13:00:00,410.31405781630025
2020-10-12 13:10:00,409.9522507552652
2020-10-12 13:20:00,409.60894148133025
2020-10-12 13:30:00,409.28481738635264
2020-10-12 13:40:00,408.9805658621896
2020-10-12 13:50:00,408.6968743006984
2020-10-12 14:00:00,408.4344300937363
2020-10-12 14:10:00,408.1939206331605
2020-10-12 14:20:00,407.9760333108282
2020-10-12 14:30:00,407.7814555185967
2020-10-12 14:40:00,407.61087464832326
2020-10-12 14:50:00,407.4649780918651
2020-10-12 15:00:00,407.34445324107946
2020-10-12 15:10:00,407.2499874878236
2020-10-12 15:20:00,407.18226822395474
2020-10-12 15:30:00,407.1419828413301
2020-10-12 15:40:00,407.12981873180695
2020-10-12 15:50:00,407.14646328724257
2020-10-12 16:00:00,407.19260389949415
2020-10-12 16:10:00,407.2689279604189
2020-10-12 16:20:00,407.3761228618742
2020-10-12 16:30:00,407.51487599571715
2020-10-12 16:40:00,407.6858747538051
2020-10-12 16:50:00,407.8898065279952
2020-10-12 17:00:00,408.12735871014473
2020-10-12 17:10:00,408.39921869211094
2020-10-12 17:20:00,408.7060738657511
2020-10-12 17:30:00,409.0486116229224
2020-10-12 17:40:00,409.4275193554821
2020-10-12 17:50:00,409.8434844552874
2020-10-12 18:00:00,410.2971943141956
2020-10-12 18:10:00,410.789336324064
2020-10-12 18:20:00,411.32059787674973
2020-10-12 18:30:00,411.8916663641101
2020-10-12 18:40:00,412.50322917800236
2020-10-12 18:50:00,413.1559737102837
2020-10-12 19:00:00,413.85058735281143
2020-10-12 19:10:00,414.58775749744274
2020-10-12 19:20:00,415.3681715360348
2020-10-12 19:30:00,416.192516860445
2020-10-12 19:40:00,417.06148086253046
2020-10-12 19:50:00,417.9757509341485
2020-10-12 20:00:00,416.8
2020-10-12 20:10:00,419.0
2020-10-12 20:20:00,430.6
2020-10-12 20:30:00,424.3
2020-10-12 20:40:00,420.5
2020-10-12 20:50:00,421.3
2020-10-12 21:00:00,422.3
2020-10-12 21:10:00,423.1
2020-10-12 21:20:00,426.9
2020-10-12 21:30:00,425.3
2020-10-12 21:40:00,423.9
2020-10-12 21:50:00,428.9
2020-10-12 22:00:00,427.8
2020-10-12 22:10:00,431.5
2020-10-12 22:20:00,431.1
2020-10-12 22:30:00,433.5
2020-10-12 22:40:00,432.3
2020-10-12 22:50:00,431.3
2020-10-12 23:00:00,435.7
2020-10-12 23:10:00,440.2
2020-10-12 23:20:00,444.1
2020-10-12 23:30:00,444.2
2020-10-12 23:40:00,448.1
2020-10-12 23:50:00,448.4
2020-10-13 00:00:00,446.6
2020-10-13 00:10:00,447.4
2020-10-13 00:20:00,445.2
2020-10-13 00:30:00,442.0
2020-10-13 00:40:00,439.3
2020-10-13 00:50:00,440.9
2020-10-13 01:00:00,439.8
2020-10-13 01:10:00,441.8
2020-10-13 01:20:00,450.6
2020-10-13 01:30:00,453.0
2020-10-13 01:40:00,450.6
2020-10-13 01:50:00,452.27449981815204
2020-10-13 02:00:00,453.2839285930907
2020-10-13 02:10:00,454.21496086646795
2020-10-13 02:20:00,455.0689926231171
2020-10-13 02:30:00,455.8474198478716
2020-10-13 02:40:00,456.5516385255649
2020-10-13 02:50:00,457.18304464103034
2020-10-13 03:00:00,457.74303417910136
2020-10-13 03:10:00,458.2330031246114
2020-10-13 03:20:00,458.65434746239384
2020-10-13 03:30:00,459.0084631772821
2020-10-13 03:40:00,459.2967462541096
2020-10-13 03:50:00,459.5205926777097
2020-10-13 04:00:00,459.68139843291584
2020-10-13 04:10:00,459.78055950456144
2020-10-13 04:20:00,459.81947187747994
2020-10-13 04:30:00,459.79953153650473
2020-10-13 04:40:00,459.7221344664692
2020-10-13 04:50:00,459.58867665220674
2020-10-13 05:00:00,459.4005540785508
2020-10-13 05:10:00,459.1591627303348
2020-10-13 05:20:00,458.8658985923921
2020-10-13 05:30:00,458.52215764955616
2020-10-13 05:40:00,458.1293358866604
2020-10-13 05:50:00,457.68882928853816
2020-10-13 06:00:00,457.2020338400229
2020-10-13 06:10:00,456.67034552594805
2020-10-13 06:20:00,456.095160331147
2020-10-13 06:30:00,455.47787424045316
2020-10-13 06:40:00,454.81988323869996
2020-10-13 06:50:00,454.12258331072076
2020-10-13 07:00:00,453.387370441349
2020-10-13 07:10:00,452.615640615418
2020-10-13 07:20:00,451.80878981776135
2020-10-13 07:30:00,450.96821403321235
2020-10-13 07:40:00,450.09530924660436
2020-10-13 07:50:00,449.191471442771
2020-10-13 08:00:00,448.2580966065455
2020-10-13 08:10:00,447.29658072276135
2020-10-13 08:20:00,446.30831977625184
2020-10-13 08:30:00,445.2947097518505
2020-10-13 08:40:00,444.25714663439066
2020-10-13 08:50:00,443.1970264087057
2020-10-13 09:00:00,442.1157450596291
2020-10-13 09:10:00,441.01469857199436
2020-10-13 09:20:00,439.89528293063483
2020-10-13 09:30:00,438.7588941203839
2020-10-13 09:40:00,437.606928126075
2020-10-13 09:50:00,436.44078093254143
2020-10-13 10:00:00,435.26184852461677
2020-10-13 10:10:00,436.0
2020-10-13 10:20:00,428.4
2020-10-13 10:30:00,431.6
2020-10-13 10:40:00,432.8
2020-10-13 10:50:00,431.7
2020-10-13 11:00:00,427.7
2020-10-13 11:10:00,424.7
2020-10-13 11:20:00,425.5
2020-10-13 11:30:00,425.0
2020-10-13 11:40:00,422.6
2020-10-13 11:50:00,422.7
2020-10-13 12:00:00,421.8
2020-10-13 12:10:00,417.8
2020-10-13 12:20:00,417.8
2020-10-13 12:30:00,419.3
2020-10-13 12:40:00,419.8
2020-10-13 12:50:00,420.1
2020-10-13 13:00:00,419.4
2020-10-13 13:10:00,419.3
2020-10-13 13:20:00,417.3
2020-10-13 13:30:00,416.3
2020-10-13 13:40:00,416.9
2020-10-13 13:50:00,415.6
2020-10-13 14:00:00,415.6
2020-10-13 14:10:00,415.8
2020-10-13 14:20:00,416.1
2020-10-13 14:30:00,420.0
2020-10-13 14:40:00,419.7
2020-10-13 14:50:00,419.8
2020-10-13 15:00:00,420.1
2020-10-13 15:10:00,420.3
2020-10-13 15:20:00,419.6
2020-10-13 15:30:00,419.9
2020-10-13 15:40:00,418.1
2020-10-13 15:50:00,417.7
2020-10-13 16:00:00,416.3
2020-10-13 16:10:00,414.2
2020-10-13 16:20:00,412.5
2020-10-13 16:30:00,412.6
2020-10-13 16:40:00,413.3
2020-10-13 16:50:00,413.1
2020-10-13 17:00:00,414.2
2020-10-13 17:10:00,415.7
2020-10-13 17:20:00,416.0
2020-10-13 17:30:00,416.2
2020-10-13 17:40:00,414.2
2020-10-13 17:50:00,413.1
2020-10-13 18:00:00,413.5
2020-10-13 18:10:00,414.2
2020-10-13 18:20:00,413.8
2020-10-13 18:30:00,414.0
2020-10-13 18:40:00,414.9
2020-10-13 18:50:00,417.7
2020-10-13 19:00:00,416.5
2020-10-13 19:10:00,416.6
2020-10-13 19:20:00,416.9
2020-10-13 19:30:00,420.6
2020-10-13 19:40:00,424.1
2020-10-13 19:50:00,418.8
2020-10-13 20:00:00,417.6
2020-10-13 20:10:00,417.4
2020-10-13 20:20:00,416.7
2020-10-13 20:30:00,417.5
2020-10-13 20:40:00,418.6
2020-10-13 20:50:00,419.4
2020-10-13 21:00:00,419.4
2020-10-13 21:10:00,419.4
2020-10-13 21:20:00,419.6
2020-10-13 21:30:00,420.4
2020-10-13 21:40:00,420.4
2020-10-13 21:50:00,420.1
2020-10-13 22:00:00,420.7
2020-10-13 22:10:00,422.5
2020-10-13 22:20:00,423.8
2020-10-13 22:30:00,424.4
2020-10-13 22:40:00,424.7
2020-10-13 22:50:00,425.7
2020-10-13 23:00:00,424.5
2020-10-13 23:10:00,422.6
2020-10-13 23:20:00,422.1
2020-10-13 23:30:00,422.0
2020-10-13 23:40:00,422.5
2020-10-13 23:50:00,421.8
2020-10-14 00:00:00,421.7
2020-10-14 00:10:00,421.56347631928924
2020-10-14 00:20:00,421.40696898633024
2020-10-14 00:30:00,421.26226213072016
2020-10-14 00:40:00,421.1288952308896
2020-10-14 00:50:00,421.0064077652692
2020-10-14 01:00:00,420.89433921228965
2020-10-14 01:10:00,420.7922290503816
2020-10-14 01:20:00,420.69961675797566
2020-10-14 01:30:00,420.6160418135025
2020-10-14 01:40:00,420.5410436953928
2020-10-14 01:50:00,420.47416188207717
2020-10-14 02:00:00,420.4149358519863
2020-10-14 02:10:00,420.3629050835508
2020-10-14 02:20:00,420.31760905520133
2020-10-14 02:30:00,420.27858724536856
2020-10-14 02:40:00,420.24537913248315
2020-10-14 02:50:00,420.21752419497574
2020-10-14 03:00:00,420.194561911277
2020-10-14 03:10:00,420.17603175981753
2020-10-14 03:20:00,420.16147321902804
2020-10-14 03:30:00,420.15042576733913
2020-10-14 03:40:00,420.1424288831815
2020-10-14 03:50:00,420.13702204498577
2020-10-14 04:00:00,420.1337447311826
2020-10-14 04:10:00,420.13213642020264
2020-10-14 04:20:00,420.1317365904765
2020-10-14 04:30:00,420.13208472043493
2020-10-14 04:40:00,420.1327202885085
2020-10-14 04:50:00,420.1331827731279
2020-10-14 05:00:00,420.1330116527238
2020-10-14 05:10:00,420.13174640572674
2020-10-14 05:20:00,420.1289265105675
2020-10-14 05:30:00,420.1240914456767
2020-10-14 05:40:00,420.116780689485
2020-10-14 05:50:00,420.106533720423
2020-10-14 06:00:00,420.0928900169214
2020-10-14 06:10:00,420.0753890574108
2020-10-14 06:20:00,420.0535703203219
2020-10-14 06:30:00,420.02697328408533
2020-10-14 06:40:00,419.99513742713174
2020-10-14 06:50:00,419.95760222789175
2020-10-14 07:00:00,419.9139071647961
2020-10-14 07:10:00,419.8635917162754
2020-10-14 07:20:00,419.8061953607602
2020-10-14 07:30:00,419.74125757668133
2020-10-14 07:40:00,419.6683178424693
2020-10-14 07:50:00,419.58691563655486
2020-10-14 08:00:00,419.4965904373686
2020-10-14 08:10:00,419.3968817233412
2020-10-14 08:20:00,419.2873289729033
2020-10-14 08:30:00,419.2
2020-10-14 08:40:00,419.1
2020-10-14 08:50:00,418.7
2020-10-14 09:00:00,418.6
2020-10-14 09:10:00,418.6
2020-10-14 09:20:00,418.6
2020-10-14 09:30:00,418.3
2020-10-14 09:40:00,418.1
2020-10-14 09:50:00,417.6
2020-10-14 10:00:00,417.7
2020-10-14 10:10:00,417.2
2020-10-14 10:20:00,416.9
2020-10-14 10:30:00,416.8
2020-10-14 10:40:00,416.63128896894096
2020-10-14 10:50:00,416.46552241544805
2020-10-14 11:00:00,416.3106917601206
2020-10-14 11:10:00,416.16655418579103
2020-10-14 11:20:00,416.0328668752915
2020-10-14 11:30:00,415.9093870114544
2020-10-14 11:40:00,415.795871777112
2020-10-14 11:50:00,415.6920783550966
2020-10-14 12:00:00,415.59776392824057
2020-10-14 12:10:00,415.5126856793761
2020-10-14 12:20:00,415.4366007913356
2020-10-14 12:30:00,415.3692664469513
2020-10-14 12:40:00,415.31043982905555
2020-10-14 12:50:00,415.2598781204806
2020-10-14 13:00:00,415.21733850405883
2020-10-14 13:10:00,415.1825781626225
2020-10-14 13:20:00,415.1553542790039
2020-10-14 13:30:00,415.1354240360354
2020-10-14 13:40:00,415.1225446165492
2020-10-14 13:50:00,415.1164732033777
2020-10-14 14:00:00,415.1169669793532
2020-10-14 14:10:00,415.12378312730795
2020-10-14 14:20:00,415.1366788300743
2020-10-14 14:30:00,415.15541127048454
2020-10-14 14:40:00,415.1797376313709
2020-10-14 14:50:00,415.2094150955658
2020-10-14 15:00:00,415.2442008459015
2020-10-14 15:10:00,415.28385206521034
2020-10-14 15:20:00,415.32812593632457
2020-10-14 15:30:00,415.3767796420765
2020-10-14 15:40:00,415.42957036529845
2020-10-14 15:50:00,415.4862552888227
2020-10-14 16:00:00,415.5465915954816
2020-10-14 16:10:00,415.6103364681074
2020-10-14 16:20:00,415.67724708953244
2020-10-14 16:30:00,415.747080642589
2020-10-14 16:40:00,415.81959431010944
2020-10-14 16:50:00,415.89454527492603
2020-10-14 17:00:00,415.97169071987105
2020-10-14 17:10:00,416.05078782777684
2020-10-14 17:20:00,416.1315937814757
2020-10-14 17:30:00,416.21386576379996
2020-10-14 17:40:00,416.2973609575819
2020-10-14 17:50:00,416.38183654565375
2020-10-14 18:00:00,416.4670497108479
2020-10-14 18:10:00,416.55275763599667
2020-10-14 18:20:00,416.6387175039323
2020-10-14 18:30:00,416.72468649748714
2020-10-14 18:40:00,416.8104217994935
2020-10-14 18:50:00,416.8956805927836
2020-10-14 19:00:00,417.0
2020-10-14 19:10:00,417.1
2020-10-14 19:20:00,417.1
2020-10-14 19:30:00,417.1
2020-10-14 19:40:00,417.2
2020-10-14 19:50:00,417.5
2020-10-14 20:00:00,417.3
2020-10-14 20:10:00,417.6
2020-10-14 20:20:00,417.7
2020-10-14 20:30:00,417.7
2020-10-14 20:40:00,418.1
2020-10-14 20:50:00,418.1
2020-10-14 21:00:00,418.2
2020-10-14 21:10:00,418.3
2020-10-14 21:20:00,418.3
2020-10-14 21:30:00,418.5
2020-10-14 21:40:00,418.5
2020-10-14 21:50:00,418.6
2020-10-14 22:00:00,418.8
2020-10-14 22:10:00,419.1
2020-10-14 22:20:00,418.7
2020-10-14 22:30:00,418.6
2020-10-14 22:40:00,418.8
2020-10-14 22:50:00,418.8
2020-10-14 23:00:00,419.0
2020-10-14 23:10:00,418.8
2020-10-14 23:20:00,419.0
2020-10-14 23:30:00,419.2
2020-10-14 23:40:00,419.1
2020-10-14 23:50:00,419.1
2020-10-15 00:00:00,419.3
2020-10-15 00:10:00,419.8
2020-10-15 00:20:00,419.5
2020-10-15 00:30:00,419.0
2020-10-15 00:40:00,418.8
2020-10-15 00:50:00,418.9
2020-10-15 01:00:00,418.8
2020-10-15 01:10:00,418.9
2020-10-15 01:20:00,418.8
2020-10-15 01:30:00,418.9
2020-10-15 01:40:00,419.3
2020-10-15 01:50:00,419.1
2020-10-15 02:00:00,419.1
2020-10-15 02:10:00,419.1
2020-10-15 02:20:00,419.4
2020-10-15 02:30:00,419.1
2020-10-15 02:40:00,419.3
2020-10-15 02:50:00,419.4
2020-10-15 03:00:00,419.4
2020-10-15 03:10:00,419.5
2020-10-15 03:20:00,420.6
2020-10-15 03:30:00,419.6
2020-10-15 03:40:00,419.5
2020-10-15 03:50:00,419.5
2020-10-15 04:00:00,420.0
2020-10-15 04:10:00,419.6
2020-10-15 04:20:00,419.5
2020-10-15 04:30:00,419.7
2020-10-15 04:40:00,419.8
2020-10-15 04:50:00,420.0
2020-10-15 05:00:00,420.1
2020-10-15 05:10:00,420.3
2020-10-15 05:20:00,420.5
2020-10-15 05:30:00,420.5110124357482
2020-10-15 05:40:00,420.59873519146765
2020-10-15 05:50:00,420.6805980574956
2020-10-15 06:00:00,420.7566530975985
2020-10-15 06:10:00,420.82695237554276
2020-10-15 06:20:00,420.89154795509484
2020-10-15 06:30:00,420.95049190002123
2020-10-15 06:40:00,421.00383627408837
2020-10-15 06:50:00,421.05163314106267
2020-10-15 07:00:00,421.0939345647106
2020-10-15 07:10:00,421.1307926087986
2020-10-15 07:20:00,421.1622593370931
2020-10-15 07:30:00,421.1883868133605
2020-10-15 07:40:00,421.20922710136733
2020-10-15 07:50:00,421.22483226488004
2020-10-15 08:00:00,421.235254367665
2020-10-15 08:10:00,421.24054547348874
2020-10-15 08:20:00,421.24075764611763
2020-10-15 08:30:00,421.23594294931814
2020-10-15 08:40:00,421.22615344685676
2020-10-15 08:50:00,421.2114412024999
2020-10-15 09:00:00,421.191858280014
2020-10-15 09:10:00,421.16745674316553
2020-10-15 09:20:00,421.13828865572094
2020-10-15 09:30:00,421.10440608144665
2020-10-15 09:40:00,421.0658610841091
2020-10-15 09:50:00,421.0227057274747
2020-10-15 10:00:00,420.97499207531
2020-10-15 10:10:00,420.9227721913814
2020-10-15 10:20:00,420.86609813945535
2020-10-15 10:30:00,420.8050219832983
2020-10-15 10:40:00,420.7395957866766
2020-10-15 10:50:00,420.6698716133568
2020-10-15 11:00:00,420.59590152710535
2020-10-15 11:10:00,420.5177375916887
2020-10-15 11:20:00,420.4354318708732
2020-10-15 11:30:00,420.34903642842534
2020-10-15 11:40:00,420.25860332811163
2020-10-15 11:50:00,420.1641846336985
2020-10-15 12:00:00,420.0658324089523
2020-10-15 12:10:00,419.96359871763957
2020-10-15 12:20:00,419.85753562352676
2020-10-15 12:30:00,419.7476951903803
2020-10-15 12:40:00,419.63412948196657
2020-10-15 12:50:00,419.5168905620521
2020-10-15 13:00:00,419.39603049440325
2020-10-15 13:10:00,419.27160134278654
2020-10-15 13:20:00,419.14365517096843
2020-10-15 13:30:00,419.01224404271534
2020-10-15 13:40:00,418.8774200217937
2020-10-15 13:50:00,418.8
2020-10-15 14:00:00,418.6
2020-10-15 14:10:00,418.2
2020-10-15 14:20:00,418.4
2020-10-15 14:30:00,418.2
2020-10-15 14:40:00,418.0
2020-10-15 14:50:00,417.6
2020-10-15 15:00:00,417.7
2020-10-15 15:10:00,417.5
2020-10-15 15:20:00,417.3
2020-10-15 15:30:00,417.3
2020-10-15 15:40:00,417.2
2020-10-15 15:50:00,417.4
2020-10-15 16:00:00,417.3
2020-10-15 16:10:00,417.2
2020-10-15 16:20:00,417.6
2020-10-15 16:30:00,417.8
2020-10-15 16:40:00,417.6
2020-10-15 16:50:00,417.4
2020-10-15 17:00:00,417.6
2020-10-15 17:10:00,417.8
2020-10-15 17:20:00,418.0
2020-10-15 17:30:00,417.7
2020-10-15 17:40:00,417.7
2020-10-15 17:50:00,417.6
2020-10-15 18:00:00,417.4
2020-10-15 18:10:00,417.4
2020-10-15 18:20:00,417.4
2020-10-15 18:30:00,417.9
2020-10-15 18:40:00,417.6
2020-10-15 18:50:00,417.9
2020-10-15 19:00:00,418.3
2020-10-15 19:10:00,418.4
2020-10-15 19:20:00,419.3
2020-10-15 19:30:00,418.8
2020-10-15 19:40:00,419.4
2020-10-15 19:50:00,419.3
2020-10-15 20:00:00,419.0
2020-10-15 20:10:00,419.0
2020-10-15 20:20:00,418.6
2020-10-15 20:30:00,419.4
2020-10-15 20:40:00,419.5
2020-10-15 20:50:00,418.8
2020-10-15 21:00:00,418.5
2020-10-15 21:10:00,418.1
2020-10-15 21:20:00,418.0
2020-10-15 21:30:00,417.9
2020-10-15 21:40:00,417.9
2020-10-15 21:50:00,418.2
2020-10-15 22:00:00,418.2
2020-10-15 22:10:00,418.5
2020-10-15 22:20:00,418.5
2020-10-15 22:30:00,418.5
2020-10-15 22:40:00,418.3
2020-10-15 22:50:00,418.3
2020-10-15 23:00:00,418.5
2020-10-15 23:10:00,419.0
2020-10-15 23:20:00,419.6
2020-10-15 23:30:00,419.9
2020-10-15 23:40:00,420.1
2020-10-15 23:50:00,420.1
2020-10-16 00:00:00,419.8
2020-10-16 00:10:00,420.6
2020-10-16 00:20:00,420.1
2020-10-16 00:30:00,419.7
2020-10-16 00:40:00,419.1
2020-10-16 00:50:00,418.8
2020-10-16 01:00:00,418.5
2020-10-16 01:10:00,418.5
2020-10-16 01:20:00,418.6
2020-10-16 01:30:00,418.6
2020-10-16 01:40:00,418.7
2020-10-16 01:50:00,418.9
2020-10-16 02:00:00,419.1
2020-10-16 02:10:00,419.4
2020-10-16 02:20:00,419.5
2020-10-16 02:30:00,419.8
2020-10-16 02:40:00,419.9
2020-10-16 02:50:00,419.8
2020-10-16 03:00:00,420.0
2020-10-16 03:10:00,420.3
2020-10-16 03:20:00,420.8
2020-10-16 03:30:00,421.1
2020-10-16 03:40:00,421.4
2020-10-16 03:50:00,421.2
2020-10-16 04:00:00,421.1
2020-10-16 04:10:00,421.1
2020-10-16 04:20:00,421.3
2020-10-16 04:30:00,421.5
2020-10-16 04:40:00,421.7
2020-10-16 04:50:00,421.2
2020-10-16 05:00:00,421.3
2020-10-16 05:10:00,420.7
2020-10-16 05:20:00,420.8
2020-10-16 05:30:00,420.1
2020-10-16 05:40:00,419.8
2020-10-16 05:50:00,419.7
2020-10-16 06:00:00,419.8
2020-10-16 06:10:00,420.0
2020-10-16 06:20:00,419.9
2020-10-16 06:30:00,419.9
2020-10-16 06:40:00,420.0
2020-10-16 06:50:00,420.1
2020-10-16 07:00:00,420.0
2020-10-16 07:10:00,420.3
2020-10-16 07:20:00,420.4
2020-10-16 07:30:00,420.1
2020-10-16 07:40:00,420.0
2020-10-16 07:50:00,419.9
2020-10-16 08:00:00,420.1
2020-10-16 08:10:00,419.8
2020-10-16 08:20:00,419.9
2020-10-16 08:30:00,419.6
2020-10-16 08:40:00,419.5
2020-10-16 08:50:00,418.8
2020-10-16 09:00:00,418.5
2020-10-16 09:10:00,418.0
2020-10-16 09:20:00,418.6
2020-10-16 09:30:00,419.0
2020-10-16 09:40:00,418.7
2020-10-16 09:50:00,418.3
2020-10-16 10:00:00,417.9
2020-10-16 10:10:00,417.7
2020-10-16 10:20:00,417.4
2020-10-16 10:30:00,417.2977216001095
2020-10-16 10:40:00,417.1128990813384
2020-10-16 10:50:00,416.9329071532042
2020-10-16 11:00:00,416.75779909520054
2020-10-16 11:10:00,416.58762818682084
2020-10-16 11:20:00,416.4224477075587
2020-10-16 11:30:00,416.2623109369077
2020-10-16 11:40:00,416.10727115436123
2020-10-16 11:50:00,415.9573816394129
2020-10-16 12:00:00,415.8126956715563
2020-10-16 12:10:00,415.6732665302849
2020-10-16 12:20:00,415.53914749509215
2020-10-16 12:30:00,415.41039184547174
2020-10-16 12:40:00,415.28705286091713
2020-10-16 12:50:00,415.16918382092183
2020-10-16 13:00:00,415.0568380049794
2020-10-16 13:10:00,414.9500686925834
2020-10-16 13:20:00,414.8489291632273
2020-10-16 13:30:00,414.7534726964047
2020-10-16 13:40:00,414.66375257160905
2020-10-16 13:50:00,414.57982206833395
2020-10-16 14:00:00,414.5017344660729
2020-10-16 14:10:00,414.4295430443194
2020-10-16 14:20:00,414.3633010825671
2020-10-16 14:30:00,414.3030618603094
2020-10-16 14:40:00,414.24887865703994
2020-10-16 14:50:00,414.20080475225217
2020-10-16 15:00:00,414.15889342543966
2020-10-16 15:10:00,414.12319795609596
2020-10-16 15:20:00,414.0937716237146
2020-10-16 15:30:00,414.0706677077891
2020-10-16 15:40:00,414.05393948781295
2020-10-16 15:50:00,414.04364024327975
2020-10-16 16:00:00,414.039823253683
2020-10-16 16:10:00,414.0425417985162
2020-10-16 16:20:00,414.05184915727295
2020-10-16 16:30:00,414.06779860944675
2020-10-16 16:40:00,414.09044343453115
2020-10-16 16:50:00,414.11983691201965
2020-10-16 17:00:00,414.1560323214058
2020-10-16 17:10:00,414.1990829421831
2020-10-16 17:20:00,414.24904205384513
2020-10-16 17:30:00,414.3059629358854
2020-10-16 17:40:00,414.3698988677975
2020-10-16 17:50:00,414.44090312907485
2020-10-16 18:00:00,414.51902899921106
2020-10-16 18:10:00,414.60432975769965
2020-10-16 18:20:00,414.69685868403417
2020-10-16 18:30:00,414.79666905770813
2020-10-16 18:40:00,414.9038141582151
2020-10-16 18:50:00,414.8
2020-10-16 19:00:00,415.1
2020-10-16 19:10:00,415.7
2020-10-16 19:20:00,415.9
2020-10-16 19:30:00,415.8
2020-10-16 19:40:00,415.9
2020-10-16 19:50:00,416.0
2020-10-16 20:00:00,416.3
2020-10-16 20:10:00,416.8
2020-10-16 20:20:00,415.5
2020-10-16 20:30:00,414.6
2020-10-16 20:40:00,413.8
2020-10-16 20:50:00,413.6
2020-10-16 21:00:00,413.2
2020-10-16 21:10:00,413.0
2020-10-16 21:20:00,413.3
2020-10-16 21:30:00,414.4
2020-10-16 21:40:00,414.9
2020-10-16 21:50:00,415.5
2020-10-16 22:00:00,416.2
2020-10-16 22:10:00,416.5
2020-10-16 22:20:00,416.5
2020-10-16 22:30:00,415.8
2020-10-16 22:40:00,416.2
2020-10-16 22:50:00,416.0
2020-10-16 23:00:00,416.0
2020-10-16 23:10:00,416.7
2020-10-16 23:20:00,416.3
2020-10-16 23:30:00,416.2
2020-10-16 23:40:00,416.0
2020-10-16 23:50:00,415.8
2020-10-17 00:00:00,415.9
2020-10-17 00:10:00,416.4
2020-10-17 00:20:00,416.4
2020-10-17 00:30:00,415.6
2020-10-17 00:40:00,415.1
2020-10-17 00:50:00,414.9
2020-10-17 01:00:00,414.5
2020-10-17 01:10:00,414.4
2020-10-17 01:20:00,414.6
2020-10-17 01:30:00,415.6
2020-10-17 01:40:00,415.9
2020-10-17 01:50:00,416.5
2020-10-17 02:00:00,416.9
2020-10-17 02:10:00,417.1
2020-10-17 02:20:00,417.4
2020-10-17 02:30:00,418.1
2020-10-17 02:40:00,417.8
2020-10-17 02:50:00,417.2
2020-10-17 03:00:00,417.5
2020-10-17 03:10:00,417.2
2020-10-17 03:20:00,417.2
2020-10-17 03:30:00,417.0
2020-10-17 03:40:00,416.5
2020-10-17 03:50:00,416.8
2020-10-17 04:00:00,417.0
2020-10-17 04:10:00,418.0
2020-10-17 04:20:00,418.2
2020-10-17 04:30:00,418.3
2020-10-17 04:40:00,418.9
2020-10-17 04:50:00,419.4
2020-10-17 05:00:00,419.8
2020-10-17 05:10:00,417.9
2020-10-17 05:20:00,417.4
2020-10-17 05:30:00,417.5
2020-10-17 05:40:00,417.2
2020-10-17 05:50:00,417.0
2020-10-17 06:00:00,417.2
2020-10-17 06:10:00,417.5
2020-10-17 06:20:00,417.7
2020-10-17 06:30:00,417.6
2020-10-17 06:40:00,418.1
2020-10-17 06:50:00,418.3
2020-10-17 07:00:00,418.9
2020-10-17 07:10:00,420.5
2020-10-17 07:20:00,420.8
2020-10-17 07:30:00,419.6
2020-10-17 07:40:00,419.9
2020-10-17 07:50:00,420.1
2020-10-17 08:00:00,420.9
2020-10-17 08:10:00,420.3
2020-10-17 08:20:00,419.3
2020-10-17 08:30:00,418.6
2020-10-17 08:40:00,418.3
2020-10-17 08:50:00,418.1
2020-10-17 09:00:00,418.0
2020-10-17 09:10:00,417.7
2020-10-17 09:20:00,417.4
2020-10-17 09:30:00,417.3
2020-10-17 09:40:00,417.0
2020-10-17 09:50:00,416.6
2020-10-17 10:00:00,416.8
2020-10-17 10:10:00,416.8
2020-10-17 10:20:00,416.8
2020-10-17 10:30:00,416.2
2020-10-17 10:40:00,415.8
2020-10-17 10:50:00,416.5
2020-10-17 11:00:00,416.5
2020-10-17 11:10:00,416.6
2020-10-17 11:20:00,416.4
2020-10-17 11:30:00,415.1
2020-10-17 11:40:00,414.6
2020-10-17 11:50:00,415.8
2020-10-17 12:00:00,416.3
2020-10-17 12:10:00,416.2
2020-10-17 12:20:00,415.9
2020-10-17 12:30:00,415.0
2020-10-17 12:40:00,415.7
2020-10-17 12:50:00,417.0
2020-10-17 13:00:00,417.1
2020-10-17 13:10:00,416.5
2020-10-17 13:20:00,416.0
2020-10-17 13:30:00,415.9
2020-10-17 13:40:00,415.9
2020-10-17 13:50:00,415.8
2020-10-17 14:00:00,416.8
2020-10-17 14:10:00,417.3
2020-10-17 14:20:00,417.3
2020-10-17 14:30:00,417.3
2020-10-17 14:40:00,417.9
2020-10-17 14:50:00,418.1
2020-10-17 15:00:00,417.8
2020-10-17 15:10:00,417.4
2020-10-17 15:20:00,417.9
2020-10-17 15:30:00,418.1
2020-10-17 15:40:00,417.6
2020-10-17 15:50:00,416.8
2020-10-17 16:00:00,416.6
2020-10-17 16:10:00,416.4
2020-10-17 16:20:00,416.2
2020-10-17 16:30:00,416.2
2020-10-17 16:40:00,416.4
2020-10-17 16:50:00,416.2
2020-10-17 17:00:00,416.4
2020-10-17 17:10:00,416.29624389527174
2020-10-17 17:20:00,416.30097416785406
2020-10-17 17:30:00,416.3165769171515
2020-10-17 17:40:00,416.342663026739
2020-10-17 17:50:00,416.3788433801915
2020-10-17 18:00:00,416.42472886108396
2020-10-17 18:10:00,416.4799303529914
2020-10-17 18:20:00,416.5440587394887
2020-10-17 18:30:00,416.6167249041509
2020-10-17 18:40:00,416.6975397305529
2020-10-17 18:50:00,416.7861141022696
2020-10-17 19:00:00,416.88205890287605
2020-10-17 19:10:00,416.9849850159472
2020-10-17 19:20:00,417.09450332505793
2020-10-17 19:30:00,417.21022471378325
2020-10-17 19:40:00,417.3317600656981
2020-10-17 19:50:00,417.45872026437746
2020-10-17 20:00:00,417.5907161933963
2020-10-17 20:10:00,417.7273587363295
2020-10-17 20:20:00,417.8682587767521
2020-10-17 20:30:00,418.013027198239
2020-10-17 20:40:00,418.1612748843652
2020-10-17 20:50:00,418.31261271870557
2020-10-17 21:00:00,418.4666515848352
2020-10-17 21:10:00,418.6230023663289
2020-10-17 21:20:00,418.7812759467617
2020-10-17 21:30:00,418.94108320970855
2020-10-17 21:40:00,419.1020350387444
2020-10-17 21:50:00,419.26374231744427
2020-10-17 22:00:00,419.425815929383
2020-10-17 22:10:00,419.58786675813565
2020-10-17 22:20:00,419.7495056872771
2020-10-17 22:30:00,419.91034360038236
2020-10-17 22:40:00,420.06999138102634
2020-10-17 22:50:00,420.22805991278403
2020-10-17 23:00:00,420.38416007923036
2020-10-17 23:10:00,420.5379027639403
2020-10-17 23:20:00,420.6888988504888
2020-10-17 23:30:00,420.83675922245084
2020-10-17 23:40:00,420.98109476340136
2020-10-17 23:50:00,421.1215163569153
2020-10-18 00:00:00,421.25763488656764
2020-10-18 00:10:00,421.38906123593335
2020-10-18 00:20:00,421.5154062885873
2020-10-18 00:30:00,421.63628092810455
2020-10-18 00:40:00,421.75129603806
2020-10-18 00:50:00,421.8600625020286
2020-10-18 01:00:00,421.96219120358535
2020-10-18 01:10:00,422.05729302630516
2020-10-18 01:20:00,422.144978853763
2020-10-18 01:30:00,422.7
2020-10-18 01:40:00,421.7
2020-10-18 01:50:00,421.6
2020-10-18 02:00:00,422.2
2020-10-18 02:10:00,422.6
2020-10-18 02:20:00,423.7
2020-10-18 02:30:00,424.3
2020-10-18 02:40:00,422.9
2020-10-18 02:50:00,422.4
2020-10-18 03:00:00,421.6
2020-10-18 03:10:00,421.5
2020-10-18 03:20:00,421.4
2020-10-18 03:30:00,421.9
2020-10-18 03:40:00,424.6
2020-10-18 03:50:00,424.0
2020-10-18 04:00:00,421.2
2020-10-18 04:10:00,421.1
2020-10-18 04:20:00,421.2
2020-10-18 04:30:00,421.1
2020-10-18 04:40:00,420.7
2020-10-18 04:50:00,420.7
2020-10-18 05:00:00,420.6
2020-10-18 05:10:00,420.5
2020-10-18 05:20:00,420.6
2020-10-18 05:30:00,420.6
2020-10-18 05:40:00,420.7
2020-10-18 05:50:00,421.0
2020-10-18 06:00:00,421.0
2020-10-18 06:10:00,421.1
2020-10-18 06:20:00,421.0
2020-10-18 06:30:00,421.0
2020-10-18 06:40:00,421.5
2020-10-18 06:50:00,421.6
2020-10-18 07:00:00,421.8
2020-10-18 07:10:00,421.7
2020-10-18 07:20:00,421.6
2020-10-18 07:30:00,421.5
2020-10-18 07:40:00,421.4
2020-10-18 07:50:00,420.8
2020-10-18 08:00:00,420.1
2020-10-18 08:10:00,419.4
2020-10-18 08:20:00,418.9
2020-10-18 08:30:00,418.6
2020-10-18 08:40:00,418.6
2020-10-18 08:50:00,418.4
2020-10-18 09:00:00,417.8
2020-10-18 09:10:00,417.0
2020-10-18 09:20:00,416.5
2020-10-18 09:30:00,416.0
2020-10-18 09:40:00,415.5
2020-10-18 09:50:00,415.1
2020-10-18 10:00:00,414.5
2020-10-18 10:10:00,414.1
2020-10-18 10:20:00,413.7
2020-10-18 10:30:00,413.4
2020-10-18 10:40:00,412.8
2020-10-18 10:50:00,412.3
2020-10-18 11:00:00,411.8
2020-10-18 11:10:00,411.6
2020-10-18 11:20:00,411.2
2020-10-18 11:30:00,411.0
2020-10-18 11:40:00,410.4
2020-10-18 11:50:00,410.5
2020-10-18 12:00:00,410.8
2020-10-18 12:10:00,410.7
2020-10-18 12:20:00,410.4
2020-10-18 12:30:00,410.7
2020-10-18 12:40:00,411.3
2020-10-18 12:50:00,411.0
2020-10-18 13:00:00,410.3
2020-10-18 13:10:00,410.4
2020-10-18 13:20:00,410.3
2020-10-18 13:30:00,410.0
2020-10-18 13:40:00,410.7
2020-10-18 13:50:00,411.2
2020-10-18 14:00:00,412.2
2020-10-18 14:10:00,412.5
2020-10-18 14:20:00,412.2
2020-10-18 14:30:00,412.8
2020-10-18 14:40:00,412.9
2020-10-18 14:50:00,412.5
2020-10-18 15:00:00,412.7
2020-10-18 15:10:00,412.7
2020-10-18 15:20:00,412.7
2020-10-18 15:30:00,412.8
2020-10-18 15:40:00,413.0
2020-10-18 15:50:00,413.3
2020-10-18 16:00:00,413.3
2020-10-18 16:10:00,413.6
2020-10-18 16:20:00,414.2
2020-10-18 16:30:00,414.9
2020-10-18 16:40:00,415.1
2020-10-18 16:50:00,415.9
2020-10-18 17:00:00,416.3
2020-10-18 17:10:00,416.6
2020-10-18 17:20:00,417.2
2020-10-18 17:30:00,417.6
2020-10-18 17:40:00,418.4
2020-10-18 17:50:00,418.6
2020-10-18 18:00:00,418.6
2020-10-18 18:10:00,419.1
2020-10-18 18:20:00,419.7
2020-10-18 18:30:00,419.9
2020-10-18 18:40:00,420.0
2020-10-18 18:50:00,420.5
2020-10-18 19:00:00,420.3
2020-10-18 19:10:00,420.2
2020-10-18 19:20:00,420.2
2020-10-18 19:30:00,421.0
2020-10-18 19:40:00,421.0
2020-10-18 19:50:00,421.0
2020-10-18 20:00:00,421.3
2020-10-18 20:10:00,421.8
2020-10-18 20:20:00,421.8
2020-10-18 20:30:00,422.2
2020-10-18 20:40:00,422.7
2020-10-18 20:50:00,422.7
2020-10-18 21:00:00,423.0
2020-10-18 21:10:00,423.0
2020-10-18 21:20:00,423.0
2020-10-18 21:30:00,423.4
2020-10-18 21:40:00,424.1
2020-10-18 21:50:00,424.6
2020-10-18 22:00:00,425.3
2020-10-18 22:10:00,425.0
2020-10-18 22:20:00,425.3
2020-10-18 22:30:00,427.0
2020-10-18 22:40:00,427.3
2020-10-18 22:50:00,425.7
2020-10-18 23:00:00,425.1
2020-10-18 23:10:00,425.5
2020-10-18 23:20:00,426.5
2020-10-18 23:30:00,426.8
2020-10-18 23:40:00,426.0
2020-10-18 23:50:00,425.9
2020-10-19 00:00:00,426.3
2020-10-19 00:10:00,427.7
2020-10-19 00:20:00,428.5
2020-10-19 00:30:00,430.8
2020-10-19 00:40:00,430.2
2020-10-19 00:50:00,429.4
2020-10-19 01:00:00,429.4
2020-10-19 01:10:00,430.6
2020-10-19 01:20:00,432.2
2020-10-19 01:30:00,433.2
2020-10-19 01:40:00,434.3
2020-10-19 01:50:00,434.0
2020-10-19 02:00:00,434.8
2020-10-19 02:10:00,434.8
2020-10-19 02:20:00,434.8
2020-10-19 02:30:00,436.6
2020-10-19 02:40:00,437.1
2020-10-19 02:50:00,437.2
2020-10-19 03:00:00,438.1
2020-10-19 03:10:00,438.0
2020-10-19 03:20:00,438.6
2020-10-19 03:30:00,439.3
2020-10-19 03:40:00,440.8
2020-10-19 03:50:00,440.7
2020-10-19 04:00:00,439.9
2020-10-19 04:10:00,440.8
2020-10-19 04:20:00,444.5
2020-10-19 04:30:00,445.1
2020-10-19 04:40:00,444.1
2020-10-19 04:50:00,445.1
2020-10-19 05:00:00,449.8
2020-10-19 05:10:00,443.3
2020-10-19 05:20:00,444.9
2020-10-19 05:30:00,446.9
2020-10-19 05:40:00,448.9
2020-10-19 05:50:00,450.5
2020-10-19 06:00:00,448.7
2020-10-19 06:10:00,449.5
2020-10-19 06:20:00,450.6
2020-10-19 06:30:00,455.7
2020-10-19 06:40:00,453.0
2020-10-19 06:50:00,453.3
2020-10-19 07:00:00,455.0
2020-10-19 07:10:00,454.5
2020-10-19 07:20:00,454.8
2020-10-19 07:30:00,453.8
2020-10-19 07:40:00,453.4
2020-10-19 07:50:00,454.6
2020-10-19 08:00:00,457.0
2020-10-19 08:10:00,454.6
2020-10-19 08:20:00,450.0
2020-10-19 08:30:00,448.5
2020-10-19 08:40:00,445.6
2020-10-19 08:50:00,443.0
2020-10-19 09:00:00,441.3
2020-10-19 09:10:00,440.2
2020-10-19 09:20:00,439.4
2020-10-19 09:30:00,439.0
2020-10-19 09:40:00,436.7
2020-10-19 09:50:00,435.4
2020-10-19 10:00:00,432.6
2020-10-19 10:10:00,432.3
2020-10-19 10:20:00,430.8
2020-10-19 10:30:00,430.0
2020-10-19 10:40:00,429.9
2020-10-19 10:50:00,429.3
2020-10-19 11:00:00,426.8
2020-10-19 11:10:00,423.6
2020-10-19 11:20:00,425.2
2020-10-19 11:30:00,424.3
2020-10-19 11:40:00,420.5
2020-10-19 11:50:00,420.3
2020-10-19 12:00:00,422.1
2020-10-19 12:10:00,421.5
2020-10-19 12:20:00,419.3
2020-10-19 12:30:00,419.4
2020-10-19 12:40:00,418.1
2020-10-19 12:50:00,415.7
2020-10-19 13:00:00,411.8
2020-10-19 13:10:00,411.5
2020-10-19 13:20:00,411.2
2020-10-19 13:30:00,410.8
2020-10-19 13:40:00,410.3
2020-10-19 13:50:00,411.0
2020-10-19 14:00:00,410.5
2020-10-19 14:10:00,410.5
2020-10-19 14:20:00,410.0
2020-10-19 14:30:00,410.0
2020-10-19 14:40:00,410.1
2020-10-19 14:50:00,410.1
2020-10-19 15:00:00,410.1
2020-10-19 15:10:00,410.1
2020-10-19 15:20:00,410.0
2020-10-19 15:30:00,410.1
2020-10-19 15:40:00,411.1
2020-10-19 15:50:00,412.0
2020-10-19 16:00:00,412.2
2020-10-19 16:10:00,412.0
2020-10-19 16:20:00,412.9
2020-10-19 16:30:00,414.0
2020-10-19 16:40:00,413.2
2020-10-19 16:50:00,413.4
2020-10-19 17:00:00,413.3
2020-10-19 17:10:00,414.0
2020-10-19 17:20:00,414.7
2020-10-19 17:30:00,415.1
2020-10-19 17:40:00,415.1
2020-10-19 17:50:00,416.2
2020-10-19 18:00:00,416.0
2020-10-19 18:10:00,416.6
2020-10-19 18:20:00,420.1
2020-10-19 18:30:00,419.5
2020-10-19 18:40:00,421.5
2020-10-19 18:50:00,421.9
2020-10-19 19:00:00,420.6
2020-10-19 19:10:00,420.2
2020-10-19 19:20:00,421.6
2020-10-19 19:30:00,422.6
2020-10-19 19:40:00,421.8
2020-10-19 19:50:00,421.5
2020-10-19 20:00:00,422.7
2020-10-19 20:10:00,422.7
2020-10-19 20:20:00,422.2
2020-10-19 20:30:00,422.0
2020-10-19 20:40:00,423.3
2020-10-19 20:50:00,424.7
2020-10-19 21:00:00,426.2
2020-10-19 21:10:00,426.4
2020-10-19 21:20:00,432.7
2020-10-19 21:30:00,435.9
2020-10-19 21:40:00,435.3
2020-10-19 21:50:00,438.3
2020-10-19 22:00:00,438.7
2020-10-19 22:10:00,440.5
2020-10-19 22:20:00,435.2
2020-10-19 22:30:00,437.3
2020-10-19 22:40:00,440.9
2020-10-19 22:50:00,439.1
2020-10-19 23:00:00,440.6
2020-10-19 23:10:00,441.9
2020-10-19 23:20:00,439.0
2020-10-19 23:30:00,439.1
2020-10-19 23:40:00,436.9
2020-10-19 23:50:00,437.3
2020-10-20 00:00:00,439.1
2020-10-20 00:10:00,444.5
2020-10-20 00:20:00,444.1
2020-10-20 00:30:00,441.5
2020-10-20 00:40:00,444.2
2020-10-20 00:50:00,444.2
2020-10-20 01:00:00,442.6
2020-10-20 01:10:00,440.6
2020-10-20 01:20:00,443.9
2020-10-20 01:30:00,452.2
2020-10-20 01:40:00,443.1
2020-10-20 01:50:00,440.7
2020-10-20 02:00:00,438.7
2020-10-20 02:10:00,440.1
2020-10-20 02:20:00,437.0
2020-10-20 02:30:00,437.0
2020-10-20 02:40:00,437.0
2020-10-20 02:50:00,436.7
2020-10-20 03:00:00,436.2
2020-10-20 03:10:00,442.0
2020-10-20 03:20:00,442.5
2020-10-20 03:30:00,435.0
2020-10-20 03:40:00,433.6
2020-10-20 03:50:00,437.5
2020-10-20 04:00:00,441.5
2020-10-20 04:10:00,437.3
2020-10-20 04:20:00,436.4
2020-10-20 04:30:00,436.0
2020-10-20 04:40:00,435.7
2020-10-20 04:50:00,436.3
2020-10-20 05:00:00,434.7
2020-10-20 05:10:00,434.8
2020-10-20 05:20:00,434.4
2020-10-20 05:30:00,434.2
2020-10-20 05:40:00,435.0
2020-10-20 05:50:00,434.7
2020-10-20 06:00:00,434.16335808604464
2020-10-20 06:10:00,433.8369797802528
2020-10-20 06:20:00,433.4818525838903
2020-10-20 06:30:00,433.0994650739647
2020-10-20 06:40:00,432.6913058274835
2020-10-20 06:50:00,432.2588634214542
2020-10-20 07:00:00,431.80362643288424
2020-10-20 07:10:00,431.32708343878124
2020-10-20 07:20:00,430.83072301615266
2020-10-20 07:30:00,430.31603374200597
2020-10-20 07:40:00,429.78450419334877
2020-10-20 07:50:00,429.23762294718847
2020-10-20 08:00:00,428.6768785805327
2020-10-20 08:10:00,428.10375967038885
2020-10-20 08:20:00,427.5197547937645
2020-10-20 08:30:00,426.9263525276672
2020-10-20 08:40:00,426.32504144910433
2020-10-20 08:50:00,425.7173101350835
2020-10-20 09:00:00,425.1046471626122
2020-10-20 09:10:00,424.488541108698
2020-10-20 09:20:00,423.8704805503483
2020-10-20 09:30:00,423.25195406457067
2020-10-20 09:40:00,422.6344502283726
2020-10-20 09:50:00,422.01945761876163
2020-10-20 10:00:00,421.4084648127453
2020-10-20 10:10:00,420.80296038733104
2020-10-20 10:20:00,420.2044329195264
2020-10-20 10:30:00,419.61437098633894
2020-10-20 10:40:00,419.0342631647761
2020-10-20 10:50:00,418.46559803184545
2020-10-20 11:00:00,417.90986416455445
2020-10-20 11:10:00,417.3685501399106
2020-10-20 11:20:00,416.84314453492146
2020-10-20 11:30:00,416.3351359265945
2020-10-20 11:40:00,415.8460128919372
2020-10-20 11:50:00,415.3772640079572
2020-10-20 12:00:00,414.9303778516619
2020-10-20 12:10:00,414.50684300005884
2020-10-20 12:20:00,414.1081480301555
2020-10-20 12:30:00,413.73578151895947
2020-10-20 12:40:00,413.3912320434782
2020-10-20 12:50:00,413.07598818071926
2020-10-20 13:00:00,412.79153850769006
2020-10-20 13:10:00,412.5393716013982
2020-10-20 13:20:00,412.32097603885114
2020-10-20 13:30:00,412.13784039705644
2020-10-20 13:40:00,411.9914532530215
2020-10-20 13:50:00,411.88330318375404
2020-10-20 14:00:00,411.81487876626136
2020-10-20 14:10:00,411.7876685775511
2020-10-20 14:20:00,411.8
2020-10-20 14:30:00,411.9
2020-10-20 14:40:00,412.0
2020-10-20 14:50:00,412.0
2020-10-20 15:00:00,412.2
2020-10-20 15:10:00,412.4
2020-10-20 15:20:00,413.4
2020-10-20 15:30:00,413.3
2020-10-20 15:40:00,413.5
2020-10-20 15:50:00,413.7
2020-10-20 16:00:00,414.3
2020-10-20 16:10:00,415.1
2020-10-20 16:20:00,417.1
2020-10-20 16:30:00,418.0
2020-10-20 16:40:00,417.8
2020-10-20 16:50:00,418.6
2020-10-20 17:00:00,420.0
2020-10-20 17:10:00,421.3
2020-10-20 17:20:00,421.9
2020-10-20 17:30:00,421.4
2020-10-20 17:40:00,420.9
2020-10-20 17:50:00,420.5
2020-10-20 18:00:00,424.0
2020-10-20 18:10:00,423.9
2020-10-20 18:20:00,423.1
2020-10-20 18:30:00,424.6
2020-10-20 18:40:00,424.5
2020-10-20 18:50:00,426.1
2020-10-20 19:00:00,424.6
2020-10-20 19:10:00,425.3
2020-10-20 19:20:00,425.3
2020-10-20 19:30:00,425.8
2020-10-20 19:40:00,426.5
2020-10-20 19:50:00,428.1
2020-10-20 20:00:00,428.8
2020-10-20 20:10:00,429.4
2020-10-20 20:20:00,431.4
2020-10-20 20:30:00,431.8
2020-10-20 20:40:00,432.3
2020-10-20 20:50:00,434.1
2020-10-20 21:00:00,434.7
2020-10-20 21:10:00,433.4
2020-10-20 21:20:00,430.2
2020-10-20 21:30:00,430.2
2020-10-20 21:40:00,433.1
2020-10-20 21:50:00,433.4
2020-10-20 22:00:00,433.0
2020-10-20 22:10:00,430.6
2020-10-20 22:20:00,431.3
2020-10-20 22:30:00,432.8
2020-10-20 22:40:00,434.1
2020-10-20 22:50:00,433.9
2020-10-20 23:00:00,433.7
2020-10-20 23:10:00,433.8
2020-10-20 23:20:00,432.1
2020-10-20 23:30:00,433.3
2020-10-20 23:40:00,432.9
2020-10-20 23:50:00,431.5
2020-10-21 00:00:00,431.6
2020-10-21 00:10:00,432.8
2020-10-21 00:20:00,432.4
2020-10-21 00:30:00,432.9
2020-10-21 00:40:00,434.6
2020-10-21 00:50:00,435.0
2020-10-21 01:00:00,432.9
2020-10-21 01:10:00,434.1
2020-10-21 01:20:00,433.7
2020-10-21 01:30:00,434.9
2020-10-21 01:40:00,435.7
2020-10-21 01:50:00,434.2
2020-10-21 02:00:00,433.6
2020-10-21 02:10:00,434.0
2020-10-21 02:20:00,434.7
2020-10-21 02:30:00,435.0
2020-10-21 02:40:00,435.3
2020-10-21 02:50:00,436.2
2020-10-21 03:00:00,436.0
2020-10-21 03:10:00,436.9
2020-10-21 03:20:00,438.6
2020-10-21 03:30:00,438.9
2020-10-21 03:40:00,437.3
2020-10-21 03:50:00,437.4
2020-10-21 04:00:00,436.8
2020-10-21 04:10:00,436.3
2020-10-21 04:20:00,436.8
2020-10-21 04:30:00,438.6
2020-10-21 04:40:00,437.3
2020-10-21 04:50:00,438.0
2020-10-21 05:00:00,438.3
2020-10-21 05:10:00,439.8
2020-10-21 05:20:00,440.1
2020-10-21 05:30:00,440.5
2020-10-21 05:40:00,440.4
2020-10-21 05:50:00,441.9
2020-10-21 06:00:00,443.6
2020-10-21 06:10:00,444.2
2020-10-21 06:20:00,442.4
2020-10-21 06:30:00,446.7
2020-10-21 06:40:00,448.2
2020-10-21 06:50:00,448.9
2020-10-21 07:00:00,445.2
2020-10-21 07:10:00,445.0
2020-10-21 07:20:00,442.5
2020-10-21 07:30:00,443.9
2020-10-21 07:40:00,443.0
2020-10-21 07:50:00,442.0
2020-10-21 08:00:00,440.9
2020-10-21 08:10:00,441.8
2020-10-21 08:20:00,442.1
2020-10-21 08:30:00,441.2
2020-10-21 08:40:00,437.5
2020-10-21 08:50:00,435.3
2020-10-21 09:00:00,433.6
2020-10-21 09:10:00,430.7
2020-10-21 09:20:00,430.1
2020-10-21 09:30:00,428.6
2020-10-21 09:40:00,427.8
2020-10-21 09:50:00,427.2
2020-10-21 10:00:00,426.2
2020-10-21 10:10:00,425.8
2020-10-21 10:20:00,426.0
2020-10-21 10:30:00,426.2
2020-10-21 10:40:00,426.4
2020-10-21 10:50:00,425.5
2020-10-21 11:00:00,425.8
2020-10-21 11:10:00,424.8
2020-10-21 11:20:00,424.0
2020-10-21 11:30:00,423.4
2020-10-21 11:40:00,423.5
2020-10-21 11:50:00,424.1
2020-10-21 12:00:00,423.6
2020-10-21 12:10:00,422.8
2020-10-21 12:20:00,421.0
2020-10-21 12:30:00,420.2
2020-10-21 12:40:00,419.4
2020-10-21 12:50:00,419.9
2020-10-21 13:00:00,418.0
2020-10-21 13:10:00,417.4
2020-10-21 13:20:00,418.5
2020-10-21 13:30:00,417.3
2020-10-21 13:40:00,417.7
2020-10-21 13:50:00,416.2
2020-10-21 14:00:00,413.0
2020-10-21 14:10:00,413.0
2020-10-21 14:20:00,412.8
2020-10-21 14:30:00,412.8
2020-10-21 14:40:00,413.5
2020-10-21 14:50:00,412.2
2020-10-21 15:00:00,411.7
2020-10-21 15:10:00,411.8
2020-10-21 15:20:00,412.1
2020-10-21 15:30:00,413.2
2020-10-21 15:40:00,413.3
2020-10-21 15:50:00,413.9
2020-10-21 16:00:00,414.4
2020-10-21 16:10:00,415.0
2020-10-21 16:20:00,416.2
2020-10-21 16:30:00,416.0
2020-10-21 16:40:00,417.5
2020-10-21 16:50:00,419.0
2020-10-21 17:00:00,418.8
2020-10-21 17:10:00,418.3
2020-10-21 17:20:00,418.6
2020-10-21 17:30:00,417.0
2020-10-21 17:40:00,417.2
2020-10-21 17:50:00,417.6
2020-10-21 18:00:00,418.1
2020-10-21 18:10:00,419.3
2020-10-21 18:20:00,422.0
2020-10-21 18:30:00,421.3097351227815
2020-10-21 18:40:00,421.80855489300956
2020-10-21 18:50:00,422.2800722571832
2020-10-21 19:00:00,422.7251639674366
2020-10-21 19:10:00,423.144706775904
2020-10-21 19:20:00,423.53957743471966
2020-10-21 19:30:00,423.91065269601773
2020-10-21 19:40:00,424.25880931193245
2020-10-21 19:50:00,424.58492403459803
2020-10-21 20:00:00,424.8898736161487
2020-10-21 20:10:00,425.17453480871865
2020-10-21 20:20:00,425.4397843644421
2020-10-21 20:30:00,425.68649903545327
2020-10-21 20:40:00,425.91555557388637
2020-10-21 20:50:00,426.12783073187563
2020-10-21 21:00:00,426.3242012615553
2020-10-21 21:10:00,426.50554391505955
2020-10-21 21:20:00,426.6727354445226
2020-10-21 21:30:00,426.82665260207864
2020-10-21 21:40:00,426.96817213986196
2020-10-21 21:50:00,427.0981708100067
2020-10-21 22:00:00,427.21752536464714
2020-10-21 22:10:00,427.3271125559175
2020-10-21 22:20:00,427.4278091359519
2020-10-21 22:30:00,427.5204918568847
2020-10-21 22:40:00,427.60603747084997
2020-10-21 22:50:00,427.68532272998203
2020-10-21 23:00:00,427.7592243864151
2020-10-21 23:10:00,427.8286191922833
2020-10-21 23:20:00,427.89438389972094
2020-10-21 23:30:00,427.9573952608622
2020-10-21 23:40:00,428.01853002784134
2020-10-21 23:50:00,428.0786649527925
2020-10-22 00:00:00,428.13867678784993
2020-10-22 00:10:00,428.1994422851478
2020-10-22 00:20:00,428.26183819682046
2020-10-22 00:30:00,428.326741275002
2020-10-22 00:40:00,428.39502827182673
2020-10-22 00:50:00,428.4675759394288
2020-10-22 01:00:00,428.5452610299424
2020-10-22 01:10:00,428.6289602955018
2020-10-22 01:20:00,428.7195504882412
2020-10-22 01:30:00,428.81790836029484
2020-10-22 01:40:00,428.92491066379694
2020-10-22 01:50:00,429.0414341508817
2020-10-22 02:00:00,429.1683555736833
2020-10-22 02:10:00,429.306551684336
2020-10-22 02:20:00,429.456899234974
2020-10-22 02:30:00,429.6202749777315
2020-10-22 02:40:00,429.7975556647428
2020-10-22 02:50:00,429.8
2020-10-22 03:00:00,430.0
2020-10-22 03:10:00,430.2
2020-10-22 03:20:00,432.1
2020-10-22 03:30:00,433.1
2020-10-22 03:40:00,431.7
2020-10-22 03:50:00,430.3
2020-10-22 04:00:00,429.7
2020-10-22 04:10:00,430.1
2020-10-22 04:20:00,430.6
2020-10-22 04:30:00,431.0
2020-10-22 04:40:00,431.2
2020-10-22 04:50:00,433.4
2020-10-22 05:00:00,434.3
2020-10-22 05:10:00,432.1
2020-10-22 05:20:00,432.5
2020-10-22 05:30:00,432.0
2020-10-22 05:40:00,433.5
2020-10-22 05:50:00,432.8
2020-10-22 06:00:00,432.6
2020-10-22 06:10:00,433.9
2020-10-22 06:20:00,433.9
2020-10-22 06:30:00,434.5
2020-10-22 06:40:00,434.8
2020-10-22 06:50:00,435.1
2020-10-22 07:00:00,434.5
2020-10-22 07:10:00,435.0
2020-10-22 07:20:00,435.2
2020-10-22 07:30:00,437.3
2020-10-22 07:40:00,439.1
2020-10-22 07:50:00,439.2
2020-10-22 08:00:00,435.6
2020-10-22 08:10:00,432.4
2020-10-22 08:20:00,431.6
2020-10-22 08:30:00,431.1
2020-10-22 08:40:00,430.8
2020-10-22 08:50:00,430.9
2020-10-22 09:00:00,431.3
2020-10-22 09:10:00,430.6
2020-10-22 09:20:00,428.9
2020-10-22 09:30:00,428.9
2020-10-22 09:40:00,427.0
2020-10-22 09:50:00,425.5
2020-10-22 10:00:00,427.5
2020-10-22 10:10:00,427.7
2020-10-22 10:20:00,427.5
2020-10-22 10:30:00,425.2
2020-10-22 10:40:00,423.4
2020-10-22 10:50:00,423.6
2020-10-22 11:00:00,420.2
2020-10-22 11:10:00,419.7
2020-10-22 11:20:00,419.3
2020-10-22 11:30:00,418.8
2020-10-22 11:40:00,417.7
2020-10-22 11:50:00,416.8
2020-10-22 12:00:00,416.1
2020-10-22 12:10:00,416.0
2020-10-22 12:20:00,416.1
2020-10-22 12:30:00,416.3
2020-10-22 12:40:00,416.2
2020-10-22 12:50:00,416.1
2020-10-22 13:00:00,415.9
2020-10-22 13:10:00,416.0
2020-10-22 13:20:00,415.9
2020-10-22 13:30:00,415.6
2020-10-22 13:40:00,415.3
2020-10-22 13:50:00,414.3
2020-10-22 14:00:00,413.9
2020-10-22 14:10:00,413.5
2020-10-22 14:20:00,413.3
2020-10-22 14:30:00,413.1
2020-10-22 14:40:00,412.5
2020-10-22 14:50:00,412.3
2020-10-22 15:00:00,412.3
2020-10-22 15:10:00,412.1
2020-10-22 15:20:00,412.2
2020-10-22 15:30:00,412.5
2020-10-22 15:40:00,412.9
2020-10-22 15:50:00,413.7
2020-10-22 16:00:00,413.9
2020-10-22 16:10:00,414.5
2020-10-22 16:20:00,414.6
2020-10-22 16:30:00,415.2
2020-10-22 16:40:00,415.9
2020-10-22 16:50:00,415.7
2020-10-22 17:00:00,416.3
2020-10-22 17:10:00,415.9
2020-10-22 17:20:00,417.7
2020-10-22 17:30:00,418.8
2020-10-22 17:40:00,418.6
2020-10-22 17:50:00,418.4
2020-10-22 18:00:00,418.3
2020-10-22 18:10:00,417.1
2020-10-22 18:20:00,417.8
2020-10-22 18:30:00,420.2
2020-10-22 18:40:00,419.3
2020-10-22 18:50:00,421.1
2020-10-22 19:00:00,421.8
2020-10-22 19:10:00,425.9
2020-10-22 19:20:00,428.2
2020-10-22 19:30:00,431.5
2020-10-22 19:40:00,427.6
2020-10-22 19:50:00,426.4
2020-10-22 20:00:00,428.2
2020-10-22 20:10:00,426.1
2020-10-22 20:20:00,428.1
2020-10-22 20:30:00,431.1
2020-10-22 20:40:00,436.4
2020-10-22 20:50:00,435.8
2020-10-22 21:00:00,435.5
2020-10-22 21:10:00,434.6
2020-10-22 21:20:00,432.4
2020-10-22 21:30:00,426.6
2020-10-22 21:40:00,425.7
2020-10-22 21:50:00,426.0
2020-10-22 22:00:00,428.0
2020-10-22 22:10:00,429.1
2020-10-22 22:20:00,426.8
2020-10-22 22:30:00,427.5
2020-10-22 22:40:00,426.9
2020-10-22 22:50:00,425.8
2020-10-22 23:00:00,423.9
2020-10-22 23:10:00,424.8
2020-10-22 23:20:00,425.1
2020-10-22 23:30:00,425.7
2020-10-22 23:40:00,423.5
2020-10-22 23:50:00,425.0
2020-10-23 00:00:00,426.2
2020-10-23 00:10:00,429.0
2020-10-23 00:20:00,427.1
2020-10-23 00:30:00,426.4
2020-10-23 00:40:00,425.7
2020-10-23 00:50:00,426.2
2020-10-23 01:00:00,426.1
2020-10-23 01:10:00,429.1
2020-10-23 01:20:00,428.6
2020-10-23 01:30:00,428.4
2020-10-23 01:40:00,428.0
2020-10-23 01:50:00,427.8
2020-10-23 02:00:00,427.5
2020-10-23 02:10:00,427.4
2020-10-23 02:20:00,428.1
2020-10-23 02:30:00,428.2
2020-10-23 02:40:00,431.5
2020-10-23 02:50:00,432.6
2020-10-23 03:00:00,433.5
2020-10-23 03:10:00,434.4
2020-10-23 03:20:00,434.8
2020-10-23 03:30:00,437.0
2020-10-23 03:40:00,437.1
2020-10-23 03:50:00,438.1
2020-10-23 04:00:00,437.2
2020-10-23 04:10:00,439.1
2020-10-23 04:20:00,439.2
2020-10-23 04:30:00,439.8
2020-10-23 04:40:00,439.4
2020-10-23 04:50:00,440.9
2020-10-23 05:00:00,442.1
2020-10-23 05:10:00,443.4
2020-10-23 05:20:00,440.5
2020-10-23 05:30:00,436.2
2020-10-23 05:40:00,433.7
2020-10-23 05:50:00,432.6
2020-10-23 06:00:00,431.9
2020-10-23 06:10:00,431.3
2020-10-23 06:20:00,431.6
2020-10-23 06:30:00,432.6
2020-10-23 06:40:00,436.6
2020-10-23 06:50:00,440.7
2020-10-23 07:00:00,437.5
2020-10-23 07:10:00,438.9
2020-10-23 07:20:00,442.8
2020-10-23 07:30:00,445.3
2020-10-23 07:40:00,446.6
2020-10-23 07:50:00,439.2
2020-10-23 08:00:00,434.7
2020-10-23 08:10:00,447.4
2020-10-23 08:20:00,450.2
2020-10-23 08:30:00,450.6
2020-10-23 08:40:00,446.3
2020-10-23 08:50:00,446.3
2020-10-23 09:00:00,448.9
2020-10-23 09:10:00,450.1
2020-10-23 09:20:00,444.0
2020-10-23 09:30:00,440.5
2020-10-23 09:40:00,437.5
2020-10-23 09:50:00,436.7
2020-10-23 10:00:00,436.9
2020-10-23 10:10:00,435.8
2020-10-23 10:20:00,435.7
2020-10-23 10:30:00,435.2
2020-10-23 10:40:00,434.9
2020-10-23 10:50:00,433.2
2020-10-23 11:00:00,432.6
2020-10-23 11:10:00,432.6
2020-10-23 11:20:00,432.8
2020-10-23 11:30:00,426.2
2020-10-23 11:40:00,424.5
2020-10-23 11:50:00,422.3
2020-10-23 12:00:00,420.7
2020-10-23 12:10:00,420.2
2020-10-23 12:20:00,419.3
2020-10-23 12:30:00,418.3
2020-10-23 12:40:00,418.0
2020-10-23 12:50:00,417.3
2020-10-23 13:00:00,417.2
2020-10-23 13:10:00,417.5
2020-10-23 13:20:00,417.6
2020-10-23 13:30:00,417.9
2020-10-23 13:40:00,418.1
2020-10-23 13:50:00,418.1
2020-10-23 14:00:00,418.8
2020-10-23 14:10:00,419.1
2020-10-23 14:20:00,419.3
2020-10-23 14:30:00,419.0
2020-10-23 14:40:00,419.1
2020-10-23 14:50:00,418.9
2020-10-23 15:00:00,418.7
2020-10-23 15:10:00,418.9
2020-10-23 15:20:00,419.3
2020-10-23 15:30:00,419.9
2020-10-23 15:40:00,420.0
2020-10-23 15:50:00,419.7
2020-10-23 16:00:00,420.1
2020-10-23 16:10:00,420.9
2020-10-23 16:20:00,421.2
2020-10-23 16:30:00,422.8
2020-10-23 16:40:00,423.2
2020-10-23 16:50:00,424.6
2020-10-23 17:00:00,425.5
2020-10-23 17:10:00,426.1
2020-10-23 17:20:00,426.5155264870823
2020-10-23 17:30:00,427.04607923521627
2020-10-23 17:40:00,427.53628494931814
2020-10-23 17:50:00,427.9875087877443
2020-10-23 18:00:00,428.40111590885095
2020-10-23 18:10:00,428.7784714709945
2020-10-23 18:20:00,429.12094063253113
2020-10-23 18:30:00,429.42988855181727
2020-10-23 18:40:00,429.7066803872092
2020-10-23 18:50:00,429.95268129706324
2020-10-23 19:00:00,430.1692564397357
2020-10-23 19:10:00,430.3577709735829
2020-10-23 19:20:00,430.5195900569611
2020-10-23 19:30:00,430.6560788482266
2020-10-23 19:40:00,430.7686025057358
2020-10-23 19:50:00,430.858526187845
2020-10-23 20:00:00,430.9272150529104
2020-10-23 20:10:00,430.97603425928844
2020-10-23 20:20:00,431.0063489653354
2020-10-23 20:30:00,431.01952432940755
2020-10-23 20:40:00,431.0169255098612
2020-10-23 20:50:00,430.99991766505275
2020-10-23 21:00:00,430.9698659533384
2020-10-23 21:10:00,430.9281355330745
2020-10-23 21:20:00,430.87609156261743
2020-10-23 21:30:00,430.8150992003234
2020-10-23 21:40:00,430.7465236045488
2020-10-23 21:50:00,430.67172993364994
2020-10-23 22:00:00,430.5920833459831
2020-10-23 22:10:00,430.50894899990453
2020-10-23 22:20:00,430.42369205377065
2020-10-23 22:30:00,430.33767766593775
2020-10-23 22:40:00,430.25227099476206
2020-10-23 22:50:00,430.16883719859993
2020-10-23 23:00:00,430.0887414358077
2020-10-23 23:10:00,430.0133488647417
2020-10-23 23:20:00,429.9440246437582
2020-10-23 23:30:00,429.88213393121356
2020-10-23 23:40:00,429.829041885464
2020-10-23 23:50:00,429.7861136648659
2020-10-24 00:00:00,429.7547144277756
2020-10-24 00:10:00,429.7362093325493
2020-10-24 00:20:00,429.73196353754344
2020-10-24 00:30:00,429.7433422011143
2020-10-24 00:40:00,429.7717104816181
2020-10-24 00:50:00,429.81843353741124
2020-10-24 01:00:00,429.88487652685
2020-10-24 01:10:00,429.9724046082908
2020-10-24 01:20:00,430.08238294008976
2020-10-24 01:30:00,430.21617668060327
2020-10-24 01:40:00,432.1
2020-10-24 01:50:00,429.3
2020-10-24 02:00:00,427.6
2020-10-24 02:10:00,427.7
2020-10-24 02:20:00,429.8
2020-10-24 02:30:00,438.2
2020-10-24 02:40:00,440.9
2020-10-24 02:50:00,437.9
2020-10-24 03:00:00,430.1
2020-10-24 03:10:00,431.0
2020-10-24 03:20:00,430.7
2020-10-24 03:30:00,431.3
2020-10-24 03:40:00,437.7
2020-10-24 03:50:00,437.1
2020-10-24 04:00:00,432.8
2020-10-24 04:10:00,437.5
2020-10-24 04:20:00,434.8
2020-10-24 04:30:00,432.4
2020-10-24 04:40:00,435.4
2020-10-24 04:50:00,432.6
2020-10-24 05:00:00,433.3
2020-10-24 05:10:00,438.0
2020-10-24 05:20:00,442.0
2020-10-24 05:30:00,435.0
2020-10-24 05:40:00,432.9
2020-10-24 05:50:00,438.7
2020-10-24 06:00:00,455.5
2020-10-24 06:10:00,462.8
2020-10-24 06:20:00,456.7
2020-10-24 06:30:00,455.0
2020-10-24 06:40:00,456.0
2020-10-24 06:50:00,452.2
2020-10-24 07:00:00,457.1
2020-10-24 07:10:00,463.5
2020-10-24 07:20:00,465.9
2020-10-24 07:30:00,464.5
2020-10-24 07:40:00,464.0
2020-10-24 07:50:00,461.4
2020-10-24 08:00:00,460.7
2020-10-24 08:10:00,459.2
2020-10-24 08:20:00,458.2
2020-10-24 08:30:00,457.9
2020-10-24 08:40:00,455.5
2020-10-24 08:50:00,454.4
2020-10-24 09:00:00,453.6
2020-10-24 09:10:00,453.6
2020-10-24 09:20:00,450.7
2020-10-24 09:30:00,446.1
2020-10-24 09:40:00,440.5
2020-10-24 09:50:00,428.8
2020-10-24 10:00:00,430.68988694408324
2020-10-24 10:10:00,427.8251723031936
2020-10-24 10:20:00,425.14926892913047
2020-10-24 10:30:00,422.6571748346917
2020-10-24 10:40:00,420.3438880326752
2020-10-24 10:50:00,418.2044065358788
2020-10-24 11:00:00,416.23372835710035
2020-10-24 11:10:00,414.42685150913775
2020-10-24 11:20:00,412.77877400478883
2020-10-24 11:30:00,411.2844938568515
2020-10-24 11:40:00,409.9390090781236
2020-10-24 11:50:00,408.737317681403
2020-10-24 12:00:00,407.67441767948753
2020-10-24 12:10:00,406.74530708517506
2020-10-24 12:20:00,405.9449839112635
2020-10-24 12:30:00,405.26844617055065
2020-10-24 12:40:00,404.71069187583447
2020-10-24 12:50:00,404.26671903991274
2020-10-24 13:00:00,403.9315256755834
2020-10-24 13:10:00,403.70010979564427
2020-10-24 13:20:00,403.5674694128932
2020-10-24 13:30:00,403.5286025401281
2020-10-24 13:40:00,403.57850719014675
2020-10-24 13:50:00,403.71218137574715
2020-10-24 14:00:00,403.92462310972707
2020-10-24 14:10:00,404.21083040488435
2020-10-24 14:20:00,404.5658012740169
2020-10-24 14:30:00,404.9845337299226
2020-10-24 14:40:00,405.4620257853993
2020-10-24 14:50:00,405.993275453245
2020-10-24 15:00:00,406.5732807462573
2020-10-24 15:10:00,407.19703967723416
2020-10-24 15:20:00,407.8595502589735
2020-10-24 15:30:00,408.5558105042732
2020-10-24 15:40:00,409.2808184259313
2020-10-24 15:50:00,410.0295720367452
2020-10-24 16:00:00,410.797069349513
2020-10-24 16:10:00,411.5783083770327
2020-10-24 16:20:00,412.36828713210207
2020-10-24 16:30:00,413.16200362751886
2020-10-24 16:40:00,413.95445587608117
2020-10-24 16:50:00,414.74064189058674
2020-10-24 17:00:00,415.51555968383354
2020-10-24 17:10:00,416.274207268619
2020-10-24 17:20:00,417.01158265774154
2020-10-24 17:30:00,417.7226838639988
2020-10-24 17:40:00,418.40250890018865
2020-10-24 17:50:00,419.04605577910877
2020-10-24 18:00:00,419.6483225135572
2020-10-24 18:10:00,420.20430711633196
2020-10-24 18:20:00,420.4
2020-10-24 18:30:00,422.5
2020-10-24 18:40:00,421.2
2020-10-24 18:50:00,420.6
2020-10-24 19:00:00,421.1
2020-10-24 19:10:00,421.4
2020-10-24 19:20:00,422.1
2020-10-24 19:30:00,423.1
2020-10-24 19:40:00,422.3
2020-10-24 19:50:00,424.1
2020-10-24 20:00:00,423.7
2020-10-24 20:10:00,423.7
2020-10-24 20:20:00,422.4
2020-10-24 20:30:00,423.7
2020-10-24 20:40:00,424.2
2020-10-24 20:50:00,421.7
2020-10-24 21:00:00,422.1
2020-10-24 21:10:00,422.9
2020-10-24 21:20:00,423.6
2020-10-24 21:30:00,424.2
2020-10-24 21:40:00,423.2
2020-10-24 21:50:00,422.1
2020-10-24 22:00:00,421.7
2020-10-24 22:10:00,421.4
2020-10-24 22:20:00,421.1
2020-10-24 22:30:00,421.2
2020-10-24 22:40:00,422.1
2020-10-24 22:50:00,420.7
2020-10-24 23:00:00,420.1
2020-10-24 23:10:00,423.6
2020-10-24 23:20:00,427.8
2020-10-24 23:30:00,427.6
2020-10-24 23:40:00,427.9
2020-10-24 23:50:00,428.4
2020-10-25 00:00:00,428.7
2020-10-25 00:10:00,429.7
2020-10-25 00:20:00,428.0
2020-10-25 00:30:00,426.2
2020-10-25 00:40:00,426.5
2020-10-25 00:50:00,424.9
2020-10-25 01:00:00,424.6
2020-10-25 01:10:00,425.6
2020-10-25 01:20:00,424.2
2020-10-25 01:30:00,424.4
2020-10-25 01:40:00,423.0
2020-10-25 01:50:00,423.2
2020-10-25 02:00:00,424.0
2020-10-25 02:10:00,423.6
2020-10-25 02:20:00,423.3
2020-10-25 02:30:00,423.1
2020-10-25 02:40:00,422.9
2020-10-25 02:50:00,423.9
2020-10-25 03:00:00,424.2
2020-10-25 03:10:00,424.6
2020-10-25 03:20:00,425.2
2020-10-25 03:30:00,425.7
2020-10-25 03:40:00,425.9
2020-10-25 03:50:00,426.5
2020-10-25 04:00:00,427.8
2020-10-25 04:10:00,428.2
2020-10-25 04:20:00,427.9
2020-10-25 04:30:00,428.5
2020-10-25 04:40:00,428.3
2020-10-25 04:50:00,427.8
2020-10-25 05:00:00,427.2
2020-10-25 05:10:00,426.7
2020-10-25 05:20:00,427.6
2020-10-25 05:30:00,429.5
2020-10-25 05:40:00,429.7
2020-10-25 05:50:00,429.2
2020-10-25 06:00:00,428.2
2020-10-25 06:10:00,428.6162012555124
2020-10-25 06:20:00,428.521472336539
2020-10-25 06:30:00,428.39882180761276
2020-10-25 06:40:00,428.249480699738
2020-10-25 06:50:00,428.0746800439188
2020-10-25 07:00:00,427.87565087115945
2020-10-25 07:10:00,427.6536242124641
2020-10-25 07:20:00,427.40983109883695
2020-10-25 07:30:00,427.14550256128217
2020-10-25 07:40:00,426.86186963080394
2020-10-25 07:50:00,426.5601633384065
2020-10-25 08:00:00,426.241614715094
2020-10-25 08:10:00,425.90745479187063
2020-10-25 08:20:00,425.5589145997406
2020-10-25 08:30:00,425.1972251697081
2020-10-25 08:40:00,424.82361753277723
2020-10-25 08:50:00,424.4393227199523
2020-10-25 09:00:00,424.0455717622375
2020-10-25 09:10:00,423.64359569063697
2020-10-25 09:20:00,423.23462553615485
2020-10-25 09:30:00,422.81989232979544
2020-10-25 09:40:00,422.40062710256285
2020-10-25 09:50:00,421.9780608854613
2020-10-25 10:00:00,421.55342470949495
2020-10-25 10:10:00,421.12794960566805
2020-10-25 10:20:00,420.7028666049847
2020-10-25 10:30:00,420.27940673844915
2020-10-25 10:40:00,419.85880103706563
2020-10-25 10:50:00,419.44228053183826
2020-10-25 11:00:00,419.03107625377123
2020-10-25 11:10:00,418.6264192338688
2020-10-25 11:20:00,418.22954050313507
2020-10-25 11:30:00,417.8416710925743
2020-10-25 11:40:00,417.46404203319065
2020-10-25 11:50:00,417.0978843559883
2020-10-25 12:00:00,416.7444290919714
2020-10-25 12:10:00,416.40490727214427
2020-10-25 12:20:00,416.080549927511
2020-10-25 12:30:00,415.7725880890758
2020-10-25 12:40:00,415.4822527878428
2020-10-25 12:50:00,415.2107750548163
2020-10-25 13:00:00,414.9593859210004
2020-10-25 13:10:00,414.72931641739933
2020-10-25 13:20:00,414.5217975750173
2020-10-25 13:30:00,414.33806042485844
2020-10-25 13:40:00,414.179335997927
2020-10-25 13:50:00,414.04685532522717
2020-10-25 14:00:00,413.9418494377631
2020-10-25 14:10:00,413.86554936653897
2020-10-25 14:20:00,413.819186142559
2020-10-25 14:30:00,413.8
2020-10-25 14:40:00,413.9
2020-10-25 14:50:00,413.8
2020-10-25 15:00:00,413.7
2020-10-25 15:10:00,414.3
2020-10-25 15:20:00,414.4
2020-10-25 15:30:00,414.1
2020-10-25 15:40:00,414.8
2020-10-25 15:50:00,415.2
2020-10-25 16:00:00,416.2
2020-10-25 16:10:00,415.6
2020-10-25 16:20:00,415.2
2020-10-25 16:30:00,416.0
2020-10-25 16:40:00,416.3
2020-10-25 16:50:00,417.4
2020-10-25 17:00:00,418.9
2020-10-25 17:10:00,419.0
2020-10-25 17:20:00,419.9
2020-10-25 17:30:00,420.1
2020-10-25 17:40:00,422.7
2020-10-25 17:50:00,422.0
2020-10-25 18:00:00,422.3
2020-10-25 18:10:00,420.6
2020-10-25 18:20:00,423.3
2020-10-25 18:30:00,421.8
2020-10-25 18:40:00,422.7
2020-10-25 18:50:00,426.1
2020-10-25 19:00:00,428.7
2020-10-25 19:10:00,425.6
2020-10-25 19:20:00,428.6
2020-10-25 19:30:00,430.5
2020-10-25 19:40:00,431.9
2020-10-25 19:50:00,434.0
2020-10-25 20:00:00,434.5
2020-10-25 20:10:00,433.8
2020-10-25 20:20:00,433.1
2020-10-25 20:30:00,432.6
2020-10-25 20:40:00,432.5
2020-10-25 20:50:00,431.9
2020-10-25 21:00:00,434.0
2020-10-25 21:10:00,431.5
2020-10-25 21:20:00,429.7
2020-10-25 21:30:00,427.3
2020-10-25 21:40:00,429.7
2020-10-25 21:50:00,428.4
2020-10-25 22:00:00,427.9
2020-10-25 22:10:00,427.9
2020-10-25 22:20:00,427.9
2020-10-25 22:30:00,428.7
2020-10-25 22:40:00,428.8
2020-10-25 22:50:00,429.0
2020-10-25 23:00:00,429.4
2020-10-25 23:10:00,430.7
2020-10-25 23:20:00,430.3
2020-10-25 23:30:00,430.9
2020-10-25 23:40:00,431.7
2020-10-25 23:50:00,432.0
2020-10-26 00:00:00,433.1
2020-10-26 00:10:00,435.2
2020-10-26 00:20:00,434.7
2020-10-26 00:30:00,435.5
2020-10-26 00:40:00,438.4
2020-10-26 00:50:00,439.3
2020-10-26 01:00:00,436.3
2020-10-26 01:10:00,436.7
2020-10-26 01:20:00,438.9
2020-10-26 01:30:00,440.5
2020-10-26 01:40:00,440.1
2020-10-26 01:50:00,439.9
2020-10-26 02:00:00,441.8
2020-10-26 02:10:00,442.3
2020-10-26 02:20:00,441.5
2020-10-26 02:30:00,441.0
2020-10-26 02:40:00,442.2
2020-10-26 02:50:00,442.1
2020-10-26 03:00:00,441.3
2020-10-26 03:10:00,441.8
2020-10-26 03:20:00,443.2
2020-10-26 03:30:00,443.9
2020-10-26 03:40:00,443.8
2020-10-26 03:50:00,445.7
2020-10-26 04:00:00,446.0
2020-10-26 04:10:00,447.1
2020-10-26 04:20:00,446.6
2020-10-26 04:30:00,446.8
2020-10-26 04:40:00,446.5
2020-10-26 04:50:00,445.0
2020-10-26 05:00:00,445.3
2020-10-26 05:10:00,446.7
2020-10-26 05:20:00,445.8
2020-10-26 05:30:00,445.9
2020-10-26 05:40:00,447.5
2020-10-26 05:50:00,446.7
2020-10-26 06:00:00,445.5
2020-10-26 06:10:00,465.4
2020-10-26 06:20:00,453.3
2020-10-26 06:30:00,452.7
2020-10-26 06:40:00,451.1
2020-10-26 06:50:00,462.2
2020-10-26 07:00:00,467.8
2020-10-26 07:10:00,453.7
2020-10-26 07:20:00,471.6
2020-10-26 07:30:00,472.3
2020-10-26 07:40:00,461.0
2020-10-26 07:50:00,466.1
2020-10-26 08:00:00,463.9
2020-10-26 08:10:00,465.0
2020-10-26 08:20:00,468.0
2020-10-26 08:30:00,468.9
2020-10-26 08:40:00,475.2
2020-10-26 08:50:00,473.0409857545613
2020-10-26 09:00:00,473.573515897272
2020-10-26 09:10:00,473.9329659495181
2020-10-26 09:20:00,474.1261871348897
2020-10-26 09:30:00,474.1600306769767
2020-10-26 09:40:00,474.04134779936925
2020-10-26 09:50:00,473.77698972565736
2020-10-26 10:00:00,473.3738076794311
2020-10-26 10:10:00,472.83865288428046
2020-10-26 10:20:00,472.1783765637955
2020-10-26 10:30:00,471.3998299415663
2020-10-26 10:40:00,470.50986424118275
2020-10-26 10:50:00,469.5153306862351
2020-10-26 11:00:00,468.4230805003132
2020-10-26 11:10:00,467.23996490700716
2020-10-26 11:20:00,465.9728351299071
2020-10-26 11:30:00,464.6285423926029
2020-10-26 11:40:00,463.21393791868473
2020-10-26 11:50:00,461.73587293174256
2020-10-26 12:00:00,460.20119865536645
2020-10-26 12:10:00,458.6167663131464
2020-10-26 12:20:00,456.9894271286725
2020-10-26 12:30:00,455.3260323255348
2020-10-26 12:40:00,453.6334331273233
2020-10-26 12:50:00,451.91848075762806
2020-10-26 13:00:00,450.1880264400391
2020-10-26 13:10:00,448.44892139814647
2020-10-26 13:20:00,446.7080168555402
2020-10-26 13:30:00,444.97216403581035
2020-10-26 13:40:00,443.2482141625469
2020-10-26 13:50:00,441.54301845934
2020-10-26 14:00:00,439.8634281497796
2020-10-26 14:10:00,438.2162944574558
2020-10-26 14:20:00,436.6084686059584
2020-10-26 14:30:00,435.0468018188777
2020-10-26 14:40:00,433.5381453198038
2020-10-26 14:50:00,432.0893503323266
2020-10-26 15:00:00,430.70726808003616
2020-10-26 15:10:00,429.39874978652233
2020-10-26 15:20:00,428.17064667537545
2020-10-26 15:30:00,427.0298099701854
2020-10-26 15:40:00,425.98309089454216
2020-10-26 15:50:00,425.03734067203584
2020-10-26 16:00:00,424.19941052625666
2020-10-26 16:10:00,423.4761516807943
2020-10-26 16:20:00,422.8744153592391
2020-10-26 16:30:00,422.4010527851809
2020-10-26 16:40:00,422.0629151822101
2020-10-26 16:50:00,421.8668537739162
2020-10-26 17:00:00,421.81971978388947
2020-10-26 17:10:00,419.7
2020-10-26 17:20:00,423.6
2020-10-26 17:30:00,425.6
2020-10-26 17:40:00,427.1
2020-10-26 17:50:00,425.4
2020-10-26 18:00:00,424.3
2020-10-26 18:10:00,424.1
2020-10-26 18:20:00,425.5
2020-10-26 18:30:00,426.7
2020-10-26 18:40:00,426.7
2020-10-26 18:50:00,427.6
2020-10-26 19:00:00,429.8
2020-10-26 19:10:00,428.7
2020-10-26 19:20:00,427.1
2020-10-26 19:30:00,426.9
2020-10-26 19:40:00,425.8
2020-10-26 19:50:00,425.8
2020-10-26 20:00:00,427.3
2020-10-26 20:10:00,425.3
2020-10-26 20:20:00,427.3
2020-10-26 20:30:00,425.9
2020-10-26 20:40:00,425.4
2020-10-26 20:50:00,425.4
2020-10-26 21:00:00,425.5
2020-10-26 21:10:00,425.0
2020-10-26 21:20:00,424.2
2020-10-26 21:30:00,424.1
2020-10-26 21:40:00,425.3
2020-10-26 21:50:00,425.1
2020-10-26 22:00:00,422.2
2020-10-26 22:10:00,421.6
2020-10-26 22:20:00,421.6
2020-10-26 22:30:00,421.7
2020-10-26 22:40:00,422.5
2020-10-26 22:50:00,423.0
2020-10-26 23:00:00,421.9
2020-10-26 23:10:00,421.2
2020-10-26 23:20:00,421.8
2020-10-26 23:30:00,422.0
2020-10-26 23:40:00,422.1
2020-10-26 23:50:00,423.0
2020-10-27 00:00:00,422.6
2020-10-27 00:10:00,422.6
2020-10-27 00:20:00,422.1
2020-10-27 00:30:00,421.0
2020-10-27 00:40:00,420.6
2020-10-27 00:50:00,420.8
2020-10-27 01:00:00,421.5
2020-10-27 01:10:00,421.9
2020-10-27 01:20:00,421.9
2020-10-27 01:30:00,422.3
2020-10-27 01:40:00,420.3
2020-10-27 01:50:00,419.5
2020-10-27 02:00:00,420.5
2020-10-27 02:10:00,420.7
2020-10-27 02:20:00,420.3
2020-10-27 02:30:00,419.8
2020-10-27 02:40:00,421.2
2020-10-27 02:50:00,420.8
2020-10-27 03:00:00,420.4
2020-10-27 03:10:00,421.3
2020-10-27 03:20:00,421.1
2020-10-27 03:30:00,421.3
2020-10-27 03:40:00,420.8
2020-10-27 03:50:00,420.8
2020-10-27 04:00:00,420.8
2020-10-27 04:10:00,420.9
2020-10-27 04:20:00,421.9
2020-10-27 04:30:00,422.8
2020-10-27 04:40:00,424.9
2020-10-27 04:50:00,425.8
2020-10-27 05:00:00,425.3
2020-10-27 05:10:00,426.2
2020-10-27 05:20:00,427.1
2020-10-27 05:30:00,424.9
2020-10-27 05:40:00,422.9
2020-10-27 05:50:00,423.4
2020-10-27 06:00:00,426.2
2020-10-27 06:10:00,428.1
2020-10-27 06:20:00,430.6
2020-10-27 06:30:00,432.7
2020-10-27 06:40:00,432.6
2020-10-27 06:50:00,430.1
2020-10-27 07:00:00,427.6
2020-10-27 07:10:00,425.3
2020-10-27 07:20:00,425.8
2020-10-27 07:30:00,426.9
2020-10-27 07:40:00,427.3
2020-10-27 07:50:00,426.2
2020-10-27 08:00:00,426.6
2020-10-27 08:10:00,426.2
2020-10-27 08:20:00,424.4
2020-10-27 08:30:00,424.9
2020-10-27 08:40:00,425.4
2020-10-27 08:50:00,423.4
2020-10-27 09:00:00,423.9
2020-10-27 09:10:00,423.5
2020-10-27 09:20:00,423.0
2020-10-27 09:30:00,422.9
2020-10-27 09:40:00,423.3
2020-10-27 09:50:00,422.4
2020-10-27 10:00:00,422.0
2020-10-27 10:10:00,422.0
2020-10-27 10:20:00,421.5
2020-10-27 10:30:00,420.6
2020-10-27 10:40:00,419.9
2020-10-27 10:50:00,419.7
2020-10-27 11:00:00,419.1
2020-10-27 11:10:00,418.5
2020-10-27 11:20:00,418.7
2020-10-27 11:30:00,418.6
2020-10-27 11:40:00,417.8
2020-10-27 11:50:00,416.8
2020-10-27 12:00:00,417.0
2020-10-27 12:10:00,418.3
2020-10-27 12:20:00,417.8
2020-10-27 12:30:00,417.9
2020-10-27 12:40:00,417.8
2020-10-27 12:50:00,418.2
2020-10-27 13:00:00,418.8
2020-10-27 13:10:00,419.4
2020-10-27 13:20:00,418.5
2020-10-27 13:30:00,418.5
2020-10-27 13:40:00,417.6
2020-10-27 13:50:00,417.2
2020-10-27 14:00:00,416.5
2020-10-27 14:10:00,415.7
2020-10-27 14:20:00,414.7
2020-10-27 14:30:00,414.3
2020-10-27 14:40:00,414.2
2020-10-27 14:50:00,414.1
2020-10-27 15:00:00,413.6
2020-10-27 15:10:00,413.3
2020-10-27 15:20:00,413.1
2020-10-27 15:30:00,412.90132523124026
2020-10-27 15:40:00,412.731244955851
2020-10-27 15:50:00,412.59085620529294
2020-10-27 16:00:00,412.4791605549546
2020-10-27 16:10:00,412.3951595802247
2020-10-27 16:20:00,412.3378548564918
2020-10-27 16:30:00,412.3062479591445
2020-10-27 16:40:00,412.2993404635714
2020-10-27 16:50:00,412.31613394516114
2020-10-27 17:00:00,412.35562997930236
2020-10-27 17:10:00,412.4168301413836
2020-10-27 17:20:00,412.49873600679354
2020-10-27 17:30:00,412.6003491509207
2020-10-27 17:40:00,412.72067114915376
2020-10-27 17:50:00,412.85870357688134
2020-10-27 18:00:00,413.013448009492
2020-10-27 18:10:00,413.18390602237434
2020-10-27 18:20:00,413.36907919091703
2020-10-27 18:30:00,413.56796909050865
2020-10-27 18:40:00,413.7795772965378
2020-10-27 18:50:00,414.0029053843931
2020-10-27 19:00:00,414.23695492946314
2020-10-27 19:10:00,414.4807275071366
2020-10-27 19:20:00,414.73322469280197
2020-10-27 19:30:00,414.99344806184797
2020-10-27 19:40:00,415.2603991896632
2020-10-27 19:50:00,415.53307965163617
2020-10-27 20:00:00,415.8104910231556
2020-10-27 20:10:00,416.09163487961
2020-10-27 20:20:00,416.37551279638814
2020-10-27 20:30:00,416.6611263488785
2020-10-27 20:40:00,416.9474771124697
2020-10-27 20:50:00,417.2335666625504
2020-10-27 21:00:00,417.51839657450915
2020-10-27 21:10:00,417.8009684237346
2020-10-27 21:20:00,418.08028378561534
2020-10-27 21:30:00,418.35534423554
2020-10-27 21:40:00,418.62515134889713
2020-10-27 21:50:00,418.8887067010755
2020-10-27 22:00:00,419.1450118674635
2020-10-27 22:10:00,419.3930684234499
2020-10-27 22:20:00,419.63187794442325
2020-10-27 22:30:00,419.8604420057722
2020-10-27 22:40:00,420.0777621828853
2020-10-27 22:50:00,420.2828400511512
2020-10-27 23:00:00,420.47467718595846
2020-10-27 23:10:00,420.65227516269573
2020-10-27 23:20:00,420.8146355567516
2020-10-27 23:30:00,420.96075994351474
2020-10-27 23:40:00,421.08964989837375
2020-10-27 23:50:00,421.3
2020-10-28 00:00:00,421.1
2020-10-28 00:10:00,421.6
2020-10-28 00:20:00,421.3
2020-10-28 00:30:00,421.2
2020-10-28 00:40:00,420.9
2020-10-28 00:50:00,421.0
2020-10-28 01:00:00,421.6
2020-10-28 01:10:00,421.8
2020-10-28 01:20:00,421.9
2020-10-28 01:30:00,421.9
2020-10-28 01:40:00,421.3
2020-10-28 01:50:00,421.5
2020-10-28 02:00:00,421.7
2020-10-28 02:10:00,421.3
2020-10-28 02:20:00,421.1
2020-10-28 02:30:00,421.0
2020-10-28 02:40:00,421.4
2020-10-28 02:50:00,421.2
2020-10-28 03:00:00,421.2
2020-10-28 03:10:00,421.3
2020-10-28 03:20:00,421.2
2020-10-28 03:30:00,421.3
2020-10-28 03:40:00,421.8
2020-10-28 03:50:00,421.3
2020-10-28 04:00:00,420.8
2020-10-28 04:10:00,421.1
2020-10-28 04:20:00,421.0
2020-10-28 04:30:00,420.4
2020-10-28 04:40:00,420.5
2020-10-28 04:50:00,420.5
2020-10-28 05:00:00,420.4
2020-10-28 05:10:00,420.9
2020-10-28 05:20:00,422.2
2020-10-28 05:30:00,421.5
2020-10-28 05:40:00,421.8
2020-10-28 05:50:00,421.5
2020-10-28 06:00:00,421.7
2020-10-28 06:10:00,421.65172994229204
2020-10-28 06:20:00,421.62341373592056
2020-10-28 06:30:00,421.57777308533286
2020-10-28 06:40:00,421.5158024155344
2020-10-28 06:50:00,421.43849615153056
2020-10-28 07:00:00,421.3468487183269
2020-10-28 07:10:00,421.24185454092884
2020-10-28 07:20:00,421.12450804434184
2020-10-28 07:30:00,420.99580365357133
2020-10-28 07:40:00,420.85673579362276
2020-10-28 07:50:00,420.70829888950163
2020-10-28 08:00:00,420.5514873662134
2020-10-28 08:10:00,420.3872956487635
2020-10-28 08:20:00,420.2167181621574
2020-10-28 08:30:00,420.0407493314006
2020-10-28 08:40:00,419.8603835814985
2020-10-28 08:50:00,419.6766153374566
2020-10-28 09:00:00,419.4904390242803
2020-10-28 09:10:00,419.3028490669751
2020-10-28 09:20:00,419.1148398905465
2020-10-28 09:30:00,418.92740591999984
2020-10-28 09:40:00,418.74154158034065
2020-10-28 09:50:00,418.5582412965744
2020-10-28 10:00:00,418.37849949370656
2020-10-28 10:10:00,418.20331059674254
2020-10-28 10:20:00,418.03366903068786
2020-10-28 10:30:00,417.8705692205479
2020-10-28 10:40:00,417.7150055913282
2020-10-28 10:50:00,417.5679725680341
2020-10-28 11:00:00,417.4304645756712
2020-10-28 11:10:00,417.30347603924486
2020-10-28 11:20:00,417.1880013837606
2020-10-28 11:30:00,417.08503503422384
2020-10-28 11:40:00,416.99557141564003
2020-10-28 11:50:00,416.9206049530147
2020-10-28 12:00:00,416.8611300713532
2020-10-28 12:10:00,416.8181411956611
2020-10-28 12:20:00,416.79263275094377
2020-10-28 12:30:00,416.7855991622067
2020-10-28 12:40:00,416.79803485445535
2020-10-28 12:50:00,416.83093425269516
2020-10-28 13:00:00,416.88529178193164
2020-10-28 13:10:00,416.9621018671702
2020-10-28 13:20:00,417.0623589334163
2020-10-28 13:30:00,417.1870574056754
2020-10-28 13:40:00,417.33719170895296
2020-10-28 13:50:00,417.51375626825444
2020-10-28 14:00:00,417.7177455085853
2020-10-28 14:10:00,417.95015385495105
2020-10-28 14:20:00,418.21197573235713
2020-10-28 14:30:00,418.4
2020-10-28 14:40:00,418.9
2020-10-28 14:50:00,419.4
2020-10-28 15:00:00,419.8
2020-10-28 15:10:00,419.6
2020-10-28 15:20:00,420.3
2020-10-28 15:30:00,421.0
2020-10-28 15:40:00,421.4
2020-10-28 15:50:00,422.4
2020-10-28 16:00:00,422.9
2020-10-28 16:10:00,424.3
2020-10-28 16:20:00,424.1
2020-10-28 16:30:00,424.0
2020-10-28 16:40:00,424.3
2020-10-28 16:50:00,426.2
2020-10-28 17:00:00,426.4
2020-10-28 17:10:00,426.4
2020-10-28 17:20:00,426.3
2020-10-28 17:30:00,427.6
2020-10-28 17:40:00,426.7
2020-10-28 17:50:00,428.3
2020-10-28 18:00:00,426.2
2020-10-28 18:10:00,422.3
2020-10-28 18:20:00,423.8591699364314
2020-10-28 18:30:00,423.4892252759458
2020-10-28 18:40:00,423.1468429608644
2020-10-28 18:50:00,422.8310813758631
2020-10-28 19:00:00,422.54099890561787
2020-10-28 19:10:00,422.27565393480467
2020-10-28 19:20:00,422.0341048480994
2020-10-28 19:30:00,421.81541003017793
2020-10-28 19:40:00,421.6186278657163
2020-10-28 19:50:00,421.44281673939037
2020-10-28 20:00:00,421.2870350358761
2020-10-28 20:10:00,421.1503411398494
2020-10-28 20:20:00,421.03179343598623
2020-10-28 20:30:00,420.9304503089625
2020-10-28 20:40:00,420.8453701434542
2020-10-28 20:50:00,420.7756113241372
2020-10-28 21:00:00,420.7202322356874
2020-10-28 21:10:00,420.67829126278076
2020-10-28 21:20:00,420.6488467900933
2020-10-28 21:30:00,420.63095720230086
2020-10-28 21:40:00,420.6236808840794
2020-10-28 21:50:00,420.6260762201049
2020-10-28 22:00:00,420.63720159505317
2020-10-28 22:10:00,420.65611539360026
2020-10-28 22:20:00,420.68187600042205
2020-10-28 22:30:00,420.7135418001945
2020-10-28 22:40:00,420.75017117759353
2020-10-28 22:50:00,420.79082251729506
2020-10-28 23:00:00,420.834554203975
2020-10-28 23:10:00,420.88042462230936
2020-10-28 23:20:00,420.927492156974
2020-10-28 23:30:00,420.9748151926448
2020-10-28 23:40:00,421.02145211399784
2020-10-28 23:50:00,421.06646130570897
2020-10-29 00:00:00,421.10890115245417
2020-10-29 00:10:00,421.1478300389093
2020-10-29 00:20:00,421.1823063497503
2020-10-29 00:30:00,421.21138846965323
2020-10-29 00:40:00,421.2341347832939
2020-10-29 00:50:00,421.2496036753482
2020-10-29 01:00:00,421.2568535304922
2020-10-29 01:10:00,421.2549427334017
2020-10-29 01:20:00,421.24292966875277
2020-10-29 01:30:00,421.21987272122124
2020-10-29 01:40:00,421.1848302754831
2020-10-29 01:50:00,421.1368607162142
2020-10-29 02:00:00,421.0750224280905
2020-10-29 02:10:00,420.998373795788
2020-10-29 02:20:00,420.90597320398257
2020-10-29 02:30:00,420.79687903735015
2020-10-29 02:40:00,420.7
2020-10-29 02:50:00,420.3
2020-10-29 03:00:00,420.8
2020-10-29 03:10:00,420.1
2020-10-29 03:20:00,420.1
2020-10-29 03:30:00,419.4
2020-10-29 03:40:00,419.2
2020-10-29 03:50:00,418.6
2020-10-29 04:00:00,418.4
2020-10-29 04:10:00,418.1
2020-10-29 04:20:00,418.0
2020-10-29 04:30:00,417.9
2020-10-29 04:40:00,418.2
2020-10-29 04:50:00,418.3
2020-10-29 05:00:00,418.5
2020-10-29 05:10:00,418.7
2020-10-29 05:20:00,418.7
2020-10-29 05:30:00,419.9
2020-10-29 05:40:00,420.1
2020-10-29 05:50:00,419.4
2020-10-29 06:00:00,420.0
2020-10-29 06:10:00,420.7
2020-10-29 06:20:00,420.5
2020-10-29 06:30:00,418.6
2020-10-29 06:40:00,417.6
2020-10-29 06:50:00,417.1
2020-10-29 07:00:00,418.1
2020-10-29 07:10:00,416.7
2020-10-29 07:20:00,417.8
2020-10-29 07:30:00,418.2
2020-10-29 07:40:00,417.6
2020-10-29 07:50:00,418.9
2020-10-29 08:00:00,418.6
2020-10-29 08:10:00,418.9
2020-10-29 08:20:00,419.6
2020-10-29 08:30:00,420.8
2020-10-29 08:40:00,420.4
2020-10-29 08:50:00,416.0
2020-10-29 09:00:00,414.5
2020-10-29 09:10:00,414.4
2020-10-29 09:20:00,414.7
2020-10-29 09:30:00,414.5
2020-10-29 09:40:00,414.5
2020-10-29 09:50:00,414.2
2020-10-29 10:00:00,414.6
2020-10-29 10:10:00,414.5
2020-10-29 10:20:00,414.0
2020-10-29 10:30:00,413.9
2020-10-29 10:40:00,413.5
2020-10-29 10:50:00,413.5
2020-10-29 11:00:00,413.7
2020-10-29 11:10:00,414.0
2020-10-29 11:20:00,414.0
2020-10-29 11:30:00,413.9
2020-10-29 11:40:00,414.0
2020-10-29 11:50:00,414.1
2020-10-29 12:00:00,414.4
2020-10-29 12:10:00,414.2
2020-10-29 12:20:00,414.0
2020-10-29 12:30:00,413.7
2020-10-29 12:40:00,413.0
2020-10-29 12:50:00,413.4
2020-10-29 13:00:00,413.9
2020-10-29 13:10:00,414.3
2020-10-29 13:20:00,413.6
2020-10-29 13:30:00,413.8
2020-10-29 13:40:00,413.9
2020-10-29 13:50:00,413.9
2020-10-29 14:00:00,413.7
2020-10-29 14:10:00,413.3
2020-10-29 14:20:00,413.2
2020-10-29 14:30:00,413.0
2020-10-29 14:40:00,413.0
2020-10-29 14:50:00,413.0
2020-10-29 15:00:00,413.1
2020-10-29 15:10:00,413.0
2020-10-29 15:20:00,413.2
2020-10-29 15:30:00,413.3
2020-10-29 15:40:00,413.4
2020-10-29 15:50:00,413.8
2020-10-29 16:00:00,413.9
2020-10-29 16:10:00,413.8
2020-10-29 16:20:00,414.6
2020-10-29 16:30:00,418.7
2020-10-29 16:40:00,420.8
2020-10-29 16:50:00,417.4
2020-10-29 17:00:00,416.8
2020-10-29 17:10:00,416.7
2020-10-29 17:20:00,418.1
2020-10-29 17:30:00,419.2
2020-10-29 17:40:00,420.8
2020-10-29 17:50:00,420.2
2020-10-29 18:00:00,418.7
2020-10-29 18:10:00,420.9
2020-10-29 18:20:00,421.5
2020-10-29 18:30:00,419.3
2020-10-29 18:40:00,418.8
2020-10-29 18:50:00,419.7
2020-10-29 19:00:00,419.3
2020-10-29 19:10:00,418.7
2020-10-29 19:20:00,418.7
2020-10-29 19:30:00,419.3
2020-10-29 19:40:00,418.7
2020-10-29 19:50:00,419.0
2020-10-29 20:00:00,420.5
2020-10-29 20:10:00,419.7
2020-10-29 20:20:00,418.7
2020-10-29 20:30:00,420.0
2020-10-29 20:40:00,422.2
2020-10-29 20:50:00,421.8
2020-10-29 21:00:00,419.5
2020-10-29 21:10:00,419.0
2020-10-29 21:20:00,419.3
2020-10-29 21:30:00,418.7
2020-10-29 21:40:00,418.7
2020-10-29 21:50:00,418.5
2020-10-29 22:00:00,418.0
2020-10-29 22:10:00,418.6
2020-10-29 22:20:00,419.9
2020-10-29 22:30:00,421.5
2020-10-29 22:40:00,422.7
2020-10-29 22:50:00,422.7
2020-10-29 23:00:00,423.5
2020-10-29 23:10:00,422.9
2020-10-29 23:20:00,424.5
2020-10-29 23:30:00,425.1
2020-10-29 23:40:00,426.8
2020-10-29 23:50:00,430.2
2020-10-30 00:00:00,431.5
2020-10-30 00:10:00,433.7
2020-10-30 00:20:00,433.6
2020-10-30 00:30:00,431.2
2020-10-30 00:40:00,432.1
2020-10-30 00:50:00,431.4
2020-10-30 01:00:00,429.0
2020-10-30 01:10:00,428.5
2020-10-30 01:20:00,428.5
2020-10-30 01:30:00,429.2
2020-10-30 01:40:00,428.7
2020-10-30 01:50:00,428.7
2020-10-30 02:00:00,428.9
2020-10-30 02:10:00,428.9
2020-10-30 02:20:00,428.3
2020-10-30 02:30:00,427.9
2020-10-30 02:40:00,427.3
2020-10-30 02:50:00,426.1
2020-10-30 03:00:00,425.8
2020-10-30 03:10:00,425.3
2020-10-30 03:20:00,425.2
2020-10-30 03:30:00,424.1
2020-10-30 03:40:00,423.2
2020-10-30 03:50:00,422.6
2020-10-30 04:00:00,422.1
2020-10-30 04:10:00,422.2
2020-10-30 04:20:00,422.1
2020-10-30 04:30:00,421.8
2020-10-30 04:40:00,422.1
2020-10-30 04:50:00,422.3
2020-10-30 05:00:00,422.4
2020-10-30 05:10:00,422.8
2020-10-30 05:20:00,423.1
2020-10-30 05:30:00,423.2
2020-10-30 05:40:00,423.5
2020-10-30 05:50:00,423.3
2020-10-30 06:00:00,423.9
2020-10-30 06:10:00,424.2
2020-10-30 06:20:00,423.0
2020-10-30 06:30:00,422.8
2020-10-30 06:40:00,425.5
2020-10-30 06:50:00,428.0
2020-10-30 07:00:00,435.1
2020-10-30 07:10:00,433.7
2020-10-30 07:20:00,428.9
2020-10-30 07:30:00,424.6
2020-10-30 07:40:00,422.6
2020-10-30 07:50:00,422.2
2020-10-30 08:00:00,421.4
2020-10-30 08:10:00,421.6
2020-10-30 08:20:00,421.7
2020-10-30 08:30:00,421.4
2020-10-30 08:40:00,421.3
2020-10-30 08:50:00,421.4
2020-10-30 09:00:00,420.9
2020-10-30 09:10:00,419.7
2020-10-30 09:20:00,419.5
2020-10-30 09:30:00,418.6
2020-10-30 09:40:00,418.2
2020-10-30 09:50:00,417.7
2020-10-30 10:00:00,417.4165505501377
2020-10-30 10:10:00,417.06627744992255
2020-10-30 10:20:00,416.7437994745947
2020-10-30 10:30:00,416.4483047280791
2020-10-30 10:40:00,416.17898131430076
2020-10-30 10:50:00,415.93501733718466
2020-10-30 11:00:00,415.7156009006558
2020-10-30 11:10:00,415.5199201086391
2020-10-30 11:20:00,415.3471630650596
2020-10-30 11:30:00,415.19651787384225
2020-10-30 11:40:00,415.0671726389121
2020-10-30 11:50:00,414.9583154641941
2020-10-30 12:00:00,414.8691344536132
2020-10-30 12:10:00,414.79881771109444
2020-10-30 12:20:00,414.7465533405628
2020-10-30 12:30:00,414.71152944594326
2020-10-30 12:40:00,414.69293413116077
2020-10-30 12:50:00,414.68995550014034
2020-10-30 13:00:00,414.701781656807
2020-10-30 13:10:00,414.7276007050857
2020-10-30 13:20:00,414.76660074890145
2020-10-30 13:30:00,414.8179698921792
2020-10-30 13:40:00,414.8808962388439
2020-10-30 13:50:00,414.9545678928206
2020-10-30 14:00:00,415.0381729580343
2020-10-30 14:10:00,415.13089953840995
2020-10-30 14:20:00,415.23193573787256
2020-10-30 14:30:00,415.3404696603471
2020-10-30 14:40:00,415.4556894097585
2020-10-30 14:50:00,415.5767830900319
2020-10-30 15:00:00,415.7029388050921
2020-10-30 15:10:00,415.83334465886423
2020-10-30 15:20:00,415.96718875527324
2020-10-30 15:30:00,416.10365919824415
2020-10-30 15:40:00,416.2419440917019
2020-10-30 15:50:00,416.38123153957144
2020-10-30 16:00:00,416.5207096457778
2020-10-30 16:10:00,416.65956651424597
2020-10-30 16:20:00,416.79699024890095
2020-10-30 16:30:00,416.93216895366766
2020-10-30 16:40:00,417.06429073247114
2020-10-30 16:50:00,417.1925436892364
2020-10-30 17:00:00,417.3161159278884
2020-10-30 17:10:00,417.4341955523521
2020-10-30 17:20:00,417.54597066655253
2020-10-30 17:30:00,417.6506293744146
2020-10-30 17:40:00,417.7473597798634
2020-10-30 17:50:00,417.8353499868238
2020-10-30 18:00:00,417.91378809922094
2020-10-30 18:10:00,417.9818622209797
2020-10-30 18:20:00,418.1
2020-10-30 18:30:00,418.1
2020-10-30 18:40:00,417.9
2020-10-30 18:50:00,418.1
2020-10-30 19:00:00,418.1
2020-10-30 19:10:00,418.2
2020-10-30 19:20:00,418.1
2020-10-30 19:30:00,418.0
2020-10-30 19:40:00,418.0
2020-10-30 19:50:00,418.0
2020-10-30 20:00:00,418.0
2020-10-30 20:10:00,417.6
2020-10-30 20:20:00,418.0
2020-10-30 20:30:00,418.0
2020-10-30 20:40:00,418.3
2020-10-30 20:50:00,418.2
2020-10-30 21:00:00,418.3
2020-10-30 21:10:00,417.9
2020-10-30 21:20:00,417.9
2020-10-30 21:30:00,417.8
2020-10-30 21:40:00,417.6
2020-10-30 21:50:00,417.4
2020-10-30 22:00:00,416.9
2020-10-30 22:10:00,416.7
2020-10-30 22:20:00,416.8
2020-10-30 22:30:00,416.8
2020-10-30 22:40:00,416.8
2020-10-30 22:50:00,417.0
2020-10-30 23:00:00,417.4
2020-10-30 23:10:00,417.3
2020-10-30 23:20:00,417.4
2020-10-30 23:30:00,417.6
2020-10-30 23:40:00,418.0
2020-10-30 23:50:00,417.8
2020-10-31 00:00:00,418.1
2020-10-31 00:10:00,419.6
2020-10-31 00:20:00,419.3
2020-10-31 00:30:00,419.5
2020-10-31 00:40:00,419.4
2020-10-31 00:50:00,419.5
2020-10-31 01:00:00,419.5
2020-10-31 01:10:00,419.8
2020-10-31 01:20:00,419.6
2020-10-31 01:30:00,419.7
2020-10-31 01:40:00,419.9
2020-10-31 01:50:00,419.9
2020-10-31 02:00:00,419.9
2020-10-31 02:10:00,419.8
2020-10-31 02:20:00,419.8
2020-10-31 02:30:00,420.1
2020-10-31 02:40:00,420.3
2020-10-31 02:50:00,420.5
2020-10-31 03:00:00,420.8
2020-10-31 03:10:00,420.8
2020-10-31 03:20:00,421.0
2020-10-31 03:30:00,421.2
2020-10-31 03:40:00,421.5
2020-10-31 03:50:00,421.7
2020-10-31 04:00:00,421.5
2020-10-31 04:10:00,421.7
2020-10-31 04:20:00,421.5
2020-10-31 04:30:00,421.2
2020-10-31 04:40:00,421.6
2020-10-31 04:50:00,421.6
2020-10-31 05:00:00,421.7
2020-10-31 05:10:00,422.0
2020-10-31 05:20:00,422.5
2020-10-31 05:30:00,422.7
2020-10-31 05:40:00,422.7
2020-10-31 05:50:00,422.8
2020-10-31 06:00:00,422.9
2020-10-31 06:10:00,423.5
2020-10-31 06:20:00,424.2
2020-10-31 06:30:00,424.8
2020-10-31 06:40:00,425.2
2020-10-31 06:50:00,425.0
2020-10-31 07:00:00,424.8
2020-10-31 07:10:00,424.6
2020-10-31 07:20:00,425.0
2020-10-31 07:30:00,426.6
2020-10-31 07:40:00,427.7
2020-10-31 07:50:00,426.1
2020-10-31 08:00:00,425.7
2020-10-31 08:10:00,426.2
2020-10-31 08:20:00,426.2
2020-10-31 08:30:00,426.5
2020-10-31 08:40:00,426.5
2020-10-31 08:50:00,426.0
2020-10-31 09:00:00,426.1
2020-10-31 09:10:00,425.0
2020-10-31 09:20:00,424.5
2020-10-31 09:30:00,423.5
2020-10-31 09:40:00,422.6
2020-10-31 09:50:00,421.8
2020-10-31 10:00:00,421.1
2020-10-31 10:10:00,420.6
2020-10-31 10:20:00,420.1
2020-10-31 10:30:00,419.7
2020-10-31 10:40:00,419.2
2020-10-31 10:50:00,419.0
2020-10-31 11:00:00,419.0
2020-10-31 11:10:00,419.7
2020-10-31 11:20:00,420.8
2020-10-31 11:30:00,424.0
2020-10-31 11:40:00,423.7
2020-10-31 11:50:00,423.5
2020-10-31 12:00:00,421.5
2020-10-31 12:10:00,422.4
2020-10-31 12:20:00,421.8
2020-10-31 12:30:00,420.1
2020-10-31 12:40:00,419.0
2020-10-31 12:50:00,419.5
2020-10-31 13:00:00,419.1
2020-10-31 13:10:00,418.6
2020-10-31 13:20:00,417.4
2020-10-31 13:30:00,417.2
2020-10-31 13:40:00,417.2
2020-10-31 13:50:00,417.0
2020-10-31 14:00:00,416.6
2020-10-31 14:10:00,416.1
2020-10-31 14:20:00,416.2
2020-10-31 14:30:00,417.0
2020-10-31 14:40:00,417.7
2020-10-31 14:50:00,418.1
2020-10-31 15:00:00,418.1
2020-10-31 15:10:00,418.4
2020-10-31 15:20:00,418.0
2020-10-31 15:30:00,417.7
2020-10-31 15:40:00,418.0
2020-10-31 15:50:00,417.8
2020-10-31 16:00:00,417.8
2020-10-31 16:10:00,417.9
2020-10-31 16:20:00,418.2
2020-10-31 16:30:00,417.8
2020-10-31 16:40:00,417.0
2020-10-31 16:50:00,417.3
2020-10-31 17:00:00,417.4
2020-10-31 17:10:00,417.2
2020-10-31 17:20:00,417.4
2020-10-31 17:30:00,418.2
2020-10-31 17:40:00,418.1
2020-10-31 17:50:00,418.0
2020-10-31 18:00:00,417.9
2020-10-31 18:10:00,417.7
2020-10-31 18:20:00,417.5
2020-10-31 18:30:00,417.9
2020-10-31 18:40:00,418.9
2020-10-31 18:50:00,419.9
2020-10-31 19:00:00,420.6
2020-10-31 19:10:00,421.3
2020-10-31 19:20:00,422.9
2020-10-31 19:30:00,423.6
2020-10-31 19:40:00,424.0
2020-10-31 19:50:00,423.6
2020-10-31 20:00:00,423.4
2020-10-31 20:10:00,424.9
2020-10-31 20:20:00,425.3
2020-10-31 20:30:00,423.7
2020-10-31 20:40:00,424.3
2020-10-31 20:50:00,423.9
2020-10-31 21:00:00,422.0
2020-10-31 21:10:00,421.4
2020-10-31 21:20:00,424.4
2020-10-31 21:30:00,423.3
2020-10-31 21:40:00,424.4
2020-10-31 21:50:00,426.3
2020-10-31 22:00:00,424.9
2020-10-31 22:10:00,424.6
2020-10-31 22:20:00,425.1
2020-10-31 22:30:00,425.1
2020-10-31 22:40:00,426.1
2020-10-31 22:50:00,427.5
2020-10-31 23:00:00,428.2
2020-10-31 23:10:00,428.8
2020-10-31 23:20:00,429.0
2020-10-31 23:30:00,427.9
2020-10-31 23:40:00,428.2
2020-10-31 23:50:00,428.5
2020-11-01 00:00:00,428.7
2020-11-01 00:10:00,427.4
2020-11-01 00:20:00,428.7
2020-11-01 00:30:00,429.5
2020-11-01 00:40:00,427.2
2020-11-01 00:50:00,426.8
2020-11-01 01:00:00,428.6
2020-11-01 01:10:00,429.2
2020-11-01 01:20:00,430.1
2020-11-01 01:30:00,431.6
2020-11-01 01:40:00,431.5
2020-11-01 01:50:00,431.1
2020-11-01 02:00:00,432.4
2020-11-01 02:10:00,431.7
2020-11-01 02:20:00,431.3
2020-11-01 02:30:00,431.4
2020-11-01 02:40:00,430.0
2020-11-01 02:50:00,428.4
2020-11-01 03:00:00,430.7
2020-11-01 03:10:00,429.9171554601147
2020-11-01 03:20:00,429.8326723503096
2020-11-01 03:30:00,429.7585529983624
2020-11-01 03:40:00,429.69438961544836
2020-11-01 03:50:00,429.63977441274295
2020-11-01 04:00:00,429.59429960142154
2020-11-01 04:10:00,429.55755739265953
2020-11-01 04:20:00,429.52913999763234
2020-11-01 04:30:00,429.5086396275153
2020-11-01 04:40:00,429.4956484934839
2020-11-01 04:50:00,429.48975880671344
2020-11-01 05:00:00,429.49056277837934
2020-11-01 05:10:00,429.49765261965706
2020-11-01 05:20:00,429.5106205417219
2020-11-01 05:30:00,429.5290587557493
2020-11-01 05:40:00,429.55255947291465
2020-11-01 05:50:00,429.5807149043934
2020-11-01 06:00:00,429.61311726136086
2020-11-01 06:10:00,429.6493587549925
2020-11-01 06:20:00,429.6890315964636
2020-11-01 06:30:00,429.7317279969497
2020-11-01 06:40:00,429.7770401676261
2020-11-01 06:50:00,429.82456031966825
2020-11-01 07:00:00,429.8738806642515
2020-11-01 07:10:00,429.92459341255125
2020-11-01 07:20:00,429.97629077574294
2020-11-01 07:30:00,430.0285649650019
2020-11-01 07:40:00,430.0810081915036
2020-11-01 07:50:00,430.1332126664234
2020-11-01 08:00:00,430.18477060093664
2020-11-01 08:10:00,430.2352742062188
2020-11-01 08:20:00,430.2843156934452
2020-11-01 08:30:00,430.3314872737913
2020-11-01 08:40:00,430.3763811584325
2020-11-01 08:50:00,430.4185895585441
2020-11-01 09:00:00,430.4577046853016
2020-11-01 09:10:00,430.49331874988036
2020-11-01 09:20:00,430.52502396345574
2020-11-01 09:30:00,430.55241253720317
2020-11-01 09:40:00,430.57507668229806
2020-11-01 09:50:00,430.59260860991577
2020-11-01 10:00:00,430.6046005312317
2020-11-01 10:10:00,430.6106446574213
2020-11-01 10:20:00,430.61033319965986
2020-11-01 10:30:00,430.6032583691229
2020-11-01 10:40:00,430.5890123769857
2020-11-01 10:50:00,430.5671874344237
2020-11-01 11:00:00,430.5373757526123
2020-11-01 11:10:00,430.4991695427269
2020-11-01 11:20:00,430.4521610159429
2020-11-01 11:30:00,430.5
2020-11-01 11:40:00,430.6
2020-11-01 11:50:00,430.0
2020-11-01 12:00:00,429.2
2020-11-01 12:10:00,429.4
2020-11-01 12:20:00,429.8
2020-11-01 12:30:00,430.7
2020-11-01 12:40:00,430.6
2020-11-01 12:50:00,430.5
2020-11-01 13:00:00,430.7
2020-11-01 13:10:00,430.5
2020-11-01 13:20:00,430.3
2020-11-01 13:30:00,429.6
2020-11-01 13:40:00,428.8
2020-11-01 13:50:00,428.7
2020-11-01 14:00:00,428.3
2020-11-01 14:10:00,428.2
2020-11-01 14:20:00,428.2
2020-11-01 14:30:00,428.5
2020-11-01 14:40:00,428.5
2020-11-01 14:50:00,428.17045122137574
2020-11-01 15:00:00,428.01995614211364
2020-11-01 15:10:00,427.8614155612878
2020-11-01 15:20:00,427.6953458771824
2020-11-01 15:30:00,427.5222634880816
2020-11-01 15:40:00,427.3426847922695
2020-11-01 15:50:00,427.1571261880303
2020-11-01 16:00:00,426.9661040736482
2020-11-01 16:10:00,426.77013484740723
2020-11-01 16:20:00,426.5697349075916
2020-11-01 16:30:00,426.3654206524855
2020-11-01 16:40:00,426.157708480373
2020-11-01 16:50:00,425.9471147895383
2020-11-01 17:00:00,425.73415597826556
2020-11-01 17:10:00,425.5193484448389
2020-11-01 17:20:00,425.30320858754243
2020-11-01 17:30:00,425.0862528046604
2020-11-01 17:40:00,424.86899749447684
2020-11-01 17:50:00,424.651959055276
2020-11-01 18:00:00,424.435653885342
2020-11-01 18:10:00,424.220598382959
2020-11-01 18:20:00,424.0073089464111
2020-11-01 18:30:00,423.7963019739825
2020-11-01 18:40:00,423.58809386395734
2020-11-01 18:50:00,423.3832010146198
2020-11-01 19:00:00,423.18213982425397
2020-11-01 19:10:00,422.985426691144
2020-11-01 19:20:00,422.7935780135741
2020-11-01 19:30:00,422.6071101898284
2020-11-01 19:40:00,422.42653961819104
2020-11-01 19:50:00,422.25238269694614
2020-11-01 20:00:00,422.08515582437786
2020-11-01 20:10:00,421.92537539877037
2020-11-01 20:20:00,421.7735578184078
2020-11-01 20:30:00,421.6302194815744
2020-11-01 20:40:00,421.49587678655416
2020-11-01 20:50:00,421.3710461316313
2020-11-01 21:00:00,421.25624391509
2020-11-01 21:10:00,421.1519865352144
2020-11-01 21:20:00,421.0587903902886
2020-11-01 21:30:00,420.9771718785968
2020-11-01 21:40:00,420.90764739842314
2020-11-01 21:50:00,420.85073334805173
2020-11-01 22:00:00,420.8069461257668
2020-11-01 22:10:00,420.7768021298524
2020-11-01 22:20:00,420.7608177585928
2020-11-01 22:30:00,420.7595094102721
2020-11-01 22:40:00,420.77339348317435
2020-11-01 22:50:00,420.8029863755838
2020-11-01 23:00:00,420.8488044857846
2020-11-01 23:10:00,421.0
2020-11-01 23:20:00,420.8
2020-11-01 23:30:00,420.9
2020-11-01 23:40:00,421.4
2020-11-01 23:50:00,421.7
2020-11-02 00:00:00,421.2
2020-11-02 00:10:00,422.4
2020-11-02 00:20:00,421.6
2020-11-02 00:30:00,422.8
2020-11-02 00:40:00,422.2
2020-11-02 00:50:00,423.7
2020-11-02 01:00:00,423.5
2020-11-02 01:10:00,422.3
2020-11-02 01:20:00,422.0
2020-11-02 01:30:00,421.3
2020-11-02 01:40:00,421.0
2020-11-02 01:50:00,420.2
2020-11-02 02:00:00,420.1
2020-11-02 02:10:00,420.0
2020-11-02 02:20:00,419.7
2020-11-02 02:30:00,419.5
2020-11-02 02:40:00,419.5
2020-11-02 02:50:00,419.6
2020-11-02 03:00:00,419.4
2020-11-02 03:10:00,419.8
2020-11-02 03:20:00,419.5
2020-11-02 03:30:00,418.8
2020-11-02 03:40:00,418.7
2020-11-02 03:50:00,418.8
2020-11-02 04:00:00,419.0
2020-11-02 04:10:00,418.9
2020-11-02 04:20:00,418.8
2020-11-02 04:30:00,418.7
2020-11-02 04:40:00,418.9
2020-11-02 04:50:00,419.0
2020-11-02 05:00:00,419.3
2020-11-02 05:10:00,419.7
2020-11-02 05:20:00,419.2
2020-11-02 05:30:00,419.0
2020-11-02 05:40:00,419.1
2020-11-02 05:50:00,418.8
2020-11-02 06:00:00,419.1
2020-11-02 06:10:00,419.3
2020-11-02 06:20:00,419.0
2020-11-02 06:30:00,419.0
2020-11-02 06:40:00,418.9
2020-11-02 06:50:00,419.0
2020-11-02 07:00:00,419.4
2020-11-02 07:10:00,419.3
2020-11-02 07:20:00,419.4
2020-11-02 07:30:00,419.5
2020-11-02 07:40:00,420.3
2020-11-02 07:50:00,419.9
2020-11-02 08:00:00,419.7
2020-11-02 08:10:00,419.8
2020-11-02 08:20:00,419.8
2020-11-02 08:30:00,419.6
2020-11-02 08:40:00,419.2
2020-11-02 08:50:00,419.1
2020-11-02 09:00:00,419.0
2020-11-02 09:10:00,418.6
2020-11-02 09:20:00,418.2
2020-11-02 09:30:00,417.8
2020-11-02 09:40:00,417.7
2020-11-02 09:50:00,417.7
2020-11-02 10:00:00,417.7
2020-11-02 10:10:00,417.8
2020-11-02 10:20:00,417.6
2020-11-02 10:30:00,417.3
2020-11-02 10:40:00,417.0
2020-11-02 10:50:00,417.2
2020-11-02 11:00:00,417.3
2020-11-02 11:10:00,417.3
2020-11-02 11:20:00,417.2
2020-11-02 11:30:00,417.0
2020-11-02 11:40:00,416.7
2020-11-02 11:50:00,416.8
2020-11-02 12:00:00,416.8
2020-11-02 12:10:00,417.0
2020-11-02 12:20:00,416.9
2020-11-02 12:30:00,416.8
2020-11-02 12:40:00,416.5
2020-11-02 12:50:00,416.6
2020-11-02 13:00:00,416.4
2020-11-02 13:10:00,416.1
2020-11-02 13:20:00,415.8
2020-11-02 13:30:00,415.5
2020-11-02 13:40:00,415.5
2020-11-02 13:50:00,415.3
2020-11-02 14:00:00,414.9
2020-11-02 14:10:00,414.5
2020-11-02 14:20:00,414.3
2020-11-02 14:30:00,413.9
2020-11-02 14:40:00,414.2
2020-11-02 14:50:00,414.4
2020-11-02 15:00:00,414.3
2020-11-02 15:10:00,414.1
2020-11-02 15:20:00,414.0
2020-11-02 15:30:00,413.9
2020-11-02 15:40:00,413.5
2020-11-02 15:50:00,413.6
2020-11-02 16:00:00,413.8
2020-11-02 16:10:00,414.4
2020-11-02 16:20:00,414.6
2020-11-02 16:30:00,415.0
2020-11-02 16:40:00,415.3
2020-11-02 16:50:00,415.7
2020-11-02 17:00:00,416.5
2020-11-02 17:10:00,416.9
2020-11-02 17:20:00,418.2
2020-11-02 17:30:00,418.8
2020-11-02 17:40:00,418.3
2020-11-02 17:50:00,417.7
2020-11-02 18:00:00,418.7
2020-11-02 18:10:00,418.9
2020-11-02 18:20:00,418.9
2020-11-02 18:30:00,417.5
2020-11-02 18:40:00,417.3
2020-11-02 18:50:00,417.4
2020-11-02 19:00:00,417.4
2020-11-02 19:10:00,417.6
2020-11-02 19:20:00,417.9
2020-11-02 19:30:00,418.2
2020-11-02 19:40:00,418.0
2020-11-02 19:50:00,417.8
2020-11-02 20:00:00,417.7
2020-11-02 20:10:00,417.9
2020-11-02 20:20:00,418.6
2020-11-02 20:30:00,418.6
2020-11-02 20:40:00,419.7
2020-11-02 20:50:00,419.1
2020-11-02 21:00:00,418.2
2020-11-02 21:10:00,419.1
2020-11-02 21:20:00,419.4
2020-11-02 21:30:00,419.9
2020-11-02 21:40:00,420.4
2020-11-02 21:50:00,420.5
2020-11-02 22:00:00,421.6
2020-11-02 22:10:00,420.9
2020-11-02 22:20:00,419.8
2020-11-02 22:30:00,419.7
2020-11-02 22:40:00,419.9
2020-11-02 22:50:00,419.6
2020-11-02 23:00:00,419.5
2020-11-02 23:10:00,420.4
2020-11-02 23:20:00,418.8
2020-11-02 23:30:00,418.9
2020-11-02 23:40:00,419.3
2020-11-02 23:50:00,419.7
2020-11-03 00:00:00,420.1
2020-11-03 00:10:00,421.9
2020-11-03 00:20:00,422.2
2020-11-03 00:30:00,420.9
2020-11-03 00:40:00,419.2
2020-11-03 00:50:00,417.3
2020-11-03 01:00:00,416.9
2020-11-03 01:10:00,416.5
2020-11-03 01:20:00,415.8
2020-11-03 01:30:00,415.6
2020-11-03 01:40:00,415.9
2020-11-03 01:50:00,415.380893864289
2020-11-03 02:00:00,415.1710640180216
2020-11-03 02:10:00,414.9989930826611
2020-11-03 02:20:00,414.86308912764554
2020-11-03 02:30:00,414.76176022241276
2020-11-03 02:40:00,414.69341443640076
2020-11-03 02:50:00,414.6564598390474
2020-11-03 03:00:00,414.64930449979056
2020-11-03 03:10:00,414.67035648806825
2020-11-03 03:20:00,414.7180238733183
2020-11-03 03:30:00,414.7907147249787
2020-11-03 03:40:00,414.8868371124874
2020-11-03 03:50:00,415.0047991052822
2020-11-03 04:00:00,415.14300877280107
2020-11-03 04:10:00,415.29987418448195
2020-11-03 04:20:00,415.47380340976275
2020-11-03 04:30:00,415.66320451808133
2020-11-03 04:40:00,415.86648557887565
2020-11-03 04:50:00,416.08205466158364
2020-11-03 05:00:00,416.3083198356432
2020-11-03 05:10:00,416.5436891704923
2020-11-03 05:20:00,416.78657073556883
2020-11-03 05:30:00,417.03537260031067
2020-11-03 05:40:00,417.28850283415574
2020-11-03 05:50:00,417.544369506542
2020-11-03 06:00:00,417.80138068690735
2020-11-03 06:10:00,418.05794444468967
2020-11-03 06:20:00,418.31246884932693
2020-11-03 06:30:00,418.563361970257
2020-11-03 06:40:00,418.80903187691786
2020-11-03 06:50:00,419.04788663874734
2020-11-03 07:00:00,419.27833432518344
2020-11-03 07:10:00,419.49878300566405
2020-11-03 07:20:00,419.7076407496271
2020-11-03 07:30:00,419.9033156265105
2020-11-03 07:40:00,420.0842157057522
2020-11-03 07:50:00,420.24874905679
2020-11-03 08:00:00,420.39532374906196
2020-11-03 08:10:00,420.5223478520059
2020-11-03 08:20:00,420.6282294350598
2020-11-03 08:30:00,420.71137656766155
2020-11-03 08:40:00,420.77019731924906
2020-11-03 08:50:00,420.80309975926025
2020-11-03 09:00:00,420.808491957133
2020-11-03 09:10:00,420.78478198230533
2020-11-03 09:20:00,420.7303779042151
2020-11-03 09:30:00,420.6436877923002
2020-11-03 09:40:00,420.5231197159986
2020-11-03 09:50:00,420.36708174474813
2020-11-03 10:00:00,420.1739819479868
2020-11-03 10:10:00,420.4
2020-11-03 10:20:00,419.3
2020-11-03 10:30:00,419.0
2020-11-03 10:40:00,418.4
2020-11-03 10:50:00,417.9
2020-11-03 11:00:00,418.1
2020-11-03 11:10:00,417.5
2020-11-03 11:20:00,417.3
2020-11-03 11:30:00,417.2
2020-11-03 11:40:00,417.1
2020-11-03 11:50:00,416.4
2020-11-03 12:00:00,416.7
2020-11-03 12:10:00,416.5
2020-11-03 12:20:00,416.1
2020-11-03 12:30:00,416.1
2020-11-03 12:40:00,415.8
2020-11-03 12:50:00,415.8
2020-11-03 13:00:00,415.4
2020-11-03 13:10:00,415.1
2020-11-03 13:20:00,415.0
2020-11-03 13:30:00,414.9
2020-11-03 13:40:00,415.3
2020-11-03 13:50:00,415.5
2020-11-03 14:00:00,415.8
2020-11-03 14:10:00,415.7
2020-11-03 14:20:00,415.6
2020-11-03 14:30:00,414.8
2020-11-03 14:40:00,415.1
2020-11-03 14:50:00,415.2
2020-11-03 15:00:00,415.9
2020-11-03 15:10:00,414.9
2020-11-03 15:20:00,415.7
2020-11-03 15:30:00,416.5
2020-11-03 15:40:00,416.4
2020-11-03 15:50:00,415.3
2020-11-03 16:00:00,414.6
2020-11-03 16:10:00,415.6
2020-11-03 16:20:00,415.5
2020-11-03 16:30:00,416.0
2020-11-03 16:40:00,416.8
2020-11-03 16:50:00,417.8
2020-11-03 17:00:00,417.6
2020-11-03 17:10:00,417.9
2020-11-03 17:20:00,419.1
2020-11-03 17:30:00,419.3
2020-11-03 17:40:00,419.3
2020-11-03 17:50:00,420.6
2020-11-03 18:00:00,422.5
2020-11-03 18:10:00,425.4
2020-11-03 18:20:00,424.6
2020-11-03 18:30:00,425.4
2020-11-03 18:40:00,423.1
2020-11-03 18:50:00,423.6
2020-11-03 19:00:00,423.5
2020-11-03 19:10:00,426.0
2020-11-03 19:20:00,426.8
2020-11-03 19:30:00,425.3
2020-11-03 19:40:00,426.2
2020-11-03 19:50:00,425.9
2020-11-03 20:00:00,426.5
2020-11-03 20:10:00,426.7
2020-11-03 20:20:00,425.8
2020-11-03 20:30:00,426.2
2020-11-03 20:40:00,425.3
2020-11-03 20:50:00,424.9
2020-11-03 21:00:00,425.0
2020-11-03 21:10:00,425.9
2020-11-03 21:20:00,427.2
2020-11-03 21:30:00,428.9
2020-11-03 21:40:00,427.3
2020-11-03 21:50:00,427.0
2020-11-03 22:00:00,428.1
2020-11-03 22:10:00,429.2
2020-11-03 22:20:00,427.1
2020-11-03 22:30:00,428.1
2020-11-03 22:40:00,430.3
2020-11-03 22:50:00,427.8
2020-11-03 23:00:00,428.2
2020-11-03 23:10:00,427.6
2020-11-03 23:20:00,428.0
2020-11-03 23:30:00,428.0
2020-11-03 23:40:00,427.3
2020-11-03 23:50:00,426.3
2020-11-04 00:00:00,426.1
2020-11-04 00:10:00,427.3
2020-11-04 00:20:00,425.5
2020-11-04 00:30:00,421.6
2020-11-04 00:40:00,422.7
2020-11-04 00:50:00,423.0
2020-11-04 01:00:00,423.1
2020-11-04 01:10:00,422.8
2020-11-04 01:20:00,422.7
2020-11-04 01:30:00,421.7
2020-11-04 01:40:00,421.4
2020-11-04 01:50:00,421.2395856591454
2020-11-04 02:00:00,420.9827331937551
2020-11-04 02:10:00,420.746610077421
2020-11-04 02:20:00,420.5304492175297
2020-11-04 02:30:00,420.3334835214678
2020-11-04 02:40:00,420.15494589662205
2020-11-04 02:50:00,419.994069250379
2020-11-04 03:00:00,419.85008649012536
2020-11-04 03:10:00,419.7222305232477
2020-11-04 03:20:00,419.6097342571326
2020-11-04 03:30:00,419.51183059916673
2020-11-04 03:40:00,419.42775245673675
2020-11-04 03:50:00,419.3567327372293
2020-11-04 04:00:00,419.29800434803104
2020-11-04 04:10:00,419.25080019652853
2020-11-04 04:20:00,419.2143531901084
2020-11-04 04:30:00,419.1878962361573
2020-11-04 04:40:00,419.1706622420619
2020-11-04 04:50:00,419.1618841152088
2020-11-04 05:00:00,419.1607947629846
2020-11-04 05:10:00,419.16662709277597
2020-11-04 05:20:00,419.17861401196956
2020-11-04 05:30:00,419.19598842795193
2020-11-04 05:40:00,419.2179832481098
2020-11-04 05:50:00,419.24383137982977
2020-11-04 06:00:00,419.27276573049846
2020-11-04 06:10:00,419.3040192075025
2020-11-04 06:20:00,419.3368247182285
2020-11-04 06:30:00,419.3704151700631
2020-11-04 06:40:00,419.404023470393
2020-11-04 06:50:00,419.43688252660473
2020-11-04 07:00:00,419.46822524608496
2020-11-04 07:10:00,419.4972845362203
2020-11-04 07:20:00,419.5232933043975
2020-11-04 07:30:00,419.54548445800305
2020-11-04 07:40:00,419.56309090442363
2020-11-04 07:50:00,419.57534555104587
2020-11-04 08:00:00,419.58148130525643
2020-11-04 08:10:00,419.5807310744419
2020-11-04 08:20:00,419.572327765989
2020-11-04 08:30:00,419.5555042872842
2020-11-04 08:40:00,419.5294935457142
2020-11-04 08:50:00,419.49352844866576
2020-11-04 09:00:00,419.44684190352535
2020-11-04 09:10:00,419.3886668176797
2020-11-04 09:20:00,419.31823609851534
2020-11-04 09:30:00,419.23478265341896
2020-11-04 09:40:00,419.1375393897772
2020-11-04 09:50:00,419.0257392149767
2020-11-04 10:00:00,418.89861503640407
2020-11-04 10:10:00,419.3
2020-11-04 10:20:00,417.9
2020-11-04 10:30:00,418.1
2020-11-04 10:40:00,417.8
2020-11-04 10:50:00,417.6
2020-11-04 11:00:00,418.2
2020-11-04 11:10:00,417.6
2020-11-04 11:20:00,417.4
2020-11-04 11:30:00,417.4
2020-11-04 11:40:00,417.5
2020-11-04 11:50:00,417.5
2020-11-04 12:00:00,417.6
2020-11-04 12:10:00,417.7
2020-11-04 12:20:00,417.6
2020-11-04 12:30:00,417.6
2020-11-04 12:40:00,417.4
2020-11-04 12:50:00,417.1
2020-11-04 13:00:00,417.0
2020-11-04 13:10:00,416.9
2020-11-04 13:20:00,416.6
2020-11-04 13:30:00,416.4
2020-11-04 13:40:00,416.0
2020-11-04 13:50:00,415.9
2020-11-04 14:00:00,415.5
2020-11-04 14:10:00,415.2
2020-11-04 14:20:00,415.2
2020-11-04 14:30:00,415.1
2020-11-04 14:40:00,415.0
2020-11-04 14:50:00,415.0
2020-11-04 15:00:00,415.5
2020-11-04 15:10:00,415.2
2020-11-04 15:20:00,415.3
2020-11-04 15:30:00,415.2
2020-11-04 15:40:00,415.4
2020-11-04 15:50:00,415.6
2020-11-04 16:00:00,416.0
2020-11-04 16:10:00,416.3
2020-11-04 16:20:00,416.6
2020-11-04 16:30:00,416.5
2020-11-04 16:40:00,416.6
2020-11-04 16:50:00,416.7
2020-11-04 17:00:00,416.6
2020-11-04 17:10:00,416.9
2020-11-04 17:20:00,417.1
2020-11-04 17:30:00,417.3
2020-11-04 17:40:00,421.6
2020-11-04 17:50:00,425.2
2020-11-04 18:00:00,422.9
2020-11-04 18:10:00,422.1
2020-11-04 18:20:00,424.8
2020-11-04 18:30:00,428.7
2020-11-04 18:40:00,429.2
2020-11-04 18:50:00,430.0
2020-11-04 19:00:00,429.4
2020-11-04 19:10:00,427.7
2020-11-04 19:20:00,429.5
2020-11-04 19:30:00,430.2
2020-11-04 19:40:00,433.8
2020-11-04 19:50:00,433.4
2020-11-04 20:00:00,431.3
2020-11-04 20:10:00,432.4
2020-11-04 20:20:00,434.0
2020-11-04 20:30:00,434.7
2020-11-04 20:40:00,435.2
2020-11-04 20:50:00,437.5
2020-11-04 21:00:00,439.8
2020-11-04 21:10:00,437.6
2020-11-04 21:20:00,439.1
2020-11-04 21:30:00,436.1
2020-11-04 21:40:00,438.3
2020-11-04 21:50:00,441.0
2020-11-04 22:00:00,441.1
2020-11-04 22:10:00,440.1
2020-11-04 22:20:00,441.9
2020-11-04 22:30:00,446.2
2020-11-04 22:40:00,446.5
2020-11-04 22:50:00,444.7
2020-11-04 23:00:00,447.6
2020-11-04 23:10:00,449.9
2020-11-04 23:20:00,451.0
2020-11-04 23:30:00,451.652437650882
2020-11-04 23:40:00,452.6212090034175
2020-11-04 23:50:00,453.5357462687245
2020-11-05 00:00:00,454.39736387087675
2020-11-05 00:10:00,455.20737623394814
2020-11-05 00:20:00,455.9670977820125
2020-11-05 00:30:00,456.67784293914366
2020-11-05 00:40:00,457.3409261294154
2020-11-05 00:50:00,457.95766177690155
2020-11-05 01:00:00,458.529364305676
2020-11-05 01:10:00,459.0573481398125
2020-11-05 01:20:00,459.5429277033849
2020-11-05 01:30:00,459.98741742046707
2020-11-05 01:40:00,460.3921317151328
2020-11-05 01:50:00,460.7583850114559
2020-11-05 02:00:00,461.08749173351026
2020-11-05 02:10:00,461.3807663053696
2020-11-05 02:20:00,461.6395231511078
2020-11-05 02:30:00,461.86507669479874
2020-11-05 02:40:00,462.0587413605162
2020-11-05 02:50:00,462.22183157233394
2020-11-05 03:00:00,462.35566175432587
2020-11-05 03:10:00,462.4615463305658
2020-11-05 03:20:00,462.54079972512756
2020-11-05 03:30:00,462.594736362085
2020-11-05 03:40:00,462.6246706655118
2020-11-05 03:50:00,462.63191705948196
2020-11-05 04:00:00,462.61778996806925
2020-11-05 04:10:00,462.5836038153475
2020-11-05 04:20:00,462.53067302539046
2020-11-05 04:30:00,462.4603120222721
2020-11-05 04:40:00,462.37383523006616
2020-11-05 04:50:00,462.27255707284644
2020-11-05 05:00:00,462.15779197468675
2020-11-05 05:10:00,462.03085435966096
2020-11-05 05:20:00,461.893058651843
2020-11-05 05:30:00,461.74571927530656
2020-11-05 05:40:00,461.59015065412547
2020-11-05 05:50:00,461.4276672123736
2020-11-05 06:00:00,461.25958337412476
2020-11-05 06:10:00,461.08721356345274
2020-11-05 06:20:00,460.9118722044314
2020-11-05 06:30:00,460.7348737211346
2020-11-05 06:40:00,460.5575325376361
2020-11-05 06:50:00,460.3811630780098
2020-11-05 07:00:00,460.2070797663295
2020-11-05 07:10:00,460.03659702666897
2020-11-05 07:20:00,459.87102928310213
2020-11-05 07:30:00,459.71169095970276
2020-11-05 07:40:00,459.5598964805447
2020-11-05 07:50:00,459.2
2020-11-05 08:00:00,459.3
2020-11-05 08:10:00,459.4
2020-11-05 08:20:00,459.2
2020-11-05 08:30:00,460.0
2020-11-05 08:40:00,459.1
2020-11-05 08:50:00,459.8
2020-11-05 09:00:00,459.2
2020-11-05 09:10:00,458.5
2020-11-05 09:20:00,456.4
2020-11-05 09:30:00,455.3
2020-11-05 09:40:00,456.2
2020-11-05 09:50:00,456.6
2020-11-05 10:00:00,456.2
2020-11-05 10:10:00,455.7
2020-11-05 10:20:00,455.4
2020-11-05 10:30:00,455.0
2020-11-05 10:40:00,454.4
2020-11-05 10:50:00,454.1
2020-11-05 11:00:00,454.1
2020-11-05 11:10:00,453.7
2020-11-05 11:20:00,454.9
2020-11-05 11:30:00,454.0
2020-11-05 11:40:00,450.8
2020-11-05 11:50:00,449.0
2020-11-05 12:00:00,449.0
2020-11-05 12:10:00,447.3
2020-11-05 12:20:00,446.4
2020-11-05 12:30:00,439.8
2020-11-05 12:40:00,434.6
2020-11-05 12:50:00,429.5
2020-11-05 13:00:00,426.5
2020-11-05 13:10:00,423.6
2020-11-05 13:20:00,422.4
2020-11-05 13:30:00,422.2
2020-11-05 13:40:00,422.3
2020-11-05 13:50:00,417.3
2020-11-05 14:00:00,414.7
2020-11-05 14:10:00,413.9
2020-11-05 14:20:00,413.2
2020-11-05 14:30:00,414.4
2020-11-05 14:40:00,414.9
2020-11-05 14:50:00,415.2
2020-11-05 15:00:00,417.1
2020-11-05 15:10:00,417.9
2020-11-05 15:20:00,417.9
2020-11-05 15:30:00,417.8
2020-11-05 15:40:00,417.4
2020-11-05 15:50:00,417.7
2020-11-05 16:00:00,418.3
2020-11-05 16:10:00,418.1
2020-11-05 16:20:00,417.4
2020-11-05 16:30:00,416.7
2020-11-05 16:40:00,416.5
2020-11-05 16:50:00,416.5
2020-11-05 17:00:00,416.3
2020-11-05 17:10:00,416.6
2020-11-05 17:20:00,417.6
2020-11-05 17:30:00,419.5
2020-11-05 17:40:00,419.7
2020-11-05 17:50:00,419.3
2020-11-05 18:00:00,420.1035234427078
2020-11-05 18:10:00,420.62617885956183
2020-11-05 18:20:00,421.16854159365414
2020-11-05 18:30:00,421.72978680959056
2020-11-05 18:40:00,422.30908967197695
2020-11-05 18:50:00,422.90562534541914
2020-11-05 19:00:00,423.518568994523
2020-11-05 19:10:00,424.14709578389426
2020-11-05 19:20:00,424.7903808781389
2020-11-05 19:30:00,425.4475994418626
2020-11-05 19:40:00,426.11792663967134
2020-11-05 19:50:00,426.8005376361709
2020-11-05 20:00:00,427.49460759596707
2020-11-05 20:10:00,428.1993116836657
2020-11-05 20:20:00,428.9138250638727
2020-11-05 20:30:00,429.63732290119384
2020-11-05 20:40:00,430.368980360235
2020-11-05 20:50:00,431.107972605602
2020-11-05 21:00:00,431.8534748019007
2020-11-05 21:10:00,432.6046621137369
2020-11-05 21:20:00,433.3607097057164
2020-11-05 21:30:00,434.1207927424451
2020-11-05 21:40:00,434.8840863885288
2020-11-05 21:50:00,435.6497658085733
2020-11-05 22:00:00,436.4170061671846
2020-11-05 22:10:00,437.1849826289683
2020-11-05 22:20:00,437.95287035853045
2020-11-05 22:30:00,438.7198445204768
2020-11-05 22:40:00,439.4850802794131
2020-11-05 22:50:00,440.2477527999454
2020-11-05 23:00:00,441.0070372466793
2020-11-05 23:10:00,441.7621087842208
2020-11-05 23:20:00,442.51214257717567
2020-11-05 23:30:00,443.25631379014976
2020-11-05 23:40:00,443.99379758774893
2020-11-05 23:50:00,444.72376913457896
2020-11-06 00:00:00,445.4454035952457
2020-11-06 00:10:00,446.15787613435504
2020-11-06 00:20:00,446.8603619165128
2020-11-06 00:30:00,447.55203610632475
2020-11-06 00:40:00,448.2320738683968
2020-11-06 00:50:00,448.89965036733474
2020-11-06 01:00:00,449.55394076774445
2020-11-06 01:10:00,450.1941202342317
2020-11-06 01:20:00,450.81936393140245
2020-11-06 01:30:00,451.42884702386243
2020-11-06 01:40:00,452.0217446762175
2020-11-06 01:50:00,452.59723205307347
2020-11-06 02:00:00,453.1544843190362
2020-11-06 02:10:00,453.6926766387116
2020-11-06 02:20:00,453.3
2020-11-06 02:30:00,457.6
2020-11-06 02:40:00,455.3
2020-11-06 02:50:00,452.3
2020-11-06 03:00:00,451.1
2020-11-06 03:10:00,461.1
2020-11-06 03:20:00,457.6
2020-11-06 03:30:00,458.1
2020-11-06 03:40:00,458.9
2020-11-06 03:50:00,460.1
2020-11-06 04:00:00,460.7
2020-11-06 04:10:00,460.4
2020-11-06 04:20:00,459.3
2020-11-06 04:30:00,456.2
2020-11-06 04:40:00,459.0
2020-11-06 04:50:00,458.0
2020-11-06 05:00:00,454.9
2020-11-06 05:10:00,456.0
2020-11-06 05:20:00,456.4
2020-11-06 05:30:00,458.8
2020-11-06 05:40:00,457.9
2020-11-06 05:50:00,460.5
2020-11-06 06:00:00,460.4
2020-11-06 06:10:00,462.1
2020-11-06 06:20:00,463.1
2020-11-06 06:30:00,461.9
2020-11-06 06:40:00,463.2
2020-11-06 06:50:00,461.6
2020-11-06 07:00:00,458.5
2020-11-06 07:10:00,459.6
2020-11-06 07:20:00,458.8
2020-11-06 07:30:00,458.2
2020-11-06 07:40:00,459.9
2020-11-06 07:50:00,466.7
2020-11-06 08:00:00,469.4
2020-11-06 08:10:00,469.5
2020-11-06 08:20:00,468.1
2020-11-06 08:30:00,467.2
2020-11-06 08:40:00,465.5
2020-11-06 08:50:00,465.6
2020-11-06 09:00:00,462.4
2020-11-06 09:10:00,460.7
2020-11-06 09:20:00,460.8
2020-11-06 09:30:00,457.6
2020-11-06 09:40:00,459.4
2020-11-06 09:50:00,463.2
2020-11-06 10:00:00,462.1
2020-11-06 10:10:00,463.4
2020-11-06 10:20:00,462.6
2020-11-06 10:30:00,461.3
2020-11-06 10:40:00,463.6
2020-11-06 10:50:00,462.2
2020-11-06 11:00:00,459.0
2020-11-06 11:10:00,457.3
2020-11-06 11:20:00,456.6
2020-11-06 11:30:00,455.5
2020-11-06 11:40:00,454.2
2020-11-06 11:50:00,451.2
2020-11-06 12:00:00,448.0
2020-11-06 12:10:00,445.2
2020-11-06 12:20:00,440.8
2020-11-06 12:30:00,438.9
2020-11-06 12:40:00,436.0
2020-11-06 12:50:00,434.8
2020-11-06 13:00:00,431.3
2020-11-06 13:10:00,429.8
2020-11-06 13:20:00,427.8
2020-11-06 13:30:00,425.2
2020-11-06 13:40:00,423.7
2020-11-06 13:50:00,423.0
2020-11-06 14:00:00,422.5
2020-11-06 14:10:00,422.9
2020-11-06 14:20:00,422.2
2020-11-06 14:30:00,421.8
2020-11-06 14:40:00,421.1
2020-11-06 14:50:00,421.1
2020-11-06 15:00:00,421.1
2020-11-06 15:10:00,422.1
2020-11-06 15:20:00,422.0
2020-11-06 15:30:00,422.2
2020-11-06 15:40:00,420.9
2020-11-06 15:50:00,421.0
2020-11-06 16:00:00,420.4
2020-11-06 16:10:00,420.5
2020-11-06 16:20:00,421.4
2020-11-06 16:30:00,422.0
2020-11-06 16:40:00,423.8
2020-11-06 16:50:00,425.6
2020-11-06 17:00:00,431.6
2020-11-06 17:10:00,430.1
2020-11-06 17:20:00,431.1
2020-11-06 17:30:00,432.6
2020-11-06 17:40:00,438.9
2020-11-06 17:50:00,440.2
2020-11-06 18:00:00,444.5
2020-11-06 18:10:00,442.5
2020-11-06 18:20:00,441.1
2020-11-06 18:30:00,442.0
2020-11-06 18:40:00,440.5
2020-11-06 18:50:00,438.0
2020-11-06 19:00:00,432.5
2020-11-06 19:10:00,433.4
2020-11-06 19:20:00,437.7
2020-11-06 19:30:00,436.9
2020-11-06 19:40:00,434.0
2020-11-06 19:50:00,435.6
2020-11-06 20:00:00,436.3
2020-11-06 20:10:00,435.8
2020-11-06 20:20:00,436.4
2020-11-06 20:30:00,437.7
2020-11-06 20:40:00,438.8
2020-11-06 20:50:00,438.5
2020-11-06 21:00:00,439.8
2020-11-06 21:10:00,440.2
2020-11-06 21:20:00,446.1
2020-11-06 21:30:00,448.5
2020-11-06 21:40:00,451.8
2020-11-06 21:50:00,453.8
2020-11-06 22:00:00,459.3
2020-11-06 22:10:00,460.7
2020-11-06 22:20:00,459.2
2020-11-06 22:30:00,458.1
2020-11-06 22:40:00,458.7
2020-11-06 22:50:00,459.2
2020-11-06 23:00:00,458.3
2020-11-06 23:10:00,456.3
2020-11-06 23:20:00,455.9
2020-11-06 23:30:00,456.7
2020-11-06 23:40:00,459.2
2020-11-06 23:50:00,458.1
2020-11-07 00:00:00,457.3
2020-11-07 00:10:00,450.9
2020-11-07 00:20:00,453.6
2020-11-07 00:30:00,458.9
2020-11-07 00:40:00,453.8
2020-11-07 00:50:00,451.9
2020-11-07 01:00:00,451.1
2020-11-07 01:10:00,454.6
2020-11-07 01:20:00,453.3
2020-11-07 01:30:00,449.5
2020-11-07 01:40:00,452.2
2020-11-07 01:50:00,452.4
2020-11-07 02:00:00,456.3
2020-11-07 02:10:00,454.3
2020-11-07 02:20:00,452.2
2020-11-07 02:30:00,455.4
2020-11-07 02:40:00,458.1
2020-11-07 02:50:00,451.2
2020-11-07 03:00:00,447.6
2020-11-07 03:10:00,450.1
2020-11-07 03:20:00,452.5
2020-11-07 03:30:00,453.7
2020-11-07 03:40:00,453.8
2020-11-07 03:50:00,454.9
2020-11-07 04:00:00,454.7
2020-11-07 04:10:00,454.1
2020-11-07 04:20:00,456.0
2020-11-07 04:30:00,456.2
2020-11-07 04:40:00,456.2
2020-11-07 04:50:00,456.6
2020-11-07 05:00:00,456.0
2020-11-07 05:10:00,457.3
2020-11-07 05:20:00,460.8
2020-11-07 05:30:00,463.5
2020-11-07 05:40:00,460.6
2020-11-07 05:50:00,459.5
2020-11-07 06:00:00,460.0
2020-11-07 06:10:00,458.1
2020-11-07 06:20:00,462.2
2020-11-07 06:30:00,462.4
2020-11-07 06:40:00,462.9
2020-11-07 06:50:00,462.3
2020-11-07 07:00:00,462.6
2020-11-07 07:10:00,463.2
2020-11-07 07:20:00,464.0
2020-11-07 07:30:00,462.3
2020-11-07 07:40:00,458.6
2020-11-07 07:50:00,457.8
2020-11-07 08:00:00,461.3
2020-11-07 08:10:00,463.4
2020-11-07 08:20:00,462.2
2020-11-07 08:30:00,460.6
2020-11-07 08:40:00,459.2
2020-11-07 08:50:00,459.0
2020-11-07 09:00:00,458.9
2020-11-07 09:10:00,461.0
2020-11-07 09:20:00,465.1
2020-11-07 09:30:00,466.1
2020-11-07 09:40:00,465.4015397377215
2020-11-07 09:50:00,465.79682137148365
2020-11-07 10:00:00,466.0995006950857
2020-11-07 10:10:00,466.3126644749788
2020-11-07 10:20:00,466.43939947761424
2020-11-07 10:30:00,466.4827924694432
2020-11-07 10:40:00,466.4459302169169
2020-11-07 10:50:00,466.3318994864866
2020-11-07 11:00:00,466.1437870446034
2020-11-07 11:10:00,465.8846796577186
2020-11-07 11:20:00,465.5576640922834
2020-11-07 11:30:00,465.165827114749
2020-11-07 11:40:00,464.7122554915666
2020-11-07 11:50:00,464.2000359891875
2020-11-07 12:00:00,463.63225537406277
2020-11-07 12:10:00,463.0120004126437
2020-11-07 12:20:00,462.3423578713815
2020-11-07 12:30:00,461.62641451672744
2020-11-07 12:40:00,460.86725711513265
2020-11-07 12:50:00,460.06797243304834
2020-11-07 13:00:00,459.23164723692577
2020-11-07 13:10:00,458.3613682932161
2020-11-07 13:20:00,457.46022236837064
2020-11-07 13:30:00,456.5312962288405
2020-11-07 13:40:00,455.577676641077
2020-11-07 13:50:00,454.60245037153123
2020-11-07 14:00:00,453.6087041866545
2020-11-07 14:10:00,452.599524852898
2020-11-07 14:20:00,451.57799913671295
2020-11-07 14:30:00,450.5472138045505
2020-11-07 14:40:00,449.51025562286196
2020-11-07 14:50:00,448.47021135809854
2020-11-07 15:00:00,447.43016777671136
2020-11-07 15:10:00,446.3932116451516
2020-11-07 15:20:00,445.3624297298706
2020-11-07 15:30:00,444.34090879731957
2020-11-07 15:40:00,443.3317356139497
2020-11-07 15:50:00,442.33799694621223
2020-11-07 16:00:00,441.3627795605582
2020-11-07 16:10:00,440.409170223439
2020-11-07 16:20:00,439.4802557013058
2020-11-07 16:30:00,438.5791227606098
2020-11-07 16:40:00,437.70885816780213
2020-11-07 16:50:00,436.8725486893342
2020-11-07 17:00:00,436.07328109165707
2020-11-07 17:10:00,435.314142141222
2020-11-07 17:20:00,434.5982186044802
2020-11-07 17:30:00,433.92859724788303
2020-11-07 17:40:00,433.30836483788147
2020-11-07 17:50:00,432.74060814092684
2020-11-07 18:00:00,431.6
2020-11-07 18:10:00,432.9
2020-11-07 18:20:00,431.5
2020-11-07 18:30:00,430.8
2020-11-07 18:40:00,430.4
2020-11-07 18:50:00,433.0
2020-11-07 19:00:00,430.3
2020-11-07 19:10:00,428.0
2020-11-07 19:20:00,428.6
2020-11-07 19:30:00,428.2
2020-11-07 19:40:00,434.9
2020-11-07 19:50:00,427.1
2020-11-07 20:00:00,425.5
2020-11-07 20:10:00,429.8
2020-11-07 20:20:00,438.6
2020-11-07 20:30:00,433.8
2020-11-07 20:40:00,427.0
2020-11-07 20:50:00,430.6
2020-11-07 21:00:00,444.8
2020-11-07 21:10:00,446.3
2020-11-07 21:20:00,447.8
2020-11-07 21:30:00,454.3
2020-11-07 21:40:00,450.8
2020-11-07 21:50:00,452.5
2020-11-07 22:00:00,449.2
2020-11-07 22:10:00,443.5
2020-11-07 22:20:00,451.4
2020-11-07 22:30:00,451.1
2020-11-07 22:40:00,447.9
2020-11-07 22:50:00,450.4
2020-11-07 23:00:00,452.4
2020-11-07 23:10:00,450.2
2020-11-07 23:20:00,447.5
2020-11-07 23:30:00,446.0
2020-11-07 23:40:00,447.3
2020-11-07 23:50:00,453.7
2020-11-08 00:00:00,454.1
2020-11-08 00:10:00,452.3
2020-11-08 00:20:00,454.7
2020-11-08 00:30:00,449.1
2020-11-08 00:40:00,441.3
2020-11-08 00:50:00,441.4
2020-11-08 01:00:00,441.4
2020-11-08 01:10:00,445.3
2020-11-08 01:20:00,440.3
2020-11-08 01:30:00,447.0
2020-11-08 01:40:00,452.0
2020-11-08 01:50:00,454.5
2020-11-08 02:00:00,457.7
2020-11-08 02:10:00,449.7
2020-11-08 02:20:00,440.7
2020-11-08 02:30:00,437.2
2020-11-08 02:40:00,444.1
2020-11-08 02:50:00,447.7
2020-11-08 03:00:00,454.4
2020-11-08 03:10:00,456.4
2020-11-08 03:20:00,453.9
2020-11-08 03:30:00,453.9
2020-11-08 03:40:00,452.5
2020-11-08 03:50:00,458.9
2020-11-08 04:00:00,456.4
2020-11-08 04:10:00,452.8
2020-11-08 04:20:00,454.7
2020-11-08 04:30:00,452.2
2020-11-08 04:40:00,453.3
2020-11-08 04:50:00,459.3
2020-11-08 05:00:00,461.0
2020-11-08 05:10:00,458.5
2020-11-08 05:20:00,458.9
2020-11-08 05:30:00,454.2
2020-11-08 05:40:00,451.5
2020-11-08 05:50:00,458.8
2020-11-08 06:00:00,456.4
2020-11-08 06:10:00,458.2
2020-11-08 06:20:00,449.5
2020-11-08 06:30:00,453.2
2020-11-08 06:40:00,453.8
2020-11-08 06:50:00,460.2
2020-11-08 07:00:00,458.6
2020-11-08 07:10:00,456.4
2020-11-08 07:20:00,459.8
2020-11-08 07:30:00,458.7
2020-11-08 07:40:00,454.7
2020-11-08 07:50:00,463.8
2020-11-08 08:00:00,467.9
2020-11-08 08:10:00,466.7
2020-11-08 08:20:00,461.1
2020-11-08 08:30:00,462.9
2020-11-08 08:40:00,461.6
2020-11-08 08:50:00,463.6
2020-11-08 09:00:00,465.3
2020-11-08 09:10:00,467.3
2020-11-08 09:20:00,468.6
2020-11-08 09:30:00,465.4
2020-11-08 09:40:00,462.0
2020-11-08 09:50:00,459.2
2020-11-08 10:00:00,461.1
2020-11-08 10:10:00,461.3
2020-11-08 10:20:00,457.4
2020-11-08 10:30:00,457.4
2020-11-08 10:40:00,458.0
2020-11-08 10:50:00,458.2
2020-11-08 11:00:00,456.9
2020-11-08 11:10:00,456.5
2020-11-08 11:20:00,450.4
2020-11-08 11:30:00,454.4
2020-11-08 11:40:00,455.9
2020-11-08 11:50:00,450.6
2020-11-08 12:00:00,447.4
2020-11-08 12:10:00,445.5
2020-11-08 12:20:00,439.5
2020-11-08 12:30:00,438.4
2020-11-08 12:40:00,433.9
2020-11-08 12:50:00,434.8
2020-11-08 13:00:00,433.1
2020-11-08 13:10:00,434.1
2020-11-08 13:20:00,434.5
2020-11-08 13:30:00,435.3
2020-11-08 13:40:00,435.5
2020-11-08 13:50:00,434.4
2020-11-08 14:00:00,434.2
2020-11-08 14:10:00,434.1
2020-11-08 14:20:00,433.5
2020-11-08 14:30:00,430.5
2020-11-08 14:40:00,430.9
2020-11-08 14:50:00,431.3
2020-11-08 15:00:00,432.1
2020-11-08 15:10:00,431.6
2020-11-08 15:20:00,432.1
2020-11-08 15:30:00,432.3
2020-11-08 15:40:00,433.6
2020-11-08 15:50:00,432.8
2020-11-08 16:00:00,434.9
2020-11-08 16:10:00,435.7
2020-11-08 16:20:00,436.9
2020-11-08 16:30:00,438.5
2020-11-08 16:40:00,439.0
2020-11-08 16:50:00,439.8
2020-11-08 17:00:00,444.0
2020-11-08 17:10:00,444.3
2020-11-08 17:20:00,444.7
2020-11-08 17:30:00,446.9
2020-11-08 17:40:00,451.6
2020-11-08 17:50:00,449.3
2020-11-08 18:00:00,440.1
2020-11-08 18:10:00,434.6
2020-11-08 18:20:00,433.6
2020-11-08 18:30:00,435.2
2020-11-08 18:40:00,437.4
2020-11-08 18:50:00,436.7
2020-11-08 19:00:00,436.6
2020-11-08 19:10:00,436.9
2020-11-08 19:20:00,451.5
2020-11-08 19:30:00,457.0
2020-11-08 19:40:00,457.1
2020-11-08 19:50:00,453.5
2020-11-08 20:00:00,447.4
2020-11-08 20:10:00,444.1
2020-11-08 20:20:00,442.7
2020-11-08 20:30:00,441.4
2020-11-08 20:40:00,447.8
2020-11-08 20:50:00,448.3
2020-11-08 21:00:00,449.3
2020-11-08 21:10:00,453.0
2020-11-08 21:20:00,455.9
2020-11-08 21:30:00,458.1
2020-11-08 21:40:00,458.4
2020-11-08 21:50:00,458.7
2020-11-08 22:00:00,455.8
2020-11-08 22:10:00,458.1
2020-11-08 22:20:00,458.2
2020-11-08 22:30:00,461.5
2020-11-08 22:40:00,459.6
2020-11-08 22:50:00,461.9
2020-11-08 23:00:00,462.2
2020-11-08 23:10:00,460.2
2020-11-08 23:20:00,459.1
2020-11-08 23:30:00,457.1
2020-11-08 23:40:00,454.4
2020-11-08 23:50:00,455.8
2020-11-09 00:00:00,463.3
2020-11-09 00:10:00,465.5
2020-11-09 00:20:00,429.7
2020-11-09 00:30:00,467.7
2020-11-09 00:40:00,468.8
2020-11-09 00:50:00,470.9
2020-11-09 01:00:00,463.6
2020-11-09 01:10:00,453.5
2020-11-09 01:20:00,446.0
2020-11-09 01:30:00,446.9
2020-11-09 01:40:00,458.8
2020-11-09 01:50:00,463.0
2020-11-09 02:00:00,465.3
2020-11-09 02:10:00,462.2
2020-11-09 02:20:00,460.5
2020-11-09 02:30:00,464.6
2020-11-09 02:40:00,476.0
2020-11-09 02:50:00,472.2
2020-11-09 03:00:00,467.7
2020-11-09 03:10:00,469.4
2020-11-09 03:20:00,467.9
2020-11-09 03:30:00,469.1
2020-11-09 03:40:00,468.5
2020-11-09 03:50:00,463.6
2020-11-09 04:00:00,458.1
2020-11-09 04:10:00,460.9
2020-11-09 04:20:00,465.7
2020-11-09 04:30:00,468.5
2020-11-09 04:40:00,469.9
2020-11-09 04:50:00,469.6
2020-11-09 05:00:00,470.6
2020-11-09 05:10:00,471.4
2020-11-09 05:20:00,465.4
2020-11-09 05:30:00,463.8
2020-11-09 05:40:00,464.2
2020-11-09 05:50:00,469.7
2020-11-09 06:00:00,473.4
2020-11-09 06:10:00,475.6
2020-11-09 06:20:00,475.4
2020-11-09 06:30:00,470.4
2020-11-09 06:40:00,469.1
2020-11-09 06:50:00,469.8
2020-11-09 07:00:00,474.5
2020-11-09 07:10:00,473.2
2020-11-09 07:20:00,471.8
2020-11-09 07:30:00,474.5
2020-11-09 07:40:00,477.1
2020-11-09 07:50:00,478.6
2020-11-09 08:00:00,479.6
2020-11-09 08:10:00,480.7
2020-11-09 08:20:00,481.3
2020-11-09 08:30:00,483.5
2020-11-09 08:40:00,484.5
2020-11-09 08:50:00,483.8
2020-11-09 09:00:00,483.4
2020-11-09 09:10:00,484.3
2020-11-09 09:20:00,483.5
2020-11-09 09:30:00,482.0
2020-11-09 09:40:00,480.5
2020-11-09 09:50:00,479.3
2020-11-09 10:00:00,478.2
2020-11-09 10:10:00,478.8
2020-11-09 10:20:00,478.3
2020-11-09 10:30:00,479.8
2020-11-09 10:40:00,477.0
2020-11-09 10:50:00,476.2
2020-11-09 11:00:00,471.2
2020-11-09 11:10:00,470.6
2020-11-09 11:20:00,474.7
2020-11-09 11:30:00,477.2
2020-11-09 11:40:00,479.9
2020-11-09 11:50:00,483.2
2020-11-09 12:00:00,487.2
2020-11-09 12:10:00,486.40591736772404
2020-11-09 12:20:00,487.5764270093369
2020-11-09 12:30:00,488.637302123128
2020-11-09 12:40:00,489.592768896868
2020-11-09 12:50:00,490.44705351832755
2020-11-09 13:00:00,491.2043821752773
2020-11-09 13:10:00,491.868981055488
2020-11-09 13:20:00,492.44507634673033
2020-11-09 13:30:00,492.93689423677495
2020-11-09 13:40:00,493.3486609133925
2020-11-09 13:50:00,493.6846025643537
2020-11-09 14:00:00,493.94894537742925
2020-11-09 14:10:00,494.1459155403898
2020-11-09 14:20:00,494.27973924100604
2020-11-09 14:30:00,494.35464266704867
2020-11-09 14:40:00,494.3748520062883
2020-11-09 14:50:00,494.34459344649565
2020-11-09 15:00:00,494.2680931754414
2020-11-09 15:10:00,494.14957738089623
2020-11-09 15:20:00,493.99327225063087
2020-11-09 15:30:00,493.80340397241594
2020-11-09 15:40:00,493.58419873402215
2020-11-09 15:50:00,493.33988272322017
2020-11-09 16:00:00,493.07468212778065
2020-11-09 16:10:00,492.7928231354743
2020-11-09 16:20:00,492.4985319340718
2020-11-09 16:30:00,492.1960347113439
2020-11-09 16:40:00,491.88955765506114
2020-11-09 16:50:00,491.58332695299435
2020-11-09 17:00:00,491.2815687929141
2020-11-09 17:10:00,490.9885093625911
2020-11-09 17:20:00,490.7083748497961
2020-11-09 17:30:00,490.4453914422997
2020-11-09 17:40:00,490.2037853278725
2020-11-09 17:50:00,489.9877826942853
2020-11-09 18:00:00,489.8016097293088
2020-11-09 18:10:00,489.64949262071366
2020-11-09 18:20:00,489.5356575562705
2020-11-09 18:30:00,489.46433072375
2020-11-09 18:40:00,489.43973831092296
2020-11-09 18:50:00,489.46610650555994
2020-11-09 19:00:00,489.5476614954316
2020-11-09 19:10:00,489.6886294683087
2020-11-09 19:20:00,489.893236611962
2020-11-09 19:30:00,490.1657091141619
2020-11-09 19:40:00,490.51027316267937
2020-11-09 19:50:00,490.9311549452849
2020-11-09 20:00:00,491.4325806497494
2020-11-09 20:10:00,492.0187764638433
2020-11-09 20:20:00,492.6939685753374
2020-11-09 20:30:00,485.4
2020-11-09 20:40:00,506.6
2020-11-09 20:50:00,497.8
2020-11-09 21:00:00,501.2
2020-11-09 21:10:00,498.8
2020-11-09 21:20:00,500.4
2020-11-09 21:30:00,497.0
2020-11-09 21:40:00,490.4
2020-11-09 21:50:00,496.3
2020-11-09 22:00:00,494.9
2020-11-09 22:10:00,490.5
2020-11-09 22:20:00,491.7
2020-11-09 22:30:00,491.5
2020-11-09 22:40:00,490.6
2020-11-09 22:50:00,492.9
2020-11-09 23:00:00,490.6
2020-11-09 23:10:00,492.6
2020-11-09 23:20:00,490.7
2020-11-09 23:30:00,484.5
2020-11-09 23:40:00,480.1
2020-11-09 23:50:00,481.1
2020-11-10 00:00:00,479.0
2020-11-10 00:10:00,475.1
2020-11-10 00:20:00,400.3
2020-11-10 00:30:00,476.5
2020-11-10 00:40:00,485.5
2020-11-10 00:50:00,483.9
2020-11-10 01:00:00,483.5
2020-11-10 01:10:00,483.8
2020-11-10 01:20:00,481.3
2020-11-10 01:30:00,482.9
2020-11-10 01:40:00,484.0
2020-11-10 01:50:00,480.6
2020-11-10 02:00:00,480.3
2020-11-10 02:10:00,483.0
2020-11-10 02:20:00,482.6
2020-11-10 02:30:00,472.4
2020-11-10 02:40:00,472.4
2020-11-10 02:50:00,474.3
2020-11-10 03:00:00,480.1
2020-11-10 03:10:00,482.9
2020-11-10 03:20:00,480.8
2020-11-10 03:30:00,482.9
2020-11-10 03:40:00,481.8
2020-11-10 03:50:00,480.7
2020-11-10 04:00:00,479.8
2020-11-10 04:10:00,479.8
2020-11-10 04:20:00,478.3
2020-11-10 04:30:00,476.0
2020-11-10 04:40:00,474.7
2020-11-10 04:50:00,474.0
2020-11-10 05:00:00,472.0
2020-11-10 05:10:00,472.4
2020-11-10 05:20:00,470.5
2020-11-10 05:30:00,468.7
2020-11-10 05:40:00,468.8
2020-11-10 05:50:00,469.7
2020-11-10 06:00:00,471.5
2020-11-10 06:10:00,471.6
2020-11-10 06:20:00,470.8
2020-11-10 06:30:00,471.0
2020-11-10 06:40:00,470.9
2020-11-10 06:50:00,472.4
2020-11-10 07:00:00,474.0
2020-11-10 07:10:00,474.5
2020-11-10 07:20:00,473.4
2020-11-10 07:30:00,472.8
2020-11-10 07:40:00,471.0
2020-11-10 07:50:00,471.5
2020-11-10 08:00:00,471.8
2020-11-10 08:10:00,474.6
2020-11-10 08:20:00,474.9
2020-11-10 08:30:00,474.4
2020-11-10 08:40:00,474.3
2020-11-10 08:50:00,473.4
2020-11-10 09:00:00,472.4
2020-11-10 09:10:00,471.5
2020-11-10 09:20:00,472.2
2020-11-10 09:30:00,470.1
2020-11-10 09:40:00,469.1
2020-11-10 09:50:00,468.6
2020-11-10 10:00:00,469.5
2020-11-10 10:10:00,469.4
2020-11-10 10:20:00,468.9
2020-11-10 10:30:00,468.9
2020-11-10 10:40:00,468.33732626099516
2020-11-10 10:50:00,467.97331970041927
2020-11-10 11:00:00,467.59712469352735
2020-11-10 11:10:00,467.2100959511316
2020-11-10 11:20:00,466.8135881840442
2020-11-10 11:30:00,466.4089561030772
2020-11-10 11:40:00,465.99755441904273
2020-11-10 11:50:00,465.580737842753
2020-11-10 12:00:00,465.15986108502017
2020-11-10 12:10:00,464.7362788566563
2020-11-10 12:20:00,464.31134586847367
2020-11-10 12:30:00,463.8864168312843
2020-11-10 12:40:00,463.4628464559003
2020-11-10 12:50:00,463.0419894531339
2020-11-10 13:00:00,462.6252005337972
2020-11-10 13:10:00,462.21383440870244
2020-11-10 13:20:00,461.8092457886616
2020-11-10 13:30:00,461.4127893844869
2020-11-10 13:40:00,461.02581990699053
2020-11-10 13:50:00,460.6496920669846
2020-11-10 14:00:00,460.2857605752812
2020-11-10 14:10:00,459.9353801426925
2020-11-10 14:20:00,459.59990548003066
2020-11-10 14:30:00,459.2806912981078
2020-11-10 14:40:00,458.97909230773604
2020-11-10 14:50:00,458.69646321972755
2020-11-10 15:00:00,458.4341587448945
2020-11-10 15:10:00,458.193533594049
2020-11-10 15:20:00,457.97594247800316
2020-11-10 15:30:00,457.7827401075692
2020-11-10 15:40:00,457.61528119355927
2020-11-10 15:50:00,457.4749204467854
2020-11-10 16:00:00,457.3630125780598
2020-11-10 16:10:00,457.2809122981946
2020-11-10 16:20:00,457.22997431800195
2020-11-10 16:30:00,457.211553348294
2020-11-10 16:40:00,457.22700409988283
2020-11-10 16:50:00,457.2776812835807
2020-11-10 17:00:00,457.36493961019966
2020-11-10 17:10:00,457.49013379055185
2020-11-10 17:20:00,457.65461853544946
2020-11-10 17:30:00,457.8597485557046
2020-11-10 17:40:00,458.1068785621294
2020-11-10 17:50:00,458.39736326553606
2020-11-10 18:00:00,458.7325573767366
2020-11-10 18:10:00,459.1138156065433
2020-11-10 18:20:00,459.54249266576824
2020-11-10 18:30:00,460.01994326522356
2020-11-10 18:40:00,460.54752211572145
2020-11-10 18:50:00,461.12658392807396
2020-11-10 19:00:00,461.3
2020-11-10 19:10:00,462.4
2020-11-10 19:20:00,463.6
2020-11-10 19:30:00,464.9
2020-11-10 19:40:00,466.1
2020-11-10 19:50:00,467.5
2020-11-10 20:00:00,467.8
2020-11-10 20:10:00,468.6
2020-11-10 20:20:00,469.1
2020-11-10 20:30:00,467.9
2020-11-10 20:40:00,466.8
2020-11-10 20:50:00,466.2
2020-11-10 21:00:00,465.4
2020-11-10 21:10:00,465.5
2020-11-10 21:20:00,465.1
2020-11-10 21:30:00,465.5
2020-11-10 21:40:00,465.9
2020-11-10 21:50:00,466.1
2020-11-10 22:00:00,465.0
2020-11-10 22:10:00,465.1
2020-11-10 22:20:00,465.4
2020-11-10 22:30:00,466.8
2020-11-10 22:40:00,466.9
2020-11-10 22:50:00,465.8
2020-11-10 23:00:00,466.4
2020-11-10 23:10:00,466.0
2020-11-10 23:20:00,466.9
2020-11-10 23:30:00,467.5
2020-11-10 23:40:00,468.5
2020-11-10 23:50:00,471.6
2020-11-11 00:00:00,472.9
2020-11-11 00:10:00,474.4
2020-11-11 00:20:00,387.7
2020-11-11 00:30:00,451.4
2020-11-11 00:40:00,470.0
2020-11-11 00:50:00,471.1
2020-11-11 01:00:00,470.8
2020-11-11 01:10:00,466.0
2020-11-11 01:20:00,466.5
2020-11-11 01:30:00,469.6
2020-11-11 01:40:00,471.1
2020-11-11 01:50:00,468.7
2020-11-11 02:00:00,464.9
2020-11-11 02:10:00,456.4
2020-11-11 02:20:00,458.2
2020-11-11 02:30:00,468.4
2020-11-11 02:40:00,466.6
2020-11-11 02:50:00,469.4
2020-11-11 03:00:00,469.5
2020-11-11 03:10:00,470.2
2020-11-11 03:20:00,470.6
2020-11-11 03:30:00,467.7
2020-11-11 03:40:00,468.6
2020-11-11 03:50:00,470.6
2020-11-11 04:00:00,473.7
2020-11-11 04:10:00,473.5
2020-11-11 04:20:00,473.3
2020-11-11 04:30:00,474.3
2020-11-11 04:40:00,473.4
2020-11-11 04:50:00,476.1
2020-11-11 05:00:00,473.1
2020-11-11 05:10:00,472.2
2020-11-11 05:20:00,471.7
2020-11-11 05:30:00,470.5
2020-11-11 05:40:00,476.7
2020-11-11 05:50:00,475.7
2020-11-11 06:00:00,476.8
2020-11-11 06:10:00,472.9
2020-11-11 06:20:00,473.0
2020-11-11 06:30:00,470.1
2020-11-11 06:40:00,470.9
2020-11-11 06:50:00,470.2
2020-11-11 07:00:00,469.2
2020-11-11 07:10:00,471.8
2020-11-11 07:20:00,466.6
2020-11-11 07:30:00,480.9
2020-11-11 07:40:00,489.0
2020-11-11 07:50:00,485.2
2020-11-11 08:00:00,484.5
2020-11-11 08:10:00,481.6
2020-11-11 08:20:00,483.0
2020-11-11 08:30:00,484.1
2020-11-11 08:40:00,485.9
2020-11-11 08:50:00,488.1
2020-11-11 09:00:00,488.8
2020-11-11 09:10:00,488.3
2020-11-11 09:20:00,484.7
2020-11-11 09:30:00,480.4
2020-11-11 09:40:00,480.9
2020-11-11 09:50:00,488.6
2020-11-11 10:00:00,486.4
2020-11-11 10:10:00,483.4
2020-11-11 10:20:00,488.7
2020-11-11 10:30:00,492.7
2020-11-11 10:40:00,490.6
2020-11-11 10:50:00,487.6
2020-11-11 11:00:00,480.5
2020-11-11 11:10:00,483.5
2020-11-11 11:20:00,483.2
2020-11-11 11:30:00,483.3
2020-11-11 11:40:00,483.1
2020-11-11 11:50:00,476.4
2020-11-11 12:00:00,476.4
2020-11-11 12:10:00,479.8
2020-11-11 12:20:00,480.5
2020-11-11 12:30:00,478.3
2020-11-11 12:40:00,479.1
2020-11-11 12:50:00,475.7
2020-11-11 13:00:00,473.8
2020-11-11 13:10:00,473.6
2020-11-11 13:20:00,471.4
2020-11-11 13:30:00,473.1
2020-11-11 13:40:00,471.7
2020-11-11 13:50:00,466.4
2020-11-11 14:00:00,460.8
2020-11-11 14:10:00,462.5
2020-11-11 14:20:00,463.5
2020-11-11 14:30:00,463.1
2020-11-11 14:40:00,463.0
2020-11-11 14:50:00,462.4
2020-11-11 15:00:00,462.8
2020-11-11 15:10:00,462.3
2020-11-11 15:20:00,459.0
2020-11-11 15:30:00,458.1
2020-11-11 15:40:00,457.2
2020-11-11 15:50:00,457.8
2020-11-11 16:00:00,460.4
2020-11-11 16:10:00,459.7
2020-11-11 16:20:00,460.1
2020-11-11 16:30:00,462.4
2020-11-11 16:40:00,461.9
2020-11-11 16:50:00,458.4
2020-11-11 17:00:00,458.8
2020-11-11 17:10:00,459.2
2020-11-11 17:20:00,457.0
2020-11-11 17:30:00,455.3
2020-11-11 17:40:00,459.3
2020-11-11 17:50:00,458.6
2020-11-11 18:00:00,457.3
2020-11-11 18:10:00,458.0
2020-11-11 18:20:00,456.4
2020-11-11 18:30:00,456.3
2020-11-11 18:40:00,454.9
2020-11-11 18:50:00,458.9
2020-11-11 19:00:00,461.5
2020-11-11 19:10:00,464.2
2020-11-11 19:20:00,467.0
2020-11-11 19:30:00,466.0
2020-11-11 19:40:00,464.5
2020-11-11 19:50:00,463.3
2020-11-11 20:00:00,464.6
2020-11-11 20:10:00,478.7
2020-11-11 20:20:00,486.3
2020-11-11 20:30:00,488.4
2020-11-11 20:40:00,489.7
2020-11-11 20:50:00,486.6
2020-11-11 21:00:00,495.9
2020-11-11 21:10:00,486.6
2020-11-11 21:20:00,478.5
2020-11-11 21:30:00,480.8
2020-11-11 21:40:00,482.8
2020-11-11 21:50:00,484.5
2020-11-11 22:00:00,484.9
2020-11-11 22:10:00,486.5
2020-11-11 22:20:00,487.7
2020-11-11 22:30:00,481.0
2020-11-11 22:40:00,482.2
2020-11-11 22:50:00,484.4
2020-11-11 23:00:00,480.6
2020-11-11 23:10:00,479.1
2020-11-11 23:20:00,479.1
2020-11-11 23:30:00,479.0
2020-11-11 23:40:00,480.7
2020-11-11 23:50:00,480.0
2020-11-12 00:00:00,480.1
2020-11-12 00:10:00,480.7
2020-11-12 00:20:00,480.6
2020-11-12 00:30:00,480.0
2020-11-12 00:40:00,480.5
2020-11-12 00:50:00,479.4
2020-11-12 01:00:00,479.1488071271886
2020-11-12 01:10:00,478.665936313448
2020-11-12 01:20:00,478.12939095544897
2020-11-12 01:30:00,477.54154823598924
2020-11-12 01:40:00,476.90478533786666
2020-11-12 01:50:00,476.22147944387893
2020-11-12 02:00:00,475.4940077368239
2020-11-12 02:10:00,474.72474739949934
2020-11-12 02:20:00,473.916075614703
2020-11-12 02:30:00,473.0703695652327
2020-11-12 02:40:00,472.1900064338862
2020-11-12 02:50:00,471.2773634034613
2020-11-12 03:00:00,470.3348176567558
2020-11-12 03:10:00,469.3647463765674
2020-11-12 03:20:00,468.3695267456939
2020-11-12 03:30:00,467.3515359469332
2020-11-12 03:40:00,466.313151163083
2020-11-12 03:50:00,465.25674957694105
2020-11-12 04:00:00,464.1847083713052
2020-11-12 04:10:00,463.0994047289732
2020-11-12 04:20:00,462.0032158327428
2020-11-12 04:30:00,460.89851886541186
2020-11-12 04:40:00,459.7876910097781
2020-11-12 04:50:00,458.6731094486393
2020-11-12 05:00:00,457.5571513647933
2020-11-12 05:10:00,456.44219394103783
2020-11-12 05:20:00,455.33061436017067
2020-11-12 05:30:00,454.22478980498965
2020-11-12 05:40:00,453.12709745829255
2020-11-12 05:50:00,452.0399145028771
2020-11-12 06:00:00,450.9656181215411
2020-11-12 06:10:00,449.9065854970824
2020-11-12 06:20:00,448.8651938122987
2020-11-12 06:30:00,447.84382024998774
2020-11-12 06:40:00,446.8448419929474
2020-11-12 06:50:00,445.87063622397545
2020-11-12 07:00:00,444.92358012586965
2020-11-12 07:10:00,444.0060508814278
2020-11-12 07:20:00,443.12042567344764
2020-11-12 07:30:00,442.26908168472704
2020-11-12 07:40:00,441.4543960980637
2020-11-12 07:50:00,440.6787460962554
2020-11-12 08:00:00,439.94450886209995
2020-11-12 08:10:00,439.2540615783952
2020-11-12 08:20:00,438.6097814279388
2020-11-12 08:30:00,438.01404559352864
2020-11-12 08:40:00,437.4692312579624
2020-11-12 08:50:00,436.977715604038
2020-11-12 09:00:00,436.5418758145531
2020-11-12 09:10:00,436.16408907230556
2020-11-12 09:20:00,434.3
2020-11-12 09:30:00,436.2
2020-11-12 09:40:00,438.0
2020-11-12 09:50:00,437.6
2020-11-12 10:00:00,436.7
2020-11-12 10:10:00,435.6
2020-11-12 10:20:00,435.2
2020-11-12 10:30:00,434.1
2020-11-12 10:40:00,432.8
2020-11-12 10:50:00,431.0
2020-11-12 11:00:00,429.5
2020-11-12 11:10:00,427.7
2020-11-12 11:20:00,427.4
2020-11-12 11:30:00,427.2
2020-11-12 11:40:00,427.2
2020-11-12 11:50:00,427.0
2020-11-12 12:00:00,427.2
2020-11-12 12:10:00,427.2
2020-11-12 12:20:00,427.1
2020-11-12 12:30:00,427.1
2020-11-12 12:40:00,427.3
2020-11-12 12:50:00,426.7
2020-11-12 13:00:00,426.8
2020-11-12 13:10:00,427.1
2020-11-12 13:20:00,427.8
2020-11-12 13:30:00,428.7
2020-11-12 13:40:00,429.7
2020-11-12 13:50:00,429.7
2020-11-12 14:00:00,429.9
2020-11-12 14:10:00,430.7
2020-11-12 14:20:00,431.8
2020-11-12 14:30:00,432.6
2020-11-12 14:40:00,432.2
2020-11-12 14:50:00,432.6
2020-11-12 15:00:00,432.8
2020-11-12 15:10:00,433.1
2020-11-12 15:20:00,434.1
2020-11-12 15:30:00,434.8
2020-11-12 15:40:00,436.5
2020-11-12 15:50:00,438.3
2020-11-12 16:00:00,438.8
2020-11-12 16:10:00,439.8
2020-11-12 16:20:00,440.1
2020-11-12 16:30:00,440.7
2020-11-12 16:40:00,438.8
2020-11-12 16:50:00,439.1
2020-11-12 17:00:00,438.6
2020-11-12 17:10:00,439.2
2020-11-12 17:20:00,440.9
2020-11-12 17:30:00,441.0
2020-11-12 17:40:00,441.8
2020-11-12 17:50:00,441.7
2020-11-12 18:00:00,441.4
2020-11-12 18:10:00,444.7
2020-11-12 18:20:00,443.5
2020-11-12 18:30:00,444.6
2020-11-12 18:40:00,443.9
2020-11-12 18:50:00,443.0
2020-11-12 19:00:00,443.3
2020-11-12 19:10:00,443.8
2020-11-12 19:20:00,443.4
2020-11-12 19:30:00,446.6
2020-11-12 19:40:00,450.0
2020-11-12 19:50:00,448.0
2020-11-12 20:00:00,448.3
2020-11-12 20:10:00,448.4
2020-11-12 20:20:00,448.0
2020-11-12 20:30:00,447.5
2020-11-12 20:40:00,450.3
2020-11-12 20:50:00,450.6
2020-11-12 21:00:00,450.6
2020-11-12 21:10:00,450.7
2020-11-12 21:20:00,451.2
2020-11-12 21:30:00,451.1
2020-11-12 21:40:00,451.6
2020-11-12 21:50:00,451.5
2020-11-12 22:00:00,451.4
2020-11-12 22:10:00,454.0
2020-11-12 22:20:00,455.1
2020-11-12 22:30:00,456.1
2020-11-12 22:40:00,456.3
2020-11-12 22:50:00,456.2
2020-11-12 23:00:00,455.9
2020-11-12 23:10:00,454.6
2020-11-12 23:20:00,453.5
2020-11-12 23:30:00,454.1
2020-11-12 23:40:00,454.2
2020-11-12 23:50:00,454.7
2020-11-13 00:00:00,456.0
2020-11-13 00:10:00,457.6
2020-11-13 00:20:00,456.6
2020-11-13 00:30:00,455.9
2020-11-13 00:40:00,455.9
2020-11-13 00:50:00,456.8
2020-11-13 01:00:00,457.3
2020-11-13 01:10:00,457.439482638277
2020-11-13 01:20:00,457.7517081453793
2020-11-13 01:30:00,458.0724750761392
2020-11-13 01:40:00,458.4007487323082
2020-11-13 01:50:00,458.735494415638
2020-11-13 02:00:00,459.07567742788024
2020-11-13 02:10:00,459.42026307078646
2020-11-13 02:20:00,459.76821664610827
2020-11-13 02:30:00,460.1185034555973
2020-11-13 02:40:00,460.47008880100515
2020-11-13 02:50:00,460.82193798408343
2020-11-13 03:00:00,461.17301630658375
2020-11-13 03:10:00,461.5222890702577
2020-11-13 03:20:00,461.86872157685696
2020-11-13 03:30:00,462.21127912813307
2020-11-13 03:40:00,462.54892702583766
2020-11-13 03:50:00,462.8806305717223
2020-11-13 04:00:00,463.2053550675386
2020-11-13 04:10:00,463.5220658150383
2020-11-13 04:20:00,463.82972811597284
2020-11-13 04:30:00,464.1273072720939
2020-11-13 04:40:00,464.4137685851531
2020-11-13 04:50:00,464.688077356902
2020-11-13 05:00:00,464.94919888909226
2020-11-13 05:10:00,465.19609848347545
2020-11-13 05:20:00,465.42774144180316
2020-11-13 05:30:00,465.64309306582703
2020-11-13 05:40:00,465.8411186572987
2020-11-13 05:50:00,466.02078351796973
2020-11-13 06:00:00,466.18105294959173
2020-11-13 06:10:00,466.3208922539163
2020-11-13 06:20:00,466.43926673269516
2020-11-13 06:30:00,466.53514168767975
2020-11-13 06:40:00,466.6074824206218
2020-11-13 06:50:00,466.65525423327284
2020-11-13 07:00:00,466.67742242738456
2020-11-13 07:10:00,466.6729523047085
2020-11-13 07:20:00,466.64080916699623
2020-11-13 07:30:00,466.5799583159995
2020-11-13 07:40:00,466.4893650534698
2020-11-13 07:50:00,466.36799468115873
2020-11-13 08:00:00,466.21481250081797
2020-11-13 08:10:00,466.02878381419913
2020-11-13 08:20:00,465.80887392305374
2020-11-13 08:30:00,465.5540481291335
2020-11-13 08:40:00,465.2632717341899
2020-11-13 08:50:00,464.9355100399747
2020-11-13 09:00:00,464.5697283482394
2020-11-13 09:10:00,464.1648919607356
2020-11-13 09:20:00,463.71996617921496
2020-11-13 09:30:00,464.5
2020-11-13 09:40:00,460.0
2020-11-13 09:50:00,459.5
2020-11-13 10:00:00,463.5
2020-11-13 10:10:00,466.1
2020-11-13 10:20:00,465.7
2020-11-13 10:30:00,460.6
2020-11-13 10:40:00,456.4
2020-11-13 10:50:00,455.0
2020-11-13 11:00:00,453.1
2020-11-13 11:10:00,450.7
2020-11-13 11:20:00,449.5
2020-11-13 11:30:00,450.0
2020-11-13 11:40:00,448.0
2020-11-13 11:50:00,442.8
2020-11-13 12:00:00,436.0
2020-11-13 12:10:00,432.2
2020-11-13 12:20:00,432.3
2020-11-13 12:30:00,429.6
2020-11-13 12:40:00,427.5
2020-11-13 12:50:00,426.0
2020-11-13 13:00:00,424.6
2020-11-13 13:10:00,424.2
2020-11-13 13:20:00,423.5
2020-11-13 13:30:00,422.4
2020-11-13 13:40:00,421.9
2020-11-13 13:50:00,421.6
2020-11-13 14:00:00,421.7
2020-11-13 14:10:00,422.1
2020-11-13 14:20:00,422.4
2020-11-13 14:30:00,422.3
2020-11-13 14:40:00,422.1
2020-11-13 14:50:00,422.0
2020-11-13 15:00:00,422.0481727372997
2020-11-13 15:10:00,422.09697963077423
2020-11-13 15:20:00,422.17601080820896
2020-11-13 15:30:00,422.28423168231575
2020-11-13 15:40:00,422.4206076658066
2020-11-13 15:50:00,422.58410417139334
2020-11-13 16:00:00,422.77368661178787
2020-11-13 16:10:00,422.9883203997021
2020-11-13 16:20:00,423.226970947848
2020-11-13 16:30:00,423.48860366893734
2020-11-13 16:40:00,423.77218397568214
2020-11-13 16:50:00,424.07667728079423
2020-11-13 17:00:00,424.40104899698554
2020-11-13 17:10:00,424.744264536968
2020-11-13 17:20:00,425.10528931345345
2020-11-13 17:30:00,425.48308873915386
2020-11-13 17:40:00,425.87662822678107
2020-11-13 17:50:00,426.284873189047
2020-11-13 18:00:00,426.7067890386636
2020-11-13 18:10:00,427.1413411883427
2020-11-13 18:20:00,427.5874950507963
2020-11-13 18:30:00,428.0442160387362
2020-11-13 18:40:00,428.51046956487437
2020-11-13 18:50:00,428.98522104192267
2020-11-13 19:00:00,429.467435882593
2020-11-13 19:10:00,429.9560794995973
2020-11-13 19:20:00,430.4501173056475
2020-11-13 19:30:00,430.94851471345544
2020-11-13 19:40:00,431.450237135733
2020-11-13 19:50:00,431.9542499851922
2020-11-13 20:00:00,432.4595186745448
2020-11-13 20:10:00,432.9650086165028
2020-11-13 20:20:00,433.4696852237781
2020-11-13 20:30:00,433.97251390908247
2020-11-13 20:40:00,434.472460085128
2020-11-13 20:50:00,434.9684891646265
2020-11-13 21:00:00,435.45956656028983
2020-11-13 21:10:00,435.94465768482996
2020-11-13 21:20:00,436.42272795095874
2020-11-13 21:30:00,436.89274277138816
2020-11-13 21:40:00,437.35366755883007
2020-11-13 21:50:00,437.80446772599635
2020-11-13 22:00:00,438.244108685599
2020-11-13 22:10:00,438.67155585034976
2020-11-13 22:20:00,439.08577463296064
2020-11-13 22:30:00,439.4857304461435
2020-11-13 22:40:00,439.8703887026103
2020-11-13 22:50:00,440.23871481507285
2020-11-13 23:00:00,440.58967419624315
2020-11-13 23:10:00,440.92223225883305
2020-11-13 23:20:00,440.7
2020-11-13 23:30:00,442.3
2020-11-13 23:40:00,442.4
2020-11-13 23:50:00,441.7
2020-11-14 00:00:00,441.5
2020-11-14 00:10:00,443.9
2020-11-14 00:20:00,443.1
2020-11-14 00:30:00,442.2
2020-11-14 00:40:00,442.0
2020-11-14 00:50:00,442.1
2020-11-14 01:00:00,442.4
2020-11-14 01:10:00,441.3
2020-11-14 01:20:00,440.8
2020-11-14 01:30:00,440.9
2020-11-14 01:40:00,440.3
2020-11-14 01:50:00,439.7
2020-11-14 02:00:00,439.5
2020-11-14 02:10:00,440.1
2020-11-14 02:20:00,440.5
2020-11-14 02:30:00,439.3
2020-11-14 02:40:00,439.2
2020-11-14 02:50:00,438.9
2020-11-14 03:00:00,439.2
2020-11-14 03:10:00,437.5
2020-11-14 03:20:00,438.3
2020-11-14 03:30:00,437.3
2020-11-14 03:40:00,437.9
2020-11-14 03:50:00,437.6
2020-11-14 04:00:00,434.7
2020-11-14 04:10:00,437.4
2020-11-14 04:20:00,439.0
2020-11-14 04:30:00,441.2
2020-11-14 04:40:00,442.0
2020-11-14 04:50:00,440.4
2020-11-14 05:00:00,440.5
2020-11-14 05:10:00,442.6
2020-11-14 05:20:00,443.3
2020-11-14 05:30:00,444.4
2020-11-14 05:40:00,445.8
2020-11-14 05:50:00,445.3
2020-11-14 06:00:00,445.8
2020-11-14 06:10:00,446.0
2020-11-14 06:20:00,447.5
2020-11-14 06:30:00,448.9
2020-11-14 06:40:00,449.5
2020-11-14 06:50:00,449.4
2020-11-14 07:00:00,449.0
2020-11-14 07:10:00,446.9
2020-11-14 07:20:00,445.3
2020-11-14 07:30:00,445.5
2020-11-14 07:40:00,443.5
2020-11-14 07:50:00,442.1
2020-11-14 08:00:00,441.8
2020-11-14 08:10:00,445.1
2020-11-14 08:20:00,448.4
2020-11-14 08:30:00,450.4
2020-11-14 08:40:00,452.1
2020-11-14 08:50:00,452.9
2020-11-14 09:00:00,453.1
2020-11-14 09:10:00,455.5
2020-11-14 09:20:00,454.6
2020-11-14 09:30:00,451.3
2020-11-14 09:40:00,448.6
2020-11-14 09:50:00,445.4
2020-11-14 10:00:00,443.2
2020-11-14 10:10:00,442.8
2020-11-14 10:20:00,440.0
2020-11-14 10:30:00,431.9
2020-11-14 10:40:00,429.2
2020-11-14 10:50:00,428.5
2020-11-14 11:00:00,427.5
2020-11-14 11:10:00,426.6
2020-11-14 11:20:00,425.3
2020-11-14 11:30:00,424.7
2020-11-14 11:40:00,424.1
2020-11-14 11:50:00,422.9
2020-11-14 12:00:00,422.6
2020-11-14 12:10:00,423.6
2020-11-14 12:20:00,425.5
2020-11-14 12:30:00,425.2
2020-11-14 12:40:00,424.8
2020-11-14 12:50:00,424.7
2020-11-14 13:00:00,423.6
2020-11-14 13:10:00,423.5
2020-11-14 13:20:00,423.7
2020-11-14 13:30:00,418.8
2020-11-14 13:40:00,415.7
2020-11-14 13:50:00,415.7
2020-11-14 14:00:00,415.6
2020-11-14 14:10:00,417.8
2020-11-14 14:20:00,422.8
2020-11-14 14:30:00,422.3
2020-11-14 14:40:00,422.0
2020-11-14 14:50:00,422.4
2020-11-14 15:00:00,421.7
2020-11-14 15:10:00,421.9
2020-11-14 15:20:00,420.8
2020-11-14 15:30:00,420.8
2020-11-14 15:40:00,420.9
2020-11-14 15:50:00,420.4
2020-11-14 16:00:00,420.4
2020-11-14 16:10:00,420.6
2020-11-14 16:20:00,420.7
2020-11-14 16:30:00,420.9
2020-11-14 16:40:00,421.8
2020-11-14 16:50:00,422.3
2020-11-14 17:00:00,422.9
2020-11-14 17:10:00,423.7
2020-11-14 17:20:00,424.9
2020-11-14 17:30:00,426.5
2020-11-14 17:40:00,426.4
2020-11-14 17:50:00,426.3
2020-11-14 18:00:00,428.0
2020-11-14 18:10:00,431.6
2020-11-14 18:20:00,432.1
2020-11-14 18:30:00,430.4
2020-11-14 18:40:00,431.3
2020-11-14 18:50:00,431.8
2020-11-14 19:00:00,433.6
2020-11-14 19:10:00,433.8
2020-11-14 19:20:00,436.9
2020-11-14 19:30:00,437.7
2020-11-14 19:40:00,436.8
2020-11-14 19:50:00,436.4
2020-11-14 20:00:00,434.8
2020-11-14 20:10:00,435.9
2020-11-14 20:20:00,436.7
2020-11-14 20:30:00,437.7
2020-11-14 20:40:00,439.3
2020-11-14 20:50:00,440.8
2020-11-14 21:00:00,441.3
2020-11-14 21:10:00,443.5
2020-11-14 21:20:00,446.0
2020-11-14 21:30:00,445.9
2020-11-14 21:40:00,446.1
2020-11-14 21:50:00,445.5
2020-11-14 22:00:00,445.7
2020-11-14 22:10:00,445.4
2020-11-14 22:20:00,445.5
2020-11-14 22:30:00,445.6
2020-11-14 22:40:00,445.8
2020-11-14 22:50:00,446.4
2020-11-14 23:00:00,446.4
2020-11-14 23:10:00,446.0
2020-11-14 23:20:00,445.7
2020-11-14 23:30:00,445.5
2020-11-14 23:40:00,445.8
2020-11-14 23:50:00,444.9
2020-11-15 00:00:00,443.8
2020-11-15 00:10:00,443.1
2020-11-15 00:20:00,442.7
2020-11-15 00:30:00,441.0
2020-11-15 00:40:00,440.6
2020-11-15 00:50:00,440.1
2020-11-15 01:00:00,439.7
2020-11-15 01:10:00,438.3
2020-11-15 01:20:00,438.3
2020-11-15 01:30:00,437.2
2020-11-15 01:40:00,436.6
2020-11-15 01:50:00,436.2
2020-11-15 02:00:00,436.1
2020-11-15 02:10:00,435.9
2020-11-15 02:20:00,434.6
2020-11-15 02:30:00,434.0
2020-11-15 02:40:00,434.5
2020-11-15 02:50:00,434.1
2020-11-15 03:00:00,434.0
2020-11-15 03:10:00,434.0
2020-11-15 03:20:00,434.1
2020-11-15 03:30:00,433.8
2020-11-15 03:40:00,433.3
2020-11-15 03:50:00,433.2
2020-11-15 04:00:00,433.0
2020-11-15 04:10:00,433.5
2020-11-15 04:20:00,434.6
2020-11-15 04:30:00,435.3
2020-11-15 04:40:00,438.1
2020-11-15 04:50:00,436.3
2020-11-15 05:00:00,436.8
2020-11-15 05:10:00,435.0
2020-11-15 05:20:00,432.6
2020-11-15 05:30:00,435.9
2020-11-15 05:40:00,434.0
2020-11-15 05:50:00,432.8
2020-11-15 06:00:00,433.4
2020-11-15 06:10:00,431.5
2020-11-15 06:20:00,431.4
2020-11-15 06:30:00,437.5
2020-11-15 06:40:00,437.3
2020-11-15 06:50:00,434.8
2020-11-15 07:00:00,443.2
2020-11-15 07:10:00,442.9
2020-11-15 07:20:00,442.7
2020-11-15 07:30:00,444.7
2020-11-15 07:40:00,441.6
2020-11-15 07:50:00,440.7
2020-11-15 08:00:00,441.5
2020-11-15 08:10:00,438.7
2020-11-15 08:20:00,438.3
2020-11-15 08:30:00,437.7
2020-11-15 08:40:00,438.5
2020-11-15 08:50:00,437.9
2020-11-15 09:00:00,435.9
2020-11-15 09:10:00,432.2
2020-11-15 09:20:00,430.8
2020-11-15 09:30:00,430.9
2020-11-15 09:40:00,430.7
2020-11-15 09:50:00,430.4
2020-11-15 10:00:00,430.0
2020-11-15 10:10:00,429.5
2020-11-15 10:20:00,429.0
2020-11-15 10:30:00,428.6
2020-11-15 10:40:00,428.6
2020-11-15 10:50:00,428.4
2020-11-15 11:00:00,427.6
2020-11-15 11:10:00,427.0
2020-11-15 11:20:00,426.8
2020-11-15 11:30:00,426.1
2020-11-15 11:40:00,425.6
2020-11-15 11:50:00,425.4
2020-11-15 12:00:00,426.5
2020-11-15 12:10:00,424.9
2020-11-15 12:20:00,423.4
2020-11-15 12:30:00,422.5
2020-11-15 12:40:00,421.2
2020-11-15 12:50:00,420.1
2020-11-15 13:00:00,419.1
2020-11-15 13:10:00,418.5
2020-11-15 13:20:00,418.1
2020-11-15 13:30:00,417.9
2020-11-15 13:40:00,417.9
2020-11-15 13:50:00,417.6
2020-11-15 14:00:00,417.5
2020-11-15 14:10:00,416.9
2020-11-15 14:20:00,416.7
2020-11-15 14:30:00,416.8
2020-11-15 14:40:00,416.6
2020-11-15 14:50:00,416.6
2020-11-15 15:00:00,417.6
2020-11-15 15:10:00,418.3
2020-11-15 15:20:00,418.7
2020-11-15 15:30:00,418.6
2020-11-15 15:40:00,419.5
2020-11-15 15:50:00,419.5
2020-11-15 16:00:00,419.9
2020-11-15 16:10:00,420.3
2020-11-15 16:20:00,420.5
2020-11-15 16:30:00,420.7
2020-11-15 16:40:00,421.1
2020-11-15 16:50:00,421.8
2020-11-15 17:00:00,423.8
2020-11-15 17:10:00,425.3
2020-11-15 17:20:00,426.6
2020-11-15 17:30:00,425.6
2020-11-15 17:40:00,425.3
2020-11-15 17:50:00,425.4
2020-11-15 18:00:00,426.5
2020-11-15 18:10:00,426.8
2020-11-15 18:20:00,426.3
2020-11-15 18:30:00,428.1
2020-11-15 18:40:00,429.2
2020-11-15 18:50:00,429.3
2020-11-15 19:00:00,429.4
2020-11-15 19:10:00,429.2
2020-11-15 19:20:00,429.2
2020-11-15 19:30:00,430.6
2020-11-15 19:40:00,431.8
2020-11-15 19:50:00,432.6
2020-11-15 20:00:00,432.2
2020-11-15 20:10:00,426.3
2020-11-15 20:20:00,425.4
2020-11-15 20:30:00,424.6
2020-11-15 20:40:00,425.1
2020-11-15 20:50:00,426.1
2020-11-15 21:00:00,427.1
2020-11-15 21:10:00,427.7
2020-11-15 21:20:00,426.2
2020-11-15 21:30:00,425.8
2020-11-15 21:40:00,426.5
2020-11-15 21:50:00,427.0
2020-11-15 22:00:00,427.6
2020-11-15 22:10:00,427.8
2020-11-15 22:20:00,428.8
2020-11-15 22:30:00,429.8
2020-11-15 22:40:00,430.2
2020-11-15 22:50:00,429.9
2020-11-15 23:00:00,430.2
2020-11-15 23:10:00,429.7
2020-11-15 23:20:00,428.5
2020-11-15 23:30:00,428.2
2020-11-15 23:40:00,428.4
2020-11-15 23:50:00,428.5
2020-11-16 00:00:00,428.8
2020-11-16 00:10:00,428.6105120041111
2020-11-16 00:20:00,428.6005722475549
2020-11-16 00:30:00,428.5957806644053
2020-11-16 00:40:00,428.59552970255737
2020-11-16 00:50:00,428.5992118099062
2020-11-16 01:00:00,428.60621943434677
2020-11-16 01:10:00,428.61594502377415
2020-11-16 01:20:00,428.6277810260833
2020-11-16 01:30:00,428.6411198891694
2020-11-16 01:40:00,428.6553540609274
2020-11-16 01:50:00,428.6698759892523
2020-11-16 02:00:00,428.68407812203924
2020-11-16 02:10:00,428.69735290718324
2020-11-16 02:20:00,428.7090927925793
2020-11-16 02:30:00,428.71869022612253
2020-11-16 02:40:00,428.7255376557079
2020-11-16 02:50:00,428.72902752923045
2020-11-16 03:00:00,428.72855229458526
2020-11-16 03:10:00,428.7235043996673
2020-11-16 03:20:00,428.71327629237175
2020-11-16 03:30:00,428.6972604205935
2020-11-16 03:40:00,428.6748492322277
2020-11-16 03:50:00,428.6454351751693
2020-11-16 04:00:00,428.60841069731345
2020-11-16 04:10:00,428.5631682465551
2020-11-16 04:20:00,428.5091002707893
2020-11-16 04:30:00,428.44559921791114
2020-11-16 04:40:00,428.3720575358156
2020-11-16 04:50:00,428.2878676723978
2020-11-16 05:00:00,428.1924220755527
2020-11-16 05:10:00,428.0851131931754
2020-11-16 05:20:00,427.9653334731609
2020-11-16 05:30:00,427.8324753634043
2020-11-16 05:40:00,427.6859313118005
2020-11-16 05:50:00,427.5250937662447
2020-11-16 06:00:00,427.34935517463185
2020-11-16 06:10:00,427.15810798485705
2020-11-16 06:20:00,426.9507446448153
2020-11-16 06:30:00,426.72665760240164
2020-11-16 06:40:00,426.48523930551113
2020-11-16 06:50:00,426.2258822020388
2020-11-16 07:00:00,425.9479787398797
2020-11-16 07:10:00,425.65092136692886
2020-11-16 07:20:00,425.3341025310813
2020-11-16 07:30:00,424.9969146802321
2020-11-16 07:40:00,424.63875026227635
2020-11-16 07:50:00,424.259001725109
2020-11-16 08:00:00,423.8570615166251
2020-11-16 08:10:00,423.4323220847197
2020-11-16 08:20:00,422.9841758772879
2020-11-16 08:30:00,422.7
2020-11-16 08:40:00,422.2
2020-11-16 08:50:00,421.0
2020-11-16 09:00:00,420.4
2020-11-16 09:10:00,419.6
2020-11-16 09:20:00,419.6
2020-11-16 09:30:00,419.6
2020-11-16 09:40:00,418.7
2020-11-16 09:50:00,418.1
2020-11-16 10:00:00,417.9
2020-11-16 10:10:00,417.6
2020-11-16 10:20:00,417.1
2020-11-16 10:30:00,416.4
2020-11-16 10:40:00,416.2
2020-11-16 10:50:00,416.3
2020-11-16 11:00:00,416.1
2020-11-16 11:10:00,416.0
2020-11-16 11:20:00,415.9
2020-11-16 11:30:00,415.8
2020-11-16 11:40:00,415.6
2020-11-16 11:50:00,415.6
2020-11-16 12:00:00,415.5
2020-11-16 12:10:00,415.6
2020-11-16 12:20:00,415.4
2020-11-16 12:30:00,415.2
2020-11-16 12:40:00,415.5
2020-11-16 12:50:00,415.6
2020-11-16 13:00:00,415.7
2020-11-16 13:10:00,415.9
2020-11-16 13:20:00,416.1
2020-11-16 13:30:00,416.4
2020-11-16 13:40:00,416.5
2020-11-16 13:50:00,416.5
2020-11-16 14:00:00,416.7
2020-11-16 14:10:00,416.8
2020-11-16 14:20:00,416.5
2020-11-16 14:30:00,416.4
2020-11-16 14:40:00,416.4
2020-11-16 14:50:00,416.4
2020-11-16 15:00:00,416.6
2020-11-16 15:10:00,416.8
2020-11-16 15:20:00,417.1
2020-11-16 15:30:00,417.7
2020-11-16 15:40:00,418.1
2020-11-16 15:50:00,417.9
2020-11-16 16:00:00,418.0
2020-11-16 16:10:00,418.9
2020-11-16 16:20:00,418.9
2020-11-16 16:30:00,419.2
2020-11-16 16:40:00,419.6
2020-11-16 16:50:00,420.0
2020-11-16 17:00:00,420.5
2020-11-16 17:10:00,421.2
2020-11-16 17:20:00,421.2
2020-11-16 17:30:00,422.2
2020-11-16 17:40:00,421.7
2020-11-16 17:50:00,421.4
2020-11-16 18:00:00,422.2
2020-11-16 18:10:00,423.5
2020-11-16 18:20:00,422.4
2020-11-16 18:30:00,422.1
2020-11-16 18:40:00,422.2
2020-11-16 18:50:00,422.4
2020-11-16 19:00:00,422.5
2020-11-16 19:10:00,421.9
2020-11-16 19:20:00,422.0
2020-11-16 19:30:00,421.2
2020-11-16 19:40:00,421.6
2020-11-16 19:50:00,422.2
2020-11-16 20:00:00,422.8
2020-11-16 20:10:00,422.2
2020-11-16 20:20:00,422.5
2020-11-16 20:30:00,422.5
2020-11-16 20:40:00,422.8
2020-11-16 20:50:00,422.9
2020-11-16 21:00:00,422.7
2020-11-16 21:10:00,422.9
2020-11-16 21:20:00,423.1
2020-11-16 21:30:00,423.1
2020-11-16 21:40:00,424.0
2020-11-16 21:50:00,423.9
2020-11-16 22:00:00,424.3
2020-11-16 22:10:00,425.1
2020-11-16 22:20:00,424.4
2020-11-16 22:30:00,423.9
2020-11-16 22:40:00,422.8
2020-11-16 22:50:00,423.4
2020-11-16 23:00:00,424.0
2020-11-16 23:10:00,423.8
2020-11-16 23:20:00,424.9
2020-11-16 23:30:00,425.3
2020-11-16 23:40:00,425.0
2020-11-16 23:50:00,424.3
2020-11-17 00:00:00,423.2
2020-11-17 00:10:00,422.8
2020-11-17 00:20:00,423.4
2020-11-17 00:30:00,423.0
2020-11-17 00:40:00,423.3
2020-11-17 00:50:00,423.8
2020-11-17 01:00:00,422.9
2020-11-17 01:10:00,423.2
2020-11-17 01:20:00,423.3
2020-11-17 01:30:00,423.3
2020-11-17 01:40:00,425.4
2020-11-17 01:50:00,424.8
2020-11-17 02:00:00,422.3
2020-11-17 02:10:00,422.2
2020-11-17 02:20:00,422.4
2020-11-17 02:30:00,422.9
2020-11-17 02:40:00,422.1
2020-11-17 02:50:00,422.4
2020-11-17 03:00:00,422.2
2020-11-17 03:10:00,421.6
2020-11-17 03:20:00,421.3
2020-11-17 03:30:00,420.7
2020-11-17 03:40:00,420.2
2020-11-17 03:50:00,421.2
2020-11-17 04:00:00,421.6
2020-11-17 04:10:00,421.6
2020-11-17 04:20:00,422.1
2020-11-17 04:30:00,423.8
2020-11-17 04:40:00,423.5
2020-11-17 04:50:00,423.7
2020-11-17 05:00:00,425.2
2020-11-17 05:10:00,425.1
2020-11-17 05:20:00,424.0
2020-11-17 05:30:00,422.8
2020-11-17 05:40:00,422.2
2020-11-17 05:50:00,422.9
2020-11-17 06:00:00,421.8
2020-11-17 06:10:00,424.0
2020-11-17 06:20:00,422.4
2020-11-17 06:30:00,421.7
2020-11-17 06:40:00,421.8
2020-11-17 06:50:00,422.6
2020-11-17 07:00:00,424.2
2020-11-17 07:10:00,424.1
2020-11-17 07:20:00,424.3
2020-11-17 07:30:00,423.7
2020-11-17 07:40:00,423.8
2020-11-17 07:50:00,424.0
2020-11-17 08:00:00,423.7
2020-11-17 08:10:00,422.8
2020-11-17 08:20:00,423.6
2020-11-17 08:30:00,423.1
2020-11-17 08:40:00,423.4
2020-11-17 08:50:00,423.5
2020-11-17 09:00:00,423.3
2020-11-17 09:10:00,421.7
2020-11-17 09:20:00,422.0
2020-11-17 09:30:00,421.8
2020-11-17 09:40:00,421.2
2020-11-17 09:50:00,421.4
2020-11-17 10:00:00,421.3
2020-11-17 10:10:00,421.1
2020-11-17 10:20:00,420.8
2020-11-17 10:30:00,420.4
2020-11-17 10:40:00,420.3
2020-11-17 10:50:00,420.2
2020-11-17 11:00:00,419.8
2020-11-17 11:10:00,419.7
2020-11-17 11:20:00,419.7
2020-11-17 11:30:00,420.1
2020-11-17 11:40:00,420.2
2020-11-17 11:50:00,420.3
2020-11-17 12:00:00,420.3
2020-11-17 12:10:00,420.2
2020-11-17 12:20:00,420.1
2020-11-17 12:30:00,419.7
2020-11-17 12:40:00,419.7
2020-11-17 12:50:00,419.8
2020-11-17 13:00:00,419.6
2020-11-17 13:10:00,419.2
2020-11-17 13:20:00,419.1
2020-11-17 13:30:00,418.8
2020-11-17 13:40:00,418.8
2020-11-17 13:50:00,418.7
2020-11-17 14:00:00,418.7
2020-11-17 14:10:00,418.7
2020-11-17 14:20:00,418.8
2020-11-17 14:30:00,418.7
2020-11-17 14:40:00,418.7
2020-11-17 14:50:00,418.7
2020-11-17 15:00:00,418.6
2020-11-17 15:10:00,418.5
2020-11-17 15:20:00,418.2
2020-11-17 15:30:00,418.2
2020-11-17 15:40:00,418.1
2020-11-17 15:50:00,418.0
2020-11-17 16:00:00,418.2
2020-11-17 16:10:00,418.2
2020-11-17 16:20:00,418.5
2020-11-17 16:30:00,418.8
2020-11-17 16:40:00,419.1
2020-11-17 16:50:00,419.4
2020-11-17 17:00:00,419.5
2020-11-17 17:10:00,419.4
2020-11-17 17:20:00,419.2
2020-11-17 17:30:00,420.0
2020-11-17 17:40:00,420.0
2020-11-17 17:50:00,420.0
2020-11-17 18:00:00,420.0
2020-11-17 18:10:00,419.6
2020-11-17 18:20:00,420.2
2020-11-17 18:30:00,420.3
2020-11-17 18:40:00,419.7
2020-11-17 18:50:00,419.4
2020-11-17 19:00:00,419.8
2020-11-17 19:10:00,420.7
2020-11-17 19:20:00,421.2
2020-11-17 19:30:00,420.6
2020-11-17 19:40:00,420.1
2020-11-17 19:50:00,420.4
2020-11-17 20:00:00,420.4
2020-11-17 20:10:00,419.8
2020-11-17 20:20:00,420.0
2020-11-17 20:30:00,420.4
2020-11-17 20:40:00,420.2
2020-11-17 20:50:00,420.3
2020-11-17 21:00:00,421.3
2020-11-17 21:10:00,422.2
2020-11-17 21:20:00,420.8
2020-11-17 21:30:00,421.5
2020-11-17 21:40:00,421.5
2020-11-17 21:50:00,420.9
2020-11-17 22:00:00,421.4
2020-11-17 22:10:00,420.5
2020-11-17 22:20:00,424.2
2020-11-17 22:30:00,425.5
2020-11-17 22:40:00,423.8
2020-11-17 22:50:00,424.5343861782748
2020-11-17 23:00:00,424.77265656050673
2020-11-17 23:10:00,424.9729621315773
2020-11-17 23:20:00,425.1372905530592
2020-11-17 23:30:00,425.26762948652504
2020-11-17 23:40:00,425.36596659354757
2020-11-17 23:50:00,425.4342895356994
2020-11-18 00:00:00,425.4745859745532
2020-11-18 00:10:00,425.48884357168157
2020-11-18 00:20:00,425.47904998865727
2020-11-18 00:30:00,425.4471928870529
2020-11-18 00:40:00,425.3952599284411
2020-11-18 00:50:00,425.3252387743945
2020-11-18 01:00:00,425.2391170864858
2020-11-18 01:10:00,425.13888252628766
2020-11-18 01:20:00,425.02652275537275
2020-11-18 01:30:00,424.9040254353137
2020-11-18 01:40:00,424.77337822768317
2020-11-18 01:50:00,424.63656879405386
2020-11-18 02:00:00,424.49558479599835
2020-11-18 02:10:00,424.35241389508934
2020-11-18 02:20:00,424.2090437528995
2020-11-18 02:30:00,424.06746203100147
2020-11-18 02:40:00,423.9296563909679
2020-11-18 02:50:00,423.7976144943715
2020-11-18 03:00:00,423.6733240027848
2020-11-18 03:10:00,423.5587725777806
2020-11-18 03:20:00,423.45594788093143
2020-11-18 03:30:00,423.3668375738101
2020-11-18 03:40:00,423.2934293179891
2020-11-18 03:50:00,423.2377107750412
2020-11-18 04:00:00,423.20166960653904
2020-11-18 04:10:00,423.18729347405525
2020-11-18 04:20:00,423.19657003916245
2020-11-18 04:30:00,423.2314869634334
2020-11-18 04:40:00,423.2940319084406
2020-11-18 04:50:00,423.3861925357569
2020-11-18 05:00:00,423.50995650695484
2020-11-18 05:10:00,423.6673114836071
2020-11-18 05:20:00,423.8602451272863
2020-11-18 05:30:00,424.09074509956514
2020-11-18 05:40:00,424.36079906201627
2020-11-18 05:50:00,424.6723946762123
2020-11-18 06:00:00,425.02751960372603
2020-11-18 06:10:00,425.4281615061299
2020-11-18 06:20:00,425.8763080449968
2020-11-18 06:30:00,426.3739468818992
2020-11-18 06:40:00,426.9230656784099
2020-11-18 06:50:00,427.52565209610145
2020-11-18 07:00:00,428.1836937965465
2020-11-18 07:10:00,426.9
2020-11-18 07:20:00,429.8
2020-11-18 07:30:00,433.6
2020-11-18 07:40:00,436.6
2020-11-18 07:50:00,437.0
2020-11-18 08:00:00,433.1
2020-11-18 08:10:00,431.1
2020-11-18 08:20:00,431.7
2020-11-18 08:30:00,431.8
2020-11-18 08:40:00,430.4
2020-11-18 08:50:00,431.2
2020-11-18 09:00:00,430.8
2020-11-18 09:10:00,431.6
2020-11-18 09:20:00,430.1
2020-11-18 09:30:00,429.1
2020-11-18 09:40:00,429.0
2020-11-18 09:50:00,427.7
2020-11-18 10:00:00,426.1
2020-11-18 10:10:00,425.0
2020-11-18 10:20:00,424.4
2020-11-18 10:30:00,423.6
2020-11-18 10:40:00,422.7
2020-11-18 10:50:00,421.7
2020-11-18 11:00:00,420.7
2020-11-18 11:10:00,420.3
2020-11-18 11:20:00,420.1
2020-11-18 11:30:00,419.8
2020-11-18 11:40:00,418.7
2020-11-18 11:50:00,418.3
2020-11-18 12:00:00,417.1
2020-11-18 12:10:00,415.5
2020-11-18 12:20:00,414.9
2020-11-18 12:30:00,414.7
2020-11-18 12:40:00,414.7
2020-11-18 12:50:00,414.8
2020-11-18 13:00:00,414.9
2020-11-18 13:10:00,414.9
2020-11-18 13:20:00,414.7
2020-11-18 13:30:00,414.5
2020-11-18 13:40:00,414.3
2020-11-18 13:50:00,414.1
2020-11-18 14:00:00,414.3
2020-11-18 14:10:00,414.1
2020-11-18 14:20:00,414.3
2020-11-18 14:30:00,414.6
2020-11-18 14:40:00,414.8
2020-11-18 14:50:00,414.9
2020-11-18 15:00:00,415.3
2020-11-18 15:10:00,415.8
2020-11-18 15:20:00,417.7
2020-11-18 15:30:00,417.8
2020-11-18 15:40:00,418.6
2020-11-18 15:50:00,419.0
2020-11-18 16:00:00,418.8
2020-11-18 16:10:00,418.6
2020-11-18 16:20:00,419.0
2020-11-18 16:30:00,418.9
2020-11-18 16:40:00,419.7
2020-11-18 16:50:00,420.0
2020-11-18 17:00:00,420.1
2020-11-18 17:10:00,419.8
2020-11-18 17:20:00,421.1
2020-11-18 17:30:00,421.4
2020-11-18 17:40:00,422.0
2020-11-18 17:50:00,421.7
2020-11-18 18:00:00,422.3
2020-11-18 18:10:00,425.2
2020-11-18 18:20:00,425.7
2020-11-18 18:30:00,424.5
2020-11-18 18:40:00,426.3
2020-11-18 18:50:00,428.4
2020-11-18 19:00:00,426.1
2020-11-18 19:10:00,428.2
2020-11-18 19:20:00,428.1
2020-11-18 19:30:00,427.3
2020-11-18 19:40:00,430.1
2020-11-18 19:50:00,432.4
2020-11-18 20:00:00,432.4
2020-11-18 20:10:00,433.0
2020-11-18 20:20:00,431.3
2020-11-18 20:30:00,431.1
2020-11-18 20:40:00,432.4
2020-11-18 20:50:00,432.2
2020-11-18 21:00:00,432.4
2020-11-18 21:10:00,430.3
2020-11-18 21:20:00,432.3
2020-11-18 21:30:00,432.7
2020-11-18 21:40:00,432.3
2020-11-18 21:50:00,433.5
2020-11-18 22:00:00,433.3
2020-11-18 22:10:00,433.0
2020-11-18 22:20:00,431.4
2020-11-18 22:30:00,429.0
2020-11-18 22:40:00,429.0
2020-11-18 22:50:00,430.1
2020-11-18 23:00:00,429.9
2020-11-18 23:10:00,429.1
2020-11-18 23:20:00,429.7
2020-11-18 23:30:00,430.3
2020-11-18 23:40:00,430.5
2020-11-18 23:50:00,429.6
2020-11-19 00:00:00,431.4
2020-11-19 00:10:00,433.5
2020-11-19 00:20:00,433.0
2020-11-19 00:30:00,432.7
2020-11-19 00:40:00,431.5
2020-11-19 00:50:00,432.6
2020-11-19 01:00:00,434.1
2020-11-19 01:10:00,434.4
2020-11-19 01:20:00,434.9
2020-11-19 01:30:00,434.8
2020-11-19 01:40:00,436.0
2020-11-19 01:50:00,437.4
2020-11-19 02:00:00,437.4
2020-11-19 02:10:00,437.5
2020-11-19 02:20:00,438.1
2020-11-19 02:30:00,438.3399720330272
2020-11-19 02:40:00,438.60722735478714
2020-11-19 02:50:00,438.8341231482289
2020-11-19 03:00:00,439.0217116345404
2020-11-19 03:10:00,439.1710450349094
2020-11-19 03:20:00,439.2831755705239
2020-11-19 03:30:00,439.3591554625717
2020-11-19 03:40:00,439.40003693224077
2020-11-19 03:50:00,439.4068722007189
2020-11-19 04:00:00,439.380713489194
2020-11-19 04:10:00,439.322613018854
2020-11-19 04:20:00,439.23362301088673
2020-11-19 04:30:00,439.1147956864801
2020-11-19 04:40:00,438.96718326682196
2020-11-19 04:50:00,438.7918379731002
2020-11-19 05:00:00,438.5898120265027
2020-11-19 05:10:00,438.36215764821736
2020-11-19 05:20:00,438.10992705943204
2020-11-19 05:30:00,437.83417248133463
2020-11-19 05:40:00,437.535946135113
2020-11-19 05:50:00,437.2163002419551
2020-11-19 06:00:00,436.8762870230487
2020-11-19 06:10:00,436.5169586995817
2020-11-19 06:20:00,436.13936749274205
2020-11-19 06:30:00,435.74456562371756
2020-11-19 06:40:00,435.3336053136961
2020-11-19 06:50:00,434.9075387838657
2020-11-19 07:00:00,434.4674182554141
2020-11-19 07:10:00,434.0142959495292
2020-11-19 07:20:00,433.5492240873989
2020-11-19 07:30:00,433.0732548902111
2020-11-19 07:40:00,432.5874405791537
2020-11-19 07:50:00,432.09283337541444
2020-11-19 08:00:00,431.59048550018133
2020-11-19 08:10:00,431.0814491746422
2020-11-19 08:20:00,430.566776619985
2020-11-19 08:30:00,430.04752005739755
2020-11-19 08:40:00,429.52473170806775
2020-11-19 08:50:00,428.99946379318345
2020-11-19 09:00:00,428.4727685339326
2020-11-19 09:10:00,427.945698151503
2020-11-19 09:20:00,427.41930486708253
2020-11-19 09:30:00,426.8946409018591
2020-11-19 09:40:00,426.3727584770206
2020-11-19 09:50:00,425.85470981375494
2020-11-19 10:00:00,425.34154713324995
2020-11-19 10:10:00,424.83432265669353
2020-11-19 10:20:00,424.33408860527356
2020-11-19 10:30:00,423.8418972001779
2020-11-19 10:40:00,423.3588006625945
2020-11-19 10:50:00,422.7
2020-11-19 11:00:00,421.8
2020-11-19 11:10:00,422.4
2020-11-19 11:20:00,423.1
2020-11-19 11:30:00,424.1
2020-11-19 11:40:00,420.7
2020-11-19 11:50:00,418.3
2020-11-19 12:00:00,417.6
2020-11-19 12:10:00,417.1
2020-11-19 12:20:00,417.0
2020-11-19 12:30:00,416.4
2020-11-19 12:40:00,416.3
2020-11-19 12:50:00,416.2
2020-11-19 13:00:00,416.4
2020-11-19 13:10:00,416.4
2020-11-19 13:20:00,416.1
2020-11-19 13:30:00,416.0
2020-11-19 13:40:00,416.0
2020-11-19 13:50:00,416.0
2020-11-19 14:00:00,415.5
2020-11-19 14:10:00,415.5
2020-11-19 14:20:00,415.1
2020-11-19 14:30:00,415.2
2020-11-19 14:40:00,415.4
2020-11-19 14:50:00,415.5
2020-11-19 15:00:00,415.7
2020-11-19 15:10:00,415.56552850699023
2020-11-19 15:20:00,415.5771444073986
2020-11-19 15:30:00,415.59005908340134
2020-11-19 15:40:00,415.6043616332155
2020-11-19 15:50:00,415.6201411550579
2020-11-19 16:00:00,415.63748674714566
2020-11-19 16:10:00,415.6564875076956
2020-11-19 16:20:00,415.6772325349247
2020-11-19 16:30:00,415.69981092704995
2020-11-19 16:40:00,415.7243117822882
2020-11-19 16:50:00,415.7508241988565
2020-11-19 17:00:00,415.77943727497177
2020-11-19 17:10:00,415.8102401088509
2020-11-19 17:20:00,415.8433217987109
2020-11-19 17:30:00,415.87877144276877
2020-11-19 17:40:00,415.91667813924136
2020-11-19 17:50:00,415.95713098634565
2020-11-19 18:00:00,416.0002190822986
2020-11-19 18:10:00,416.0460315253172
2020-11-19 18:20:00,416.0946574136183
2020-11-19 18:30:00,416.1461858454189
2020-11-19 18:40:00,416.200705918936
2020-11-19 18:50:00,416.25830673238653
2020-11-19 19:00:00,416.31907738398735
2020-11-19 19:10:00,416.3831069719555
2020-11-19 19:20:00,416.4504845945079
2020-11-19 19:30:00,416.52129934986147
2020-11-19 19:40:00,416.5956403362332
2020-11-19 19:50:00,416.67359665184
2020-11-19 20:00:00,416.7552573948989
2020-11-19 20:10:00,416.84071166362673
2020-11-19 20:20:00,416.93004855624054
2020-11-19 20:30:00,417.02335717095724
2020-11-19 20:40:00,417.12072660599375
2020-11-19 20:50:00,417.2222459595671
2020-11-19 21:00:00,417.32800432989416
2020-11-19 21:10:00,417.4380908151919
2020-11-19 21:20:00,417.5525945136773
2020-11-19 21:30:00,417.6716045235673
2020-11-19 21:40:00,417.7952099430788
2020-11-19 21:50:00,417.9234998704288
2020-11-19 22:00:00,418.0565634038343
2020-11-19 22:10:00,418.1944896415121
2020-11-19 22:20:00,418.33736768167927
2020-11-19 22:30:00,418.48528662255274
2020-11-19 22:40:00,418.6383355623494
2020-11-19 22:50:00,418.7966035992863
2020-11-19 23:00:00,418.96017983158026
2020-11-19 23:10:00,419.12915335744833
2020-11-19 23:20:00,419.3036132751074
2020-11-19 23:30:00,419.5
2020-11-19 23:40:00,419.6
2020-11-19 23:50:00,419.9
2020-11-20 00:00:00,419.9
2020-11-20 00:10:00,420.6
2020-11-20 00:20:00,420.6
2020-11-20 00:30:00,420.8
2020-11-20 00:40:00,420.7
2020-11-20 00:50:00,420.9
2020-11-20 01:00:00,421.6
2020-11-20 01:10:00,421.8
2020-11-20 01:20:00,421.9
2020-11-20 01:30:00,421.6
2020-11-20 01:40:00,421.6
2020-11-20 01:50:00,422.0
2020-11-20 02:00:00,422.2
2020-11-20 02:10:00,422.6
2020-11-20 02:20:00,422.6
2020-11-20 02:30:00,422.2
2020-11-20 02:40:00,422.3
2020-11-20 02:50:00,422.2
2020-11-20 03:00:00,422.3
2020-11-20 03:10:00,422.7
2020-11-20 03:20:00,422.6
2020-11-20 03:30:00,422.8
2020-11-20 03:40:00,423.1
2020-11-20 03:50:00,423.1
2020-11-20 04:00:00,423.1404543352092
2020-11-20 04:10:00,423.1954024404852
2020-11-20 04:20:00,423.239958346039
2020-11-20 04:30:00,423.27443836385464
2020-11-20 04:40:00,423.2991588059165
2020-11-20 04:50:00,423.31443598420867
2020-11-20 05:00:00,423.3205862107154
2020-11-20 05:10:00,423.317925797421
2020-11-20 05:20:00,423.3067710563097
2020-11-20 05:30:00,423.2874382993656
2020-11-20 05:40:00,423.260243838573
2020-11-20 05:50:00,423.22550398591613
2020-11-20 06:00:00,423.1835350533792
2020-11-20 06:10:00,423.1346533529465
2020-11-20 06:20:00,423.07917519660214
2020-11-20 06:30:00,423.0174168963304
2020-11-20 06:40:00,422.9496947641155
2020-11-20 06:50:00,422.87632511194175
2020-11-20 07:00:00,422.79762425179325
2020-11-20 07:10:00,422.71390849565427
2020-11-20 07:20:00,422.62549415550905
2020-11-20 07:30:00,422.5326975433418
2020-11-20 07:40:00,422.4358349711367
2020-11-20 07:50:00,422.33522275087813
2020-11-20 08:00:00,422.2311771945502
2020-11-20 08:10:00,422.12401461413714
2020-11-20 08:20:00,422.0140513216232
2020-11-20 08:30:00,421.9016036289925
2020-11-20 08:40:00,421.78698784822944
2020-11-20 08:50:00,421.67052029131816
2020-11-20 09:00:00,421.55251727024284
2020-11-20 09:10:00,421.43329509698776
2020-11-20 09:20:00,421.31317008353716
2020-11-20 09:30:00,421.1924585418752
2020-11-20 09:40:00,421.0714767839862
2020-11-20 09:50:00,420.9505411218543
2020-11-20 10:00:00,420.8299678674638
2020-11-20 10:10:00,420.71007333279886
2020-11-20 10:20:00,420.59117382984374
2020-11-20 10:30:00,420.4735856705826
2020-11-20 10:40:00,420.3576251669998
2020-11-20 10:50:00,420.24360863107944
2020-11-20 11:00:00,420.1318523748058
2020-11-20 11:10:00,420.02267271016314
2020-11-20 11:20:00,419.9163859491356
2020-11-20 11:30:00,419.8133084037074
2020-11-20 11:40:00,419.7137563858629
2020-11-20 11:50:00,419.6180462075862
2020-11-20 12:00:00,419.52649418086156
2020-11-20 12:10:00,419.4394166176732
2020-11-20 12:20:00,419.4
2020-11-20 12:30:00,419.6
2020-11-20 12:40:00,418.8
2020-11-20 12:50:00,418.5
2020-11-20 13:00:00,418.9
2020-11-20 13:10:00,419.1
2020-11-20 13:20:00,419.2
2020-11-20 13:30:00,419.4
2020-11-20 13:40:00,419.8
2020-11-20 13:50:00,419.5
2020-11-20 14:00:00,419.2
2020-11-20 14:10:00,419.2
2020-11-20 14:20:00,419.2
2020-11-20 14:30:00,419.7
2020-11-20 14:40:00,419.6
2020-11-20 14:50:00,419.7
2020-11-20 15:00:00,420.021749937367
2020-11-20 15:10:00,420.28739782702104
2020-11-20 15:20:00,420.58385701486867
2020-11-20 15:30:00,420.9095808229679
2020-11-20 15:40:00,421.26302257337676
2020-11-20 15:50:00,421.6426355881532
2020-11-20 16:00:00,422.0468731893552
2020-11-20 16:10:00,422.4741886990408
2020-11-20 16:20:00,422.92303543926795
2020-11-20 16:30:00,423.3918667320946
2020-11-20 16:40:00,423.87913589957884
2020-11-20 16:50:00,424.3832962637786
2020-11-20 17:00:00,424.9028011467519
2020-11-20 17:10:00,425.43610387055674
2020-11-20 17:20:00,425.981657757251
2020-11-20 17:30:00,426.5379161288928
2020-11-20 17:40:00,427.10333230754003
2020-11-20 17:50:00,427.6763596152507
2020-11-20 18:00:00,428.25545137408284
2020-11-20 18:10:00,428.8390609060944
2020-11-20 18:20:00,429.42564153334337
2020-11-20 18:30:00,430.01364657788776
2020-11-20 18:40:00,430.60152936178554
2020-11-20 18:50:00,431.18774320709474
2020-11-20 19:00:00,431.7707414358733
2020-11-20 19:10:00,432.34897737017917
2020-11-20 19:20:00,432.92090433207045
2020-11-20 19:30:00,433.4849756436051
2020-11-20 19:40:00,434.03964462684104
2020-11-20 19:50:00,434.5833646038363
2020-11-20 20:00:00,435.11458889664885
2020-11-20 20:10:00,435.6317708273367
2020-11-20 20:20:00,436.1333637179579
2020-11-20 20:30:00,436.61782089057033
2020-11-20 20:40:00,437.083595667232
2020-11-20 20:50:00,437.5291413700009
2020-11-20 21:00:00,437.9529113209351
2020-11-20 21:10:00,438.35335884209246
2020-11-20 21:20:00,438.7289372555311
2020-11-20 21:30:00,439.07809988330894
2020-11-20 21:40:00,439.39930004748396
2020-11-20 21:50:00,439.69099107011414
2020-11-20 22:00:00,439.9516262732575
2020-11-20 22:10:00,440.179658978972
2020-11-20 22:20:00,440.3735425093156
2020-11-20 22:30:00,440.53173018634635
2020-11-20 22:40:00,440.6526753321222
2020-11-20 22:50:00,440.7348312687012
2020-11-20 23:00:00,440.7766513181413
2020-11-20 23:10:00,440.77658880250056
2020-11-20 23:20:00,440.8
2020-11-20 23:30:00,440.9
2020-11-20 23:40:00,440.6
2020-11-20 23:50:00,439.6
2020-11-21 00:00:00,442.4
2020-11-21 00:10:00,435.4
2020-11-21 00:20:00,435.6
2020-11-21 00:30:00,436.0
2020-11-21 00:40:00,436.4
2020-11-21 00:50:00,443.1
2020-11-21 01:00:00,447.5
2020-11-21 01:10:00,446.1
2020-11-21 01:20:00,445.2
2020-11-21 01:30:00,441.6
2020-11-21 01:40:00,440.7
2020-11-21 01:50:00,440.9
2020-11-21 02:00:00,442.1
2020-11-21 02:10:00,440.1
2020-11-21 02:20:00,440.4
2020-11-21 02:30:00,440.6
2020-11-21 02:40:00,439.4
2020-11-21 02:50:00,440.1
2020-11-21 03:00:00,440.1
2020-11-21 03:10:00,440.9
2020-11-21 03:20:00,440.8
2020-11-21 03:30:00,440.7
2020-11-21 03:40:00,440.5
2020-11-21 03:50:00,441.4
2020-11-21 04:00:00,440.7
2020-11-21 04:10:00,441.1
2020-11-21 04:20:00,441.3
2020-11-21 04:30:00,442.4
2020-11-21 04:40:00,441.4
2020-11-21 04:50:00,442.5
2020-11-21 05:00:00,443.0
2020-11-21 05:10:00,443.5
2020-11-21 05:20:00,443.3
2020-11-21 05:30:00,443.0
2020-11-21 05:40:00,443.2
2020-11-21 05:50:00,443.0
2020-11-21 06:00:00,443.4
2020-11-21 06:10:00,443.9
2020-11-21 06:20:00,444.0
2020-11-21 06:30:00,444.7
2020-11-21 06:40:00,445.3
2020-11-21 06:50:00,445.6
2020-11-21 07:00:00,445.6
2020-11-21 07:10:00,445.9
2020-11-21 07:20:00,445.3
2020-11-21 07:30:00,443.9
2020-11-21 07:40:00,445.7
2020-11-21 07:50:00,444.2
2020-11-21 08:00:00,443.0
2020-11-21 08:10:00,442.0
2020-11-21 08:20:00,442.3
2020-11-21 08:30:00,442.3
2020-11-21 08:40:00,442.5
2020-11-21 08:50:00,443.1
2020-11-21 09:00:00,440.2
2020-11-21 09:10:00,439.8
2020-11-21 09:20:00,440.6
2020-11-21 09:30:00,439.6
2020-11-21 09:40:00,440.1
2020-11-21 09:50:00,439.9
2020-11-21 10:00:00,440.2
2020-11-21 10:10:00,441.1
2020-11-21 10:20:00,441.2
2020-11-21 10:30:00,442.5
2020-11-21 10:40:00,442.4
2020-11-21 10:50:00,441.3
2020-11-21 11:00:00,438.5
2020-11-21 11:10:00,435.2
2020-11-21 11:20:00,432.2
2020-11-21 11:30:00,428.5
2020-11-21 11:40:00,426.2
2020-11-21 11:50:00,422.5
2020-11-21 12:00:00,420.3
2020-11-21 12:10:00,420.2
2020-11-21 12:20:00,419.8
2020-11-21 12:30:00,419.2
2020-11-21 12:40:00,418.9
2020-11-21 12:50:00,418.5
2020-11-21 13:00:00,418.3
2020-11-21 13:10:00,418.1
2020-11-21 13:20:00,417.7
2020-11-21 13:30:00,417.5
2020-11-21 13:40:00,417.0
2020-11-21 13:50:00,416.7
2020-11-21 14:00:00,416.8
2020-11-21 14:10:00,417.0
2020-11-21 14:20:00,417.2
2020-11-21 14:30:00,417.3
2020-11-21 14:40:00,417.2
2020-11-21 14:50:00,417.2
2020-11-21 15:00:00,417.2
2020-11-21 15:10:00,417.2
2020-11-21 15:20:00,417.8
2020-11-21 15:30:00,417.7
2020-11-21 15:40:00,418.0
2020-11-21 15:50:00,418.2
2020-11-21 16:00:00,418.6
2020-11-21 16:10:00,418.9
2020-11-21 16:20:00,418.8
2020-11-21 16:30:00,418.7
2020-11-21 16:40:00,419.4
2020-11-21 16:50:00,419.6
2020-11-21 17:00:00,419.9
2020-11-21 17:10:00,420.5
2020-11-21 17:20:00,420.0
2020-11-21 17:30:00,420.3
2020-11-21 17:40:00,420.2
2020-11-21 17:50:00,420.7
2020-11-21 18:00:00,421.2
2020-11-21 18:10:00,421.5
2020-11-21 18:20:00,421.9
2020-11-21 18:30:00,421.9
2020-11-21 18:40:00,421.9
2020-11-21 18:50:00,422.4
2020-11-21 19:00:00,422.4
2020-11-21 19:10:00,423.7
2020-11-21 19:20:00,425.8
2020-11-21 19:30:00,426.3
2020-11-21 19:40:00,426.3
2020-11-21 19:50:00,426.4
2020-11-21 20:00:00,426.6
2020-11-21 20:10:00,426.9
2020-11-21 20:20:00,426.4
2020-11-21 20:30:00,426.8
2020-11-21 20:40:00,426.3
2020-11-21 20:50:00,426.5
2020-11-21 21:00:00,426.5
2020-11-21 21:10:00,425.2
2020-11-21 21:20:00,424.7
2020-11-21 21:30:00,424.4
2020-11-21 21:40:00,424.4
2020-11-21 21:50:00,424.8
2020-11-21 22:00:00,424.9
2020-11-21 22:10:00,425.0
2020-11-21 22:20:00,425.5
2020-11-21 22:30:00,425.0
2020-11-21 22:40:00,425.1
2020-11-21 22:50:00,425.1
2020-11-21 23:00:00,425.2
2020-11-21 23:10:00,425.4
2020-11-21 23:20:00,426.4
2020-11-21 23:30:00,427.3
2020-11-21 23:40:00,427.3
2020-11-21 23:50:00,426.2
2020-11-22 00:00:00,424.5
2020-11-22 00:10:00,425.3
2020-11-22 00:20:00,424.7
2020-11-22 00:30:00,426.0
2020-11-22 00:40:00,425.4
2020-11-22 00:50:00,425.4
2020-11-22 01:00:00,424.7
2020-11-22 01:10:00,425.1
2020-11-22 01:20:00,426.3
2020-11-22 01:30:00,427.9
2020-11-22 01:40:00,428.0
2020-11-22 01:50:00,427.8
2020-11-22 02:00:00,427.3
2020-11-22 02:10:00,427.0
2020-11-22 02:20:00,426.9
2020-11-22 02:30:00,426.8
2020-11-22 02:40:00,427.1
2020-11-22 02:50:00,426.9
2020-11-22 03:00:00,428.1
2020-11-22 03:10:00,428.6
2020-11-22 03:20:00,428.9
2020-11-22 03:30:00,429.3
2020-11-22 03:40:00,430.3
2020-11-22 03:50:00,430.1
2020-11-22 04:00:00,430.8
2020-11-22 04:10:00,428.8
2020-11-22 04:20:00,428.6
2020-11-22 04:30:00,429.0
2020-11-22 04:40:00,429.2
2020-11-22 04:50:00,428.9
2020-11-22 05:00:00,428.9
2020-11-22 05:10:00,428.4
2020-11-22 05:20:00,429.1
2020-11-22 05:30:00,429.0
2020-11-22 05:40:00,428.4
2020-11-22 05:50:00,428.0
2020-11-22 06:00:00,427.7
2020-11-22 06:10:00,427.5
2020-11-22 06:20:00,429.7
2020-11-22 06:30:00,430.5
2020-11-22 06:40:00,429.3
2020-11-22 06:50:00,428.0
2020-11-22 07:00:00,428.1
2020-11-22 07:10:00,428.0
2020-11-22 07:20:00,427.5
2020-11-22 07:30:00,427.5
2020-11-22 07:40:00,427.4
2020-11-22 07:50:00,427.4
2020-11-22 08:00:00,427.6
2020-11-22 08:10:00,429.4
2020-11-22 08:20:00,430.4
2020-11-22 08:30:00,430.4
2020-11-22 08:40:00,430.1
2020-11-22 08:50:00,430.3
2020-11-22 09:00:00,428.9
2020-11-22 09:10:00,428.4
2020-11-22 09:20:00,428.0
2020-11-22 09:30:00,426.1
2020-11-22 09:40:00,424.2
2020-11-22 09:50:00,423.8
2020-11-22 10:00:00,423.3
2020-11-22 10:10:00,423.1
2020-11-22 10:20:00,422.9
2020-11-22 10:30:00,422.6
2020-11-22 10:40:00,422.5
2020-11-22 10:50:00,422.4
2020-11-22 11:00:00,422.3
2020-11-22 11:10:00,422.06545831941645
2020-11-22 11:20:00,421.9518836414565
2020-11-22 11:30:00,421.86730930281624
2020-11-22 11:40:00,421.810887841208
2020-11-22 11:50:00,421.78177179434425
2020-11-22 12:00:00,421.77911369993734
2020-11-22 12:10:00,421.8020660956997
2020-11-22 12:20:00,421.84978151934365
2020-11-22 12:30:00,421.9214125085816
2020-11-22 12:40:00,422.01611160112606
2020-11-22 12:50:00,422.13303133468924
2020-11-22 13:00:00,422.2713242469836
2020-11-22 13:10:00,422.4301428757216
2020-11-22 13:20:00,422.60863975861554
2020-11-22 13:30:00,422.8059674333779
2020-11-22 13:40:00,423.0212784377209
2020-11-22 13:50:00,423.2537253093571
2020-11-22 14:00:00,423.5024605859988
2020-11-22 14:10:00,423.7666368053584
2020-11-22 14:20:00,424.0454065051484
2020-11-22 14:30:00,424.337922223081
2020-11-22 14:40:00,424.64333649686876
2020-11-22 14:50:00,424.960801864224
2020-11-22 15:00:00,425.28947086285905
2020-11-22 15:10:00,425.62849603048636
2020-11-22 15:20:00,425.9770299048183
2020-11-22 15:30:00,426.33422502356734
2020-11-22 15:40:00,426.69923392444576
2020-11-22 15:50:00,427.071209145166
2020-11-22 16:00:00,427.44930322344044
2020-11-22 16:10:00,427.83266869698144
2020-11-22 16:20:00,428.2204581035014
2020-11-22 16:30:00,428.6118239807128
2020-11-22 16:40:00,429.005918866328
2020-11-22 16:50:00,429.4018952980593
2020-11-22 17:00:00,429.7989058136191
2020-11-22 17:10:00,430.1961029507199
2020-11-22 17:20:00,430.5926392470739
2020-11-22 17:30:00,430.9876672403937
2020-11-22 17:40:00,431.3803394683916
2020-11-22 17:50:00,431.76980846877996
2020-11-22 18:00:00,432.15522677927123
2020-11-22 18:10:00,432.53574693757776
2020-11-22 18:20:00,432.91052148141193
2020-11-22 18:30:00,433.27870294848617
2020-11-22 18:40:00,433.6394438765128
2020-11-22 18:50:00,433.99189680320427
2020-11-22 19:00:00,434.33521426627294
2020-11-22 19:10:00,434.66854880343124
2020-11-22 19:20:00,434.9910529523915
2020-11-22 19:30:00,435.2
2020-11-22 19:40:00,436.1
2020-11-22 19:50:00,435.6
2020-11-22 20:00:00,435.7
2020-11-22 20:10:00,436.1
2020-11-22 20:20:00,437.1
2020-11-22 20:30:00,436.6
2020-11-22 20:40:00,436.7
2020-11-22 20:50:00,437.3
2020-11-22 21:00:00,437.9
2020-11-22 21:10:00,438.9
2020-11-22 21:20:00,438.7
2020-11-22 21:30:00,439.0
2020-11-22 21:40:00,439.3
2020-11-22 21:50:00,438.8
2020-11-22 22:00:00,438.7
2020-11-22 22:10:00,438.1
2020-11-22 22:20:00,438.0
2020-11-22 22:30:00,437.8
2020-11-22 22:40:00,437.6
2020-11-22 22:50:00,438.2
2020-11-22 23:00:00,437.4
2020-11-22 23:10:00,436.9
2020-11-22 23:20:00,437.3
2020-11-22 23:30:00,437.2
2020-11-22 23:40:00,436.8
2020-11-22 23:50:00,436.7
2020-11-23 00:00:00,436.8
2020-11-23 00:10:00,438.2
2020-11-23 00:20:00,438.0
2020-11-23 00:30:00,437.4
2020-11-23 00:40:00,437.5
2020-11-23 00:50:00,437.9
2020-11-23 01:00:00,438.7
2020-11-23 01:10:00,439.4
2020-11-23 01:20:00,439.1
2020-11-23 01:30:00,439.3
2020-11-23 01:40:00,439.5
2020-11-23 01:50:00,440.2
2020-11-23 02:00:00,440.3
2020-11-23 02:10:00,440.9
2020-11-23 02:20:00,441.2
2020-11-23 02:30:00,440.5
2020-11-23 02:40:00,439.3
2020-11-23 02:50:00,439.5
2020-11-23 03:00:00,441.6
2020-11-23 03:10:00,440.7
2020-11-23 03:20:00,441.6
2020-11-23 03:30:00,442.0
2020-11-23 03:40:00,441.7
2020-11-23 03:50:00,442.4
2020-11-23 04:00:00,443.3
2020-11-23 04:10:00,443.6
2020-11-23 04:20:00,443.2
2020-11-23 04:30:00,442.7
2020-11-23 04:40:00,442.5
2020-11-23 04:50:00,443.5
2020-11-23 05:00:00,444.1
2020-11-23 05:10:00,440.9
2020-11-23 05:20:00,444.0
2020-11-23 05:30:00,446.3
2020-11-23 05:40:00,445.8
2020-11-23 05:50:00,445.5
2020-11-23 06:00:00,445.9
2020-11-23 06:10:00,445.0
2020-11-23 06:20:00,444.8
2020-11-23 06:30:00,445.7
2020-11-23 06:40:00,445.6
2020-11-23 06:50:00,443.1
2020-11-23 07:00:00,445.7
2020-11-23 07:10:00,444.3
2020-11-23 07:20:00,446.2
2020-11-23 07:30:00,437.8
2020-11-23 07:40:00,433.2
2020-11-23 07:50:00,434.456770611975
2020-11-23 08:00:00,433.0143325934886
2020-11-23 08:10:00,431.6426464774091
2020-11-23 08:20:00,430.34020995544824
2020-11-23 08:30:00,429.10552071931767
2020-11-23 08:40:00,427.9370764607291
2020-11-23 08:50:00,426.83337487139414
2020-11-23 09:00:00,425.79291364302446
2020-11-23 09:10:00,424.81419046733174
2020-11-23 09:20:00,423.89570303602767
2020-11-23 09:30:00,423.0359490408239
2020-11-23 09:40:00,422.23342617343206
2020-11-23 09:50:00,421.4866321255639
2020-11-23 10:00:00,420.79406458893106
2020-11-23 10:10:00,420.15422125524515
2020-11-23 10:20:00,419.56559981621785
2020-11-23 10:30:00,419.0266979635609
2020-11-23 10:40:00,418.53601338898585
2020-11-23 10:50:00,418.09204378420446
2020-11-23 11:00:00,417.6932868409284
2020-11-23 11:10:00,417.3382402508693
2020-11-23 11:20:00,417.02540170573883
2020-11-23 11:30:00,416.75326889724863
2020-11-23 11:40:00,416.5203395171104
2020-11-23 11:50:00,416.3251112570358
2020-11-23 12:00:00,416.1660818087365
2020-11-23 12:10:00,416.04174886392417
2020-11-23 12:20:00,415.9506101143105
2020-11-23 12:30:00,415.8911632516071
2020-11-23 12:40:00,415.86190596752573
2020-11-23 12:50:00,415.86133595377794
2020-11-23 13:00:00,415.88795090207543
2020-11-23 13:10:00,415.94024850412995
2020-11-23 13:20:00,416.0167264516531
2020-11-23 13:30:00,416.1158824363565
2020-11-23 13:40:00,416.2362141499519
2020-11-23 13:50:00,416.37621928415086
2020-11-23 14:00:00,416.53439553066517
2020-11-23 14:10:00,416.7092405812065
2020-11-23 14:20:00,416.89925212748636
2020-11-23 14:30:00,417.1029278612166
2020-11-23 14:40:00,417.3187654741088
2020-11-23 14:50:00,417.5452626578747
2020-11-23 15:00:00,417.7809171042258
2020-11-23 15:10:00,418.0242265048739
2020-11-23 15:20:00,418.27368855153065
2020-11-23 15:30:00,418.52780093590775
2020-11-23 15:40:00,418.78506134971667
2020-11-23 15:50:00,419.04396748466934
2020-11-23 16:00:00,419.3030170324773
2020-11-23 16:10:00,419.6
2020-11-23 16:20:00,420.1
2020-11-23 16:30:00,419.8
2020-11-23 16:40:00,419.7
2020-11-23 16:50:00,420.3
2020-11-23 17:00:00,421.4
2020-11-23 17:10:00,420.4
2020-11-23 17:20:00,420.1
2020-11-23 17:30:00,421.9
2020-11-23 17:40:00,421.9
2020-11-23 17:50:00,421.9
2020-11-23 18:00:00,422.7
2020-11-23 18:10:00,424.8
2020-11-23 18:20:00,424.7
2020-11-23 18:30:00,425.2
2020-11-23 18:40:00,425.0
2020-11-23 18:50:00,424.0
2020-11-23 19:00:00,428.7
2020-11-23 19:10:00,433.2
2020-11-23 19:20:00,428.5
2020-11-23 19:30:00,428.5
2020-11-23 19:40:00,432.0
2020-11-23 19:50:00,434.5
2020-11-23 20:00:00,436.9
2020-11-23 20:10:00,437.8
2020-11-23 20:20:00,437.7
2020-11-23 20:30:00,438.6
2020-11-23 20:40:00,439.9
2020-11-23 20:50:00,440.1
2020-11-23 21:00:00,440.8
2020-11-23 21:10:00,441.0
2020-11-23 21:20:00,437.4
2020-11-23 21:30:00,437.9
2020-11-23 21:40:00,439.6
2020-11-23 21:50:00,439.2
2020-11-23 22:00:00,439.8
2020-11-23 22:10:00,441.8
2020-11-23 22:20:00,443.4
2020-11-23 22:30:00,441.4
2020-11-23 22:40:00,440.1
2020-11-23 22:50:00,437.4
2020-11-23 23:00:00,441.0
2020-11-23 23:10:00,445.9
2020-11-23 23:20:00,447.7
2020-11-23 23:30:00,443.4
2020-11-23 23:40:00,437.9
2020-11-23 23:50:00,442.4
2020-11-24 00:00:00,441.4
2020-11-24 00:10:00,445.5
2020-11-24 00:20:00,444.0
2020-11-24 00:30:00,442.9
2020-11-24 00:40:00,443.6
2020-11-24 00:50:00,442.7
2020-11-24 01:00:00,442.3
2020-11-24 01:10:00,442.8
2020-11-24 01:20:00,444.7
2020-11-24 01:30:00,447.0
2020-11-24 01:40:00,444.2
2020-11-24 01:50:00,445.5
2020-11-24 02:00:00,446.5
2020-11-24 02:10:00,447.6
2020-11-24 02:20:00,446.3
2020-11-24 02:30:00,443.5
2020-11-24 02:40:00,442.0
2020-11-24 02:50:00,440.0
2020-11-24 03:00:00,439.1
2020-11-24 03:10:00,439.2
2020-11-24 03:20:00,439.9
2020-11-24 03:30:00,438.8
2020-11-24 03:40:00,439.0
2020-11-24 03:50:00,439.7
2020-11-24 04:00:00,440.6
2020-11-24 04:10:00,441.5
2020-11-24 04:20:00,444.1
2020-11-24 04:30:00,445.7
2020-11-24 04:40:00,448.3
2020-11-24 04:50:00,453.6
2020-11-24 05:00:00,451.6
2020-11-24 05:10:00,451.6
2020-11-24 05:20:00,452.7
2020-11-24 05:30:00,454.7
2020-11-24 05:40:00,449.8
2020-11-24 05:50:00,445.6
2020-11-24 06:00:00,445.3
2020-11-24 06:10:00,445.5
2020-11-24 06:20:00,447.1
2020-11-24 06:30:00,448.3
2020-11-24 06:40:00,450.6
2020-11-24 06:50:00,451.1
2020-11-24 07:00:00,457.6
2020-11-24 07:10:00,461.2
2020-11-24 07:20:00,460.9
2020-11-24 07:30:00,462.4
2020-11-24 07:40:00,463.1
2020-11-24 07:50:00,463.8
2020-11-24 08:00:00,462.7
2020-11-24 08:10:00,460.1
2020-11-24 08:20:00,460.6
2020-11-24 08:30:00,461.5
2020-11-24 08:40:00,458.7
2020-11-24 08:50:00,455.3
2020-11-24 09:00:00,451.8
2020-11-24 09:10:00,450.3
2020-11-24 09:20:00,451.6
2020-11-24 09:30:00,450.7
2020-11-24 09:40:00,450.0
2020-11-24 09:50:00,448.7
2020-11-24 10:00:00,449.7
2020-11-24 10:10:00,448.8
2020-11-24 10:20:00,447.8
2020-11-24 10:30:00,446.8
2020-11-24 10:40:00,446.6
2020-11-24 10:50:00,446.2
2020-11-24 11:00:00,446.2
2020-11-24 11:10:00,445.0
2020-11-24 11:20:00,443.7
2020-11-24 11:30:00,441.4
2020-11-24 11:40:00,439.1
2020-11-24 11:50:00,438.6
2020-11-24 12:00:00,437.4
2020-11-24 12:10:00,435.5
2020-11-24 12:20:00,434.2
2020-11-24 12:30:00,432.3
2020-11-24 12:40:00,430.4
2020-11-24 12:50:00,430.5
2020-11-24 13:00:00,430.2
2020-11-24 13:10:00,429.5
2020-11-24 13:20:00,429.0
2020-11-24 13:30:00,428.9
2020-11-24 13:40:00,428.3
2020-11-24 13:50:00,428.9
2020-11-24 14:00:00,429.1
2020-11-24 14:10:00,429.6
2020-11-24 14:20:00,429.7
2020-11-24 14:30:00,429.7
2020-11-24 14:40:00,429.6
2020-11-24 14:50:00,429.6
2020-11-24 15:00:00,429.0
2020-11-24 15:10:00,428.5
2020-11-24 15:20:00,429.1
2020-11-24 15:30:00,429.5
2020-11-24 15:40:00,429.4
2020-11-24 15:50:00,429.3
2020-11-24 16:00:00,428.9
2020-11-24 16:10:00,428.6
2020-11-24 16:20:00,427.8
2020-11-24 16:30:00,425.8
2020-11-24 16:40:00,425.1
2020-11-24 16:50:00,426.2
2020-11-24 17:00:00,427.8
2020-11-24 17:10:00,428.5
2020-11-24 17:20:00,429.5
2020-11-24 17:30:00,429.8
2020-11-24 17:40:00,430.0
2020-11-24 17:50:00,431.6
2020-11-24 18:00:00,431.3
2020-11-24 18:10:00,432.2
2020-11-24 18:20:00,431.2
2020-11-24 18:30:00,430.6
2020-11-24 18:40:00,431.6
2020-11-24 18:50:00,434.8
2020-11-24 19:00:00,434.9
2020-11-24 19:10:00,437.3
2020-11-24 19:20:00,436.6
2020-11-24 19:30:00,439.6
2020-11-24 19:40:00,440.4
2020-11-24 19:50:00,440.3
2020-11-24 20:00:00,439.7
2020-11-24 20:10:00,439.1
2020-11-24 20:20:00,438.0
2020-11-24 20:30:00,435.9
2020-11-24 20:40:00,433.9
2020-11-24 20:50:00,433.4
2020-11-24 21:00:00,433.1
2020-11-24 21:10:00,433.2
2020-11-24 21:20:00,433.6
2020-11-24 21:30:00,433.2
2020-11-24 21:40:00,433.0
2020-11-24 21:50:00,432.6
2020-11-24 22:00:00,432.1
2020-11-24 22:10:00,431.7
2020-11-24 22:20:00,432.3
2020-11-24 22:30:00,432.1
2020-11-24 22:40:00,432.1
2020-11-24 22:50:00,432.3
2020-11-24 23:00:00,432.4
2020-11-24 23:10:00,432.8
2020-11-24 23:20:00,431.4
2020-11-24 23:30:00,431.4
2020-11-24 23:40:00,431.2
2020-11-24 23:50:00,431.8
2020-11-25 00:00:00,432.6
2020-11-25 00:10:00,433.5
2020-11-25 00:20:00,432.2
2020-11-25 00:30:00,431.4
2020-11-25 00:40:00,431.4
2020-11-25 00:50:00,431.1
2020-11-25 01:00:00,430.4
2020-11-25 01:10:00,431.0
2020-11-25 01:20:00,431.2
2020-11-25 01:30:00,430.7
2020-11-25 01:40:00,430.2
2020-11-25 01:50:00,431.3
2020-11-25 02:00:00,430.9
2020-11-25 02:10:00,431.15141312692884
2020-11-25 02:20:00,431.33745381096753
2020-11-25 02:30:00,431.55300664034166
2020-11-25 02:40:00,431.79608169692216
2020-11-25 02:50:00,432.06468906257993
2020-11-25 03:00:00,432.35683881918595
2020-11-25 03:10:00,432.6705410486112
2020-11-25 03:20:00,433.0038058327266
2020-11-25 03:30:00,433.3546432534031
2020-11-25 03:40:00,433.7210633925116
2020-11-25 03:50:00,434.10107633192314
2020-11-25 04:00:00,434.4926921535086
2020-11-25 04:10:00,434.8939209391389
2020-11-25 04:20:00,435.3027727706851
2020-11-25 04:30:00,435.7172577300181
2020-11-25 04:40:00,436.1353858990088
2020-11-25 04:50:00,436.5551673595282
2020-11-25 05:00:00,436.9746121934472
2020-11-25 05:10:00,437.3917304826368
2020-11-25 05:20:00,437.8045323089679
2020-11-25 05:30:00,438.2110277543115
2020-11-25 05:40:00,438.6092269005385
2020-11-25 05:50:00,438.9971398295198
2020-11-25 06:00:00,439.3727766231265
2020-11-25 06:10:00,439.73414736322945
2020-11-25 06:20:00,440.0792621316996
2020-11-25 06:30:00,440.4061310104079
2020-11-25 06:40:00,440.71276408122526
2020-11-25 06:50:00,440.9971714260227
2020-11-25 07:00:00,441.2573631266712
2020-11-25 07:10:00,441.4913492650416
2020-11-25 07:20:00,441.6971399230049
2020-11-25 07:30:00,441.872745182432
2020-11-25 07:40:00,442.01617512519397
2020-11-25 07:50:00,442.12543983316164
2020-11-25 08:00:00,442.198549388206
2020-11-25 08:10:00,442.23351387219805
2020-11-25 08:20:00,442.2283433670086
2020-11-25 08:30:00,442.18104795450876
2020-11-25 08:40:00,442.08963771656937
2020-11-25 08:50:00,441.9521227350614
2020-11-25 09:00:00,441.7665130918558
2020-11-25 09:10:00,441.5308188688236
2020-11-25 09:20:00,441.24305014783556
2020-11-25 09:30:00,440.9012170107628
2020-11-25 09:40:00,440.5033295394762
2020-11-25 09:50:00,440.04739781584675
2020-11-25 10:00:00,439.5314319217453
2020-11-25 10:10:00,438.9534419390429
2020-11-25 10:20:00,438.3114379496104
2020-11-25 10:30:00,438.2
2020-11-25 10:40:00,436.2
2020-11-25 10:50:00,435.3
2020-11-25 11:00:00,435.2
2020-11-25 11:10:00,434.0
2020-11-25 11:20:00,432.3
2020-11-25 11:30:00,430.8
2020-11-25 11:40:00,429.6
2020-11-25 11:50:00,429.3
2020-11-25 12:00:00,428.9
2020-11-25 12:10:00,428.3
2020-11-25 12:20:00,427.6
2020-11-25 12:30:00,427.8
2020-11-25 12:40:00,427.2
2020-11-25 12:50:00,427.0
2020-11-25 13:00:00,426.6
2020-11-25 13:10:00,426.1
2020-11-25 13:20:00,426.0
2020-11-25 13:30:00,425.5
2020-11-25 13:40:00,425.3
2020-11-25 13:50:00,425.4
2020-11-25 14:00:00,425.4
2020-11-25 14:10:00,425.1
2020-11-25 14:20:00,425.2
2020-11-25 14:30:00,424.8
2020-11-25 14:40:00,425.6
2020-11-25 14:50:00,425.7
2020-11-25 15:00:00,427.1
2020-11-25 15:10:00,426.8
2020-11-25 15:20:00,426.6
2020-11-25 15:30:00,424.5
2020-11-25 15:40:00,424.5
2020-11-25 15:50:00,423.6
2020-11-25 16:00:00,423.1
2020-11-25 16:10:00,423.2
2020-11-25 16:20:00,423.6
2020-11-25 16:30:00,424.5
2020-11-25 16:40:00,426.8
2020-11-25 16:50:00,429.9
2020-11-25 17:00:00,430.5
2020-11-25 17:10:00,431.2
2020-11-25 17:20:00,433.4
2020-11-25 17:30:00,433.6
2020-11-25 17:40:00,434.9
2020-11-25 17:50:00,433.3
2020-11-25 18:00:00,433.6
2020-11-25 18:10:00,434.0
2020-11-25 18:20:00,434.6
2020-11-25 18:30:00,434.1
2020-11-25 18:40:00,434.0
2020-11-25 18:50:00,435.8
2020-11-25 19:00:00,435.6
2020-11-25 19:10:00,436.2
2020-11-25 19:20:00,436.6
2020-11-25 19:30:00,436.2
2020-11-25 19:40:00,436.1
2020-11-25 19:50:00,435.4
2020-11-25 20:00:00,434.4
2020-11-25 20:10:00,435.4
2020-11-25 20:20:00,435.2531071813348
2020-11-25 20:30:00,435.289415011895
2020-11-25 20:40:00,435.3444681625817
2020-11-25 20:50:00,435.41756481577625
2020-11-25 21:00:00,435.50800315386016
2020-11-25 21:10:00,435.61508135921497
2020-11-25 21:20:00,435.73809761422206
2020-11-25 21:30:00,435.876350101263
2020-11-25 21:40:00,436.0291370027191
2020-11-25 21:50:00,436.195756500972
2020-11-25 22:00:00,436.375506778403
2020-11-25 22:10:00,436.5676860173937
2020-11-25 22:20:00,436.7715924003256
2020-11-25 22:30:00,436.98652410958
2020-11-25 22:40:00,437.21177932753847
2020-11-25 22:50:00,437.4466562365825
2020-11-25 23:00:00,437.6904530190935
2020-11-25 23:10:00,437.942467857453
2020-11-25 23:20:00,438.20199893404236
2020-11-25 23:30:00,438.46834443124317
2020-11-25 23:40:00,438.7408025314368
2020-11-25 23:50:00,439.0186714170048
2020-11-26 00:00:00,439.3012492703285
2020-11-26 00:10:00,439.58783427378955
2020-11-26 00:20:00,439.8777246097693
2020-11-26 00:30:00,440.17021846064927
2020-11-26 00:40:00,440.4646140088109
2020-11-26 00:50:00,440.76020943663565
2020-11-26 01:00:00,441.056302926505
2020-11-26 01:10:00,441.3521926608004
2020-11-26 01:20:00,441.6471768219034
2020-11-26 01:30:00,441.94055359219533
2020-11-26 01:40:00,442.23162115405773
2020-11-26 01:50:00,442.5196776898721
2020-11-26 02:00:00,442.80402138201987
2020-11-26 02:10:00,443.08395041288253
2020-11-26 02:20:00,443.3587629648415
2020-11-26 02:30:00,443.6277572202783
2020-11-26 02:40:00,443.89023136157437
2020-11-26 02:50:00,444.14548357111113
2020-11-26 03:00:00,444.3928120312701
2020-11-26 03:10:00,444.6315149244328
2020-11-26 03:20:00,444.8608904329806
2020-11-26 03:30:00,445.08023673929506
2020-11-26 03:40:00,445.2888520257576
2020-11-26 03:50:00,445.48603447474966
2020-11-26 04:00:00,445.67108226865275
2020-11-26 04:10:00,445.8432935898483
2020-11-26 04:20:00,446.00196662071784
2020-11-26 04:30:00,446.14639954364276
2020-11-26 04:40:00,446.2
2020-11-26 04:50:00,446.9
2020-11-26 05:00:00,447.0
2020-11-26 05:10:00,445.8
2020-11-26 05:20:00,445.4
2020-11-26 05:30:00,444.3
2020-11-26 05:40:00,446.2
2020-11-26 05:50:00,446.4
2020-11-26 06:00:00,446.9
2020-11-26 06:10:00,447.4
2020-11-26 06:20:00,445.7
2020-11-26 06:30:00,447.6
2020-11-26 06:40:00,454.7
2020-11-26 06:50:00,456.7
2020-11-26 07:00:00,457.9
2020-11-26 07:10:00,460.1
2020-11-26 07:20:00,459.9
2020-11-26 07:30:00,458.3
2020-11-26 07:40:00,459.2
2020-11-26 07:50:00,459.7
2020-11-26 08:00:00,461.2
2020-11-26 08:10:00,460.8
2020-11-26 08:20:00,458.7
2020-11-26 08:30:00,458.0
2020-11-26 08:40:00,458.9
2020-11-26 08:50:00,455.1
2020-11-26 09:00:00,454.4
2020-11-26 09:10:00,455.4
2020-11-26 09:20:00,455.3
2020-11-26 09:30:00,454.8
2020-11-26 09:40:00,452.3
2020-11-26 09:50:00,451.6
2020-11-26 10:00:00,453.7
2020-11-26 10:10:00,451.4
2020-11-26 10:20:00,447.6
2020-11-26 10:30:00,447.3
2020-11-26 10:40:00,446.2
2020-11-26 10:50:00,447.8
2020-11-26 11:00:00,444.6
2020-11-26 11:10:00,445.5
2020-11-26 11:20:00,445.7
2020-11-26 11:30:00,445.1
2020-11-26 11:40:00,445.2
2020-11-26 11:50:00,445.2
2020-11-26 12:00:00,443.1
2020-11-26 12:10:00,443.6
2020-11-26 12:20:00,443.4
2020-11-26 12:30:00,441.8
2020-11-26 12:40:00,438.8
2020-11-26 12:50:00,438.5
2020-11-26 13:00:00,438.7
2020-11-26 13:10:00,440.7
2020-11-26 13:20:00,438.4
2020-11-26 13:30:00,438.5
2020-11-26 13:40:00,439.3
2020-11-26 13:50:00,438.1
2020-11-26 14:00:00,438.0
2020-11-26 14:10:00,437.2
2020-11-26 14:20:00,436.5
2020-11-26 14:30:00,436.5
2020-11-26 14:40:00,438.2
2020-11-26 14:50:00,438.5
2020-11-26 15:00:00,436.8
2020-11-26 15:10:00,437.8
2020-11-26 15:20:00,439.4
2020-11-26 15:30:00,438.8
2020-11-26 15:40:00,441.1
2020-11-26 15:50:00,441.6
2020-11-26 16:00:00,444.5
2020-11-26 16:10:00,439.2
2020-11-26 16:20:00,440.3
2020-11-26 16:30:00,440.78911299909606
2020-11-26 16:40:00,440.8491346134743
2020-11-26 16:50:00,440.90821138249703
2020-11-26 17:00:00,440.96681822907885
2020-11-26 17:10:00,441.0254300761344
2020-11-26 17:20:00,441.0845218465783
2020-11-26 17:30:00,441.1445684633251
2020-11-26 17:40:00,441.2060448492894
2020-11-26 17:50:00,441.26942592738584
2020-11-26 18:00:00,441.33518662052904
2020-11-26 18:10:00,441.40380185163355
2020-11-26 18:20:00,441.47574654361404
2020-11-26 18:30:00,441.55149561938504
2020-11-26 18:40:00,441.63152400186124
2020-11-26 18:50:00,441.71630661395716
2020-11-26 19:00:00,441.80631837858743
2020-11-26 19:10:00,441.9020342186667
2020-11-26 19:20:00,442.00392905710953
2020-11-26 19:30:00,442.11247781683056
2020-11-26 19:40:00,442.2281554207444
2020-11-26 19:50:00,442.3514367917656
2020-11-26 20:00:00,442.4827968528088
2020-11-26 20:10:00,442.6227105267886
2020-11-26 20:20:00,442.77165273661956
2020-11-26 20:30:00,442.93009840521637
2020-11-26 20:40:00,443.0985224554936
2020-11-26 20:50:00,443.27739981036586
2020-11-26 21:00:00,443.46720539274776
2020-11-26 21:10:00,443.66841412555385
2020-11-26 21:20:00,443.8815009316988
2020-11-26 21:30:00,444.1069407340972
2020-11-26 21:40:00,444.3452084556636
2020-11-26 21:50:00,444.5967790193127
2020-11-26 22:00:00,444.862127347959
2020-11-26 22:10:00,445.14172836451723
2020-11-26 22:20:00,445.43605699190186
2020-11-26 22:30:00,445.7455881530276
2020-11-26 22:40:00,446.070796770809
2020-11-26 22:50:00,446.4121577681607
2020-11-26 23:00:00,446.77014606799725
2020-11-26 23:10:00,447.14523659323334
2020-11-26 23:20:00,447.53790426678347
2020-11-26 23:30:00,447.94862401156234
2020-11-26 23:40:00,448.37787075048453
2020-11-26 23:50:00,448.8261194064646
2020-11-27 00:00:00,449.2938449024172
2020-11-27 00:10:00,449.78152216125693
2020-11-27 00:20:00,450.2896261058984
2020-11-27 00:30:00,450.81863165925614
2020-11-27 00:40:00,451.36901374424485
2020-11-27 00:50:00,451.1
2020-11-27 01:00:00,453.2
2020-11-27 01:10:00,453.9
2020-11-27 01:20:00,455.3
2020-11-27 01:30:00,456.5
2020-11-27 01:40:00,454.3
2020-11-27 01:50:00,454.1
2020-11-27 02:00:00,453.0
2020-11-27 02:10:00,453.5
2020-11-27 02:20:00,456.4
2020-11-27 02:30:00,456.8
2020-11-27 02:40:00,458.4
2020-11-27 02:50:00,462.0
2020-11-27 03:00:00,463.7
2020-11-27 03:10:00,461.7
2020-11-27 03:20:00,464.1
2020-11-27 03:30:00,463.2
2020-11-27 03:40:00,463.0
2020-11-27 03:50:00,463.9
2020-11-27 04:00:00,461.8
2020-11-27 04:10:00,465.3
2020-11-27 04:20:00,464.4
2020-11-27 04:30:00,463.7
2020-11-27 04:40:00,464.4
2020-11-27 04:50:00,464.5
2020-11-27 05:00:00,465.5
2020-11-27 05:10:00,465.0
2020-11-27 05:20:00,465.3
2020-11-27 05:30:00,463.1
2020-11-27 05:40:00,462.4
2020-11-27 05:50:00,461.5
2020-11-27 06:00:00,467.2
2020-11-27 06:10:00,473.3
2020-11-27 06:20:00,470.1
2020-11-27 06:30:00,467.8
2020-11-27 06:40:00,462.4
2020-11-27 06:50:00,460.0
2020-11-27 07:00:00,460.3
2020-11-27 07:10:00,459.9
2020-11-27 07:20:00,459.8
2020-11-27 07:30:00,458.5774285257117
2020-11-27 07:40:00,457.7775939432754
2020-11-27 07:50:00,456.99874017060387
2020-11-27 08:00:00,456.2409273696912
2020-11-27 08:10:00,455.5042157025315
2020-11-27 08:20:00,454.7886653311189
2020-11-27 08:30:00,454.0943364174475
2020-11-27 08:40:00,453.4212891235114
2020-11-27 08:50:00,452.76958361130465
2020-11-27 09:00:00,452.13928004282144
2020-11-27 09:10:00,451.53043858005583
2020-11-27 09:20:00,450.943119385002
2020-11-27 09:30:00,450.37738261965393
2020-11-27 09:40:00,449.8332884460058
2020-11-27 09:50:00,449.3108970260517
2020-11-27 10:00:00,448.81026852178576
2020-11-27 10:10:00,448.3314630952021
2020-11-27 10:20:00,447.87454090829476
2020-11-27 10:30:00,447.4395621230579
2020-11-27 10:40:00,447.0265869014856
2020-11-27 10:50:00,446.63567540557193
2020-11-27 11:00:00,446.2668877973111
2020-11-27 11:10:00,445.9202842386971
2020-11-27 11:20:00,445.5959248917241
2020-11-27 11:30:00,445.29386991838624
2020-11-27 11:40:00,445.01417948067757
2020-11-27 11:50:00,444.7569137405922
2020-11-27 12:00:00,444.52213286012426
2020-11-27 12:10:00,444.3098970012678
2020-11-27 12:20:00,444.120266326017
2020-11-27 12:30:00,443.9533009963659
2020-11-27 12:40:00,443.8090611743086
2020-11-27 12:50:00,443.68760702183926
2020-11-27 13:00:00,443.58899870095195
2020-11-27 13:10:00,443.51329637364086
2020-11-27 13:20:00,443.4605602019
2020-11-27 13:30:00,443.43085034772355
2020-11-27 13:40:00,443.42422697310553
2020-11-27 13:50:00,443.4407502400401
2020-11-27 14:00:00,443.48048031052133
2020-11-27 14:10:00,443.54347734654334
2020-11-27 14:20:00,443.62980151010026
2020-11-27 14:30:00,443.73951296318614
2020-11-27 14:40:00,443.87267186779513
2020-11-27 14:50:00,444.02933838592133
2020-11-27 15:00:00,444.2095726795589
2020-11-27 15:10:00,444.4134349107019
2020-11-27 15:20:00,444.6409852413444
2020-11-27 15:30:00,444.8922838334806
2020-11-27 15:40:00,445.16739084910444
2020-11-27 15:50:00,445.7
2020-11-27 16:00:00,448.0
2020-11-27 16:10:00,444.9
2020-11-27 16:20:00,442.5
2020-11-27 16:30:00,440.5
2020-11-27 16:40:00,444.8
2020-11-27 16:50:00,452.3
2020-11-27 17:00:00,450.8
2020-11-27 17:10:00,457.8
2020-11-27 17:20:00,453.9
2020-11-27 17:30:00,457.5
2020-11-27 17:40:00,464.9
2020-11-27 17:50:00,460.8
2020-11-27 18:00:00,460.1
2020-11-27 18:10:00,454.2
2020-11-27 18:20:00,454.8
2020-11-27 18:30:00,461.1
2020-11-27 18:40:00,456.4
2020-11-27 18:50:00,456.1
2020-11-27 19:00:00,453.7
2020-11-27 19:10:00,458.2
2020-11-27 19:20:00,463.6
2020-11-27 19:30:00,463.4
2020-11-27 19:40:00,472.1
2020-11-27 19:50:00,475.3
2020-11-27 20:00:00,473.8
2020-11-27 20:10:00,459.7
2020-11-27 20:20:00,455.7
2020-11-27 20:30:00,462.5
2020-11-27 20:40:00,470.6
2020-11-27 20:50:00,469.4
2020-11-27 21:00:00,479.2
2020-11-27 21:10:00,481.1
2020-11-27 21:20:00,477.8
2020-11-27 21:30:00,476.6
2020-11-27 21:40:00,473.7
2020-11-27 21:50:00,474.6
2020-11-27 22:00:00,483.4
2020-11-27 22:10:00,489.9
2020-11-27 22:20:00,485.2
2020-11-27 22:30:00,490.4
2020-11-27 22:40:00,486.3
2020-11-27 22:50:00,484.1
2020-11-27 23:00:00,480.3
2020-11-27 23:10:00,479.9
2020-11-27 23:20:00,478.3
2020-11-27 23:30:00,477.6
2020-11-27 23:40:00,478.3
2020-11-27 23:50:00,480.7
2020-11-28 00:00:00,484.7
2020-11-28 00:10:00,484.5
2020-11-28 00:20:00,480.1
2020-11-28 00:30:00,492.2
2020-11-28 00:40:00,496.8
2020-11-28 00:50:00,492.3
2020-11-28 01:00:00,493.4
2020-11-28 01:10:00,489.5
2020-11-28 01:20:00,485.6
2020-11-28 01:30:00,479.9
2020-11-28 01:40:00,479.3
2020-11-28 01:50:00,477.9
2020-11-28 02:00:00,476.6
2020-11-28 02:10:00,475.3
2020-11-28 02:20:00,472.1
2020-11-28 02:30:00,470.4
2020-11-28 02:40:00,469.3
2020-11-28 02:50:00,466.6
2020-11-28 03:00:00,466.27923612285406
2020-11-28 03:10:00,465.34378020695607
2020-11-28 03:20:00,464.55670583332454
2020-11-28 03:30:00,463.9112705965468
2020-11-28 03:40:00,463.40073209121016
2020-11-28 03:50:00,463.01834791190197
2020-11-28 04:00:00,462.7573756532096
2020-11-28 04:10:00,462.6110729097203
2020-11-28 04:20:00,462.5726972760215
2020-11-28 04:30:00,462.6355063467004
2020-11-28 04:40:00,462.7927577163445
2020-11-28 04:50:00,463.0377089795411
2020-11-28 05:00:00,463.3636177308774
2020-11-28 05:10:00,463.7637415649409
2020-11-28 05:20:00,464.2313380763189
2020-11-28 05:30:00,464.7596648595986
2020-11-28 05:40:00,465.3419795093675
2020-11-28 05:50:00,465.97153962021287
2020-11-28 06:00:00,466.64160278672205
2020-11-28 06:10:00,467.34542660348234
2020-11-28 06:20:00,468.07626866508116
2020-11-28 06:30:00,468.82738656610576
2020-11-28 06:40:00,469.5920379011435
2020-11-28 06:50:00,470.36348026478174
2020-11-28 07:00:00,471.1349712516078
2020-11-28 07:10:00,471.899768456209
2020-11-28 07:20:00,472.65112947317266
2020-11-28 07:30:00,473.38231189708614
2020-11-28 07:40:00,474.08657332253676
2020-11-28 07:50:00,474.75717134411195
2020-11-28 08:00:00,475.3873635563989
2020-11-28 08:10:00,475.97040755398496
2020-11-28 08:20:00,476.4995609314575
2020-11-28 08:30:00,476.968081283404
2020-11-28 08:40:00,477.36922620441163
2020-11-28 08:50:00,477.6962532890677
2020-11-28 09:00:00,477.94242013195964
2020-11-28 09:10:00,478.10098432767467
2020-11-28 09:20:00,478.16520347080035
2020-11-28 09:30:00,478.12833515592376
2020-11-28 09:40:00,477.9836369776324
2020-11-28 09:50:00,477.7243665305135
2020-11-28 10:00:00,477.3437814091546
2020-11-28 10:10:00,476.83513920814266
2020-11-28 10:20:00,476.19169752206545
2020-11-28 10:30:00,475.40671394551
2020-11-28 10:40:00,474.4734460730637
2020-11-28 10:50:00,473.3851514993138
2020-11-28 11:00:00,472.1350878188478
2020-11-28 11:10:00,470.7165126262531
2020-11-28 11:20:00,471.4
2020-11-28 11:30:00,466.5
2020-11-28 11:40:00,460.4
2020-11-28 11:50:00,461.2
2020-11-28 12:00:00,460.1
2020-11-28 12:10:00,456.2
2020-11-28 12:20:00,456.8
2020-11-28 12:30:00,459.3
2020-11-28 12:40:00,453.9
2020-11-28 12:50:00,447.2
2020-11-28 13:00:00,445.5
2020-11-28 13:10:00,443.1
2020-11-28 13:20:00,442.0
2020-11-28 13:30:00,441.8
2020-11-28 13:40:00,441.7
2020-11-28 13:50:00,442.0
2020-11-28 14:00:00,441.2
2020-11-28 14:10:00,440.7
2020-11-28 14:20:00,441.1
2020-11-28 14:30:00,440.9
2020-11-28 14:40:00,440.9
2020-11-28 14:50:00,441.2
2020-11-28 15:00:00,442.2
2020-11-28 15:10:00,441.6
2020-11-28 15:20:00,442.4
2020-11-28 15:30:00,441.3
2020-11-28 15:40:00,442.3
2020-11-28 15:50:00,441.2
2020-11-28 16:00:00,440.2
2020-11-28 16:10:00,438.9
2020-11-28 16:20:00,438.4
2020-11-28 16:30:00,438.2
2020-11-28 16:40:00,438.8
2020-11-28 16:50:00,438.7
2020-11-28 17:00:00,437.6
2020-11-28 17:10:00,437.5
2020-11-28 17:20:00,437.3
2020-11-28 17:30:00,436.5
2020-11-28 17:40:00,435.7
2020-11-28 17:50:00,436.6
2020-11-28 18:00:00,435.3
2020-11-28 18:10:00,433.3
2020-11-28 18:20:00,432.6
2020-11-28 18:30:00,432.2
2020-11-28 18:40:00,431.1
2020-11-28 18:50:00,428.3
2020-11-28 19:00:00,428.7
2020-11-28 19:10:00,428.8
2020-11-28 19:20:00,429.5
2020-11-28 19:30:00,428.9
2020-11-28 19:40:00,428.9
2020-11-28 19:50:00,429.2
2020-11-28 20:00:00,429.1
2020-11-28 20:10:00,425.7
2020-11-28 20:20:00,424.3
2020-11-28 20:30:00,424.1
2020-11-28 20:40:00,424.0
2020-11-28 20:50:00,424.0
2020-11-28 21:00:00,424.2
2020-11-28 21:10:00,423.9
2020-11-28 21:20:00,423.6
2020-11-28 21:30:00,423.8
2020-11-28 21:40:00,423.7
2020-11-28 21:50:00,423.6
2020-11-28 22:00:00,423.4
2020-11-28 22:10:00,423.2
2020-11-28 22:20:00,422.9
2020-11-28 22:30:00,423.4
2020-11-28 22:40:00,423.0
2020-11-28 22:50:00,422.7
2020-11-28 23:00:00,423.4
2020-11-28 23:10:00,423.35546425487564
2020-11-28 23:20:00,423.52053528923767
2020-11-28 23:30:00,423.71578484509735
2020-11-28 23:40:00,423.93993534556273
2020-11-28 23:50:00,424.19170921374183
2020-11-29 00:00:00,424.46982887274277
2020-11-29 00:10:00,424.77301674567354
2020-11-29 00:20:00,425.0999952556422
2020-11-29 00:30:00,425.4494868257568
2020-11-29 00:40:00,425.8202138791254
2020-11-29 00:50:00,426.210898838856
2020-11-29 01:00:00,426.6202641280567
2020-11-29 01:10:00,427.0470321698355
2020-11-29 01:20:00,427.4899253873005
2020-11-29 01:30:00,427.9476662035597
2020-11-29 01:40:00,428.4189770417212
2020-11-29 01:50:00,428.902580324893
2020-11-29 02:00:00,429.3971984761832
2020-11-29 02:10:00,429.9015539186998
2020-11-29 02:20:00,430.41436907555084
2020-11-29 02:30:00,430.9343663698444
2020-11-29 02:40:00,431.4602682246885
2020-11-29 02:50:00,431.9907970631912
2020-11-29 03:00:00,432.5246753084606
2020-11-29 03:10:00,433.06062538360464
2020-11-29 03:20:00,433.59736971173146
2020-11-29 03:30:00,434.1336307159491
2020-11-29 03:40:00,434.66813081936556
2020-11-29 03:50:00,435.1995924450889
2020-11-29 04:00:00,435.7267380162272
2020-11-29 04:10:00,436.2482899558885
2020-11-29 04:20:00,436.76297068718077
2020-11-29 04:30:00,437.26950263321214
2020-11-29 04:40:00,437.76660821709066
2020-11-29 04:50:00,438.25300986192434
2020-11-29 05:00:00,438.72742999082124
2020-11-29 05:10:00,439.1885910268894
2020-11-29 05:20:00,439.63521539323693
2020-11-29 05:30:00,440.0660255129718
2020-11-29 05:40:00,440.4797438092021
2020-11-29 05:50:00,440.87509270503585
2020-11-29 06:00:00,441.2507946235811
2020-11-29 06:10:00,441.60557198794595
2020-11-29 06:20:00,441.93814722123835
2020-11-29 06:30:00,442.2472427465664
2020-11-29 06:40:00,442.53158098703824
2020-11-29 06:50:00,442.7898843657618
2020-11-29 07:00:00,443.0208753058451
2020-11-29 07:10:00,443.22327623039627
2020-11-29 07:20:00,443.39580956252337
2020-11-29 07:30:00,444.2
2020-11-29 07:40:00,443.4
2020-11-29 07:50:00,443.0
2020-11-29 08:00:00,441.1
2020-11-29 08:10:00,443.6
2020-11-29 08:20:00,444.0
2020-11-29 08:30:00,445.7
2020-11-29 08:40:00,446.5
2020-11-29 08:50:00,446.7
2020-11-29 09:00:00,445.4
2020-11-29 09:10:00,443.7
2020-11-29 09:20:00,442.2
2020-11-29 09:30:00,439.9
2020-11-29 09:40:00,441.6
2020-11-29 09:50:00,443.0
2020-11-29 10:00:00,446.8
2020-11-29 10:10:00,445.1
2020-11-29 10:20:00,441.9
2020-11-29 10:30:00,438.5
2020-11-29 10:40:00,440.5
2020-11-29 10:50:00,439.7
2020-11-29 11:00:00,440.6
2020-11-29 11:10:00,438.4
2020-11-29 11:20:00,438.0
2020-11-29 11:30:00,436.2
2020-11-29 11:40:00,434.9
2020-11-29 11:50:00,435.1
2020-11-29 12:00:00,430.8
2020-11-29 12:10:00,428.5
2020-11-29 12:20:00,427.7
2020-11-29 12:30:00,425.8
2020-11-29 12:40:00,424.2
2020-11-29 12:50:00,424.9
2020-11-29 13:00:00,424.3
2020-11-29 13:10:00,424.1
2020-11-29 13:20:00,423.6
2020-11-29 13:30:00,425.6
2020-11-29 13:40:00,425.1
2020-11-29 13:50:00,425.0
2020-11-29 14:00:00,424.2
2020-11-29 14:10:00,424.3
2020-11-29 14:20:00,423.8
2020-11-29 14:30:00,423.8
2020-11-29 14:40:00,423.7
2020-11-29 14:50:00,423.9
2020-11-29 15:00:00,422.8
2020-11-29 15:10:00,422.7
2020-11-29 15:20:00,422.8
2020-11-29 15:30:00,423.0
2020-11-29 15:40:00,422.3
2020-11-29 15:50:00,423.8
2020-11-29 16:00:00,423.2
2020-11-29 16:10:00,423.6
2020-11-29 16:20:00,426.3
2020-11-29 16:30:00,424.5
2020-11-29 16:40:00,426.5
2020-11-29 16:50:00,426.3
2020-11-29 17:00:00,424.8
2020-11-29 17:10:00,433.0
2020-11-29 17:20:00,431.0
2020-11-29 17:30:00,429.9
2020-11-29 17:40:00,430.0
2020-11-29 17:50:00,429.8
2020-11-29 18:00:00,430.2
2020-11-29 18:10:00,438.3
2020-11-29 18:20:00,439.9
2020-11-29 18:30:00,435.5
2020-11-29 18:40:00,434.9
2020-11-29 18:50:00,433.7
2020-11-29 19:00:00,430.9
2020-11-29 19:10:00,427.7
2020-11-29 19:20:00,426.3
2020-11-29 19:30:00,426.6
2020-11-29 19:40:00,426.0
2020-11-29 19:50:00,428.2
2020-11-29 20:00:00,427.5
2020-11-29 20:10:00,425.5
2020-11-29 20:20:00,436.5
2020-11-29 20:30:00,433.1
2020-11-29 20:40:00,432.8
2020-11-29 20:50:00,435.2
2020-11-29 21:00:00,437.9
2020-11-29 21:10:00,440.1
2020-11-29 21:20:00,441.7
2020-11-29 21:30:00,437.2
2020-11-29 21:40:00,441.6
2020-11-29 21:50:00,435.0
2020-11-29 22:00:00,430.4
2020-11-29 22:10:00,433.1
2020-11-29 22:20:00,435.2
2020-11-29 22:30:00,434.6
2020-11-29 22:40:00,433.1
2020-11-29 22:50:00,438.4
2020-11-29 23:00:00,443.0
2020-11-29 23:10:00,440.72817197386416
2020-11-29 23:20:00,441.1687754975992
2020-11-29 23:30:00,441.4893197785104
2020-11-29 23:40:00,441.69572928869036
2020-11-29 23:50:00,441.79392850023186
2020-11-30 00:00:00,441.7898418852276
2020-11-30 00:10:00,441.6893939157702
2020-11-30 00:20:00,441.49850906395244
2020-11-30 00:30:00,441.223111801867
2020-11-30 00:40:00,440.8691266016066
2020-11-30 00:50:00,440.4424779352639
2020-11-30 01:00:00,439.9490902749317
2020-11-30 01:10:00,439.39488809270256
2020-11-30 01:20:00,438.7857958606693
2020-11-30 01:30:00,438.12773805092456
2020-11-30 01:40:00,437.42663913556106
2020-11-30 01:50:00,436.68842358667155
2020-11-30 02:00:00,435.9190158763487
2020-11-30 02:10:00,435.1243404766852
2020-11-30 02:20:00,434.3103218597737
2020-11-30 02:30:00,433.48288449770695
2020-11-30 02:40:00,432.6479528625777
2020-11-30 02:50:00,431.81145142647864
2020-11-30 03:00:00,430.9793046615024
2020-11-30 03:10:00,430.15743703974175
2020-11-30 03:20:00,429.35177303328936
2020-11-30 03:30:00,428.568237114238
2020-11-30 03:40:00,427.81275375468033
2020-11-30 03:50:00,427.09124742670906
2020-11-30 04:00:00,426.40964260241685
2020-11-30 04:10:00,425.7738637538965
2020-11-30 04:20:00,425.1898353532406
2020-11-30 04:30:00,424.6634818725419
2020-11-30 04:40:00,424.20072778389306
2020-11-30 04:50:00,423.80749755938683
2020-11-30 05:00:00,423.48971567111596
2020-11-30 05:10:00,423.2533065911731
2020-11-30 05:20:00,423.10419479165097
2020-11-30 05:30:00,423.04830474464217
2020-11-30 05:40:00,423.0915609222396
2020-11-30 05:50:00,423.2398877965358
2020-11-30 06:00:00,423.4992098396235
2020-11-30 06:10:00,423.8754515235954
2020-11-30 06:20:00,424.3745373205444
2020-11-30 06:30:00,425.0023917025628
2020-11-30 06:40:00,425.7649391417437
2020-11-30 06:50:00,426.66810411017957
2020-11-30 07:00:00,427.7178110799633
2020-11-30 07:10:00,428.9199845231875
2020-11-30 07:20:00,430.2805489119448
2020-11-30 07:30:00,430.6
2020-11-30 07:40:00,433.4
2020-11-30 07:50:00,436.3
2020-11-30 08:00:00,440.3
2020-11-30 08:10:00,446.4
2020-11-30 08:20:00,445.6
2020-11-30 08:30:00,440.2
2020-11-30 08:40:00,441.0
2020-11-30 08:50:00,446.8
2020-11-30 09:00:00,450.9
2020-11-30 09:10:00,456.6
2020-11-30 09:20:00,456.1
2020-11-30 09:30:00,455.8
2020-11-30 09:40:00,458.1
2020-11-30 09:50:00,456.7
2020-11-30 10:00:00,453.1
2020-11-30 10:10:00,451.5
2020-11-30 10:20:00,452.3
2020-11-30 10:30:00,452.5
2020-11-30 10:40:00,450.5
2020-11-30 10:50:00,449.4
2020-11-30 11:00:00,446.8
2020-11-30 11:10:00,445.2
2020-11-30 11:20:00,445.7
2020-11-30 11:30:00,444.3
2020-11-30 11:40:00,441.6
2020-11-30 11:50:00,434.8
2020-11-30 12:00:00,425.6
2020-11-30 12:10:00,423.0
2020-11-30 12:20:00,422.7
2020-11-30 12:30:00,422.6
2020-11-30 12:40:00,422.7
2020-11-30 12:50:00,423.8
2020-11-30 13:00:00,424.6
2020-11-30 13:10:00,424.5
2020-11-30 13:20:00,425.1
2020-11-30 13:30:00,425.3
2020-11-30 13:40:00,425.6
2020-11-30 13:50:00,425.7
2020-11-30 14:00:00,424.8
2020-11-30 14:10:00,424.5
2020-11-30 14:20:00,424.9
2020-11-30 14:30:00,425.2
2020-11-30 14:40:00,425.6
2020-11-30 14:50:00,426.1
2020-11-30 15:00:00,426.2
2020-11-30 15:10:00,427.7
2020-11-30 15:20:00,426.6
2020-11-30 15:30:00,427.8
2020-11-30 15:40:00,426.8
2020-11-30 15:50:00,423.7
2020-11-30 16:00:00,423.3
2020-11-30 16:10:00,424.8
2020-11-30 16:20:00,425.2
2020-11-30 16:30:00,428.3
2020-11-30 16:40:00,429.4
2020-11-30 16:50:00,426.5
2020-11-30 17:00:00,427.4
2020-11-30 17:10:00,426.4
2020-11-30 17:20:00,426.7
2020-11-30 17:30:00,428.0
2020-11-30 17:40:00,427.7
2020-11-30 17:50:00,428.8
2020-11-30 18:00:00,429.2
2020-11-30 18:10:00,430.6
2020-11-30 18:20:00,429.7
2020-11-30 18:30:00,428.9
2020-11-30 18:40:00,430.8
2020-11-30 18:50:00,432.6
2020-11-30 19:00:00,432.9
2020-11-30 19:10:00,431.7
2020-11-30 19:20:00,431.4
2020-11-30 19:30:00,431.0
2020-11-30 19:40:00,429.5
2020-11-30 19:50:00,429.8
2020-11-30 20:00:00,430.3
2020-11-30 20:10:00,432.7
2020-11-30 20:20:00,434.1
2020-11-30 20:30:00,434.5
2020-11-30 20:40:00,435.4
2020-11-30 20:50:00,436.2
2020-11-30 21:00:00,435.1
2020-11-30 21:10:00,435.5
2020-11-30 21:20:00,436.2
2020-11-30 21:30:00,437.4
2020-11-30 21:40:00,436.6
2020-11-30 21:50:00,435.6
2020-11-30 22:00:00,435.0
2020-11-30 22:10:00,435.2
2020-11-30 22:20:00,435.5
2020-11-30 22:30:00,435.3
2020-11-30 22:40:00,435.6
2020-11-30 22:50:00,435.9
2020-11-30 23:00:00,435.9
2020-11-30 23:10:00,436.0
2020-11-30 23:20:00,435.5
2020-11-30 23:30:00,435.4
2020-11-30 23:40:00,435.3
2020-11-30 23:50:00,434.4
2020-12-01 00:00:00,434.7
2020-12-01 00:10:00,435.8
2020-12-01 00:20:00,435.0
2020-12-01 00:30:00,434.6
2020-12-01 00:40:00,434.8
2020-12-01 00:50:00,435.4
2020-12-01 01:00:00,436.6
2020-12-01 01:10:00,437.2
2020-12-01 01:20:00,437.5
2020-12-01 01:30:00,437.4
2020-12-01 01:40:00,437.0
2020-12-01 01:50:00,436.7
2020-12-01 02:00:00,436.1
2020-12-01 02:10:00,435.6
2020-12-01 02:20:00,435.5
2020-12-01 02:30:00,435.4
2020-12-01 02:40:00,435.0
2020-12-01 02:50:00,435.0
2020-12-01 03:00:00,436.1
2020-12-01 03:10:00,436.4
2020-12-01 03:20:00,437.4
2020-12-01 03:30:00,438.1
2020-12-01 03:40:00,438.7
2020-12-01 03:50:00,439.5
2020-12-01 04:00:00,439.60165142716227
2020-12-01 04:10:00,439.97264732443267
2020-12-01 04:20:00,440.31508512471305
2020-12-01 04:30:00,440.62965557069265
2020-12-01 04:40:00,440.91704940506065
2020-12-01 04:50:00,441.17795737050636
2020-12-01 05:00:00,441.41307020971897
2020-12-01 05:10:00,441.62307866538777
2020-12-01 05:20:00,441.808673480202
2020-12-01 05:30:00,441.97054539685087
2020-12-01 05:40:00,442.10938515802366
2020-12-01 05:50:00,442.22588350640956
2020-12-01 06:00:00,442.3207311846978
2020-12-01 06:10:00,442.39461893557774
2020-12-01 06:20:00,442.4482375017385
2020-12-01 06:30:00,442.48227762586936
2020-12-01 06:40:00,442.4974300506596
2020-12-01 06:50:00,442.4943855187984
2020-12-01 07:00:00,442.47383477297507
2020-12-01 07:10:00,442.4364685558788
2020-12-01 07:20:00,442.38297761019885
2020-12-01 07:30:00,442.3140526786245
2020-12-01 07:40:00,442.2303845038449
2020-12-01 07:50:00,442.13266382854937
2020-12-01 08:00:00,442.0215813954271
2020-12-01 08:10:00,441.8978279471674
2020-12-01 08:20:00,441.76209422645945
2020-12-01 08:30:00,441.6150709759925
2020-12-01 08:40:00,441.4574489384559
2020-12-01 08:50:00,441.28991885653875
2020-12-01 09:00:00,441.1131714729304
2020-12-01 09:10:00,440.92789753031997
2020-12-01 09:20:00,440.7347877713968
2020-12-01 09:30:00,440.5345329388501
2020-12-01 09:40:00,440.3278237753691
2020-12-01 09:50:00,440.1153510236431
2020-12-01 10:00:00,439.8978054263613
2020-12-01 10:10:00,439.6758777262129
2020-12-01 10:20:00,439.4502586658872
2020-12-01 10:30:00,439.22163898807344
2020-12-01 10:40:00,438.9907094354608
2020-12-01 10:50:00,438.7581607507386
2020-12-01 11:00:00,438.52468367659606
2020-12-01 11:10:00,438.2909689557224
2020-12-01 11:20:00,438.0577073308069
2020-12-01 11:30:00,437.8255895445388
2020-12-01 11:40:00,437.5953063396073
2020-12-01 11:50:00,437.3675484587017
2020-12-01 12:00:00,437.1430066445112
2020-12-01 12:10:00,436.92237163972504
2020-12-01 12:20:00,436.7
2020-12-01 12:30:00,436.5
2020-12-01 12:40:00,436.4
2020-12-01 12:50:00,435.8
2020-12-01 13:00:00,436.4
2020-12-01 13:10:00,435.3
2020-12-01 13:20:00,435.4
2020-12-01 13:30:00,435.5
2020-12-01 13:40:00,434.9
2020-12-01 13:50:00,434.9
2020-12-01 14:00:00,434.9
2020-12-01 14:10:00,434.8
2020-12-01 14:20:00,435.6
2020-12-01 14:30:00,435.0
2020-12-01 14:40:00,434.7
2020-12-01 14:50:00,435.2
2020-12-01 15:00:00,436.2
2020-12-01 15:10:00,435.6
2020-12-01 15:20:00,435.5
2020-12-01 15:30:00,436.5
2020-12-01 15:40:00,436.8
2020-12-01 15:50:00,437.1
2020-12-01 16:00:00,435.8
2020-12-01 16:10:00,436.5
2020-12-01 16:20:00,437.1
2020-12-01 16:30:00,437.5
2020-12-01 16:40:00,438.4
2020-12-01 16:50:00,440.4
2020-12-01 17:00:00,442.6
2020-12-01 17:10:00,443.1
2020-12-01 17:20:00,442.5
2020-12-01 17:30:00,442.4
2020-12-01 17:40:00,441.1
2020-12-01 17:50:00,441.2
2020-12-01 18:00:00,440.8
2020-12-01 18:10:00,440.6
2020-12-01 18:20:00,440.6
2020-12-01 18:30:00,441.0
2020-12-01 18:40:00,442.8
2020-12-01 18:50:00,443.8
2020-12-01 19:00:00,444.9
2020-12-01 19:10:00,445.3
2020-12-01 19:20:00,442.1
2020-12-01 19:30:00,441.4
2020-12-01 19:40:00,440.8
2020-12-01 19:50:00,440.8
2020-12-01 20:00:00,441.2
2020-12-01 20:10:00,441.2
2020-12-01 20:20:00,441.3
2020-12-01 20:30:00,441.2
2020-12-01 20:40:00,441.5
2020-12-01 20:50:00,442.3
2020-12-01 21:00:00,442.4
2020-12-01 21:10:00,442.4
2020-12-01 21:20:00,444.0
2020-12-01 21:30:00,444.8
2020-12-01 21:40:00,443.4
2020-12-01 21:50:00,444.9
2020-12-01 22:00:00,445.2
2020-12-01 22:10:00,445.399665768777
2020-12-01 22:20:00,445.7007109657974
2020-12-01 22:30:00,445.9868138877865
2020-12-01 22:40:00,446.2585667996962
2020-12-01 22:50:00,446.51656196647826
2020-12-01 23:00:00,446.7613916530845
2020-12-01 23:10:00,446.99364812446674
2020-12-01 23:20:00,447.2139236455768
2020-12-01 23:30:00,447.42281048136647
2020-12-01 23:40:00,447.6209008967876
2020-12-01 23:50:00,447.80878715679194
2020-12-02 00:00:00,447.98706152633133
2020-12-02 00:10:00,448.15631627035754
2020-12-02 00:20:00,448.3171436538224
2020-12-02 00:30:00,448.47013594167777
2020-12-02 00:40:00,448.6158853988754
2020-12-02 00:50:00,448.7549842903671
2020-12-02 01:00:00,448.8880248811047
2020-12-02 01:10:00,449.01559943603996
2020-12-02 01:20:00,449.13830022012473
2020-12-02 01:30:00,449.2567194983108
2020-12-02 01:40:00,449.37144953555
2020-12-02 01:50:00,449.4830825967942
2020-12-02 02:00:00,449.59221094699507
2020-12-02 02:10:00,449.69942685110453
2020-12-02 02:20:00,449.80532257407435
2020-12-02 02:30:00,449.91049038085634
2020-12-02 02:40:00,450.0155225364023
2020-12-02 02:50:00,450.121011305664
2020-12-02 03:00:00,450.2275489535933
2020-12-02 03:10:00,450.33572774514204
2020-12-02 03:20:00,450.44613994526196
2020-12-02 03:30:00,450.5593778189049
2020-12-02 03:40:00,450.6760336310227
2020-12-02 03:50:00,450.7966996465671
2020-12-02 04:00:00,450.92196813049
2020-12-02 04:10:00,451.0524313477431
2020-12-02 04:20:00,451.18868156327824
2020-12-02 04:30:00,451.3313110420473
2020-12-02 04:40:00,451.480912049002
2020-12-02 04:50:00,451.63807684909415
2020-12-02 05:00:00,451.8033977072756
2020-12-02 05:10:00,451.97746688849816
2020-12-02 05:20:00,452.16087665771363
2020-12-02 05:30:00,452.3542192798738
2020-12-02 05:40:00,452.5580870199305
2020-12-02 05:50:00,452.77307214283553
2020-12-02 06:00:00,452.9997669135407
2020-12-02 06:10:00,453.2387635969979
2020-12-02 06:20:00,453.4906544581588
2020-12-02 06:30:00,454.4
2020-12-02 06:40:00,453.7
2020-12-02 06:50:00,453.1
2020-12-02 07:00:00,454.3
2020-12-02 07:10:00,454.6
2020-12-02 07:20:00,455.1
2020-12-02 07:30:00,455.6
2020-12-02 07:40:00,456.6
2020-12-02 07:50:00,455.3
2020-12-02 08:00:00,455.9
2020-12-02 08:10:00,458.7
2020-12-02 08:20:00,465.1
2020-12-02 08:30:00,463.9
2020-12-02 08:40:00,463.5
2020-12-02 08:50:00,463.2
2020-12-02 09:00:00,470.3
2020-12-02 09:10:00,473.3
2020-12-02 09:20:00,485.7
2020-12-02 09:30:00,483.7
2020-12-02 09:40:00,474.0
2020-12-02 09:50:00,471.1
2020-12-02 10:00:00,465.5
2020-12-02 10:10:00,466.0
2020-12-02 10:20:00,467.4
2020-12-02 10:30:00,467.6
2020-12-02 10:40:00,469.8
2020-12-02 10:50:00,469.0
2020-12-02 11:00:00,470.3
2020-12-02 11:10:00,472.7
2020-12-02 11:20:00,475.2
2020-12-02 11:30:00,475.0
2020-12-02 11:40:00,472.6
2020-12-02 11:50:00,472.1
2020-12-02 12:00:00,471.8
2020-12-02 12:10:00,470.9
2020-12-02 12:20:00,470.0
2020-12-02 12:30:00,469.6
2020-12-02 12:40:00,467.7
2020-12-02 12:50:00,467.1
2020-12-02 13:00:00,465.7
2020-12-02 13:10:00,465.2
2020-12-02 13:20:00,464.5
2020-12-02 13:30:00,464.5
2020-12-02 13:40:00,463.9
2020-12-02 13:50:00,461.5
2020-12-02 14:00:00,462.0
2020-12-02 14:10:00,461.6
2020-12-02 14:20:00,461.0
2020-12-02 14:30:00,462.6
2020-12-02 14:40:00,460.7
2020-12-02 14:50:00,461.6
2020-12-02 15:00:00,462.9
2020-12-02 15:10:00,462.4
2020-12-02 15:20:00,460.9
2020-12-02 15:30:00,462.1
2020-12-02 15:40:00,462.6
2020-12-02 15:50:00,466.3
2020-12-02 16:00:00,465.8
2020-12-02 16:10:00,467.4
2020-12-02 16:20:00,468.8
2020-12-02 16:30:00,467.7
2020-12-02 16:40:00,467.1
2020-12-02 16:50:00,466.3
2020-12-02 17:00:00,468.4
2020-12-02 17:10:00,472.2
2020-12-02 17:20:00,475.4
2020-12-02 17:30:00,471.8
2020-12-02 17:40:00,471.4
2020-12-02 17:50:00,461.5
2020-12-02 18:00:00,456.6
2020-12-02 18:10:00,450.2
2020-12-02 18:20:00,440.5
2020-12-02 18:30:00,439.9
2020-12-02 18:40:00,440.7
2020-12-02 18:50:00,439.6
2020-12-02 19:00:00,438.9
2020-12-02 19:10:00,437.4
2020-12-02 19:20:00,437.7
2020-12-02 19:30:00,439.8
2020-12-02 19:40:00,437.7
2020-12-02 19:50:00,437.2
2020-12-02 20:00:00,436.2
2020-12-02 20:10:00,438.5
2020-12-02 20:20:00,437.7
2020-12-02 20:30:00,436.1
2020-12-02 20:40:00,434.4
2020-12-02 20:50:00,434.5
2020-12-02 21:00:00,434.8
2020-12-02 21:10:00,434.6
2020-12-02 21:20:00,434.0
2020-12-02 21:30:00,433.7
2020-12-02 21:40:00,433.1
2020-12-02 21:50:00,434.1
2020-12-02 22:00:00,435.2
2020-12-02 22:10:00,433.1
2020-12-02 22:20:00,432.1
2020-12-02 22:30:00,432.1
2020-12-02 22:40:00,431.9
2020-12-02 22:50:00,432.3
2020-12-02 23:00:00,433.5
2020-12-02 23:10:00,432.6
2020-12-02 23:20:00,432.4
2020-12-02 23:30:00,431.8
2020-12-02 23:40:00,432.0
2020-12-02 23:50:00,432.8
2020-12-03 00:00:00,432.8
2020-12-03 00:10:00,432.4
2020-12-03 00:20:00,432.1
2020-12-03 00:30:00,431.6
2020-12-03 00:40:00,431.7
2020-12-03 00:50:00,431.7
2020-12-03 01:00:00,431.4
2020-12-03 01:10:00,431.3
2020-12-03 01:20:00,431.4
2020-12-03 01:30:00,431.6
2020-12-03 01:40:00,431.5
2020-12-03 01:50:00,431.44534299931297
2020-12-03 02:00:00,431.42406622431986
2020-12-03 02:10:00,431.40553092260035
2020-12-03 02:20:00,431.3897178215839
2020-12-03 02:30:00,431.3766076487
2020-12-03 02:40:00,431.366181131378
2020-12-03 02:50:00,431.3584189970475
2020-12-03 03:00:00,431.3533019731379
2020-12-03 03:10:00,431.3508107870786
2020-12-03 03:20:00,431.35092616629913
2020-12-03 03:30:00,431.35362883822893
2020-12-03 03:40:00,431.3588995302974
2020-12-03 03:50:00,431.366718969934
2020-12-03 04:00:00,431.3770678845683
2020-12-03 04:10:00,431.38992700162964
2020-12-03 04:20:00,431.40527704854753
2020-12-03 04:30:00,431.4230987527514
2020-12-03 04:40:00,431.4433728416707
2020-12-03 04:50:00,431.46608004273486
2020-12-03 05:00:00,431.4912010833734
2020-12-03 05:10:00,431.51871669101575
2020-12-03 05:20:00,431.5486075930914
2020-12-03 05:30:00,431.5808545170297
2020-12-03 05:40:00,431.6154381902602
2020-12-03 05:50:00,431.65233934021234
2020-12-03 06:00:00,431.69153869431557
2020-12-03 06:10:00,431.7330169799993
2020-12-03 06:20:00,431.7767549246931
2020-12-03 06:30:00,431.8227332558263
2020-12-03 06:40:00,431.87093270082835
2020-12-03 06:50:00,431.9213339871288
2020-12-03 07:00:00,431.97391784215705
2020-12-03 07:10:00,432.0286649933426
2020-12-03 07:20:00,432.08555616811486
2020-12-03 07:30:00,432.1445720939033
2020-12-03 07:40:00,432.2056934981374
2020-12-03 07:50:00,432.26890110824655
2020-12-03 08:00:00,432.33417565166025
2020-12-03 08:10:00,432.401497855808
2020-12-03 08:20:00,432.47084844811917
2020-12-03 08:30:00,432.54220815602326
2020-12-03 08:40:00,432.61555770694974
2020-12-03 08:50:00,432.69087782832804
2020-12-03 09:00:00,432.7681492475876
2020-12-03 09:10:00,432.84735269215787
2020-12-03 09:20:00,432.9284688894684
2020-12-03 09:30:00,433.0114785669485
2020-12-03 09:40:00,433.09636245202773
2020-12-03 09:50:00,433.1831012721355
2020-12-03 10:00:00,433.2716757547013
2020-12-03 10:10:00,433.6
2020-12-03 10:20:00,433.1
2020-12-03 10:30:00,433.4
2020-12-03 10:40:00,433.4
2020-12-03 10:50:00,434.1
2020-12-03 11:00:00,433.8
2020-12-03 11:10:00,433.8
2020-12-03 11:20:00,434.2
2020-12-03 11:30:00,435.5
2020-12-03 11:40:00,434.9
2020-12-03 11:50:00,434.4
2020-12-03 12:00:00,434.4
2020-12-03 12:10:00,434.4
2020-12-03 12:20:00,434.7
2020-12-03 12:30:00,434.4
2020-12-03 12:40:00,435.1
2020-12-03 12:50:00,434.2
2020-12-03 13:00:00,434.5
2020-12-03 13:10:00,435.2
2020-12-03 13:20:00,435.0
2020-12-03 13:30:00,435.7
2020-12-03 13:40:00,435.7
2020-12-03 13:50:00,436.4
2020-12-03 14:00:00,436.4
2020-12-03 14:10:00,436.7
2020-12-03 14:20:00,437.0
2020-12-03 14:30:00,437.8
2020-12-03 14:40:00,437.4
2020-12-03 14:50:00,437.8
2020-12-03 15:00:00,438.6
2020-12-03 15:10:00,438.8
2020-12-03 15:20:00,438.7
2020-12-03 15:30:00,438.6
2020-12-03 15:40:00,438.5
2020-12-03 15:50:00,438.1
2020-12-03 16:00:00,438.3
2020-12-03 16:10:00,438.6
2020-12-03 16:20:00,438.8
2020-12-03 16:30:00,438.8
2020-12-03 16:40:00,439.4
2020-12-03 16:50:00,439.8
2020-12-03 17:00:00,439.1
2020-12-03 17:10:00,439.3
2020-12-03 17:20:00,438.3
2020-12-03 17:30:00,437.7
2020-12-03 17:40:00,437.5
2020-12-03 17:50:00,436.8
2020-12-03 18:00:00,436.6
2020-12-03 18:10:00,436.3
2020-12-03 18:20:00,437.1
2020-12-03 18:30:00,437.9
2020-12-03 18:40:00,437.1
2020-12-03 18:50:00,437.9
2020-12-03 19:00:00,439.1
2020-12-03 19:10:00,440.6
2020-12-03 19:20:00,441.4
2020-12-03 19:30:00,440.0
2020-12-03 19:40:00,438.3
2020-12-03 19:50:00,436.5
2020-12-03 20:00:00,435.4
2020-12-03 20:10:00,435.8
2020-12-03 20:20:00,434.6
2020-12-03 20:30:00,434.5
2020-12-03 20:40:00,434.8
2020-12-03 20:50:00,434.9
2020-12-03 21:00:00,435.4
2020-12-03 21:10:00,435.9
2020-12-03 21:20:00,436.3
2020-12-03 21:30:00,436.2
2020-12-03 21:40:00,436.4
2020-12-03 21:50:00,436.4
2020-12-03 22:00:00,436.8
2020-12-03 22:10:00,437.3
2020-12-03 22:20:00,436.1
2020-12-03 22:30:00,436.6
2020-12-03 22:40:00,436.7
2020-12-03 22:50:00,437.3
2020-12-03 23:00:00,437.6
2020-12-03 23:10:00,437.2
2020-12-03 23:20:00,436.9
2020-12-03 23:30:00,437.1
2020-12-03 23:40:00,436.6
2020-12-03 23:50:00,436.3
2020-12-04 00:00:00,436.2
2020-12-04 00:10:00,437.1
2020-12-04 00:20:00,436.9
2020-12-04 00:30:00,437.0
2020-12-04 00:40:00,437.4
2020-12-04 00:50:00,437.3
2020-12-04 01:00:00,437.0
2020-12-04 01:10:00,437.0
2020-12-04 01:20:00,436.2
2020-12-04 01:30:00,436.2
2020-12-04 01:40:00,436.4
2020-12-04 01:50:00,437.1
2020-12-04 02:00:00,437.7
2020-12-04 02:10:00,438.7
2020-12-04 02:20:00,439.4
2020-12-04 02:30:00,440.4
2020-12-04 02:40:00,440.2
2020-12-04 02:50:00,439.7
2020-12-04 03:00:00,439.3
2020-12-04 03:10:00,438.8
2020-12-04 03:20:00,438.0
2020-12-04 03:30:00,438.0
2020-12-04 03:40:00,437.7
2020-12-04 03:50:00,437.4
2020-12-04 04:00:00,436.7
2020-12-04 04:10:00,436.1
2020-12-04 04:20:00,436.0
2020-12-04 04:30:00,436.0
2020-12-04 04:40:00,436.3
2020-12-04 04:50:00,436.4
2020-12-04 05:00:00,436.4
2020-12-04 05:10:00,436.5
2020-12-04 05:20:00,436.5
2020-12-04 05:30:00,436.7
2020-12-04 05:40:00,436.5
2020-12-04 05:50:00,436.8
2020-12-04 06:00:00,436.7
2020-12-04 06:10:00,437.7
2020-12-04 06:20:00,439.1
2020-12-04 06:30:00,439.2
2020-12-04 06:40:00,438.7
2020-12-04 06:50:00,437.5
2020-12-04 07:00:00,437.2
2020-12-04 07:10:00,438.0
2020-12-04 07:20:00,439.8
2020-12-04 07:30:00,440.8
2020-12-04 07:40:00,441.2
2020-12-04 07:50:00,441.7
2020-12-04 08:00:00,442.2
2020-12-04 08:10:00,442.0
2020-12-04 08:20:00,441.6
2020-12-04 08:30:00,441.8
2020-12-04 08:40:00,442.5
2020-12-04 08:50:00,442.0
2020-12-04 09:00:00,442.9
2020-12-04 09:10:00,440.9
2020-12-04 09:20:00,439.2
2020-12-04 09:30:00,438.5
2020-12-04 09:40:00,437.8
2020-12-04 09:50:00,438.1
2020-12-04 10:00:00,439.1
2020-12-04 10:10:00,440.1
2020-12-04 10:20:00,440.3
2020-12-04 10:30:00,440.1
2020-12-04 10:40:00,439.6
2020-12-04 10:50:00,439.6
2020-12-04 11:00:00,439.5
2020-12-04 11:10:00,439.7
2020-12-04 11:20:00,439.9
2020-12-04 11:30:00,438.2
2020-12-04 11:40:00,438.4
2020-12-04 11:50:00,438.6
2020-12-04 12:00:00,439.3
2020-12-04 12:10:00,439.1
2020-12-04 12:20:00,439.2
2020-12-04 12:30:00,438.1
2020-12-04 12:40:00,438.7
2020-12-04 12:50:00,438.7
2020-12-04 13:00:00,437.8
2020-12-04 13:10:00,436.6
2020-12-04 13:20:00,435.1
2020-12-04 13:30:00,435.2
2020-12-04 13:40:00,433.6
2020-12-04 13:50:00,433.6
2020-12-04 14:00:00,433.8
2020-12-04 14:10:00,434.0
2020-12-04 14:20:00,435.2
2020-12-04 14:30:00,434.1
2020-12-04 14:40:00,434.4
2020-12-04 14:50:00,433.9
2020-12-04 15:00:00,435.4
2020-12-04 15:10:00,434.3
2020-12-04 15:20:00,435.6
2020-12-04 15:30:00,435.2
2020-12-04 15:40:00,436.1
2020-12-04 15:50:00,438.0
2020-12-04 16:00:00,436.8
2020-12-04 16:10:00,436.1
2020-12-04 16:20:00,435.9
2020-12-04 16:30:00,435.5
2020-12-04 16:40:00,435.8
2020-12-04 16:50:00,436.7
2020-12-04 17:00:00,439.3
2020-12-04 17:10:00,440.9
2020-12-04 17:20:00,440.4
2020-12-04 17:30:00,442.8
2020-12-04 17:40:00,441.7
2020-12-04 17:50:00,439.5
2020-12-04 18:00:00,439.3
2020-12-04 18:10:00,440.0
2020-12-04 18:20:00,439.4
2020-12-04 18:30:00,439.2
2020-12-04 18:40:00,438.7
2020-12-04 18:50:00,439.3
2020-12-04 19:00:00,438.8
2020-12-04 19:10:00,439.1
2020-12-04 19:20:00,439.5
2020-12-04 19:30:00,439.9
2020-12-04 19:40:00,439.2
2020-12-04 19:50:00,439.5
2020-12-04 20:00:00,437.7
2020-12-04 20:10:00,438.6
2020-12-04 20:20:00,438.1
2020-12-04 20:30:00,437.5
2020-12-04 20:40:00,437.2
2020-12-04 20:50:00,435.7
2020-12-04 21:00:00,435.7
2020-12-04 21:10:00,443.3
2020-12-04 21:20:00,443.6
2020-12-04 21:30:00,444.7
2020-12-04 21:40:00,444.7
2020-12-04 21:50:00,445.9
2020-12-04 22:00:00,452.7
2020-12-04 22:10:00,454.4
2020-12-04 22:20:00,451.3
2020-12-04 22:30:00,448.6
2020-12-04 22:40:00,452.6
2020-12-04 22:50:00,458.6
2020-12-04 23:00:00,457.3
2020-12-04 23:10:00,452.6
2020-12-04 23:20:00,455.2
2020-12-04 23:30:00,460.7
2020-12-04 23:40:00,458.6
2020-12-04 23:50:00,463.7
2020-12-05 00:00:00,462.9
2020-12-05 00:10:00,461.2
2020-12-05 00:20:00,462.7
2020-12-05 00:30:00,462.5
2020-12-05 00:40:00,461.5
2020-12-05 00:50:00,456.6
2020-12-05 01:00:00,456.6
2020-12-05 01:10:00,453.8
2020-12-05 01:20:00,457.4
2020-12-05 01:30:00,462.1
2020-12-05 01:40:00,458.4
2020-12-05 01:50:00,452.9
2020-12-05 02:00:00,458.8
2020-12-05 02:10:00,457.3
2020-12-05 02:20:00,465.5
2020-12-05 02:30:00,462.3
2020-12-05 02:40:00,460.3
2020-12-05 02:50:00,464.5
2020-12-05 03:00:00,463.6
2020-12-05 03:10:00,467.0
2020-12-05 03:20:00,462.9
2020-12-05 03:30:00,456.2
2020-12-05 03:40:00,454.1
2020-12-05 03:50:00,452.9
2020-12-05 04:00:00,446.1
2020-12-05 04:10:00,445.7
2020-12-05 04:20:00,453.8
2020-12-05 04:30:00,451.4
2020-12-05 04:40:00,448.1
2020-12-05 04:50:00,447.1
2020-12-05 05:00:00,445.9
2020-12-05 05:10:00,450.3
2020-12-05 05:20:00,463.3
2020-12-05 05:30:00,447.9
2020-12-05 05:40:00,443.3
2020-12-05 05:50:00,445.4
2020-12-05 06:00:00,450.1
2020-12-05 06:10:00,451.9
2020-12-05 06:20:00,460.8
2020-12-05 06:30:00,464.9
2020-12-05 06:40:00,460.7
2020-12-05 06:50:00,458.6
2020-12-05 07:00:00,451.4
2020-12-05 07:10:00,462.9
2020-12-05 07:20:00,463.3
2020-12-05 07:30:00,455.4
2020-12-05 07:40:00,450.8
2020-12-05 07:50:00,451.5
2020-12-05 08:00:00,450.1
2020-12-05 08:10:00,449.8
2020-12-05 08:20:00,447.1
2020-12-05 08:30:00,446.2
2020-12-05 08:40:00,447.8
2020-12-05 08:50:00,458.8
2020-12-05 09:00:00,447.4
2020-12-05 09:10:00,441.8
2020-12-05 09:20:00,447.0
2020-12-05 09:30:00,449.6
2020-12-05 09:40:00,447.5
2020-12-05 09:50:00,452.3
2020-12-05 10:00:00,448.7
2020-12-05 10:10:00,444.9
2020-12-05 10:20:00,443.4
2020-12-05 10:30:00,444.9
2020-12-05 10:40:00,447.4
2020-12-05 10:50:00,452.1
2020-12-05 11:00:00,449.4
2020-12-05 11:10:00,449.3
2020-12-05 11:20:00,444.0
2020-12-05 11:30:00,444.7
2020-12-05 11:40:00,445.5
2020-12-05 11:50:00,442.3
2020-12-05 12:00:00,440.6
2020-12-05 12:10:00,440.4
2020-12-05 12:20:00,440.5
2020-12-05 12:30:00,440.6
2020-12-05 12:40:00,441.5
2020-12-05 12:50:00,440.3
2020-12-05 13:00:00,439.8
2020-12-05 13:10:00,439.7
2020-12-05 13:20:00,439.9
2020-12-05 13:30:00,439.9
2020-12-05 13:40:00,438.9
2020-12-05 13:50:00,439.1
2020-12-05 14:00:00,439.0
2020-12-05 14:10:00,439.7
2020-12-05 14:20:00,439.0
2020-12-05 14:30:00,438.2
2020-12-05 14:40:00,436.0
2020-12-05 14:50:00,435.7
2020-12-05 15:00:00,434.5
2020-12-05 15:10:00,434.0
2020-12-05 15:20:00,434.6
2020-12-05 15:30:00,434.5
2020-12-05 15:40:00,436.5
2020-12-05 15:50:00,435.9
2020-12-05 16:00:00,438.0
2020-12-05 16:10:00,436.6
2020-12-05 16:20:00,437.1
2020-12-05 16:30:00,437.7
2020-12-05 16:40:00,439.9
2020-12-05 16:50:00,443.7
2020-12-05 17:00:00,444.8
2020-12-05 17:10:00,442.4
2020-12-05 17:20:00,443.1
2020-12-05 17:30:00,442.8
2020-12-05 17:40:00,438.5
2020-12-05 17:50:00,435.1
2020-12-05 18:00:00,440.6
2020-12-05 18:10:00,437.6
2020-12-05 18:20:00,436.5
2020-12-05 18:30:00,437.2
2020-12-05 18:40:00,439.6
2020-12-05 18:50:00,441.3
2020-12-05 19:00:00,440.0
2020-12-05 19:10:00,438.0
2020-12-05 19:20:00,437.9
2020-12-05 19:30:00,437.7
2020-12-05 19:40:00,438.6
2020-12-05 19:50:00,439.6
2020-12-05 20:00:00,440.7
2020-12-05 20:10:00,440.1
2020-12-05 20:20:00,442.1
2020-12-05 20:30:00,441.9
2020-12-05 20:40:00,441.1
2020-12-05 20:50:00,444.6
2020-12-05 21:00:00,448.1
2020-12-05 21:10:00,451.6
2020-12-05 21:20:00,448.4
2020-12-05 21:30:00,448.6
2020-12-05 21:40:00,449.2
2020-12-05 21:50:00,450.4
2020-12-05 22:00:00,451.2
2020-12-05 22:10:00,451.4
2020-12-05 22:20:00,450.3
2020-12-05 22:30:00,453.1
2020-12-05 22:40:00,448.9
2020-12-05 22:50:00,447.9
2020-12-05 23:00:00,447.6
2020-12-05 23:10:00,445.9
2020-12-05 23:20:00,444.2
2020-12-05 23:30:00,444.4
2020-12-05 23:40:00,445.9
2020-12-05 23:50:00,446.3
2020-12-06 00:00:00,448.2
2020-12-06 00:10:00,449.0
2020-12-06 00:20:00,448.4
2020-12-06 00:30:00,450.3
2020-12-06 00:40:00,451.4
2020-12-06 00:50:00,450.4
2020-12-06 01:00:00,450.2
2020-12-06 01:10:00,449.8
2020-12-06 01:20:00,449.3
2020-12-06 01:30:00,449.8
2020-12-06 01:40:00,450.6
2020-12-06 01:50:00,450.9
2020-12-06 02:00:00,450.8
2020-12-06 02:10:00,453.1
2020-12-06 02:20:00,453.5
2020-12-06 02:30:00,453.4
2020-12-06 02:40:00,455.1
2020-12-06 02:50:00,457.0
2020-12-06 03:00:00,456.8
2020-12-06 03:10:00,452.1
2020-12-06 03:20:00,450.0
2020-12-06 03:30:00,450.0
2020-12-06 03:40:00,458.3
2020-12-06 03:50:00,453.5
2020-12-06 04:00:00,451.6
2020-12-06 04:10:00,451.9
2020-12-06 04:20:00,450.6
2020-12-06 04:30:00,450.7
2020-12-06 04:40:00,450.4
2020-12-06 04:50:00,449.6
2020-12-06 05:00:00,451.7
2020-12-06 05:10:00,459.2
2020-12-06 05:20:00,463.5
2020-12-06 05:30:00,457.2
2020-12-06 05:40:00,457.9
2020-12-06 05:50:00,463.5
2020-12-06 06:00:00,466.5
2020-12-06 06:10:00,463.0
2020-12-06 06:20:00,462.7
2020-12-06 06:30:00,458.6
2020-12-06 06:40:00,457.2
2020-12-06 06:50:00,452.6
2020-12-06 07:00:00,464.4
2020-12-06 07:10:00,465.8
2020-12-06 07:20:00,462.5
2020-12-06 07:30:00,457.2
2020-12-06 07:40:00,454.3
2020-12-06 07:50:00,456.1
2020-12-06 08:00:00,464.5
2020-12-06 08:10:00,468.9
2020-12-06 08:20:00,468.6
2020-12-06 08:30:00,468.0
2020-12-06 08:40:00,464.3
2020-12-06 08:50:00,467.6
2020-12-06 09:00:00,471.3
2020-12-06 09:10:00,482.2
2020-12-06 09:20:00,480.9
2020-12-06 09:30:00,480.0
2020-12-06 09:40:00,482.0
2020-12-06 09:50:00,483.8
2020-12-06 10:00:00,484.8
2020-12-06 10:10:00,484.3
2020-12-06 10:20:00,480.1
2020-12-06 10:30:00,484.9
2020-12-06 10:40:00,479.0
2020-12-06 10:50:00,476.9
2020-12-06 11:00:00,474.8
2020-12-06 11:10:00,472.9
2020-12-06 11:20:00,472.1
2020-12-06 11:30:00,470.4
2020-12-06 11:40:00,468.1
2020-12-06 11:50:00,467.7
2020-12-06 12:00:00,467.2
2020-12-06 12:10:00,468.4
2020-12-06 12:20:00,467.2
2020-12-06 12:30:00,465.2
2020-12-06 12:40:00,465.6
2020-12-06 12:50:00,469.9
2020-12-06 13:00:00,471.4
2020-12-06 13:10:00,469.9
2020-12-06 13:20:00,467.6
2020-12-06 13:30:00,462.4
2020-12-06 13:40:00,460.1
2020-12-06 13:50:00,462.0
2020-12-06 14:00:00,461.7
2020-12-06 14:10:00,462.0
2020-12-06 14:20:00,458.7
2020-12-06 14:30:00,456.4
2020-12-06 14:40:00,456.4
2020-12-06 14:50:00,456.1
2020-12-06 15:00:00,455.4
2020-12-06 15:10:00,455.1
2020-12-06 15:20:00,456.0
2020-12-06 15:30:00,458.3
2020-12-06 15:40:00,456.4
2020-12-06 15:50:00,456.2
2020-12-06 16:00:00,456.6
2020-12-06 16:10:00,456.1
2020-12-06 16:20:00,455.1
2020-12-06 16:30:00,455.7880484440221
2020-12-06 16:40:00,455.9427363954175
2020-12-06 16:50:00,456.16004112508983
2020-12-06 17:00:00,456.4372879373546
2020-12-06 17:10:00,456.77180213652736
2020-12-06 17:20:00,457.1609090269236
2020-12-06 17:30:00,457.60193391285895
2020-12-06 17:40:00,458.0922020986489
2020-12-06 17:50:00,458.62903888860905
2020-12-06 18:00:00,459.2097695870549
2020-12-06 18:10:00,459.831719498302
2020-12-06 18:20:00,460.4922139266659
2020-12-06 18:30:00,461.18857817646216
2020-12-06 18:40:00,461.9181375520063
2020-12-06 18:50:00,462.67821735761396
2020-12-06 19:00:00,463.46614289760055
2020-12-06 19:10:00,464.2792394762817
2020-12-06 19:20:00,465.1148323979729
2020-12-06 19:30:00,465.9702469669898
2020-12-06 19:40:00,466.84280848764786
2020-12-06 19:50:00,467.72984226426263
2020-12-06 20:00:00,468.62867360114967
2020-12-06 20:10:00,469.53662780262454
2020-12-06 20:20:00,470.4510301730027
2020-12-06 20:30:00,471.36920601659983
2020-12-06 20:40:00,472.2884806377314
2020-12-06 20:50:00,473.206179340713
2020-12-06 21:00:00,474.1196274298601
2020-12-06 21:10:00,475.02615020948826
2020-12-06 21:20:00,475.9230729839131
2020-12-06 21:30:00,476.80772105745007
2020-12-06 21:40:00,477.6774197344148
2020-12-06 21:50:00,478.5294943191228
2020-12-06 22:00:00,479.3612701158897
2020-12-06 22:10:00,480.1700724290309
2020-12-06 22:20:00,480.95322656286197
2020-12-06 22:30:00,481.7080578216985
2020-12-06 22:40:00,482.43189150985603
2020-12-06 22:50:00,483.12205293165016
2020-12-06 23:00:00,483.77586739139633
2020-12-06 23:10:00,484.3906601934102
2020-12-06 23:20:00,484.9637566420073
2020-12-06 23:30:00,485.49248204150314
2020-12-06 23:40:00,485.9741616962132
2020-12-06 23:50:00,486.4061209104531
2020-12-07 00:00:00,486.7856849885384
2020-12-07 00:10:00,487.1101792347846
2020-12-07 00:20:00,487.3769289535072
2020-12-07 00:30:00,487.58325944902185
2020-12-07 00:40:00,487.7264960256441
2020-12-07 00:50:00,488.3
2020-12-07 01:00:00,488.1
2020-12-07 01:10:00,486.4
2020-12-07 01:20:00,485.5
2020-12-07 01:30:00,487.3
2020-12-07 01:40:00,487.3
2020-12-07 01:50:00,487.8
2020-12-07 02:00:00,487.9
2020-12-07 02:10:00,491.1
2020-12-07 02:20:00,488.6
2020-12-07 02:30:00,484.9
2020-12-07 02:40:00,480.3
2020-12-07 02:50:00,480.4
2020-12-07 03:00:00,480.2
2020-12-07 03:10:00,481.1
2020-12-07 03:20:00,481.9
2020-12-07 03:30:00,482.5
2020-12-07 03:40:00,482.5
2020-12-07 03:50:00,479.6
2020-12-07 04:00:00,480.5
2020-12-07 04:10:00,480.6
2020-12-07 04:20:00,484.3
2020-12-07 04:30:00,486.6
2020-12-07 04:40:00,482.5
2020-12-07 04:50:00,479.6
2020-12-07 05:00:00,479.1
2020-12-07 05:10:00,479.5
2020-12-07 05:20:00,477.1
2020-12-07 05:30:00,477.6
2020-12-07 05:40:00,477.3
2020-12-07 05:50:00,475.1
2020-12-07 06:00:00,475.6
2020-12-07 06:10:00,475.8
2020-12-07 06:20:00,475.0
2020-12-07 06:30:00,470.1
2020-12-07 06:40:00,460.0
2020-12-07 06:50:00,455.8
2020-12-07 07:00:00,454.6
2020-12-07 07:10:00,453.8
2020-12-07 07:20:00,454.6
2020-12-07 07:30:00,454.1
2020-12-07 07:40:00,454.0
2020-12-07 07:50:00,454.4
2020-12-07 08:00:00,454.8
2020-12-07 08:10:00,455.0
2020-12-07 08:20:00,454.4
2020-12-07 08:30:00,454.5
2020-12-07 08:40:00,454.1
2020-12-07 08:50:00,454.0
2020-12-07 09:00:00,454.8
2020-12-07 09:10:00,454.6
2020-12-07 09:20:00,452.9
2020-12-07 09:30:00,450.6
2020-12-07 09:40:00,451.0
2020-12-07 09:50:00,450.9
2020-12-07 10:00:00,450.3
2020-12-07 10:10:00,450.3
2020-12-07 10:20:00,448.9
2020-12-07 10:30:00,448.3
2020-12-07 10:40:00,447.9
2020-12-07 10:50:00,447.7
2020-12-07 11:00:00,447.1
2020-12-07 11:10:00,447.3
2020-12-07 11:20:00,446.7
2020-12-07 11:30:00,446.3
2020-12-07 11:40:00,446.0
2020-12-07 11:50:00,445.52646557123614
2020-12-07 12:00:00,445.11045414109293
2020-12-07 12:10:00,444.6896287535407
2020-12-07 12:20:00,444.2644670847815
2020-12-07 12:30:00,443.8354468110172
2020-12-07 12:40:00,443.40304560845
2020-12-07 12:50:00,442.9677411532818
2020-12-07 13:00:00,442.53001112171467
2020-12-07 13:10:00,442.0903331899506
2020-12-07 13:20:00,441.6491850341917
2020-12-07 13:30:00,441.2070443306399
2020-12-07 13:40:00,440.7643887554973
2020-12-07 13:50:00,440.3216959849658
2020-12-07 14:00:00,439.8794436952475
2020-12-07 14:10:00,439.43810956254447
2020-12-07 14:20:00,438.9981712630587
2020-12-07 14:30:00,438.5601064729921
2020-12-07 14:40:00,438.12439286854686
2020-12-07 14:50:00,437.6915081259249
2020-12-07 15:00:00,437.26192992132826
2020-12-07 15:10:00,436.836135930959
2020-12-07 15:20:00,436.4146038310191
2020-12-07 15:30:00,435.9978112977106
2020-12-07 15:40:00,435.5862360072355
2020-12-07 15:50:00,435.1803556357959
2020-12-07 16:00:00,434.78064785959367
2020-12-07 16:10:00,434.387590354831
2020-12-07 16:20:00,434.0016607977098
2020-12-07 16:30:00,433.62333686443213
2020-12-07 16:40:00,433.2530962312
2020-12-07 16:50:00,432.8914165742155
2020-12-07 17:00:00,432.5387755696806
2020-12-07 17:10:00,432.1956508937973
2020-12-07 17:20:00,431.8625202227676
2020-12-07 17:30:00,431.5398612327936
2020-12-07 17:40:00,431.2281516000773
2020-12-07 17:50:00,430.9278690008207
2020-12-07 18:00:00,430.6394911112258
2020-12-07 18:10:00,430.36349560749466
2020-12-07 18:20:00,430.1003601658293
2020-12-07 18:30:00,429.8505624624317
2020-12-07 18:40:00,429.61458017350395
2020-12-07 18:50:00,429.392890975248
2020-12-07 19:00:00,429.18597254386594
2020-12-07 19:10:00,428.9943025555597
2020-12-07 19:20:00,428.81835868653144
2020-12-07 19:30:00,428.6586186129831
2020-12-07 19:40:00,428.5155600111167
2020-12-07 19:50:00,428.3896605571343
2020-12-07 20:00:00,428.28139792723783
2020-12-07 20:10:00,426.4
2020-12-07 20:20:00,430.5
2020-12-07 20:30:00,430.0
2020-12-07 20:40:00,428.7
2020-12-07 20:50:00,426.8
2020-12-07 21:00:00,427.3
2020-12-07 21:10:00,427.7
2020-12-07 21:20:00,426.7
2020-12-07 21:30:00,426.3
2020-12-07 21:40:00,426.6
2020-12-07 21:50:00,426.9
2020-12-07 22:00:00,425.3
2020-12-07 22:10:00,423.3
2020-12-07 22:20:00,423.0
2020-12-07 22:30:00,422.5
2020-12-07 22:40:00,423.0
2020-12-07 22:50:00,423.0
2020-12-07 23:00:00,425.2
2020-12-07 23:10:00,425.9
2020-12-07 23:20:00,429.9
2020-12-07 23:30:00,433.1
2020-12-07 23:40:00,432.1
2020-12-07 23:50:00,430.0
2020-12-08 00:00:00,429.8
2020-12-08 00:10:00,430.6
2020-12-08 00:20:00,430.5
2020-12-08 00:30:00,430.4
2020-12-08 00:40:00,430.1
2020-12-08 00:50:00,430.5
2020-12-08 01:00:00,429.6
2020-12-08 01:10:00,430.1
2020-12-08 01:20:00,432.7
2020-12-08 01:30:00,436.2
2020-12-08 01:40:00,435.7
2020-12-08 01:50:00,438.9
2020-12-08 02:00:00,439.0
2020-12-08 02:10:00,435.9
2020-12-08 02:20:00,433.3
2020-12-08 02:30:00,433.8
2020-12-08 02:40:00,434.4
2020-12-08 02:50:00,436.0
2020-12-08 03:00:00,437.2
2020-12-08 03:10:00,438.1
2020-12-08 03:20:00,437.6
2020-12-08 03:30:00,435.7
2020-12-08 03:40:00,434.8
2020-12-08 03:50:00,434.7
2020-12-08 04:00:00,435.2
2020-12-08 04:10:00,435.6
2020-12-08 04:20:00,435.7
2020-12-08 04:30:00,435.3
2020-12-08 04:40:00,435.2
2020-12-08 04:50:00,435.4
2020-12-08 05:00:00,435.251088385914
2020-12-08 05:10:00,435.194683422732
2020-12-08 05:20:00,435.1353375791961
2020-12-08 05:30:00,435.07325222013384
2020-12-08 05:40:00,435.00862871037265
2020-12-08 05:50:00,434.9416684147401
2020-12-08 06:00:00,434.8725726980637
2020-12-08 06:10:00,434.801542925171
2020-12-08 06:20:00,434.72878046088954
2020-12-08 06:30:00,434.65448667004677
2020-12-08 06:40:00,434.57886291747025
2020-12-08 06:50:00,434.50211056798753
2020-12-08 07:00:00,434.4244309864261
2020-12-08 07:10:00,434.3460255376135
2020-12-08 07:20:00,434.2670955863773
2020-12-08 07:30:00,434.187842497545
2020-12-08 07:40:00,434.10846763594407
2020-12-08 07:50:00,434.02917236640207
2020-12-08 08:00:00,433.9501580537465
2020-12-08 08:10:00,433.871626062805
2020-12-08 08:20:00,433.79377775840493
2020-12-08 08:30:00,433.7168145053739
2020-12-08 08:40:00,433.64093766853944
2020-12-08 08:50:00,433.56634861272903
2020-12-08 09:00:00,433.49324870277025
2020-12-08 09:10:00,433.4218393034906
2020-12-08 09:20:00,433.35232177971756
2020-12-08 09:30:00,433.28489749627875
2020-12-08 09:40:00,433.2197678180016
2020-12-08 09:50:00,433.15713410971375
2020-12-08 10:00:00,433.0971977362426
2020-12-08 10:10:00,433.04016006241574
2020-12-08 10:20:00,432.9862224530607
2020-12-08 10:30:00,432.93558627300496
2020-12-08 10:40:00,432.8884528870761
2020-12-08 10:50:00,432.84502366010156
2020-12-08 11:00:00,432.80549995690893
2020-12-08 11:10:00,432.77008314232575
2020-12-08 11:20:00,432.7389745811795
2020-12-08 11:30:00,432.7123756382977
2020-12-08 11:40:00,432.69048767850796
2020-12-08 11:50:00,432.6735120666377
2020-12-08 12:00:00,432.66165016751455
2020-12-08 12:10:00,432.6551033459659
2020-12-08 12:20:00,432.6540729668194
2020-12-08 12:30:00,432.6587603949025
2020-12-08 12:40:00,432.66936699504276
2020-12-08 12:50:00,432.6860941320677
2020-12-08 13:00:00,432.70914317080485
2020-12-08 13:10:00,432.7387154760817
2020-12-08 13:20:00,433.4
2020-12-08 13:30:00,432.0
2020-12-08 13:40:00,432.2
2020-12-08 13:50:00,432.8
2020-12-08 14:00:00,433.2
2020-12-08 14:10:00,433.3
2020-12-08 14:20:00,433.0
2020-12-08 14:30:00,433.5
2020-12-08 14:40:00,434.2
2020-12-08 14:50:00,434.7
2020-12-08 15:00:00,435.3
2020-12-08 15:10:00,434.9
2020-12-08 15:20:00,433.6
2020-12-08 15:30:00,434.0
2020-12-08 15:40:00,434.3
2020-12-08 15:50:00,437.4
2020-12-08 16:00:00,439.4
2020-12-08 16:10:00,437.4
2020-12-08 16:20:00,441.4
2020-12-08 16:30:00,438.8
2020-12-08 16:40:00,443.6
2020-12-08 16:50:00,443.7
2020-12-08 17:00:00,446.3
2020-12-08 17:10:00,441.6
2020-12-08 17:20:00,442.4
2020-12-08 17:30:00,440.5
2020-12-08 17:40:00,440.7
2020-12-08 17:50:00,441.0
2020-12-08 18:00:00,442.5
2020-12-08 18:10:00,446.7
2020-12-08 18:20:00,458.4
2020-12-08 18:30:00,453.0
2020-12-08 18:40:00,454.6
2020-12-08 18:50:00,463.6
2020-12-08 19:00:00,448.6
2020-12-08 19:10:00,449.6
2020-12-08 19:20:00,450.6
2020-12-08 19:30:00,447.7
2020-12-08 19:40:00,452.3
2020-12-08 19:50:00,455.3
2020-12-08 20:00:00,454.5
2020-12-08 20:10:00,455.0
2020-12-08 20:20:00,454.4
2020-12-08 20:30:00,456.9
2020-12-08 20:40:00,464.1
2020-12-08 20:50:00,463.7
2020-12-08 21:00:00,460.8
2020-12-08 21:10:00,462.5
2020-12-08 21:20:00,468.7
2020-12-08 21:30:00,470.2
2020-12-08 21:40:00,468.4
2020-12-08 21:50:00,469.3
2020-12-08 22:00:00,472.6
2020-12-08 22:10:00,467.9
2020-12-08 22:20:00,473.5
2020-12-08 22:30:00,477.7
2020-12-08 22:40:00,478.1
2020-12-08 22:50:00,469.1
2020-12-08 23:00:00,470.6
2020-12-08 23:10:00,471.5
2020-12-08 23:20:00,485.9
2020-12-08 23:30:00,479.7
2020-12-08 23:40:00,475.2
2020-12-08 23:50:00,472.8
2020-12-09 00:00:00,486.1
2020-12-09 00:10:00,488.2
2020-12-09 00:20:00,487.1
2020-12-09 00:30:00,482.4
2020-12-09 00:40:00,480.2
2020-12-09 00:50:00,479.5
2020-12-09 01:00:00,478.4
2020-12-09 01:10:00,484.6
2020-12-09 01:20:00,488.4
2020-12-09 01:30:00,491.3
2020-12-09 01:40:00,487.4
2020-12-09 01:50:00,486.6
2020-12-09 02:00:00,482.6
2020-12-09 02:10:00,483.7
2020-12-09 02:20:00,485.4
2020-12-09 02:30:00,486.2
2020-12-09 02:40:00,486.0
2020-12-09 02:50:00,471.8
2020-12-09 03:00:00,466.0
2020-12-09 03:10:00,478.7
2020-12-09 03:20:00,473.4
2020-12-09 03:30:00,477.4
2020-12-09 03:40:00,475.6
2020-12-09 03:50:00,471.5
2020-12-09 04:00:00,480.5
2020-12-09 04:10:00,483.8
2020-12-09 04:20:00,482.3
2020-12-09 04:30:00,475.3
2020-12-09 04:40:00,463.7
2020-12-09 04:50:00,458.1
2020-12-09 05:00:00,462.8
2020-12-09 05:10:00,462.0
2020-12-09 05:20:00,466.0
2020-12-09 05:30:00,469.1
2020-12-09 05:40:00,472.6
2020-12-09 05:50:00,471.6
2020-12-09 06:00:00,463.4
2020-12-09 06:10:00,465.1
2020-12-09 06:20:00,466.3
2020-12-09 06:30:00,468.5
2020-12-09 06:40:00,468.2
2020-12-09 06:50:00,467.6
2020-12-09 07:00:00,466.4
2020-12-09 07:10:00,469.1
2020-12-09 07:20:00,473.1
2020-12-09 07:30:00,472.4
2020-12-09 07:40:00,484.0
2020-12-09 07:50:00,485.5
2020-12-09 08:00:00,484.3
2020-12-09 08:10:00,483.7
2020-12-09 08:20:00,482.6
2020-12-09 08:30:00,481.0
2020-12-09 08:40:00,485.6
2020-12-09 08:50:00,486.8
2020-12-09 09:00:00,484.5
2020-12-09 09:10:00,480.4
2020-12-09 09:20:00,482.3
2020-12-09 09:30:00,481.1
2020-12-09 09:40:00,481.4
2020-12-09 09:50:00,480.5
2020-12-09 10:00:00,480.7
2020-12-09 10:10:00,477.8
2020-12-09 10:20:00,482.8
2020-12-09 10:30:00,482.0
2020-12-09 10:40:00,477.7
2020-12-09 10:50:00,480.1
2020-12-09 11:00:00,479.1
2020-12-09 11:10:00,476.9
2020-12-09 11:20:00,475.3
2020-12-09 11:30:00,476.4
2020-12-09 11:40:00,475.2
2020-12-09 11:50:00,474.1
2020-12-09 12:00:00,472.2
2020-12-09 12:10:00,473.2
2020-12-09 12:20:00,471.5
2020-12-09 12:30:00,465.7
2020-12-09 12:40:00,465.3
2020-12-09 12:50:00,464.0
2020-12-09 13:00:00,462.1
2020-12-09 13:10:00,462.6
2020-12-09 13:20:00,463.8
2020-12-09 13:30:00,463.5
2020-12-09 13:40:00,462.6
2020-12-09 13:50:00,461.2
2020-12-09 14:00:00,458.4
2020-12-09 14:10:00,458.8
2020-12-09 14:20:00,459.5
2020-12-09 14:30:00,447.3
2020-12-09 14:40:00,446.0
2020-12-09 14:50:00,446.7
2020-12-09 15:00:00,448.4
2020-12-09 15:10:00,449.7
2020-12-09 15:20:00,449.7
2020-12-09 15:30:00,450.1
2020-12-09 15:40:00,450.0
2020-12-09 15:50:00,450.7
2020-12-09 16:00:00,451.0
2020-12-09 16:10:00,450.4
2020-12-09 16:20:00,451.4
2020-12-09 16:30:00,450.2
2020-12-09 16:40:00,449.4
2020-12-09 16:50:00,450.4
2020-12-09 17:00:00,448.2
2020-12-09 17:10:00,447.8
2020-12-09 17:20:00,447.1
2020-12-09 17:30:00,447.5
2020-12-09 17:40:00,448.1
2020-12-09 17:50:00,448.3
2020-12-09 18:00:00,450.0
2020-12-09 18:10:00,450.4
2020-12-09 18:20:00,450.6
2020-12-09 18:30:00,450.8
2020-12-09 18:40:00,451.0
2020-12-09 18:50:00,450.8
2020-12-09 19:00:00,449.4
2020-12-09 19:10:00,449.8
2020-12-09 19:20:00,450.0
2020-12-09 19:30:00,450.4
2020-12-09 19:40:00,448.7
2020-12-09 19:50:00,448.5
2020-12-09 20:00:00,448.4
2020-12-09 20:10:00,448.3
2020-12-09 20:20:00,448.2
2020-12-09 20:30:00,448.4
2020-12-09 20:40:00,447.9
2020-12-09 20:50:00,447.8
2020-12-09 21:00:00,447.1
2020-12-09 21:10:00,447.4
2020-12-09 21:20:00,447.5
2020-12-09 21:30:00,448.5
2020-12-09 21:40:00,449.3
2020-12-09 21:50:00,450.2
2020-12-09 22:00:00,449.2
2020-12-09 22:10:00,449.1
2020-12-09 22:20:00,448.3
2020-12-09 22:30:00,448.7
2020-12-09 22:40:00,448.7
2020-12-09 22:50:00,448.7
2020-12-09 23:00:00,448.7
2020-12-09 23:10:00,447.5
2020-12-09 23:20:00,445.9
2020-12-09 23:30:00,445.3
2020-12-09 23:40:00,444.8
2020-12-09 23:50:00,444.4
2020-12-10 00:00:00,444.3
2020-12-10 00:10:00,445.3
2020-12-10 00:20:00,444.8
2020-12-10 00:30:00,444.71906698216304
2020-12-10 00:40:00,444.7186532737531
2020-12-10 00:50:00,444.75180351259723
2020-12-10 01:00:00,444.81709124124893
2020-12-10 01:10:00,444.9130900022616
2020-12-10 01:20:00,445.0383733381886
2020-12-10 01:30:00,445.1915147915834
2020-12-10 01:40:00,445.3710879049995
2020-12-10 01:50:00,445.5756662209903
2020-12-10 02:00:00,445.80382328210914
2020-12-10 02:10:00,446.0541326309095
2020-12-10 02:20:00,446.3251678099449
2020-12-10 02:30:00,446.6155023617686
2020-12-10 02:40:00,446.9237098289342
2020-12-10 02:50:00,447.248363753995
2020-12-10 03:00:00,447.5880376795045
2020-12-10 03:10:00,447.9413051480161
2020-12-10 03:20:00,448.30673970208323
2020-12-10 03:30:00,448.68291488425933
2020-12-10 03:40:00,449.0684042370978
2020-12-10 03:50:00,449.46178130315207
2020-12-10 04:00:00,449.86161962497556
2020-12-10 04:10:00,450.26649274512175
2020-12-10 04:20:00,450.67497420614404
2020-12-10 04:30:00,451.08563755059583
2020-12-10 04:40:00,451.4970563210306
2020-12-10 04:50:00,451.90780406000175
2020-12-10 05:00:00,452.31645431006274
2020-12-10 05:10:00,452.72158061376695
2020-12-10 05:20:00,453.12175651366783
2020-12-10 05:30:00,453.5155555523188
2020-12-10 05:40:00,453.9015512722733
2020-12-10 05:50:00,454.27831721608476
2020-12-10 06:00:00,454.6444269263066
2020-12-10 06:10:00,454.99845394549226
2020-12-10 06:20:00,455.33897181619517
2020-12-10 06:30:00,455.66455408096874
2020-12-10 06:40:00,455.9737742823664
2020-12-10 06:50:00,456.2652059629416
2020-12-10 07:00:00,456.53742266524773
2020-12-10 07:10:00,456.78899793183825
2020-12-10 07:20:00,457.0185053052666
2020-12-10 07:30:00,457.2245183280862
2020-12-10 07:40:00,457.40561054285047
2020-12-10 07:50:00,457.5603554921129
2020-12-10 08:00:00,457.6873267184268
2020-12-10 08:10:00,457.78509776434566
2020-12-10 08:20:00,457.85224217242285
2020-12-10 08:30:00,457.88733348521185
2020-12-10 08:40:00,457.88894524526614
2020-12-10 08:50:00,458.5
2020-12-10 09:00:00,457.6
2020-12-10 09:10:00,456.3
2020-12-10 09:20:00,456.5
2020-12-10 09:30:00,456.7
2020-12-10 09:40:00,458.1
2020-12-10 09:50:00,457.8
2020-12-10 10:00:00,457.2
2020-12-10 10:10:00,457.1
2020-12-10 10:20:00,456.4
2020-12-10 10:30:00,457.3
2020-12-10 10:40:00,456.1
2020-12-10 10:50:00,456.9
2020-12-10 11:00:00,457.2
2020-12-10 11:10:00,457.6
2020-12-10 11:20:00,457.6
2020-12-10 11:30:00,457.6
2020-12-10 11:40:00,458.0
2020-12-10 11:50:00,457.5
2020-12-10 12:00:00,457.9
2020-12-10 12:10:00,456.1
2020-12-10 12:20:00,454.6
2020-12-10 12:30:00,454.4
2020-12-10 12:40:00,453.0
2020-12-10 12:50:00,450.4
2020-12-10 13:00:00,448.7
2020-12-10 13:10:00,448.9
2020-12-10 13:20:00,449.2
2020-12-10 13:30:00,448.9
2020-12-10 13:40:00,448.3
2020-12-10 13:50:00,447.9
2020-12-10 14:00:00,448.4
2020-12-10 14:10:00,449.2
2020-12-10 14:20:00,449.6
2020-12-10 14:30:00,449.4
2020-12-10 14:40:00,449.1
2020-12-10 14:50:00,450.8
2020-12-10 15:00:00,449.5
2020-12-10 15:10:00,450.3
2020-12-10 15:20:00,450.7
2020-12-10 15:30:00,451.9
2020-12-10 15:40:00,451.1
2020-12-10 15:50:00,452.7
2020-12-10 16:00:00,452.4
2020-12-10 16:10:00,453.2
2020-12-10 16:20:00,453.8
2020-12-10 16:30:00,453.0
2020-12-10 16:40:00,452.0
2020-12-10 16:50:00,452.0
2020-12-10 17:00:00,450.7
2020-12-10 17:10:00,451.0
2020-12-10 17:20:00,450.3
2020-12-10 17:30:00,450.8
2020-12-10 17:40:00,451.6
2020-12-10 17:50:00,451.2
2020-12-10 18:00:00,451.9
2020-12-10 18:10:00,452.1
2020-12-10 18:20:00,454.0
2020-12-10 18:30:00,453.9
2020-12-10 18:40:00,455.3
2020-12-10 18:50:00,453.8
2020-12-10 19:00:00,453.4
2020-12-10 19:10:00,453.0
2020-12-10 19:20:00,453.7
2020-12-10 19:30:00,454.3
2020-12-10 19:40:00,454.2
2020-12-10 19:50:00,456.3
2020-12-10 20:00:00,456.7
2020-12-10 20:10:00,457.2
2020-12-10 20:20:00,456.7
2020-12-10 20:30:00,455.8
2020-12-10 20:40:00,456.1
2020-12-10 20:50:00,456.0
2020-12-10 21:00:00,456.1
2020-12-10 21:10:00,456.6
2020-12-10 21:20:00,457.8
2020-12-10 21:30:00,458.8
2020-12-10 21:40:00,458.6
2020-12-10 21:50:00,458.0
2020-12-10 22:00:00,458.3
2020-12-10 22:10:00,458.3
2020-12-10 22:20:00,457.9
2020-12-10 22:30:00,457.0
2020-12-10 22:40:00,457.56190633418333
2020-12-10 22:50:00,457.5970870049522
2020-12-10 23:00:00,457.65310262166804
2020-12-10 23:10:00,457.72885193950356
2020-12-10 23:20:00,457.82323371363145
2020-12-10 23:30:00,457.9351466992244
2020-12-10 23:40:00,458.06348965145503
2020-12-10 23:50:00,458.20716132549603
2020-12-11 00:00:00,458.3650604765201
2020-12-11 00:10:00,458.53608585969994
2020-12-11 00:20:00,458.7191362302081
2020-12-11 00:30:00,458.9131103432174
2020-12-11 00:40:00,459.1169069539004
2020-12-11 00:50:00,459.32942481742987
2020-12-11 01:00:00,459.5495626889784
2020-12-11 01:10:00,459.77621932371875
2020-12-11 01:20:00,460.0082934768235
2020-12-11 01:30:00,460.2446839034654
2020-12-11 01:40:00,460.4842893588171
2020-12-11 01:50:00,460.72600859805124
2020-12-11 02:00:00,460.9687403763405
2020-12-11 02:10:00,461.2113834488576
2020-12-11 02:20:00,461.45283657077516
2020-12-11 02:30:00,461.6919984972659
2020-12-11 02:40:00,461.92776798350246
2020-12-11 02:50:00,462.15904378465757
2020-12-11 03:00:00,462.3847246559038
2020-12-11 03:10:00,462.60370935241394
2020-12-11 03:20:00,462.8148966293606
2020-12-11 03:30:00,463.0171852419165
2020-12-11 03:40:00,463.2094739452542
2020-12-11 03:50:00,463.3906614945465
2020-12-11 04:00:00,463.55964664496605
2020-12-11 04:10:00,463.71532815168547
2020-12-11 04:20:00,463.8566047698775
2020-12-11 04:30:00,463.9823752547147
2020-12-11 04:40:00,464.0915383613699
2020-12-11 04:50:00,464.18299284501563
2020-12-11 05:00:00,464.2556374608247
2020-12-11 05:10:00,464.3083709639697
2020-12-11 05:20:00,464.3400921096233
2020-12-11 05:30:00,464.34969965295824
2020-12-11 05:40:00,464.3360923491471
2020-12-11 05:50:00,464.2981689533626
2020-12-11 06:00:00,464.23482822077744
2020-12-11 06:10:00,464.14496890656426
2020-12-11 06:20:00,464.0274897658958
2020-12-11 06:30:00,463.8812895539446
2020-12-11 06:40:00,463.7052670258835
2020-12-11 06:50:00,463.498320936885
2020-12-11 07:00:00,463.3
2020-12-11 07:10:00,463.8
2020-12-11 07:20:00,461.5
2020-12-11 07:30:00,462.7
2020-12-11 07:40:00,460.2
2020-12-11 07:50:00,460.4
2020-12-11 08:00:00,460.3
2020-12-11 08:10:00,460.7
2020-12-11 08:20:00,462.2
2020-12-11 08:30:00,462.0
2020-12-11 08:40:00,462.1
2020-12-11 08:50:00,463.4
2020-12-11 09:00:00,462.6
2020-12-11 09:10:00,460.5
2020-12-11 09:20:00,461.2
2020-12-11 09:30:00,458.6
2020-12-11 09:40:00,452.8
2020-12-11 09:50:00,452.7
2020-12-11 10:00:00,453.8
2020-12-11 10:10:00,448.8
2020-12-11 10:20:00,448.2
2020-12-11 10:30:00,447.5
2020-12-11 10:40:00,448.0
2020-12-11 10:50:00,449.7
2020-12-11 11:00:00,450.3
2020-12-11 11:10:00,449.5
2020-12-11 11:20:00,448.8
2020-12-11 11:30:00,447.7
2020-12-11 11:40:00,446.6
2020-12-11 11:50:00,445.3
2020-12-11 12:00:00,444.9
2020-12-11 12:10:00,445.0
2020-12-11 12:20:00,445.2
2020-12-11 12:30:00,444.8
2020-12-11 12:40:00,445.4
2020-12-11 12:50:00,445.7
2020-12-11 13:00:00,445.5
2020-12-11 13:10:00,444.3
2020-12-11 13:20:00,443.9
2020-12-11 13:30:00,444.1
2020-12-11 13:40:00,444.1
2020-12-11 13:50:00,444.0
2020-12-11 14:00:00,444.3
2020-12-11 14:10:00,444.2
2020-12-11 14:20:00,444.1
2020-12-11 14:30:00,443.8
2020-12-11 14:40:00,443.5
2020-12-11 14:50:00,443.8
2020-12-11 15:00:00,443.8
2020-12-11 15:10:00,443.82858931739713
2020-12-11 15:20:00,443.8883373929492
2020-12-11 15:30:00,443.96516748252867
2020-12-11 15:40:00,444.0580259814558
2020-12-11 15:50:00,444.16585928505083
2020-12-11 16:00:00,444.287613788634
2020-12-11 16:10:00,444.42223588752563
2020-12-11 16:20:00,444.5686719770459
2020-12-11 16:30:00,444.725868452515
2020-12-11 16:40:00,444.8927717092532
2020-12-11 16:50:00,445.06832814258087
2020-12-11 17:00:00,445.25148414781813
2020-12-11 17:10:00,445.44118612028524
2020-12-11 17:20:00,445.6363804553025
2020-12-11 17:30:00,445.8360135481901
2020-12-11 17:40:00,446.03903179426834
2020-12-11 17:50:00,446.24438158885744
2020-12-11 18:00:00,446.45100932727763
2020-12-11 18:10:00,446.6578614048492
2020-12-11 18:20:00,446.86388421689236
2020-12-11 18:30:00,447.0680241587274
2020-12-11 18:40:00,447.2692276256745
2020-12-11 18:50:00,447.46644101305395
2020-12-11 19:00:00,447.658610716186
2020-12-11 19:10:00,447.8446831303909
2020-12-11 19:20:00,448.02360465098883
2020-12-11 19:30:00,448.1943216733001
2020-12-11 19:40:00,448.35578059264503
2020-12-11 19:50:00,448.5069278043437
2020-12-11 20:00:00,448.6467097037165
2020-12-11 20:10:00,448.7740726860836
2020-12-11 20:20:00,448.8879631467653
2020-12-11 20:30:00,448.98732748108176
2020-12-11 20:40:00,449.0711120843533
2020-12-11 20:50:00,449.1382633519001
2020-12-11 21:00:00,449.1877276790425
2020-12-11 21:10:00,449.2184514611007
2020-12-11 21:20:00,449.2293810933949
2020-12-11 21:30:00,449.2194629712455
2020-12-11 21:40:00,449.1876434899726
2020-12-11 21:50:00,449.13286904489644
2020-12-11 22:00:00,449.05408603133736
2020-12-11 22:10:00,448.95024084461556
2020-12-11 22:20:00,448.82027988005126
2020-12-11 22:30:00,448.6631495329648
2020-12-11 22:40:00,448.4777961986763
2020-12-11 22:50:00,448.26316627250606
2020-12-11 23:00:00,448.0182061497743
2020-12-11 23:10:00,447.74186222580136
2020-12-11 23:20:00,447.43308089590744
2020-12-11 23:30:00,448.1
2020-12-11 23:40:00,445.5
2020-12-11 23:50:00,445.1
2020-12-12 00:00:00,445.1
2020-12-12 00:10:00,445.8
2020-12-12 00:20:00,446.2
2020-12-12 00:30:00,445.0
2020-12-12 00:40:00,444.1
2020-12-12 00:50:00,443.3
2020-12-12 01:00:00,443.5
2020-12-12 01:10:00,442.9
2020-12-12 01:20:00,442.5
2020-12-12 01:30:00,441.8
2020-12-12 01:40:00,440.9
2020-12-12 01:50:00,440.2
2020-12-12 02:00:00,439.5
2020-12-12 02:10:00,439.4
2020-12-12 02:20:00,439.6
2020-12-12 02:30:00,439.6
2020-12-12 02:40:00,439.6
2020-12-12 02:50:00,439.7
2020-12-12 03:00:00,439.8
2020-12-12 03:10:00,439.8
2020-12-12 03:20:00,439.7
2020-12-12 03:30:00,439.9
2020-12-12 03:40:00,439.6
2020-12-12 03:50:00,439.5
2020-12-12 04:00:00,439.7
2020-12-12 04:10:00,440.0
2020-12-12 04:20:00,440.2
2020-12-12 04:30:00,440.3
2020-12-12 04:40:00,440.0
2020-12-12 04:50:00,439.8
2020-12-12 05:00:00,439.4
2020-12-12 05:10:00,439.6
2020-12-12 05:20:00,439.9
2020-12-12 05:30:00,440.0
2020-12-12 05:40:00,440.6
2020-12-12 05:50:00,440.8
2020-12-12 06:00:00,440.2
2020-12-12 06:10:00,440.6
2020-12-12 06:20:00,440.4
2020-12-12 06:30:00,440.2
2020-12-12 06:40:00,439.9
2020-12-12 06:50:00,439.7
2020-12-12 07:00:00,439.9
2020-12-12 07:10:00,439.9
2020-12-12 07:20:00,441.1
2020-12-12 07:30:00,441.4
2020-12-12 07:40:00,440.9
2020-12-12 07:50:00,440.2
2020-12-12 08:00:00,441.0
2020-12-12 08:10:00,440.8
2020-12-12 08:20:00,441.2
2020-12-12 08:30:00,442.4
2020-12-12 08:40:00,443.7
2020-12-12 08:50:00,443.4
2020-12-12 09:00:00,444.1
2020-12-12 09:10:00,443.0
2020-12-12 09:20:00,443.4
2020-12-12 09:30:00,443.9
2020-12-12 09:40:00,443.4
2020-12-12 09:50:00,443.4
2020-12-12 10:00:00,443.8
2020-12-12 10:10:00,443.3
2020-12-12 10:20:00,443.1
2020-12-12 10:30:00,442.5
2020-12-12 10:40:00,441.6
2020-12-12 10:50:00,441.1
2020-12-12 11:00:00,441.7
2020-12-12 11:10:00,441.8
2020-12-12 11:20:00,441.1
2020-12-12 11:30:00,440.1
2020-12-12 11:40:00,439.6
2020-12-12 11:50:00,439.4
2020-12-12 12:00:00,439.0
2020-12-12 12:10:00,439.0
2020-12-12 12:20:00,438.6
2020-12-12 12:30:00,437.8
2020-12-12 12:40:00,436.7
2020-12-12 12:50:00,435.8
2020-12-12 13:00:00,435.0
2020-12-12 13:10:00,434.9
2020-12-12 13:20:00,434.6
2020-12-12 13:30:00,434.4
2020-12-12 13:40:00,435.0
2020-12-12 13:50:00,434.7
2020-12-12 14:00:00,434.9
2020-12-12 14:10:00,434.4
2020-12-12 14:20:00,434.5
2020-12-12 14:30:00,434.8
2020-12-12 14:40:00,434.7
2020-12-12 14:50:00,435.0
2020-12-12 15:00:00,435.0
2020-12-12 15:10:00,434.9
2020-12-12 15:20:00,435.3
2020-12-12 15:30:00,435.4
2020-12-12 15:40:00,435.5
2020-12-12 15:50:00,436.5
2020-12-12 16:00:00,436.8
2020-12-12 16:10:00,437.5
2020-12-12 16:20:00,438.3
2020-12-12 16:30:00,438.8
2020-12-12 16:40:00,438.3
2020-12-12 16:50:00,439.7
2020-12-12 17:00:00,440.3
2020-12-12 17:10:00,439.8
2020-12-12 17:20:00,439.8
2020-12-12 17:30:00,442.0
2020-12-12 17:40:00,441.9
2020-12-12 17:50:00,442.3
2020-12-12 18:00:00,441.9
2020-12-12 18:10:00,441.5
2020-12-12 18:20:00,441.3
2020-12-12 18:30:00,442.1
2020-12-12 18:40:00,442.8
2020-12-12 18:50:00,442.1
2020-12-12 19:00:00,442.6
2020-12-12 19:10:00,444.6
2020-12-12 19:20:00,444.5
2020-12-12 19:30:00,443.0
2020-12-12 19:40:00,443.3
2020-12-12 19:50:00,444.1
2020-12-12 20:00:00,443.6
2020-12-12 20:10:00,444.7
2020-12-12 20:20:00,445.0
2020-12-12 20:30:00,446.3
2020-12-12 20:40:00,447.1
2020-12-12 20:50:00,448.3
2020-12-12 21:00:00,449.7
2020-12-12 21:10:00,449.2
2020-12-12 21:20:00,448.9
2020-12-12 21:30:00,448.2
2020-12-12 21:40:00,447.2
2020-12-12 21:50:00,447.8
2020-12-12 22:00:00,447.1
2020-12-12 22:10:00,447.9
2020-12-12 22:20:00,448.1
2020-12-12 22:30:00,447.5
2020-12-12 22:40:00,446.7
2020-12-12 22:50:00,447.9
2020-12-12 23:00:00,447.2
2020-12-12 23:10:00,447.35080711199316
2020-12-12 23:20:00,447.36102787765407
2020-12-12 23:30:00,447.38307160587163
2020-12-12 23:40:00,447.41663661201994
2020-12-12 23:50:00,447.4614212114732
2020-12-13 00:00:00,447.5171237196055
2020-12-13 00:10:00,447.58344245179103
2020-12-13 00:20:00,447.6600757234039
2020-12-13 00:30:00,447.7467218498183
2020-12-13 00:40:00,447.84307914640834
2020-12-13 00:50:00,447.94884592854817
2020-12-13 01:00:00,448.0637205116119
2020-12-13 01:10:00,448.18740121097375
2020-12-13 01:20:00,448.3195863420078
2020-12-13 01:30:00,448.45997422008827
2020-12-13 01:40:00,448.6082631605892
2020-12-13 01:50:00,448.7641514788848
2020-12-13 02:00:00,448.9273374903492
2020-12-13 02:10:00,449.09751951035656
2020-12-13 02:20:00,449.274395854281
2020-12-13 02:30:00,449.45766483749674
2020-12-13 02:40:00,449.6470247753778
2020-12-13 02:50:00,449.84217398329844
2020-12-13 03:00:00,450.04281077663273
2020-12-13 03:10:00,450.24863347075484
2020-12-13 03:20:00,450.4593403810389
2020-12-13 03:30:00,450.67462982285906
2020-12-13 03:40:00,450.8942001115895
2020-12-13 03:50:00,451.11774956260433
2020-12-13 04:00:00,451.3449764912777
2020-12-13 04:10:00,451.57557921298377
2020-12-13 04:20:00,451.80925604309664
2020-12-13 04:30:00,452.0457052969905
2020-12-13 04:40:00,452.2846252900395
2020-12-13 04:50:00,452.5257143376178
2020-12-13 05:00:00,452.76867075509944
2020-12-13 05:10:00,453.01319285785866
2020-12-13 05:20:00,453.2589789612696
2020-12-13 05:30:00,453.5057273807064
2020-12-13 05:40:00,453.75313643154317
2020-12-13 05:50:00,454.0009044291541
2020-12-13 06:00:00,454.2487296889133
2020-12-13 06:10:00,454.4963105261949
2020-12-13 06:20:00,454.7433452563731
2020-12-13 06:30:00,454.989532194822
2020-12-13 06:40:00,455.23456965691577
2020-12-13 06:50:00,455.47815595802854
2020-12-13 07:00:00,455.71998941353445
2020-12-13 07:10:00,455.9597683388077
2020-12-13 07:20:00,456.19719104922234
2020-12-13 07:30:00,456.1
2020-12-13 07:40:00,456.4
2020-12-13 07:50:00,458.7
2020-12-13 08:00:00,457.4
2020-12-13 08:10:00,457.2
2020-12-13 08:20:00,457.1
2020-12-13 08:30:00,455.9
2020-12-13 08:40:00,456.0
2020-12-13 08:50:00,457.4
2020-12-13 09:00:00,458.7
2020-12-13 09:10:00,458.7
2020-12-13 09:20:00,459.6
2020-12-13 09:30:00,461.2
2020-12-13 09:40:00,459.9
2020-12-13 09:50:00,459.6
2020-12-13 10:00:00,458.5
2020-12-13 10:10:00,460.1
2020-12-13 10:20:00,459.3
2020-12-13 10:30:00,459.7
2020-12-13 10:40:00,459.9
2020-12-13 10:50:00,457.9
2020-12-13 11:00:00,456.1
2020-12-13 11:10:00,456.3
2020-12-13 11:20:00,456.0
2020-12-13 11:30:00,455.5
2020-12-13 11:40:00,455.2
2020-12-13 11:50:00,455.4
2020-12-13 12:00:00,453.7
2020-12-13 12:10:00,453.2
2020-12-13 12:20:00,452.6
2020-12-13 12:30:00,452.09912570884933
2020-12-13 12:40:00,451.5303936462416
2020-12-13 12:50:00,450.9692716413594
2020-12-13 13:00:00,450.4166273511396
2020-12-13 13:10:00,449.8733284325189
2020-12-13 13:20:00,449.34024254243417
2020-12-13 13:30:00,448.81823733782215
2020-12-13 13:40:00,448.3081804756197
2020-12-13 13:50:00,447.81093961276355
2020-12-13 14:00:00,447.3273824061905
2020-12-13 14:10:00,446.85837651283737
2020-12-13 14:20:00,446.4047895896409
2020-12-13 14:30:00,445.96748929353794
2020-12-13 14:40:00,445.5473432814652
2020-12-13 14:50:00,445.1452192103595
2020-12-13 15:00:00,444.7619847371577
2020-12-13 15:10:00,444.3985075187965
2020-12-13 15:20:00,444.05565521221274
2020-12-13 15:30:00,443.7342954743432
2020-12-13 15:40:00,443.43529596212466
2020-12-13 15:50:00,443.1595243324939
2020-12-13 16:00:00,442.9078482423878
2020-12-13 16:10:00,442.681135348743
2020-12-13 16:20:00,442.4802533084964
2020-12-13 16:30:00,442.3060697785848
2020-12-13 16:40:00,442.15945241594494
2020-12-13 16:50:00,442.0412688775136
2020-12-13 17:00:00,441.95238682022756
2020-12-13 17:10:00,441.89367390102365
2020-12-13 17:20:00,441.8659977768387
2020-12-13 17:30:00,441.8702261046094
2020-12-13 17:40:00,441.9072265412726
2020-12-13 17:50:00,441.9778667437651
2020-12-13 18:00:00,442.08301436902366
2020-12-13 18:10:00,442.2235370739851
2020-12-13 18:20:00,442.4003025155862
2020-12-13 18:30:00,442.6141783507637
2020-12-13 18:40:00,442.8660322364545
2020-12-13 18:50:00,443.1567318295953
2020-12-13 19:00:00,443.4871447871229
2020-12-13 19:10:00,443.8581387659741
2020-12-13 19:20:00,444.27058142308573
2020-12-13 19:30:00,444.7253404153945
2020-12-13 19:40:00,445.22328339983727
2020-12-13 19:50:00,445.7652780333508
2020-12-13 20:00:00,446.3521919728719
2020-12-13 20:10:00,446.9848928753374
2020-12-13 20:20:00,447.664248397684
2020-12-13 20:30:00,448.3911261968485
2020-12-13 20:40:00,449.16639392976776
2020-12-13 20:50:00,450.3
2020-12-13 21:00:00,449.4
2020-12-13 21:10:00,452.1
2020-12-13 21:20:00,455.2
2020-12-13 21:30:00,454.7
2020-12-13 21:40:00,453.3
2020-12-13 21:50:00,456.7
2020-12-13 22:00:00,457.4
2020-12-13 22:10:00,457.2
2020-12-13 22:20:00,458.5
2020-12-13 22:30:00,457.6
2020-12-13 22:40:00,460.7
2020-12-13 22:50:00,465.3
2020-12-13 23:00:00,468.1
2020-12-13 23:10:00,468.1
2020-12-13 23:20:00,465.5
2020-12-13 23:30:00,465.4
2020-12-13 23:40:00,465.4
2020-12-13 23:50:00,465.2
2020-12-14 00:00:00,463.7
2020-12-14 00:10:00,464.7
2020-12-14 00:20:00,464.3
2020-12-14 00:30:00,465.0
2020-12-14 00:40:00,466.2
2020-12-14 00:50:00,466.7
2020-12-14 01:00:00,466.3
2020-12-14 01:10:00,465.7
2020-12-14 01:20:00,464.9
2020-12-14 01:30:00,463.1
2020-12-14 01:40:00,453.5
2020-12-14 01:50:00,456.1
2020-12-14 02:00:00,463.0
2020-12-14 02:10:00,464.0
2020-12-14 02:20:00,462.9
2020-12-14 02:30:00,458.2
2020-12-14 02:40:00,456.3
2020-12-14 02:50:00,458.2
2020-12-14 03:00:00,455.7
2020-12-14 03:10:00,454.5
2020-12-14 03:20:00,454.9
2020-12-14 03:30:00,454.8
2020-12-14 03:40:00,456.5
2020-12-14 03:50:00,459.3
2020-12-14 04:00:00,463.1
2020-12-14 04:10:00,464.3
2020-12-14 04:20:00,462.9
2020-12-14 04:30:00,462.0
2020-12-14 04:40:00,460.6
2020-12-14 04:50:00,458.7
2020-12-14 05:00:00,456.2
2020-12-14 05:10:00,456.3
2020-12-14 05:20:00,456.6
2020-12-14 05:30:00,454.7
2020-12-14 05:40:00,454.8
2020-12-14 05:50:00,455.7
2020-12-14 06:00:00,454.8
2020-12-14 06:10:00,454.6
2020-12-14 06:20:00,453.7
2020-12-14 06:30:00,452.4
2020-12-14 06:40:00,449.8
2020-12-14 06:50:00,450.0
2020-12-14 07:00:00,450.7
2020-12-14 07:10:00,450.9
2020-12-14 07:20:00,449.1
2020-12-14 07:30:00,450.0
2020-12-14 07:40:00,451.6
2020-12-14 07:50:00,450.0
2020-12-14 08:00:00,451.2
2020-12-14 08:10:00,452.3
2020-12-14 08:20:00,450.0
2020-12-14 08:30:00,446.7
2020-12-14 08:40:00,445.2
2020-12-14 08:50:00,444.0
2020-12-14 09:00:00,441.7
2020-12-14 09:10:00,438.5
2020-12-14 09:20:00,436.7
2020-12-14 09:30:00,435.1
2020-12-14 09:40:00,435.6
2020-12-14 09:50:00,434.5
2020-12-14 10:00:00,432.7
2020-12-14 10:10:00,431.5
2020-12-14 10:20:00,430.3
2020-12-14 10:30:00,430.0
2020-12-14 10:40:00,429.7
2020-12-14 10:50:00,429.6
2020-12-14 11:00:00,429.2
2020-12-14 11:10:00,428.9
2020-12-14 11:20:00,428.5
2020-12-14 11:30:00,428.6
2020-12-14 11:40:00,428.3
2020-12-14 11:50:00,428.3
2020-12-14 12:00:00,428.3
2020-12-14 12:10:00,428.5
2020-12-14 12:20:00,428.7
2020-12-14 12:30:00,428.6
2020-12-14 12:40:00,428.7
2020-12-14 12:50:00,429.0
2020-12-14 13:00:00,429.1
2020-12-14 13:10:00,428.7
2020-12-14 13:20:00,428.2
2020-12-14 13:30:00,427.8
2020-12-14 13:40:00,428.0
2020-12-14 13:50:00,428.7
2020-12-14 14:00:00,428.1
2020-12-14 14:10:00,427.4
2020-12-14 14:20:00,428.0
2020-12-14 14:30:00,427.6
2020-12-14 14:40:00,428.0
2020-12-14 14:50:00,428.2
2020-12-14 15:00:00,427.9
2020-12-14 15:10:00,427.8
2020-12-14 15:20:00,428.1
2020-12-14 15:30:00,428.4
2020-12-14 15:40:00,428.6
2020-12-14 15:50:00,430.0
2020-12-14 16:00:00,429.7
2020-12-14 16:10:00,430.4
2020-12-14 16:20:00,430.2
2020-12-14 16:30:00,430.1
2020-12-14 16:40:00,431.1
2020-12-14 16:50:00,431.4
2020-12-14 17:00:00,431.9
2020-12-14 17:10:00,432.1
2020-12-14 17:20:00,431.5
2020-12-14 17:30:00,431.0
2020-12-14 17:40:00,430.7
2020-12-14 17:50:00,430.8
2020-12-14 18:00:00,430.5
2020-12-14 18:10:00,430.3
2020-12-14 18:20:00,430.1
2020-12-14 18:30:00,430.6
2020-12-14 18:40:00,430.5
2020-12-14 18:50:00,431.4
2020-12-14 19:00:00,431.06466650875336
2020-12-14 19:10:00,431.1322928313996
2020-12-14 19:20:00,431.1961772901296
2020-12-14 19:30:00,431.2567352533752
2020-12-14 19:40:00,431.31438208956826
2020-12-14 19:50:00,431.3695331671405
2020-12-14 20:00:00,431.42260385452386
2020-12-14 20:10:00,431.4740095201501
2020-12-14 20:20:00,431.5241655324511
2020-12-14 20:30:00,431.5734872598586
2020-12-14 20:40:00,431.6223900708045
2020-12-14 20:50:00,431.67128933372055
2020-12-14 21:00:00,431.7206004170386
2020-12-14 21:10:00,431.7707386891905
2020-12-14 21:20:00,431.82211951860813
2020-12-14 21:30:00,431.87515827372323
2020-12-14 21:40:00,431.9302703229676
2020-12-14 21:50:00,431.98787103477315
2020-12-14 22:00:00,432.0483757775716
2020-12-14 22:10:00,432.1121999197949
2020-12-14 22:20:00,432.17975882987474
2020-12-14 22:30:00,432.25146787624305
2020-12-14 22:40:00,432.3277424273316
2020-12-14 22:50:00,432.4089978515722
2020-12-14 23:00:00,432.49564951739677
2020-12-14 23:10:00,432.58811279323703
2020-12-14 23:20:00,432.68680304752485
2020-12-14 23:30:00,432.792135648692
2020-12-14 23:40:00,432.9045259651704
2020-12-14 23:50:00,433.0243893653918
2020-12-15 00:00:00,433.1521412177881
2020-12-15 00:10:00,433.288196890791
2020-12-15 00:20:00,433.43297175283243
2020-12-15 00:30:00,433.58688117234414
2020-12-15 00:40:00,433.750340517758
2020-12-15 00:50:00,433.92376515750584
2020-12-15 01:00:00,434.1075704600195
2020-12-15 01:10:00,434.30217179373074
2020-12-15 01:20:00,434.5079845270714
2020-12-15 01:30:00,434.72542402847336
2020-12-15 01:40:00,434.9549056663684
2020-12-15 01:50:00,435.19684480918835
2020-12-15 02:00:00,435.45165682536503
2020-12-15 02:10:00,435.71975708333025
2020-12-15 02:20:00,436.00156095151584
2020-12-15 02:30:00,436.29748379835365
2020-12-15 02:40:00,436.6079409922755
2020-12-15 02:50:00,436.93334790171315
2020-12-15 03:00:00,437.2741198950985
2020-12-15 03:10:00,437.6306723408634
2020-12-15 03:20:00,437.5
2020-12-15 03:30:00,438.6
2020-12-15 03:40:00,439.6
2020-12-15 03:50:00,439.5
2020-12-15 04:00:00,440.6
2020-12-15 04:10:00,440.9
2020-12-15 04:20:00,441.3
2020-12-15 04:30:00,440.8
2020-12-15 04:40:00,440.8
2020-12-15 04:50:00,439.3
2020-12-15 05:00:00,438.9
2020-12-15 05:10:00,439.2
2020-12-15 05:20:00,440.0
2020-12-15 05:30:00,440.8
2020-12-15 05:40:00,440.0
2020-12-15 05:50:00,439.6
2020-12-15 06:00:00,440.8
2020-12-15 06:10:00,441.7
2020-12-15 06:20:00,442.4
2020-12-15 06:30:00,441.9
2020-12-15 06:40:00,439.4
2020-12-15 06:50:00,438.5
2020-12-15 07:00:00,438.5
2020-12-15 07:10:00,438.8
2020-12-15 07:20:00,440.3
2020-12-15 07:30:00,441.9
2020-12-15 07:40:00,442.0
2020-12-15 07:50:00,444.9
2020-12-15 08:00:00,448.0
2020-12-15 08:10:00,445.9
2020-12-15 08:20:00,444.9
2020-12-15 08:30:00,443.5
2020-12-15 08:40:00,444.3
2020-12-15 08:50:00,443.9
2020-12-15 09:00:00,442.5
2020-12-15 09:10:00,440.4
2020-12-15 09:20:00,439.8
2020-12-15 09:30:00,441.3
2020-12-15 09:40:00,442.3
2020-12-15 09:50:00,441.6
2020-12-15 10:00:00,441.8
2020-12-15 10:10:00,440.1
2020-12-15 10:20:00,440.4
2020-12-15 10:30:00,441.4
2020-12-15 10:40:00,440.8
2020-12-15 10:50:00,439.7
2020-12-15 11:00:00,438.2
2020-12-15 11:10:00,438.2
2020-12-15 11:20:00,439.8
2020-12-15 11:30:00,439.1
2020-12-15 11:40:00,438.3
2020-12-15 11:50:00,438.0
2020-12-15 12:00:00,439.0
2020-12-15 12:10:00,439.2
2020-12-15 12:20:00,438.929175487693
2020-12-15 12:30:00,438.94170195763087
2020-12-15 12:40:00,438.9573618835871
2020-12-15 12:50:00,438.9759873301773
2020-12-15 13:00:00,438.997410362017
2020-12-15 13:10:00,439.02146304372167
2020-12-15 13:20:00,439.04797743990696
2020-12-15 13:30:00,439.0767856151883
2020-12-15 13:40:00,439.10771963418136
2020-12-15 13:50:00,439.14061156150166
2020-12-15 14:00:00,439.1752934617647
2020-12-15 14:10:00,439.211597399586
2020-12-15 14:20:00,439.2493554395812
2020-12-15 14:30:00,439.2883996463658
2020-12-15 14:40:00,439.32856208455536
2020-12-15 14:50:00,439.3696748187654
2020-12-15 15:00:00,439.4115699136115
2020-12-15 15:10:00,439.4540794337092
2020-12-15 15:20:00,439.49703544367395
2020-12-15 15:30:00,439.5402700081214
2020-12-15 15:40:00,439.5836151916671
2020-12-15 15:50:00,439.62690305892653
2020-12-15 16:00:00,439.6699656745153
2020-12-15 16:10:00,439.71263510304897
2020-12-15 16:20:00,439.75474340914303
2020-12-15 16:30:00,439.79612265741304
2020-12-15 16:40:00,439.83660491247457
2020-12-15 16:50:00,439.8760222389431
2020-12-15 17:00:00,439.91420670143424
2020-12-15 17:10:00,439.95099036456355
2020-12-15 17:20:00,439.9862052929465
2020-12-15 17:30:00,440.01968355119874
2020-12-15 17:40:00,440.05125720393573
2020-12-15 17:50:00,440.0807583157731
2020-12-15 18:00:00,440.1080189513263
2020-12-15 18:10:00,440.13287117521094
2020-12-15 18:20:00,440.15514705204254
2020-12-15 18:30:00,440.17467864643663
2020-12-15 18:40:00,440.1912980230088
2020-12-15 18:50:00,440.2048372463746
2020-12-15 19:00:00,440.21512838114955
2020-12-15 19:10:00,440.2220034919492
2020-12-15 19:20:00,440.2252946433891
2020-12-15 19:30:00,440.2248339000847
2020-12-15 19:40:00,440.22045332665175
2020-12-15 19:50:00,440.21198498770565
2020-12-15 20:00:00,440.19926094786194
2020-12-15 20:10:00,440.1821132717362
2020-12-15 20:20:00,440.16037402394403
2020-12-15 20:30:00,440.13387526910094
2020-12-15 20:40:00,440.1
2020-12-15 20:50:00,440.1
2020-12-15 21:00:00,440.5
2020-12-15 21:10:00,440.3
2020-12-15 21:20:00,438.1
2020-12-15 21:30:00,437.8
2020-12-15 21:40:00,439.5
2020-12-15 21:50:00,442.1
2020-12-15 22:00:00,441.8
2020-12-15 22:10:00,440.9
2020-12-15 22:20:00,441.3
2020-12-15 22:30:00,440.4
2020-12-15 22:40:00,439.8
2020-12-15 22:50:00,438.3
2020-12-15 23:00:00,438.5
2020-12-15 23:10:00,439.4
2020-12-15 23:20:00,439.9
2020-12-15 23:30:00,441.6
2020-12-15 23:40:00,441.2
2020-12-15 23:50:00,441.4
2020-12-16 00:00:00,440.7
2020-12-16 00:10:00,441.7
2020-12-16 00:20:00,440.6
2020-12-16 00:30:00,440.7
2020-12-16 00:40:00,440.1
2020-12-16 00:50:00,440.7
2020-12-16 01:00:00,441.3
2020-12-16 01:10:00,441.6
2020-12-16 01:20:00,442.4
2020-12-16 01:30:00,442.2
2020-12-16 01:40:00,442.1
2020-12-16 01:50:00,443.5
2020-12-16 02:00:00,443.9
2020-12-16 02:10:00,444.2
2020-12-16 02:20:00,444.2
2020-12-16 02:30:00,444.3
2020-12-16 02:40:00,444.4
2020-12-16 02:50:00,444.5
2020-12-16 03:00:00,445.7
2020-12-16 03:10:00,445.8
2020-12-16 03:20:00,445.3
2020-12-16 03:30:00,444.7
2020-12-16 03:40:00,443.8
2020-12-16 03:50:00,443.6
2020-12-16 04:00:00,445.3
2020-12-16 04:10:00,445.0
2020-12-16 04:20:00,446.0
2020-12-16 04:30:00,446.3
2020-12-16 04:40:00,446.4
2020-12-16 04:50:00,445.3
2020-12-16 05:00:00,443.8
2020-12-16 05:10:00,445.5
2020-12-16 05:20:00,446.9
2020-12-16 05:30:00,446.6
2020-12-16 05:40:00,445.3
2020-12-16 05:50:00,447.4
2020-12-16 06:00:00,446.7340482197852
2020-12-16 06:10:00,446.7369921185071
2020-12-16 06:20:00,446.70263989124805
2020-12-16 06:30:00,446.6325805287607
2020-12-16 06:40:00,446.52840302179754
2020-12-16 06:50:00,446.39169636111126
2020-12-16 07:00:00,446.2240495374544
2020-12-16 07:10:00,446.02705154157945
2020-12-16 07:20:00,445.80229136423907
2020-12-16 07:30:00,445.5513579961858
2020-12-16 07:40:00,445.2758404281722
2020-12-16 07:50:00,444.97732765095094
2020-12-16 08:00:00,444.6574086552745
2020-12-16 08:10:00,444.31767243189546
2020-12-16 08:20:00,443.9597079715664
2020-12-16 08:30:00,443.5851042650399
2020-12-16 08:40:00,443.1954503030685
2020-12-16 08:50:00,442.79233507640487
2020-12-16 09:00:00,442.37734757580154
2020-12-16 09:10:00,441.95207679201104
2020-12-16 09:20:00,441.518111715786
2020-12-16 09:30:00,441.07704133787894
2020-12-16 09:40:00,440.63045464904246
2020-12-16 09:50:00,440.17994064002914
2020-12-16 10:00:00,439.72708830159155
2020-12-16 10:10:00,439.27348662448225
2020-12-16 10:20:00,438.82072459945385
2020-12-16 10:30:00,438.3703912172589
2020-12-16 10:40:00,437.92407546864996
2020-12-16 10:50:00,437.48336634437965
2020-12-16 11:00:00,437.0498528352005
2020-12-16 11:10:00,436.6251239318651
2020-12-16 11:20:00,436.21076862512604
2020-12-16 11:30:00,435.80837590573583
2020-12-16 11:40:00,435.4195347644471
2020-12-16 11:50:00,435.0458341920124
2020-12-16 12:00:00,434.68886317918435
2020-12-16 12:10:00,434.3502107167155
2020-12-16 12:20:00,434.0314657953584
2020-12-16 12:30:00,433.7342174058656
2020-12-16 12:40:00,433.46005453898977
2020-12-16 12:50:00,433.2105661854834
2020-12-16 13:00:00,432.98734133609906
2020-12-16 13:10:00,432.79196898158943
2020-12-16 13:20:00,432.62603811270696
2020-12-16 13:30:00,432.4911377202043
2020-12-16 13:40:00,432.38885679483394
2020-12-16 13:50:00,432.3207843273486
2020-12-16 14:00:00,432.2885093085007
2020-12-16 14:10:00,432.29362072904286
2020-12-16 14:20:00,432.3
2020-12-16 14:30:00,432.1
2020-12-16 14:40:00,432.9
2020-12-16 14:50:00,433.0
2020-12-16 15:00:00,433.5
2020-12-16 15:10:00,433.5
2020-12-16 15:20:00,434.0
2020-12-16 15:30:00,433.4
2020-12-16 15:40:00,433.1
2020-12-16 15:50:00,435.1
2020-12-16 16:00:00,436.3
2020-12-16 16:10:00,435.0
2020-12-16 16:20:00,433.9
2020-12-16 16:30:00,433.6
2020-12-16 16:40:00,433.1
2020-12-16 16:50:00,435.0
2020-12-16 17:00:00,435.9
2020-12-16 17:10:00,435.1
2020-12-16 17:20:00,434.8
2020-12-16 17:30:00,436.0
2020-12-16 17:40:00,436.4
2020-12-16 17:50:00,437.2
2020-12-16 18:00:00,438.5
2020-12-16 18:10:00,438.9
2020-12-16 18:20:00,439.1
2020-12-16 18:30:00,438.9
2020-12-16 18:40:00,438.2
2020-12-16 18:50:00,437.8
2020-12-16 19:00:00,439.0
2020-12-16 19:10:00,440.0
2020-12-16 19:20:00,440.1
2020-12-16 19:30:00,438.4
2020-12-16 19:40:00,439.0
2020-12-16 19:50:00,439.1
2020-12-16 20:00:00,437.6
2020-12-16 20:10:00,438.1
2020-12-16 20:20:00,439.0
2020-12-16 20:30:00,439.7
2020-12-16 20:40:00,440.4
2020-12-16 20:50:00,440.4
2020-12-16 21:00:00,440.3
2020-12-16 21:10:00,440.1
2020-12-16 21:20:00,439.8
2020-12-16 21:30:00,439.4
2020-12-16 21:40:00,440.0
2020-12-16 21:50:00,440.7
2020-12-16 22:00:00,440.3
2020-12-16 22:10:00,440.6
2020-12-16 22:20:00,441.2
2020-12-16 22:30:00,441.2
2020-12-16 22:40:00,440.9
2020-12-16 22:50:00,440.8
2020-12-16 23:00:00,440.94378647017214
2020-12-16 23:10:00,440.953576331518
2020-12-16 23:20:00,440.9545635075445
2020-12-16 23:30:00,440.94715256459995
2020-12-16 23:40:00,440.9317480690326
2020-12-16 23:50:00,440.90875458719074
2020-12-17 00:00:00,440.8785766854226
2020-12-17 00:10:00,440.84161893007655
2020-12-17 00:20:00,440.7982858875008
2020-12-17 00:30:00,440.74898212404366
2020-12-17 00:40:00,440.6941122060534
2020-12-17 00:50:00,440.6340806998782
2020-12-17 01:00:00,440.5692921718665
2020-12-17 01:10:00,440.50015118836643
2020-12-17 01:20:00,440.42706231572635
2020-12-17 01:30:00,440.3504301202945
2020-12-17 01:40:00,440.27065916841923
2020-12-17 01:50:00,440.18815402644873
2020-12-17 02:00:00,440.1033192607313
2020-12-17 02:10:00,440.0165594376153
2020-12-17 02:20:00,439.9282791234489
2020-12-17 02:30:00,439.83888288458036
2020-12-17 02:40:00,439.74877528735806
2020-12-17 02:50:00,439.65836089813024
2020-12-17 03:00:00,439.5680442832452
2020-12-17 03:10:00,439.4782300090511
2020-12-17 03:20:00,439.38932264189634
2020-12-17 03:30:00,439.30172674812917
2020-12-17 03:40:00,439.2158468940978
2020-12-17 03:50:00,439.1320876461506
2020-12-17 04:00:00,439.05085357063575
2020-12-17 04:10:00,438.97254923390165
2020-12-17 04:20:00,438.89757920229647
2020-12-17 04:30:00,438.82634804216855
2020-12-17 04:40:00,438.75926031986614
2020-12-17 04:50:00,438.6967206017375
2020-12-17 05:00:00,438.63913345413096
2020-12-17 05:10:00,438.5869034433947
2020-12-17 05:20:00,438.5404351358771
2020-12-17 05:30:00,438.5001330979264
2020-12-17 05:40:00,438.46640189589084
2020-12-17 05:50:00,438.43964609611874
2020-12-17 06:00:00,438.4202702649584
2020-12-17 06:10:00,438.408678968758
2020-12-17 06:20:00,438.4052767738659
2020-12-17 06:30:00,438.4104682466304
2020-12-17 06:40:00,438.4246579533997
2020-12-17 06:50:00,438.4482504605221
2020-12-17 07:00:00,438.4816503343459
2020-12-17 07:10:00,438.52526214121934
2020-12-17 07:20:00,438.0
2020-12-17 07:30:00,439.2
2020-12-17 07:40:00,439.5
2020-12-17 07:50:00,439.7
2020-12-17 08:00:00,438.1
2020-12-17 08:10:00,438.3
2020-12-17 08:20:00,439.0
2020-12-17 08:30:00,439.4
2020-12-17 08:40:00,440.3
2020-12-17 08:50:00,440.1
2020-12-17 09:00:00,440.2
2020-12-17 09:10:00,438.4
2020-12-17 09:20:00,436.9
2020-12-17 09:30:00,435.4
2020-12-17 09:40:00,434.0
2020-12-17 09:50:00,434.7
2020-12-17 10:00:00,434.6
2020-12-17 10:10:00,435.4
2020-12-17 10:20:00,435.7
2020-12-17 10:30:00,435.0
2020-12-17 10:40:00,433.4
2020-12-17 10:50:00,432.6
2020-12-17 11:00:00,432.7
2020-12-17 11:10:00,432.4
2020-12-17 11:20:00,432.1
2020-12-17 11:30:00,432.3
2020-12-17 11:40:00,432.4
2020-12-17 11:50:00,432.2
2020-12-17 12:00:00,432.2
2020-12-17 12:10:00,432.6
2020-12-17 12:20:00,433.2
2020-12-17 12:30:00,433.4
2020-12-17 12:40:00,433.9
2020-12-17 12:50:00,434.6
2020-12-17 13:00:00,434.7
2020-12-17 13:10:00,434.8
2020-12-17 13:20:00,435.0
2020-12-17 13:30:00,435.5
2020-12-17 13:40:00,436.1
2020-12-17 13:50:00,436.6
2020-12-17 14:00:00,436.2
2020-12-17 14:10:00,436.7
2020-12-17 14:20:00,437.0
2020-12-17 14:30:00,437.9
2020-12-17 14:40:00,437.6
2020-12-17 14:50:00,437.9
2020-12-17 15:00:00,438.7
2020-12-17 15:10:00,438.4
2020-12-17 15:20:00,438.7
2020-12-17 15:30:00,439.0
2020-12-17 15:40:00,439.4
2020-12-17 15:50:00,439.7
2020-12-17 16:00:00,438.6
2020-12-17 16:10:00,438.5
2020-12-17 16:20:00,438.9
2020-12-17 16:30:00,439.4
2020-12-17 16:40:00,441.1
2020-12-17 16:50:00,443.0
2020-12-17 17:00:00,441.9
2020-12-17 17:10:00,441.4
2020-12-17 17:20:00,442.8
2020-12-17 17:30:00,443.2
2020-12-17 17:40:00,441.7
2020-12-17 17:50:00,441.7
2020-12-17 18:00:00,443.3
2020-12-17 18:10:00,442.3
2020-12-17 18:20:00,441.5
2020-12-17 18:30:00,441.6
2020-12-17 18:40:00,443.3
2020-12-17 18:50:00,443.8
2020-12-17 19:00:00,443.8
2020-12-17 19:10:00,441.4
2020-12-17 19:20:00,441.6
2020-12-17 19:30:00,440.9
2020-12-17 19:40:00,441.3
2020-12-17 19:50:00,441.3
2020-12-17 20:00:00,441.5
2020-12-17 20:10:00,443.7
2020-12-17 20:20:00,446.4
2020-12-17 20:30:00,448.5
2020-12-17 20:40:00,447.0
2020-12-17 20:50:00,445.5
2020-12-17 21:00:00,445.0
2020-12-17 21:10:00,447.1
2020-12-17 21:20:00,448.2
2020-12-17 21:30:00,449.0
2020-12-17 21:40:00,450.2
2020-12-17 21:50:00,450.5
2020-12-17 22:00:00,449.7
2020-12-17 22:10:00,449.1
2020-12-17 22:20:00,448.5
2020-12-17 22:30:00,447.9
2020-12-17 22:40:00,445.5
2020-12-17 22:50:00,449.8
2020-12-17 23:00:00,452.1
2020-12-17 23:10:00,452.0
2020-12-17 23:20:00,452.2
2020-12-17 23:30:00,453.9
2020-12-17 23:40:00,454.2
2020-12-17 23:50:00,454.0
2020-12-18 00:00:00,453.2
2020-12-18 00:10:00,453.3
2020-12-18 00:20:00,451.4
2020-12-18 00:30:00,450.1
2020-12-18 00:40:00,451.0645605927688
2020-12-18 00:50:00,451.05411959614605
2020-12-18 01:00:00,451.10385172856616
2020-12-18 01:10:00,451.21090148663524
2020-12-18 01:20:00,451.37241336695945
2020-12-18 01:30:00,451.58553186614495
2020-12-18 01:40:00,451.8474014807979
2020-12-18 01:50:00,452.1551667075244
2020-12-18 02:00:00,452.50597204293064
2020-12-18 02:10:00,452.8969619836227
2020-12-18 02:20:00,453.32528102620677
2020-12-18 02:30:00,453.7880736672889
2020-12-18 02:40:00,454.28248440347534
2020-12-18 02:50:00,454.8056577313722
2020-12-18 03:00:00,455.3547381475856
2020-12-18 03:10:00,455.92687014872166
2020-12-18 03:20:00,456.51919823138655
2020-12-18 03:30:00,457.1288668921864
2020-12-18 03:40:00,457.7530206277274
2020-12-18 03:50:00,458.3888039346156
2020-12-18 04:00:00,459.03336130945723
2020-12-18 04:10:00,459.68383724885837
2020-12-18 04:20:00,460.3373762494252
2020-12-18 04:30:00,460.9911228077638
2020-12-18 04:40:00,461.6422214204804
2020-12-18 04:50:00,462.28781658418103
2020-12-18 05:00:00,462.9250527954719
2020-12-18 05:10:00,463.5510745509592
2020-12-18 05:20:00,464.16302634724894
2020-12-18 05:30:00,464.75805268094734
2020-12-18 05:40:00,465.33329804866054
2020-12-18 05:50:00,465.8859069469946
2020-12-18 06:00:00,466.4130238725558
2020-12-18 06:10:00,466.91179332195026
2020-12-18 06:20:00,467.379359791784
2020-12-18 06:30:00,467.81286777866325
2020-12-18 06:40:00,468.2094617791941
2020-12-18 06:50:00,468.5662862899827
2020-12-18 07:00:00,468.8804858076353
2020-12-18 07:10:00,469.1492048287579
2020-12-18 07:20:00,469.3695878499567
2020-12-18 07:30:00,469.53877936783783
2020-12-18 07:40:00,469.6539238790075
2020-12-18 07:50:00,469.71216588007167
2020-12-18 08:00:00,469.7106498676367
2020-12-18 08:10:00,469.64652033830856
2020-12-18 08:20:00,469.5169217886935
2020-12-18 08:30:00,469.3189987153975
2020-12-18 08:40:00,469.0498956150269
2020-12-18 08:50:00,468.7067569841878
2020-12-18 09:00:00,469.0
2020-12-18 09:10:00,467.6
2020-12-18 09:20:00,466.1
2020-12-18 09:30:00,464.5
2020-12-18 09:40:00,466.1
2020-12-18 09:50:00,464.3
2020-12-18 10:00:00,464.6
2020-12-18 10:10:00,463.9
2020-12-18 10:20:00,463.1
2020-12-18 10:30:00,462.0
2020-12-18 10:40:00,461.9
2020-12-18 10:50:00,462.2
2020-12-18 11:00:00,461.5
2020-12-18 11:10:00,459.1
2020-12-18 11:20:00,458.9
2020-12-18 11:30:00,461.1
2020-12-18 11:40:00,453.5
2020-12-18 11:50:00,455.3
2020-12-18 12:00:00,455.2
2020-12-18 12:10:00,451.0
2020-12-18 12:20:00,446.7
2020-12-18 12:30:00,443.0
2020-12-18 12:40:00,440.6
2020-12-18 12:50:00,438.9
2020-12-18 13:00:00,438.2
2020-12-18 13:10:00,437.4
2020-12-18 13:20:00,436.4
2020-12-18 13:30:00,436.4
2020-12-18 13:40:00,434.5
2020-12-18 13:50:00,433.4
2020-12-18 14:00:00,433.5
2020-12-18 14:10:00,434.0
2020-12-18 14:20:00,432.8134952752336
2020-12-18 14:30:00,432.334089726738
2020-12-18 14:40:00,431.90018083368045
2020-12-18 14:50:00,431.51031124086387
2020-12-18 15:00:00,431.16302359309117
2020-12-18 15:10:00,430.85686053516525
2020-12-18 15:20:00,430.59036471188904
2020-12-18 15:30:00,430.36207876806543
2020-12-18 15:40:00,430.17054534849734
2020-12-18 15:50:00,430.0143070979877
2020-12-18 16:00:00,429.89190666133936
2020-12-18 16:10:00,429.8018866833553
2020-12-18 16:20:00,429.7427898088383
2020-12-18 16:30:00,429.7131586825914
2020-12-18 16:40:00,429.7115359494175
2020-12-18 16:50:00,429.7364642541194
2020-12-18 17:00:00,429.78648624150014
2020-12-18 17:10:00,429.8601445563625
2020-12-18 17:20:00,429.9559818435095
2020-12-18 17:30:00,430.072540747744
2020-12-18 17:40:00,430.2083639138689
2020-12-18 17:50:00,430.3619939866871
2020-12-18 18:00:00,430.5319736110015
2020-12-18 18:10:00,430.716845431615
2020-12-18 18:20:00,430.9151520933306
2020-12-18 18:30:00,431.12543624095116
2020-12-18 18:40:00,431.34624051927955
2020-12-18 18:50:00,431.5761075731187
2020-12-18 19:00:00,431.8135800472715
2020-12-18 19:10:00,432.0572005865409
2020-12-18 19:20:00,432.30551183572976
2020-12-18 19:30:00,432.55705643964103
2020-12-18 19:40:00,432.8103770430776
2020-12-18 19:50:00,433.0640162908424
2020-12-18 20:00:00,433.31651682773827
2020-12-18 20:10:00,433.5664212985682
2020-12-18 20:20:00,433.81227234813497
2020-12-18 20:30:00,434.0526126212416
2020-12-18 20:40:00,434.28598476269104
2020-12-18 20:50:00,434.5109314172861
2020-12-18 21:00:00,434.7259952298297
2020-12-18 21:10:00,434.92971884512485
2020-12-18 21:20:00,435.12064490797434
2020-12-18 21:30:00,435.2973160631811
2020-12-18 21:40:00,435.458274955548
2020-12-18 21:50:00,435.60206422987807
2020-12-18 22:00:00,435.7272265309741
2020-12-18 22:10:00,435.8323045036391
2020-12-18 22:20:00,435.91584079267585
2020-12-18 22:30:00,435.9763780428874
2020-12-18 22:40:00,436.3
2020-12-18 22:50:00,435.8
2020-12-18 23:00:00,435.6
2020-12-18 23:10:00,435.74634164840086
2020-12-18 23:20:00,435.71737312653096
2020-12-18 23:30:00,435.6851727674488
2020-12-18 23:40:00,435.6501332136986
2020-12-18 23:50:00,435.6126471078244
2020-12-19 00:00:00,435.5731070923703
2020-12-19 00:10:00,435.5319058098806
2020-12-19 00:20:00,435.4894359028993
2020-12-19 00:30:00,435.44609001397055
2020-12-19 00:40:00,435.40226078563853
2020-12-19 00:50:00,435.35834086044736
2020-12-19 01:00:00,435.3147228809412
2020-12-19 01:10:00,435.27179948966415
2020-12-19 01:20:00,435.2299633291604
2020-12-19 01:30:00,435.18960704197406
2020-12-19 01:40:00,435.15112327064924
2020-12-19 01:50:00,435.1149046577301
2020-12-19 02:00:00,435.0813438457608
2020-12-19 02:10:00,435.0508334772854
2020-12-19 02:20:00,435.02376619484806
2020-12-19 02:30:00,435.000534640993
2020-12-19 02:40:00,434.98153145826427
2020-12-19 02:50:00,434.9671492892061
2020-12-19 03:00:00,434.9577807763625
2020-12-19 03:10:00,434.95381856227766
2020-12-19 03:20:00,434.9556552894958
2020-12-19 03:30:00,434.96368360056096
2020-12-19 03:40:00,434.9782961380173
2020-12-19 03:50:00,434.999885544409
2020-12-19 04:00:00,435.0288444622801
2020-12-19 04:10:00,435.0655655341748
2020-12-19 04:20:00,435.11044140263726
2020-12-19 04:30:00,435.1638647102116
2020-12-19 04:40:00,435.2262280994419
2020-12-19 04:50:00,435.29792421287243
2020-12-19 05:00:00,435.3793456930472
2020-12-19 05:10:00,435.47088518251036
2020-12-19 05:20:00,435.5729353238061
2020-12-19 05:30:00,435.6858887594786
2020-12-19 05:40:00,435.81013813207187
2020-12-19 05:50:00,435.94607608413014
2020-12-19 06:00:00,436.0940952581975
2020-12-19 06:10:00,436.2545882968181
2020-12-19 06:20:00,436.42794784253607
2020-12-19 06:30:00,436.61456653789554
2020-12-19 06:40:00,436.81483702544074
2020-12-19 06:50:00,437.0291519477157
2020-12-19 07:00:00,437.2579039472646
2020-12-19 07:10:00,437.50148566663154
2020-12-19 07:20:00,437.76028974836066
2020-12-19 07:30:00,438.5
2020-12-19 07:40:00,437.1
2020-12-19 07:50:00,437.7
2020-12-19 08:00:00,441.1
2020-12-19 08:10:00,441.6
2020-12-19 08:20:00,439.6
2020-12-19 08:30:00,439.3
2020-12-19 08:40:00,438.9
2020-12-19 08:50:00,438.5
2020-12-19 09:00:00,438.9
2020-12-19 09:10:00,439.6
2020-12-19 09:20:00,442.5
2020-12-19 09:30:00,446.0
2020-12-19 09:40:00,445.8
2020-12-19 09:50:00,445.4
2020-12-19 10:00:00,445.1
2020-12-19 10:10:00,445.3
2020-12-19 10:20:00,444.5
2020-12-19 10:30:00,443.8
2020-12-19 10:40:00,443.3
2020-12-19 10:50:00,443.7
2020-12-19 11:00:00,446.7
2020-12-19 11:10:00,439.5
2020-12-19 11:20:00,438.2
2020-12-19 11:30:00,438.4
2020-12-19 11:40:00,437.5
2020-12-19 11:50:00,434.6
2020-12-19 12:00:00,432.8
2020-12-19 12:10:00,432.5
2020-12-19 12:20:00,431.5
2020-12-19 12:30:00,430.8
2020-12-19 12:40:00,430.3
2020-12-19 12:50:00,429.5
2020-12-19 13:00:00,428.8
2020-12-19 13:10:00,428.2
2020-12-19 13:20:00,428.4
2020-12-19 13:30:00,426.6
2020-12-19 13:40:00,425.8
2020-12-19 13:50:00,425.4
2020-12-19 14:00:00,425.3
2020-12-19 14:10:00,425.0
2020-12-19 14:20:00,425.2
2020-12-19 14:30:00,425.5
2020-12-19 14:40:00,425.8
2020-12-19 14:50:00,425.8
2020-12-19 15:00:00,425.2
2020-12-19 15:10:00,424.8
2020-12-19 15:20:00,425.1
2020-12-19 15:30:00,425.9
2020-12-19 15:40:00,426.1
2020-12-19 15:50:00,426.4
2020-12-19 16:00:00,426.9
2020-12-19 16:10:00,427.3
2020-12-19 16:20:00,428.6
2020-12-19 16:30:00,428.6
2020-12-19 16:40:00,429.3
2020-12-19 16:50:00,430.3
2020-12-19 17:00:00,429.3
2020-12-19 17:10:00,429.6
2020-12-19 17:20:00,429.5
2020-12-19 17:30:00,430.1
2020-12-19 17:40:00,432.5
2020-12-19 17:50:00,431.6
2020-12-19 18:00:00,432.4
2020-12-19 18:10:00,432.5
2020-12-19 18:20:00,432.7
2020-12-19 18:30:00,433.1
2020-12-19 18:40:00,433.8
2020-12-19 18:50:00,433.1
2020-12-19 19:00:00,433.3
2020-12-19 19:10:00,433.0
2020-12-19 19:20:00,433.3
2020-12-19 19:30:00,433.1
2020-12-19 19:40:00,432.8
2020-12-19 19:50:00,432.7
2020-12-19 20:00:00,432.5
2020-12-19 20:10:00,432.7
2020-12-19 20:20:00,432.8
2020-12-19 20:30:00,432.7
2020-12-19 20:40:00,432.4
2020-12-19 20:50:00,432.2
2020-12-19 21:00:00,431.9
2020-12-19 21:10:00,430.9
2020-12-19 21:20:00,431.7
2020-12-19 21:30:00,432.3
2020-12-19 21:40:00,432.9
2020-12-19 21:50:00,432.2
2020-12-19 22:00:00,432.1
2020-12-19 22:10:00,432.1
2020-12-19 22:20:00,432.2
2020-12-19 22:30:00,433.1
2020-12-19 22:40:00,433.9
2020-12-19 22:50:00,434.1
2020-12-19 23:00:00,435.6
2020-12-19 23:10:00,434.8
2020-12-19 23:20:00,434.3
2020-12-19 23:30:00,433.7
2020-12-19 23:40:00,433.8
2020-12-19 23:50:00,434.2
2020-12-20 00:00:00,434.2
2020-12-20 00:10:00,435.6
2020-12-20 00:20:00,435.8
2020-12-20 00:30:00,435.8
2020-12-20 00:40:00,435.6
2020-12-20 00:50:00,435.1
2020-12-20 01:00:00,435.2
2020-12-20 01:10:00,435.2
2020-12-20 01:20:00,435.8
2020-12-20 01:30:00,436.4
2020-12-20 01:40:00,437.6
2020-12-20 01:50:00,437.0
2020-12-20 02:00:00,436.5
2020-12-20 02:10:00,436.4
2020-12-20 02:20:00,437.1
2020-12-20 02:30:00,437.2
2020-12-20 02:40:00,437.5
2020-12-20 02:50:00,438.0
2020-12-20 03:00:00,437.2
2020-12-20 03:10:00,437.2
2020-12-20 03:20:00,437.7
2020-12-20 03:30:00,438.3
2020-12-20 03:40:00,438.2
2020-12-20 03:50:00,437.7
2020-12-20 04:00:00,437.6
2020-12-20 04:10:00,438.3
2020-12-20 04:20:00,439.0
2020-12-20 04:30:00,438.8
2020-12-20 04:40:00,438.91682644585234
2020-12-20 04:50:00,439.0275881977009
2020-12-20 05:00:00,439.1259286963757
2020-12-20 05:10:00,439.2121600584763
2020-12-20 05:20:00,439.2865944006021
2020-12-20 05:30:00,439.3495438393526
2020-12-20 05:40:00,439.4013204913272
2020-12-20 05:50:00,439.4422364731255
2020-12-20 06:00:00,439.4726039013468
2020-12-20 06:10:00,439.49273489259065
2020-12-20 06:20:00,439.5029415634565
2020-12-20 06:30:00,439.5035360305438
2020-12-20 06:40:00,439.494830410452
2020-12-20 06:50:00,439.4771368197805
2020-12-20 07:00:00,439.4507673751289
2020-12-20 07:10:00,439.4160341930966
2020-12-20 07:20:00,439.37324939028304
2020-12-20 07:30:00,439.32272508328765
2020-12-20 07:40:00,439.26477338870995
2020-12-20 07:50:00,439.1997064231494
2020-12-20 08:00:00,439.1278363032054
2020-12-20 08:10:00,439.0494751454775
2020-12-20 08:20:00,438.9649350665651
2020-12-20 08:30:00,438.87452818306764
2020-12-20 08:40:00,438.7785666115846
2020-12-20 08:50:00,438.6773624687155
2020-12-20 09:00:00,438.57122787105976
2020-12-20 09:10:00,438.46047493521684
2020-12-20 09:20:00,438.3454157777862
2020-12-20 09:30:00,438.2263625153672
2020-12-20 09:40:00,438.10362726455946
2020-12-20 09:50:00,437.97752214196237
2020-12-20 10:00:00,437.84835926417543
2020-12-20 10:10:00,437.71645074779804
2020-12-20 10:20:00,437.5821087094297
2020-12-20 10:30:00,437.44564526566984
2020-12-20 10:40:00,437.307372533118
2020-12-20 10:50:00,437.1676026283735
2020-12-20 11:00:00,437.02664766803593
2020-12-20 11:10:00,436.8848197687047
2020-12-20 11:20:00,436.7424310469793
2020-12-20 11:30:00,436.5997936194591
2020-12-20 11:40:00,436.45721960274363
2020-12-20 11:50:00,436.3150211134324
2020-12-20 12:00:00,436.1735102681248
2020-12-20 12:10:00,436.0329991834203
2020-12-20 12:20:00,435.89379997591834
2020-12-20 12:30:00,435.75622476221844
2020-12-20 12:40:00,435.62058565892
2020-12-20 12:50:00,435.4871947826225
2020-12-20 13:00:00,435.6
2020-12-20 13:10:00,435.0
2020-12-20 13:20:00,434.7
2020-12-20 13:30:00,434.6
2020-12-20 13:40:00,435.1
2020-12-20 13:50:00,435.4
2020-12-20 14:00:00,435.1
2020-12-20 14:10:00,434.8
2020-12-20 14:20:00,434.3
2020-12-20 14:30:00,434.0
2020-12-20 14:40:00,434.2
2020-12-20 14:50:00,434.3
2020-12-20 15:00:00,434.4
2020-12-20 15:10:00,434.3
2020-12-20 15:20:00,433.9
2020-12-20 15:30:00,434.9
2020-12-20 15:40:00,435.4
2020-12-20 15:50:00,436.3
2020-12-20 16:00:00,435.4
2020-12-20 16:10:00,435.3
2020-12-20 16:20:00,436.0
2020-12-20 16:30:00,435.7
2020-12-20 16:40:00,436.1
2020-12-20 16:50:00,437.2
2020-12-20 17:00:00,437.2
2020-12-20 17:10:00,437.4
2020-12-20 17:20:00,437.8
2020-12-20 17:30:00,438.8
2020-12-20 17:40:00,438.0
2020-12-20 17:50:00,438.7
2020-12-20 18:00:00,439.5
2020-12-20 18:10:00,438.9
2020-12-20 18:20:00,439.8
2020-12-20 18:30:00,439.5
2020-12-20 18:40:00,439.2
2020-12-20 18:50:00,438.9
2020-12-20 19:00:00,439.4
2020-12-20 19:10:00,438.8
2020-12-20 19:20:00,439.3
2020-12-20 19:30:00,439.7
2020-12-20 19:40:00,441.1
2020-12-20 19:50:00,442.1
2020-12-20 20:00:00,440.4
2020-12-20 20:10:00,438.8
2020-12-20 20:20:00,438.0
2020-12-20 20:30:00,437.9
2020-12-20 20:40:00,438.8
2020-12-20 20:50:00,438.8
2020-12-20 21:00:00,439.5
2020-12-20 21:10:00,440.1
2020-12-20 21:20:00,440.3
2020-12-20 21:30:00,440.7
2020-12-20 21:40:00,440.9
2020-12-20 21:50:00,440.1
2020-12-20 22:00:00,440.3
2020-12-20 22:10:00,440.7
2020-12-20 22:20:00,439.5
2020-12-20 22:30:00,439.7
2020-12-20 22:40:00,440.5
2020-12-20 22:50:00,440.7
2020-12-20 23:00:00,440.3
2020-12-20 23:10:00,441.2
2020-12-20 23:20:00,440.4
2020-12-20 23:30:00,440.3
2020-12-20 23:40:00,440.7
2020-12-20 23:50:00,440.7
2020-12-21 00:00:00,441.0
2020-12-21 00:10:00,442.5
2020-12-21 00:20:00,442.0
2020-12-21 00:30:00,441.7
2020-12-21 00:40:00,441.8
2020-12-21 00:50:00,441.6
2020-12-21 01:00:00,441.6
2020-12-21 01:10:00,441.3
2020-12-21 01:20:00,441.6
2020-12-21 01:30:00,441.9
2020-12-21 01:40:00,441.9
2020-12-21 01:50:00,442.4
2020-12-21 02:00:00,442.6
2020-12-21 02:10:00,443.2
2020-12-21 02:20:00,442.2
2020-12-21 02:30:00,442.2
2020-12-21 02:40:00,441.8
2020-12-21 02:50:00,442.2
2020-12-21 03:00:00,442.8
2020-12-21 03:10:00,443.4
2020-12-21 03:20:00,444.6
2020-12-21 03:30:00,443.7
2020-12-21 03:40:00,443.6
2020-12-21 03:50:00,442.9
2020-12-21 04:00:00,443.2
2020-12-21 04:10:00,443.7
2020-12-21 04:20:00,444.4
2020-12-21 04:30:00,444.3
2020-12-21 04:40:00,444.1
2020-12-21 04:50:00,444.0
2020-12-21 05:00:00,444.6
2020-12-21 05:10:00,445.6
2020-12-21 05:20:00,444.6
2020-12-21 05:30:00,444.6
2020-12-21 05:40:00,444.8
2020-12-21 05:50:00,445.9
2020-12-21 06:00:00,447.8
2020-12-21 06:10:00,449.2
2020-12-21 06:20:00,450.3
2020-12-21 06:30:00,450.4
2020-12-21 06:40:00,450.6
2020-12-21 06:50:00,450.0
2020-12-21 07:00:00,449.8
2020-12-21 07:10:00,448.8
2020-12-21 07:20:00,448.9
2020-12-21 07:30:00,450.0
2020-12-21 07:40:00,451.3
2020-12-21 07:50:00,451.0
2020-12-21 08:00:00,452.3
2020-12-21 08:10:00,451.5
2020-12-21 08:20:00,452.4
2020-12-21 08:30:00,451.1
2020-12-21 08:40:00,454.1
2020-12-21 08:50:00,454.2
2020-12-21 09:00:00,454.7
2020-12-21 09:10:00,455.4
2020-12-21 09:20:00,454.5
2020-12-21 09:30:00,454.7
2020-12-21 09:40:00,455.2
2020-12-21 09:50:00,455.0
2020-12-21 10:00:00,454.7
2020-12-21 10:10:00,455.6
2020-12-21 10:20:00,456.2
2020-12-21 10:30:00,456.4
2020-12-21 10:40:00,454.7
2020-12-21 10:50:00,453.1
2020-12-21 11:00:00,451.4
2020-12-21 11:10:00,449.9
2020-12-21 11:20:00,447.1
2020-12-21 11:30:00,444.5
2020-12-21 11:40:00,439.5
2020-12-21 11:50:00,438.3
2020-12-21 12:00:00,438.0
2020-12-21 12:10:00,437.4
2020-12-21 12:20:00,436.7
2020-12-21 12:30:00,436.0
2020-12-21 12:40:00,435.4
2020-12-21 12:50:00,435.4
2020-12-21 13:00:00,435.3
2020-12-21 13:10:00,434.1
2020-12-21 13:20:00,434.0
2020-12-21 13:30:00,433.4
2020-12-21 13:40:00,432.7
2020-12-21 13:50:00,432.8
2020-12-21 14:00:00,431.9
2020-12-21 14:10:00,431.7
2020-12-21 14:20:00,430.7
2020-12-21 14:30:00,431.2
2020-12-21 14:40:00,431.7
2020-12-21 14:50:00,431.4
2020-12-21 15:00:00,433.2
2020-12-21 15:10:00,433.6
2020-12-21 15:20:00,431.8
2020-12-21 15:30:00,432.0
2020-12-21 15:40:00,432.3
2020-12-21 15:50:00,430.0
2020-12-21 16:00:00,429.5
2020-12-21 16:10:00,428.5
2020-12-21 16:20:00,429.9
2020-12-21 16:30:00,431.1
2020-12-21 16:40:00,432.4
2020-12-21 16:50:00,432.8
2020-12-21 17:00:00,434.5
2020-12-21 17:10:00,434.8
2020-12-21 17:20:00,434.9
2020-12-21 17:30:00,435.5
2020-12-21 17:40:00,436.1
2020-12-21 17:50:00,436.9
2020-12-21 18:00:00,437.6
2020-12-21 18:10:00,437.0
2020-12-21 18:20:00,436.1
2020-12-21 18:30:00,436.5
2020-12-21 18:40:00,436.3
2020-12-21 18:50:00,438.1
2020-12-21 19:00:00,439.0
2020-12-21 19:10:00,438.9
2020-12-21 19:20:00,438.8
2020-12-21 19:30:00,438.1
2020-12-21 19:40:00,437.9
2020-12-21 19:50:00,437.4
2020-12-21 20:00:00,436.6
2020-12-21 20:10:00,438.1
2020-12-21 20:20:00,438.7
2020-12-21 20:30:00,438.4
2020-12-21 20:40:00,438.3
2020-12-21 20:50:00,439.8
2020-12-21 21:00:00,440.4
2020-12-21 21:10:00,440.0
2020-12-21 21:20:00,439.9
2020-12-21 21:30:00,439.2
2020-12-21 21:40:00,438.0
2020-12-21 21:50:00,438.0
2020-12-21 22:00:00,439.1
2020-12-21 22:10:00,436.8
2020-12-21 22:20:00,434.2
2020-12-21 22:30:00,431.9
2020-12-21 22:40:00,430.9
2020-12-21 22:50:00,431.2
2020-12-21 23:00:00,431.0
2020-12-21 23:10:00,431.2
2020-12-21 23:20:00,431.8
2020-12-21 23:30:00,432.5
2020-12-21 23:40:00,432.5
2020-12-21 23:50:00,432.8
2020-12-22 00:00:00,432.7
2020-12-22 00:10:00,433.5
2020-12-22 00:20:00,433.0
2020-12-22 00:30:00,432.8
2020-12-22 00:40:00,432.9
2020-12-22 00:50:00,433.1
2020-12-22 01:00:00,433.3
2020-12-22 01:10:00,434.1
2020-12-22 01:20:00,434.6
2020-12-22 01:30:00,434.8
2020-12-22 01:40:00,435.0
2020-12-22 01:50:00,433.9
2020-12-22 02:00:00,433.5
2020-12-22 02:10:00,433.0
2020-12-22 02:20:00,433.9
2020-12-22 02:30:00,433.7
2020-12-22 02:40:00,433.6
2020-12-22 02:50:00,434.1
2020-12-22 03:00:00,434.8
2020-12-22 03:10:00,434.6
2020-12-22 03:20:00,433.4
2020-12-22 03:30:00,433.0
2020-12-22 03:40:00,432.0
2020-12-22 03:50:00,431.9
2020-12-22 04:00:00,430.4
2020-12-22 04:10:00,431.3
2020-12-22 04:20:00,429.0
2020-12-22 04:30:00,428.6
2020-12-22 04:40:00,428.4
2020-12-22 04:50:00,428.0
2020-12-22 05:00:00,427.7
2020-12-22 05:10:00,427.4
2020-12-22 05:20:00,427.2
2020-12-22 05:30:00,427.1
2020-12-22 05:40:00,427.1
2020-12-22 05:50:00,427.1
2020-12-22 06:00:00,427.0
2020-12-22 06:10:00,426.9
2020-12-22 06:20:00,426.8
2020-12-22 06:30:00,426.7
2020-12-22 06:40:00,426.9
2020-12-22 06:50:00,426.5
2020-12-22 07:00:00,426.7
2020-12-22 07:10:00,426.0
2020-12-22 07:20:00,425.7
2020-12-22 07:30:00,425.5
2020-12-22 07:40:00,425.1
2020-12-22 07:50:00,424.1
2020-12-22 08:00:00,423.3
2020-12-22 08:10:00,423.1
2020-12-22 08:20:00,422.7
2020-12-22 08:30:00,422.5
2020-12-22 08:40:00,422.7
2020-12-22 08:50:00,422.2
2020-12-22 09:00:00,422.1
2020-12-22 09:10:00,422.6
2020-12-22 09:20:00,421.9
2020-12-22 09:30:00,421.9
2020-12-22 09:40:00,421.4
2020-12-22 09:50:00,421.1
2020-12-22 10:00:00,420.9
2020-12-22 10:10:00,420.9
2020-12-22 10:20:00,420.6
2020-12-22 10:30:00,420.8
2020-12-22 10:40:00,420.6
2020-12-22 10:50:00,420.5
2020-12-22 11:00:00,420.1
2020-12-22 11:10:00,419.7
2020-12-22 11:20:00,419.8
2020-12-22 11:30:00,419.5
2020-12-22 11:40:00,419.2
2020-12-22 11:50:00,419.3
2020-12-22 12:00:00,419.2
2020-12-22 12:10:00,418.6
2020-12-22 12:20:00,418.6
2020-12-22 12:30:00,418.5
2020-12-22 12:40:00,418.3
2020-12-22 12:50:00,418.0
2020-12-22 13:00:00,418.0
2020-12-22 13:10:00,418.0
2020-12-22 13:20:00,417.4
2020-12-22 13:30:00,417.4
2020-12-22 13:40:00,417.4
2020-12-22 13:50:00,417.4
2020-12-22 14:00:00,417.5
2020-12-22 14:10:00,417.7
2020-12-22 14:20:00,417.5
2020-12-22 14:30:00,418.2
2020-12-22 14:40:00,418.3
2020-12-22 14:50:00,417.7
2020-12-22 15:00:00,417.1
2020-12-22 15:10:00,416.6
2020-12-22 15:20:00,416.4
2020-12-22 15:30:00,416.3672895854045
2020-12-22 15:40:00,416.20445153255685
2020-12-22 15:50:00,416.05549195170795
2020-12-22 16:00:00,415.92076661271653
2020-12-22 16:10:00,415.8006312854414
2020-12-22 16:20:00,415.69544173974134
2020-12-22 16:30:00,415.6055537454751
2020-12-22 16:40:00,415.53132307250144
2020-12-22 16:50:00,415.4731054906792
2020-12-22 17:00:00,415.43125676986705
2020-12-22 17:10:00,415.40613267992387
2020-12-22 17:20:00,415.39808899070835
2020-12-22 17:30:00,415.4074814720793
2020-12-22 17:40:00,415.43466589389556
2020-12-22 17:50:00,415.4799980260158
2020-12-22 18:00:00,415.5438336382988
2020-12-22 18:10:00,415.6265285006034
2020-12-22 18:20:00,415.72843838278834
2020-12-22 18:30:00,415.8499190547124
2020-12-22 18:40:00,415.99132628623437
2020-12-22 18:50:00,416.153015847213
2020-12-22 19:00:00,416.3353435075071
2020-12-22 19:10:00,416.53866503697543
2020-12-22 19:20:00,416.7633362054767
2020-12-22 19:30:00,417.00971278286977
2020-12-22 19:40:00,417.2781505390134
2020-12-22 19:50:00,417.5690052437663
2020-12-22 20:00:00,417.8826326669873
2020-12-22 20:10:00,418.2193885785352
2020-12-22 20:20:00,418.5796287482687
2020-12-22 20:30:00,418.9637089460466
2020-12-22 20:40:00,419.3719849417277
2020-12-22 20:50:00,419.8048125051708
2020-12-22 21:00:00,420.2625474062346
2020-12-22 21:10:00,420.74554541477795
2020-12-22 21:20:00,421.2541623006596
2020-12-22 21:30:00,421.78875383373827
2020-12-22 21:40:00,422.3496757838728
2020-12-22 21:50:00,422.9372839209219
2020-12-22 22:00:00,423.55193401474446
2020-12-22 22:10:00,424.19398183519917
2020-12-22 22:20:00,424.8637831521448
2020-12-22 22:30:00,425.56169373544014
2020-12-22 22:40:00,426.28806935494396
2020-12-22 22:50:00,427.04326578051507
2020-12-22 23:00:00,427.82763878201223
2020-12-22 23:10:00,428.6415441292942
2020-12-22 23:20:00,429.4853375922197
2020-12-22 23:30:00,430.3593749406476
2020-12-22 23:40:00,431.2640119444366
2020-12-22 23:50:00,430.9
2020-12-23 00:00:00,433.9
2020-12-23 00:10:00,435.8
2020-12-23 00:20:00,436.1
2020-12-23 00:30:00,438.9
2020-12-23 00:40:00,439.4
2020-12-23 00:50:00,438.9
2020-12-23 01:00:00,439.2
2020-12-23 01:10:00,437.0
2020-12-23 01:20:00,435.5
2020-12-23 01:30:00,436.2
2020-12-23 01:40:00,436.7
2020-12-23 01:50:00,436.8
2020-12-23 02:00:00,436.5
2020-12-23 02:10:00,438.5
2020-12-23 02:20:00,439.2
2020-12-23 02:30:00,438.0
2020-12-23 02:40:00,435.4
2020-12-23 02:50:00,435.2
2020-12-23 03:00:00,431.4
2020-12-23 03:10:00,427.7
2020-12-23 03:20:00,427.9
2020-12-23 03:30:00,436.9
2020-12-23 03:40:00,438.0
2020-12-23 03:50:00,436.4
2020-12-23 04:00:00,436.9
2020-12-23 04:10:00,440.5
2020-12-23 04:20:00,444.9
2020-12-23 04:30:00,447.0
2020-12-23 04:40:00,448.3
2020-12-23 04:50:00,440.9
2020-12-23 05:00:00,434.5
2020-12-23 05:10:00,438.0
2020-12-23 05:20:00,439.5
2020-12-23 05:30:00,438.5
2020-12-23 05:40:00,439.4
2020-12-23 05:50:00,439.9
2020-12-23 06:00:00,439.58166370404797
2020-12-23 06:10:00,439.68194712832616
2020-12-23 06:20:00,439.7990008956503
2020-12-23 06:30:00,439.93144650097685
2020-12-23 06:40:00,440.07790543926217
2020-12-23 06:50:00,440.2369992054626
2020-12-23 07:00:00,440.4073492945346
2020-12-23 07:10:00,440.58757720143444
2020-12-23 07:20:00,440.7763044211186
2020-12-23 07:30:00,440.97215244854345
2020-12-23 07:40:00,441.17374277866537
2020-12-23 07:50:00,441.37969690644076
2020-12-23 08:00:00,441.58863632682596
2020-12-23 08:10:00,441.7991825347774
2020-12-23 08:20:00,442.0099570252514
2020-12-23 08:30:00,442.21958129320444
2020-12-23 08:40:00,442.4266768335928
2020-12-23 08:50:00,442.62986514137293
2020-12-23 09:00:00,442.8277677115012
2020-12-23 09:10:00,443.01900603893404
2020-12-23 09:20:00,443.2022016186277
2020-12-23 09:30:00,443.3759759455387
2020-12-23 09:40:00,443.53895051462337
2020-12-23 09:50:00,443.6897468208381
2020-12-23 10:00:00,443.82698635913926
2020-12-23 10:10:00,443.94929062448324
2020-12-23 10:20:00,444.05528111182645
2020-12-23 10:30:00,444.1435793161252
2020-12-23 10:40:00,444.21280673233605
2020-12-23 10:50:00,444.2615848554152
2020-12-23 11:00:00,444.2885351803191
2020-12-23 11:10:00,444.2922792020042
2020-12-23 11:20:00,444.27143841542676
2020-12-23 11:30:00,444.2246343155432
2020-12-23 11:40:00,444.1504883973099
2020-12-23 11:50:00,444.0476221556833
2020-12-23 12:00:00,443.9146570856198
2020-12-23 12:10:00,443.7502146820757
2020-12-23 12:20:00,443.55291644000744
2020-12-23 12:30:00,443.3213838543714
2020-12-23 12:40:00,443.05423842012397
2020-12-23 12:50:00,442.75010163222146
2020-12-23 13:00:00,442.40759498562034
2020-12-23 13:10:00,442.02533997527695
2020-12-23 13:20:00,441.6019580961477
2020-12-23 13:30:00,441.136070843189
2020-12-23 13:40:00,440.62629971135715
2020-12-23 13:50:00,440.0712661956086
2020-12-23 14:00:00,439.46959179089976
2020-12-23 14:10:00,438.81989799218695
2020-12-23 14:20:00,438.5
2020-12-23 14:30:00,436.7
2020-12-23 14:40:00,435.7
2020-12-23 14:50:00,437.3
2020-12-23 15:00:00,435.4
2020-12-23 15:10:00,434.1
2020-12-23 15:20:00,431.8
2020-12-23 15:30:00,429.9
2020-12-23 15:40:00,428.6
2020-12-23 15:50:00,427.6
2020-12-23 16:00:00,426.9
2020-12-23 16:10:00,426.8
2020-12-23 16:20:00,426.3
2020-12-23 16:30:00,425.7
2020-12-23 16:40:00,427.6
2020-12-23 16:50:00,428.9
2020-12-23 17:00:00,431.1
2020-12-23 17:10:00,432.1
2020-12-23 17:20:00,432.9
2020-12-23 17:30:00,434.7
2020-12-23 17:40:00,435.8
2020-12-23 17:50:00,434.9
2020-12-23 18:00:00,433.3
2020-12-23 18:10:00,430.7
2020-12-23 18:20:00,431.6
2020-12-23 18:30:00,433.3
2020-12-23 18:40:00,433.1
2020-12-23 18:50:00,435.3
2020-12-23 19:00:00,429.3
2020-12-23 19:10:00,432.8
2020-12-23 19:20:00,427.9
2020-12-23 19:30:00,431.5
2020-12-23 19:40:00,431.8
2020-12-23 19:50:00,426.2
2020-12-23 20:00:00,424.7
2020-12-23 20:10:00,424.6
2020-12-23 20:20:00,424.4
2020-12-23 20:30:00,423.8
2020-12-23 20:40:00,423.5
2020-12-23 20:50:00,423.1
2020-12-23 21:00:00,424.4
2020-12-23 21:10:00,424.6
2020-12-23 21:20:00,424.6
2020-12-23 21:30:00,424.6
2020-12-23 21:40:00,424.0
2020-12-23 21:50:00,425.4
2020-12-23 22:00:00,425.8
2020-12-23 22:10:00,424.9
2020-12-23 22:20:00,424.8
2020-12-23 22:30:00,424.2
2020-12-23 22:40:00,424.5
2020-12-23 22:50:00,424.4
2020-12-23 23:00:00,423.9
2020-12-23 23:10:00,423.9
2020-12-23 23:20:00,424.2
2020-12-23 23:30:00,424.0
2020-12-23 23:40:00,423.4
2020-12-23 23:50:00,422.6
2020-12-24 00:00:00,422.5
2020-12-24 00:10:00,422.3
2020-12-24 00:20:00,421.3
2020-12-24 00:30:00,420.9
2020-12-24 00:40:00,421.8
2020-12-24 00:50:00,421.9
2020-12-24 01:00:00,421.0
2020-12-24 01:10:00,421.4
2020-12-24 01:20:00,421.4
2020-12-24 01:30:00,421.5
2020-12-24 01:40:00,422.0
2020-12-24 01:50:00,421.4
2020-12-24 02:00:00,421.4
2020-12-24 02:10:00,421.6
2020-12-24 02:20:00,422.2
2020-12-24 02:30:00,421.9
2020-12-24 02:40:00,422.2
2020-12-24 02:50:00,422.1
2020-12-24 03:00:00,421.9
2020-12-24 03:10:00,421.6
2020-12-24 03:20:00,421.5
2020-12-24 03:30:00,421.6
2020-12-24 03:40:00,421.8
2020-12-24 03:50:00,422.0
2020-12-24 04:00:00,421.3
2020-12-24 04:10:00,421.5
2020-12-24 04:20:00,421.3
2020-12-24 04:30:00,421.6
2020-12-24 04:40:00,422.3
2020-12-24 04:50:00,422.3
2020-12-24 05:00:00,421.8
2020-12-24 05:10:00,421.5
2020-12-24 05:20:00,421.68371224309976
2020-12-24 05:30:00,421.6563002669041
2020-12-24 05:40:00,421.6288910704542
2020-12-24 05:50:00,421.6014829094244
2020-12-24 06:00:00,421.5740740394891
2020-12-24 06:10:00,421.54666271632266
2020-12-24 06:20:00,421.5192471955994
2020-12-24 06:30:00,421.4918257329937
2020-12-24 06:40:00,421.46439658417984
2020-12-24 06:50:00,421.43695800483226
2020-12-24 07:00:00,421.4095082506253
2020-12-24 07:10:00,421.3820455772333
2020-12-24 07:20:00,421.35456824033065
2020-12-24 07:30:00,421.32707449559166
2020-12-24 07:40:00,421.2995625986907
2020-12-24 07:50:00,421.2720308053022
2020-12-24 08:00:00,421.24447737110046
2020-12-24 08:10:00,421.2169005517598
2020-12-24 08:20:00,421.18929860295464
2020-12-24 08:30:00,421.1616697803593
2020-12-24 08:40:00,421.13401233964817
2020-12-24 08:50:00,421.10632453649555
2020-12-24 09:00:00,421.07860462657584
2020-12-24 09:10:00,421.0508508655634
2020-12-24 09:20:00,421.02306150913256
2020-12-24 09:30:00,420.9952348129577
2020-12-24 09:40:00,420.9673690327131
2020-12-24 09:50:00,420.93946242407327
2020-12-24 10:00:00,420.9115132427125
2020-12-24 10:10:00,420.8835197443051
2020-12-24 10:20:00,420.85548018452545
2020-12-24 10:30:00,420.82739281904793
2020-12-24 10:40:00,420.7992559035469
2020-12-24 10:50:00,420.7710676936967
2020-12-24 11:00:00,420.74282644517166
2020-12-24 11:10:00,420.7145304136462
2020-12-24 11:20:00,420.6861778547946
2020-12-24 11:30:00,420.6577670242913
2020-12-24 11:40:00,420.62929617781055
2020-12-24 11:50:00,420.6007635710268
2020-12-24 12:00:00,420.5721674596144
2020-12-24 12:10:00,420.5435060992477
2020-12-24 12:20:00,420.514777745601
2020-12-24 12:30:00,420.48598065434874
2020-12-24 12:40:00,420.45711308116523
2020-12-24 12:50:00,420.42817328172487
2020-12-24 13:00:00,420.39915951170195
2020-12-24 13:10:00,420.37007002677086
2020-12-24 13:20:00,420.34090308260596
2020-12-24 13:30:00,420.3116569348816
2020-12-24 13:40:00,420.1
2020-12-24 13:50:00,420.4
2020-12-24 14:00:00,421.0
2020-12-24 14:10:00,420.1
2020-12-24 14:20:00,419.6
2020-12-24 14:30:00,419.1
2020-12-24 14:40:00,419.4
2020-12-24 14:50:00,419.9
2020-12-24 15:00:00,420.0
2020-12-24 15:10:00,420.5
2020-12-24 15:20:00,420.7
2020-12-24 15:30:00,421.0
2020-12-24 15:40:00,421.2
2020-12-24 15:50:00,421.8
2020-12-24 16:00:00,422.0
2020-12-24 16:10:00,422.0
2020-12-24 16:20:00,422.0
2020-12-24 16:30:00,422.0
2020-12-24 16:40:00,422.0
2020-12-24 16:50:00,422.0
2020-12-24 17:00:00,422.0
2020-12-24 17:10:00,422.1
2020-12-24 17:20:00,422.2
2020-12-24 17:30:00,422.3
2020-12-24 17:40:00,422.3
2020-12-24 17:50:00,422.2
2020-12-24 18:00:00,422.1
2020-12-24 18:10:00,422.3
2020-12-24 18:20:00,422.3
2020-12-24 18:30:00,422.4
2020-12-24 18:40:00,422.5
2020-12-24 18:50:00,422.8
2020-12-24 19:00:00,422.9
2020-12-24 19:10:00,422.9
2020-12-24 19:20:00,423.0
2020-12-24 19:30:00,423.3
2020-12-24 19:40:00,423.8
2020-12-24 19:50:00,424.1
2020-12-24 20:00:00,424.2
2020-12-24 20:10:00,424.4
2020-12-24 20:20:00,424.3
2020-12-24 20:30:00,424.4
2020-12-24 20:40:00,424.6
2020-12-24 20:50:00,425.5
2020-12-24 21:00:00,426.7
2020-12-24 21:10:00,424.9
2020-12-24 21:20:00,424.9
2020-12-24 21:30:00,425.4
2020-12-24 21:40:00,425.6
2020-12-24 21:50:00,426.6
2020-12-24 22:00:00,425.4
2020-12-24 22:10:00,424.3
2020-12-24 22:20:00,424.2
2020-12-24 22:30:00,424.4
2020-12-24 22:40:00,424.7
2020-12-24 22:50:00,425.4
2020-12-24 23:00:00,425.9
2020-12-24 23:10:00,425.6561837042769
2020-12-24 23:20:00,425.75761736551084
2020-12-24 23:30:00,425.8505821097392
2020-12-24 23:40:00,425.9352166734409
2020-12-24 23:50:00,426.0116597930948
2020-12-25 00:00:00,426.0800502051798
2020-12-25 00:10:00,426.1405266461748
2020-12-25 00:20:00,426.1932278525587
2020-12-25 00:30:00,426.23829256081046
2020-12-25 00:40:00,426.2758595074089
2020-12-25 00:50:00,426.30606742883293
2020-12-25 01:00:00,426.3290550615615
2020-12-25 01:10:00,426.3449611420735
2020-12-25 01:20:00,426.3539244068478
2020-12-25 01:30:00,426.3560835923633
2020-12-25 01:40:00,426.3515774350989
2020-12-25 01:50:00,426.3405446715335
2020-12-25 02:00:00,426.32312403814603
2020-12-25 02:10:00,426.29945427141536
2020-12-25 02:20:00,426.26967410782044
2020-12-25 02:30:00,426.2339222838401
2020-12-25 02:40:00,426.1923375359533
2020-12-25 02:50:00,426.1450586006389
2020-12-25 03:00:00,426.0922242143758
2020-12-25 03:10:00,426.0339731136429
2020-12-25 03:20:00,425.9704440349191
2020-12-25 03:30:00,425.90177571468337
2020-12-25 03:40:00,425.8281068894145
2020-12-25 03:50:00,425.7495762955915
2020-12-25 04:00:00,425.66632266969316
2020-12-25 04:10:00,425.57848474819843
2020-12-25 04:20:00,425.48620126758624
2020-12-25 04:30:00,425.3896109643354
2020-12-25 04:40:00,425.28885257492493
2020-12-25 04:50:00,425.1840648358336
2020-12-25 05:00:00,425.07538648354046
2020-12-25 05:10:00,424.9629562545243
2020-12-25 05:20:00,424.84691288526403
2020-12-25 05:30:00,424.7273951122386
2020-12-25 05:40:00,424.6045416719268
2020-12-25 05:50:00,424.47849130080766
2020-12-25 06:00:00,424.34938273536005
2020-12-25 06:10:00,424.21735471206284
2020-12-25 06:20:00,424.08254596739494
2020-12-25 06:30:00,423.94509523783523
2020-12-25 06:40:00,423.80514125986264
2020-12-25 06:50:00,423.66282276995605
2020-12-25 07:00:00,423.5182785045944
2020-12-25 07:10:00,423.3716472002565
2020-12-25 07:20:00,423.2230675934214
2020-12-25 07:30:00,423.0
2020-12-25 07:40:00,423.0
2020-12-25 07:50:00,423.0
2020-12-25 08:00:00,422.6
2020-12-25 08:10:00,422.3
2020-12-25 08:20:00,421.9
2020-12-25 08:30:00,422.0
2020-12-25 08:40:00,421.9
2020-12-25 08:50:00,421.6
2020-12-25 09:00:00,421.6
2020-12-25 09:10:00,421.6
2020-12-25 09:20:00,421.7
2020-12-25 09:30:00,421.9
2020-12-25 09:40:00,421.8
2020-12-25 09:50:00,421.6
2020-12-25 10:00:00,421.5
2020-12-25 10:10:00,421.5
2020-12-25 10:20:00,421.6
2020-12-25 10:30:00,421.6
2020-12-25 10:40:00,421.9
2020-12-25 10:50:00,421.7
2020-12-25 11:00:00,421.7
2020-12-25 11:10:00,421.4
2020-12-25 11:20:00,421.7
2020-12-25 11:30:00,421.8
2020-12-25 11:40:00,422.2
2020-12-25 11:50:00,422.3
2020-12-25 12:00:00,422.9
2020-12-25 12:10:00,423.6
2020-12-25 12:20:00,423.6
2020-12-25 12:30:00,423.2
2020-12-25 12:40:00,423.0
2020-12-25 12:50:00,422.7
2020-12-25 13:00:00,422.4
2020-12-25 13:10:00,422.1
2020-12-25 13:20:00,422.1
2020-12-25 13:30:00,422.1
2020-12-25 13:40:00,421.8
2020-12-25 13:50:00,422.0
2020-12-25 14:00:00,422.1
2020-12-25 14:10:00,422.6
2020-12-25 14:20:00,422.6
2020-12-25 14:30:00,422.6
2020-12-25 14:40:00,422.7
2020-12-25 14:50:00,422.8
2020-12-25 15:00:00,422.7
2020-12-25 15:10:00,422.6
2020-12-25 15:20:00,422.5
2020-12-25 15:30:00,422.2
2020-12-25 15:40:00,422.2
2020-12-25 15:50:00,421.7
2020-12-25 16:00:00,421.7
2020-12-25 16:10:00,421.7
2020-12-25 16:20:00,421.6
2020-12-25 16:30:00,421.2
2020-12-25 16:40:00,420.9
2020-12-25 16:50:00,421.1
2020-12-25 17:00:00,421.6
2020-12-25 17:10:00,421.7
2020-12-25 17:20:00,422.1
2020-12-25 17:30:00,421.8
2020-12-25 17:40:00,421.8
2020-12-25 17:50:00,422.1
2020-12-25 18:00:00,422.1
2020-12-25 18:10:00,422.1
2020-12-25 18:20:00,422.2
2020-12-25 18:30:00,422.3
2020-12-25 18:40:00,422.2
2020-12-25 18:50:00,422.3
2020-12-25 19:00:00,422.1
2020-12-25 19:10:00,422.4
2020-12-25 19:20:00,422.5
2020-12-25 19:30:00,422.6
2020-12-25 19:40:00,423.1
2020-12-25 19:50:00,423.5
2020-12-25 20:00:00,423.6
2020-12-25 20:10:00,423.5
2020-12-25 20:20:00,423.4
2020-12-25 20:30:00,423.3
2020-12-25 20:40:00,423.2
2020-12-25 20:50:00,423.0
2020-12-25 21:00:00,423.0
2020-12-25 21:10:00,423.0
2020-12-25 21:20:00,423.2
2020-12-25 21:30:00,423.1
2020-12-25 21:40:00,423.2
2020-12-25 21:50:00,423.6
2020-12-25 22:00:00,424.1
2020-12-25 22:10:00,424.8
2020-12-25 22:20:00,425.5
2020-12-25 22:30:00,425.1
2020-12-25 22:40:00,425.0
2020-12-25 22:50:00,424.8
2020-12-25 23:00:00,424.6
2020-12-25 23:10:00,424.6
2020-12-25 23:20:00,424.5
2020-12-25 23:30:00,424.2
2020-12-25 23:40:00,424.1
2020-12-25 23:50:00,424.3
2020-12-26 00:00:00,424.6
2020-12-26 00:10:00,424.9
2020-12-26 00:20:00,424.5
2020-12-26 00:30:00,424.5
2020-12-26 00:40:00,424.4
2020-12-26 00:50:00,424.2
2020-12-26 01:00:00,424.3
2020-12-26 01:10:00,424.5
2020-12-26 01:20:00,424.5
2020-12-26 01:30:00,424.5
2020-12-26 01:40:00,424.7
2020-12-26 01:50:00,425.4
2020-12-26 02:00:00,425.9
2020-12-26 02:10:00,425.4
2020-12-26 02:20:00,425.4
2020-12-26 02:30:00,426.0
2020-12-26 02:40:00,426.3
2020-12-26 02:50:00,426.0
2020-12-26 03:00:00,425.8
2020-12-26 03:10:00,425.7
2020-12-26 03:20:00,426.4
2020-12-26 03:30:00,430.3
2020-12-26 03:40:00,433.0
2020-12-26 03:50:00,432.2
2020-12-26 04:00:00,432.4
2020-12-26 04:10:00,430.6
2020-12-26 04:20:00,432.0
2020-12-26 04:30:00,432.8
2020-12-26 04:40:00,432.3
2020-12-26 04:50:00,431.8
2020-12-26 05:00:00,432.6
2020-12-26 05:10:00,432.9
2020-12-26 05:20:00,433.6
2020-12-26 05:30:00,434.4
2020-12-26 05:40:00,435.5
2020-12-26 05:50:00,434.8
2020-12-26 06:00:00,433.4
2020-12-26 06:10:00,432.9
2020-12-26 06:20:00,433.0
2020-12-26 06:30:00,433.5
2020-12-26 06:40:00,433.4
2020-12-26 06:50:00,435.1
2020-12-26 07:00:00,434.8
2020-12-26 07:10:00,434.0
2020-12-26 07:20:00,434.2342990447174
2020-12-26 07:30:00,434.16648989705976
2020-12-26 07:40:00,434.07342098965074
2020-12-26 07:50:00,433.9563175956184
2020-12-26 08:00:00,433.8164049880906
2020-12-26 08:10:00,433.65490844019547
2020-12-26 08:20:00,433.473053225061
2020-12-26 08:30:00,433.27206461581517
2020-12-26 08:40:00,433.053167885586
2020-12-26 08:50:00,432.8175883075015
2020-12-26 09:00:00,432.56655115468976
2020-12-26 09:10:00,432.3012817002787
2020-12-26 09:20:00,432.02300521739636
2020-12-26 09:30:00,431.7329469791707
2020-12-26 09:40:00,431.43233225872984
2020-12-26 09:50:00,431.12238632920173
2020-12-26 10:00:00,430.8043344637143
2020-12-26 10:10:00,430.47940193539574
2020-12-26 10:20:00,430.1488140173739
2020-12-26 10:30:00,429.81379598277687
2020-12-26 10:40:00,429.47557310473263
2020-12-26 10:50:00,429.1353706563692
2020-12-26 11:00:00,428.7944139108146
2020-12-26 11:10:00,428.4539281411969
2020-12-26 11:20:00,428.115138620644
2020-12-26 11:30:00,427.779270622284
2020-12-26 11:40:00,427.44754941924487
2020-12-26 11:50:00,427.1212002846546
2020-12-26 12:00:00,426.8014484916413
2020-12-26 12:10:00,426.48951931333283
2020-12-26 12:20:00,426.1866380228573
2020-12-26 12:30:00,425.89402989334275
2020-12-26 12:40:00,425.6129201979171
2020-12-26 12:50:00,425.3445342097084
2020-12-26 13:00:00,425.0900972018447
2020-12-26 13:10:00,424.85083444745396
2020-12-26 13:20:00,424.62797121966423
2020-12-26 13:30:00,424.4227327916035
2020-12-26 13:40:00,424.23634443639975
2020-12-26 13:50:00,424.07003142718105
2020-12-26 14:00:00,423.92501903707534
2020-12-26 14:10:00,423.8025325392107
2020-12-26 14:20:00,423.7037972067151
2020-12-26 14:30:00,423.6300383127166
2020-12-26 14:40:00,423.5824811303431
2020-12-26 14:50:00,423.5623509327228
2020-12-26 15:00:00,423.57087299298354
2020-12-26 15:10:00,423.60927258425346
2020-12-26 15:20:00,423.6787749796605
2020-12-26 15:30:00,423.7806054523326
2020-12-26 15:40:00,423.8
2020-12-26 15:50:00,424.2
2020-12-26 16:00:00,424.3
2020-12-26 16:10:00,424.5
2020-12-26 16:20:00,425.1
2020-12-26 16:30:00,425.6
2020-12-26 16:40:00,425.9
2020-12-26 16:50:00,426.4
2020-12-26 17:00:00,426.3
2020-12-26 17:10:00,426.0
2020-12-26 17:20:00,426.6
2020-12-26 17:30:00,426.6
2020-12-26 17:40:00,426.5
2020-12-26 17:50:00,426.9
2020-12-26 18:00:00,427.8
2020-12-26 18:10:00,429.9
2020-12-26 18:20:00,430.0
2020-12-26 18:30:00,430.1
2020-12-26 18:40:00,431.1
2020-12-26 18:50:00,431.3
2020-12-26 19:00:00,430.0
2020-12-26 19:10:00,427.9
2020-12-26 19:20:00,427.1
2020-12-26 19:30:00,427.1
2020-12-26 19:40:00,427.2
2020-12-26 19:50:00,427.1
2020-12-26 20:00:00,427.2
2020-12-26 20:10:00,426.8
2020-12-26 20:20:00,426.5
2020-12-26 20:30:00,426.7
2020-12-26 20:40:00,426.6
2020-12-26 20:50:00,426.5
2020-12-26 21:00:00,426.2
2020-12-26 21:10:00,426.3
2020-12-26 21:20:00,426.2
2020-12-26 21:30:00,426.1
2020-12-26 21:40:00,426.2
2020-12-26 21:50:00,425.5
2020-12-26 22:00:00,424.9
2020-12-26 22:10:00,424.4
2020-12-26 22:20:00,424.6
2020-12-26 22:30:00,424.9
2020-12-26 22:40:00,425.1
2020-12-26 22:50:00,425.4
2020-12-26 23:00:00,425.6
2020-12-26 23:10:00,425.5
2020-12-26 23:20:00,425.4
2020-12-26 23:30:00,425.0
2020-12-26 23:40:00,424.8
2020-12-26 23:50:00,424.4
2020-12-27 00:00:00,423.5
2020-12-27 00:10:00,423.6
2020-12-27 00:20:00,422.9
2020-12-27 00:30:00,421.8
2020-12-27 00:40:00,421.6
2020-12-27 00:50:00,421.6
2020-12-27 01:00:00,421.8
2020-12-27 01:10:00,421.7
2020-12-27 01:20:00,421.8
2020-12-27 01:30:00,422.1
2020-12-27 01:40:00,422.2
2020-12-27 01:50:00,422.4
2020-12-27 02:00:00,422.5
2020-12-27 02:10:00,422.5
2020-12-27 02:20:00,422.7
2020-12-27 02:30:00,423.1
2020-12-27 02:40:00,423.3
2020-12-27 02:50:00,423.3
2020-12-27 03:00:00,423.1
2020-12-27 03:10:00,423.4
2020-12-27 03:20:00,423.5
2020-12-27 03:30:00,423.8
2020-12-27 03:40:00,423.7
2020-12-27 03:50:00,424.5
2020-12-27 04:00:00,425.6
2020-12-27 04:10:00,426.3
2020-12-27 04:20:00,426.3
2020-12-27 04:30:00,426.3
2020-12-27 04:40:00,426.5
2020-12-27 04:50:00,426.0
2020-12-27 05:00:00,425.4
2020-12-27 05:10:00,425.3
2020-12-27 05:20:00,425.0
2020-12-27 05:30:00,425.1
2020-12-27 05:40:00,424.8
2020-12-27 05:50:00,424.5
2020-12-27 06:00:00,423.8
2020-12-27 06:10:00,423.8
2020-12-27 06:20:00,423.8
2020-12-27 06:30:00,423.3
2020-12-27 06:40:00,422.6
2020-12-27 06:50:00,422.3
2020-12-27 07:00:00,422.3
2020-12-27 07:10:00,422.3
2020-12-27 07:20:00,422.7
2020-12-27 07:30:00,423.0
2020-12-27 07:40:00,423.4
2020-12-27 07:50:00,423.3
2020-12-27 08:00:00,423.6
2020-12-27 08:10:00,423.2
2020-12-27 08:20:00,423.3
2020-12-27 08:30:00,423.4
2020-12-27 08:40:00,423.4
2020-12-27 08:50:00,423.4
2020-12-27 09:00:00,423.5
2020-12-27 09:10:00,423.6
2020-12-27 09:20:00,424.3
2020-12-27 09:30:00,424.8
2020-12-27 09:40:00,425.8
2020-12-27 09:50:00,426.3
2020-12-27 10:00:00,426.6
2020-12-27 10:10:00,426.6
2020-12-27 10:20:00,426.7
2020-12-27 10:30:00,426.9
2020-12-27 10:40:00,426.9
2020-12-27 10:50:00,427.0
2020-12-27 11:00:00,426.7
2020-12-27 11:10:00,426.6
2020-12-27 11:20:00,425.9
2020-12-27 11:30:00,425.7
2020-12-27 11:40:00,426.0
2020-12-27 11:50:00,426.3
2020-12-27 12:00:00,427.2
2020-12-27 12:10:00,427.8
2020-12-27 12:20:00,428.1
2020-12-27 12:30:00,428.4
2020-12-27 12:40:00,428.5
2020-12-27 12:50:00,428.6
2020-12-27 13:00:00,428.6
2020-12-27 13:10:00,428.1
2020-12-27 13:20:00,427.9
2020-12-27 13:30:00,428.0
2020-12-27 13:40:00,427.6
2020-12-27 13:50:00,427.2
2020-12-27 14:00:00,427.1
2020-12-27 14:10:00,426.8
2020-12-27 14:20:00,426.9
2020-12-27 14:30:00,426.7
2020-12-27 14:40:00,426.6
2020-12-27 14:50:00,426.6
2020-12-27 15:00:00,426.8
2020-12-27 15:10:00,426.8
2020-12-27 15:20:00,427.2
2020-12-27 15:30:00,427.2
2020-12-27 15:40:00,427.6
2020-12-27 15:50:00,427.5
2020-12-27 16:00:00,428.0
2020-12-27 16:10:00,427.6
2020-12-27 16:20:00,426.7
2020-12-27 16:30:00,427.1
2020-12-27 16:40:00,426.9
2020-12-27 16:50:00,426.5
2020-12-27 17:00:00,426.5
2020-12-27 17:10:00,426.1
2020-12-27 17:20:00,425.7
2020-12-27 17:30:00,425.0
2020-12-27 17:40:00,424.7
2020-12-27 17:50:00,424.3
2020-12-27 18:00:00,424.3
2020-12-27 18:10:00,424.2
2020-12-27 18:20:00,424.1
2020-12-27 18:30:00,423.7
2020-12-27 18:40:00,424.0
2020-12-27 18:50:00,423.4
2020-12-27 19:00:00,423.2
2020-12-27 19:10:00,423.1
2020-12-27 19:20:00,423.4
2020-12-27 19:30:00,423.2
2020-12-27 19:40:00,422.7
2020-12-27 19:50:00,422.8
2020-12-27 20:00:00,422.7
2020-12-27 20:10:00,423.1
2020-12-27 20:20:00,423.5
2020-12-27 20:30:00,423.6
2020-12-27 20:40:00,423.8
2020-12-27 20:50:00,423.5
2020-12-27 21:00:00,423.3
2020-12-27 21:10:00,423.2
2020-12-27 21:20:00,422.8
2020-12-27 21:30:00,423.1
2020-12-27 21:40:00,423.2
2020-12-27 21:50:00,423.6
2020-12-27 22:00:00,424.1
2020-12-27 22:10:00,424.2
2020-12-27 22:20:00,423.9
2020-12-27 22:30:00,424.4
2020-12-27 22:40:00,424.5
2020-12-27 22:50:00,424.3
2020-12-27 23:00:00,424.4
2020-12-27 23:10:00,424.9
2020-12-27 23:20:00,425.1
2020-12-27 23:30:00,425.2
2020-12-27 23:40:00,425.5
2020-12-27 23:50:00,425.8
2020-12-28 00:00:00,426.2
2020-12-28 00:10:00,427.1
2020-12-28 00:20:00,426.7
2020-12-28 00:30:00,426.8
2020-12-28 00:40:00,426.8
2020-12-28 00:50:00,426.9
2020-12-28 01:00:00,426.8
2020-12-28 01:10:00,427.1
2020-12-28 01:20:00,427.1
2020-12-28 01:30:00,426.5
2020-12-28 01:40:00,426.4
2020-12-28 01:50:00,426.7
2020-12-28 02:00:00,426.9
2020-12-28 02:10:00,426.8
2020-12-28 02:20:00,426.9
2020-12-28 02:30:00,426.9
2020-12-28 02:40:00,427.2
2020-12-28 02:50:00,426.9
2020-12-28 03:00:00,427.3
2020-12-28 03:10:00,427.7
2020-12-28 03:20:00,427.4
2020-12-28 03:30:00,427.4
2020-12-28 03:40:00,427.4
2020-12-28 03:50:00,427.4
2020-12-28 04:00:00,427.4
2020-12-28 04:10:00,427.5
2020-12-28 04:20:00,427.4
2020-12-28 04:30:00,427.6
2020-12-28 04:40:00,427.9
2020-12-28 04:50:00,428.2
2020-12-28 05:00:00,428.0
2020-12-28 05:10:00,428.4
2020-12-28 05:20:00,429.0
2020-12-28 05:30:00,429.1
2020-12-28 05:40:00,429.5
2020-12-28 05:50:00,429.8
2020-12-28 06:00:00,429.9
2020-12-28 06:10:00,430.8
2020-12-28 06:20:00,430.0
2020-12-28 06:30:00,429.9
2020-12-28 06:40:00,429.8
2020-12-28 06:50:00,429.4
2020-12-28 07:00:00,429.2
2020-12-28 07:10:00,430.3
2020-12-28 07:20:00,429.9
2020-12-28 07:30:00,430.2
2020-12-28 07:40:00,431.1
2020-12-28 07:50:00,431.6
2020-12-28 08:00:00,431.2
2020-12-28 08:10:00,429.0
2020-12-28 08:20:00,428.8
2020-12-28 08:30:00,430.4
2020-12-28 08:40:00,428.5
2020-12-28 08:50:00,431.3
2020-12-28 09:00:00,429.5
2020-12-28 09:10:00,429.4
2020-12-28 09:20:00,429.3
2020-12-28 09:30:00,430.5
2020-12-28 09:40:00,430.8
2020-12-28 09:50:00,430.8
2020-12-28 10:00:00,430.8
2020-12-28 10:10:00,433.1
2020-12-28 10:20:00,433.3
2020-12-28 10:30:00,434.0
2020-12-28 10:40:00,431.0
2020-12-28 10:50:00,430.4
2020-12-28 11:00:00,430.9
2020-12-28 11:10:00,429.1
2020-12-28 11:20:00,428.9
2020-12-28 11:30:00,428.8
2020-12-28 11:40:00,428.1
2020-12-28 11:50:00,427.6
2020-12-28 12:00:00,427.3
2020-12-28 12:10:00,427.1
2020-12-28 12:20:00,426.8
2020-12-28 12:30:00,426.8
2020-12-28 12:40:00,426.9
2020-12-28 12:50:00,426.9
2020-12-28 13:00:00,427.4
2020-12-28 13:10:00,426.9
2020-12-28 13:20:00,426.2
2020-12-28 13:30:00,426.3
2020-12-28 13:40:00,426.6
2020-12-28 13:50:00,427.1
2020-12-28 14:00:00,427.8
2020-12-28 14:10:00,427.9
2020-12-28 14:20:00,427.7
2020-12-28 14:30:00,427.8
2020-12-28 14:40:00,427.1
2020-12-28 14:50:00,427.3
2020-12-28 15:00:00,428.7
2020-12-28 15:10:00,427.7
2020-12-28 15:20:00,428.0
2020-12-28 15:30:00,429.3
2020-12-28 15:40:00,430.7
2020-12-28 15:50:00,431.0
2020-12-28 16:00:00,430.1
2020-12-28 16:10:00,430.0
2020-12-28 16:20:00,428.8
2020-12-28 16:30:00,429.6
2020-12-28 16:40:00,429.1
2020-12-28 16:50:00,428.2
2020-12-28 17:00:00,429.1
2020-12-28 17:10:00,428.1
2020-12-28 17:20:00,429.9
2020-12-28 17:30:00,431.0
2020-12-28 17:40:00,431.3
2020-12-28 17:50:00,432.0
2020-12-28 18:00:00,433.2
2020-12-28 18:10:00,433.4
2020-12-28 18:20:00,432.4
2020-12-28 18:30:00,430.9
2020-12-28 18:40:00,429.6
2020-12-28 18:50:00,428.8
2020-12-28 19:00:00,429.3
2020-12-28 19:10:00,429.6
2020-12-28 19:20:00,430.1
2020-12-28 19:30:00,431.1
2020-12-28 19:40:00,431.6
2020-12-28 19:50:00,432.1
2020-12-28 20:00:00,432.3
2020-12-28 20:10:00,432.5
2020-12-28 20:20:00,433.0
2020-12-28 20:30:00,433.1
2020-12-28 20:40:00,433.1
2020-12-28 20:50:00,433.4
2020-12-28 21:00:00,434.2
2020-12-28 21:10:00,433.9
2020-12-28 21:20:00,433.7
2020-12-28 21:30:00,434.4
2020-12-28 21:40:00,435.1
2020-12-28 21:50:00,434.2
2020-12-28 22:00:00,433.8
2020-12-28 22:10:00,434.9
2020-12-28 22:20:00,434.4
2020-12-28 22:30:00,433.6
2020-12-28 22:40:00,434.0
2020-12-28 22:50:00,434.3
2020-12-28 23:00:00,434.8
2020-12-28 23:10:00,435.6
2020-12-28 23:20:00,436.0
2020-12-28 23:30:00,435.9
2020-12-28 23:40:00,435.1
2020-12-28 23:50:00,435.2
2020-12-29 00:00:00,435.4
2020-12-29 00:10:00,439.8
2020-12-29 00:20:00,438.3
2020-12-29 00:30:00,439.3
2020-12-29 00:40:00,438.9
2020-12-29 00:50:00,440.0
2020-12-29 01:00:00,440.6
2020-12-29 01:10:00,442.2
2020-12-29 01:20:00,444.9
2020-12-29 01:30:00,446.7
2020-12-29 01:40:00,444.9
2020-12-29 01:50:00,445.8
2020-12-29 02:00:00,446.2
2020-12-29 02:10:00,442.4
2020-12-29 02:20:00,437.9
2020-12-29 02:30:00,437.5
2020-12-29 02:40:00,437.4
2020-12-29 02:50:00,438.0
2020-12-29 03:00:00,436.7
2020-12-29 03:10:00,436.5
2020-12-29 03:20:00,435.4
2020-12-29 03:30:00,435.8
2020-12-29 03:40:00,436.1
2020-12-29 03:50:00,436.7
2020-12-29 04:00:00,439.2
2020-12-29 04:10:00,447.6
2020-12-29 04:20:00,443.6
2020-12-29 04:30:00,441.9
2020-12-29 04:40:00,440.9
2020-12-29 04:50:00,440.0
2020-12-29 05:00:00,440.5
2020-12-29 05:10:00,437.2
2020-12-29 05:20:00,435.2
2020-12-29 05:30:00,448.5
2020-12-29 05:40:00,444.8
2020-12-29 05:50:00,443.9
2020-12-29 06:00:00,442.9
2020-12-29 06:10:00,443.0
2020-12-29 06:20:00,443.5
2020-12-29 06:30:00,441.5
2020-12-29 06:40:00,433.7
2020-12-29 06:50:00,432.9
2020-12-29 07:00:00,430.1
2020-12-29 07:10:00,429.3
2020-12-29 07:20:00,429.6
2020-12-29 07:30:00,429.2
2020-12-29 07:40:00,429.2
2020-12-29 07:50:00,429.0
2020-12-29 08:00:00,429.9
2020-12-29 08:10:00,430.5
2020-12-29 08:20:00,429.8
2020-12-29 08:30:00,429.5
2020-12-29 08:40:00,431.1
2020-12-29 08:50:00,431.5
2020-12-29 09:00:00,433.0
2020-12-29 09:10:00,436.0
2020-12-29 09:20:00,437.5
2020-12-29 09:30:00,432.6
2020-12-29 09:40:00,433.2
2020-12-29 09:50:00,433.3
2020-12-29 10:00:00,430.8
2020-12-29 10:10:00,432.4
2020-12-29 10:20:00,432.3
2020-12-29 10:30:00,431.6
2020-12-29 10:40:00,431.3
2020-12-29 10:50:00,433.3
2020-12-29 11:00:00,433.7
2020-12-29 11:10:00,434.0
2020-12-29 11:20:00,433.6
2020-12-29 11:30:00,430.1
2020-12-29 11:40:00,427.4
2020-12-29 11:50:00,426.1
2020-12-29 12:00:00,424.6
2020-12-29 12:10:00,424.6
2020-12-29 12:20:00,424.3
2020-12-29 12:30:00,424.1
2020-12-29 12:40:00,424.2
2020-12-29 12:50:00,424.3
2020-12-29 13:00:00,424.4
2020-12-29 13:10:00,424.7
2020-12-29 13:20:00,424.5
2020-12-29 13:30:00,424.5
2020-12-29 13:40:00,424.4
2020-12-29 13:50:00,424.5
2020-12-29 14:00:00,424.7
2020-12-29 14:10:00,424.3
2020-12-29 14:20:00,424.4
2020-12-29 14:30:00,424.6
2020-12-29 14:40:00,424.7
2020-12-29 14:50:00,424.8
2020-12-29 15:00:00,424.9
2020-12-29 15:10:00,425.0
2020-12-29 15:20:00,425.1
2020-12-29 15:30:00,425.0
2020-12-29 15:40:00,425.0
2020-12-29 15:50:00,425.0
2020-12-29 16:00:00,426.0
2020-12-29 16:10:00,426.6
2020-12-29 16:20:00,426.9
2020-12-29 16:30:00,425.7
2020-12-29 16:40:00,425.6
2020-12-29 16:50:00,425.2
2020-12-29 17:00:00,427.4
2020-12-29 17:10:00,426.7
2020-12-29 17:20:00,425.2
2020-12-29 17:30:00,425.2
2020-12-29 17:40:00,424.2
2020-12-29 17:50:00,424.0
2020-12-29 18:00:00,424.2
2020-12-29 18:10:00,424.5
2020-12-29 18:20:00,424.8
2020-12-29 18:30:00,425.1
2020-12-29 18:40:00,425.5
2020-12-29 18:50:00,425.5
2020-12-29 19:00:00,425.8
2020-12-29 19:10:00,427.2
2020-12-29 19:20:00,427.0
2020-12-29 19:30:00,426.4
2020-12-29 19:40:00,426.1
2020-12-29 19:50:00,426.8
2020-12-29 20:00:00,425.0
2020-12-29 20:10:00,425.8
2020-12-29 20:20:00,426.3
2020-12-29 20:30:00,425.9
2020-12-29 20:40:00,426.4
2020-12-29 20:50:00,426.7
2020-12-29 21:00:00,428.0
2020-12-29 21:10:00,427.7
2020-12-29 21:20:00,426.5
2020-12-29 21:30:00,428.3
2020-12-29 21:40:00,426.5
2020-12-29 21:50:00,426.2
2020-12-29 22:00:00,428.6
2020-12-29 22:10:00,427.2
2020-12-29 22:20:00,428.6
2020-12-29 22:30:00,428.6
2020-12-29 22:40:00,429.7
2020-12-29 22:50:00,427.3
2020-12-29 23:00:00,425.3
2020-12-29 23:10:00,424.7
2020-12-29 23:20:00,424.9
2020-12-29 23:30:00,425.7
2020-12-29 23:40:00,425.6
2020-12-29 23:50:00,424.6
2020-12-30 00:00:00,424.7
2020-12-30 00:10:00,426.0
2020-12-30 00:20:00,425.3
2020-12-30 00:30:00,424.4
2020-12-30 00:40:00,424.9
2020-12-30 00:50:00,424.7
2020-12-30 01:00:00,424.9
2020-12-30 01:10:00,425.0
2020-12-30 01:20:00,425.0
2020-12-30 01:30:00,426.6
2020-12-30 01:40:00,425.8
2020-12-30 01:50:00,425.8
2020-12-30 02:00:00,425.7
2020-12-30 02:10:00,426.5
2020-12-30 02:20:00,427.1
2020-12-30 02:30:00,428.2
2020-12-30 02:40:00,428.0
2020-12-30 02:50:00,428.9
2020-12-30 03:00:00,427.5
2020-12-30 03:10:00,426.1
2020-12-30 03:20:00,427.0
2020-12-30 03:30:00,426.6
2020-12-30 03:40:00,427.9
2020-12-30 03:50:00,429.1
2020-12-30 04:00:00,430.1
2020-12-30 04:10:00,429.3
2020-12-30 04:20:00,429.4
2020-12-30 04:30:00,429.0
2020-12-30 04:40:00,428.7
2020-12-30 04:50:00,429.3
2020-12-30 05:00:00,429.4
2020-12-30 05:10:00,430.3
2020-12-30 05:20:00,431.5
2020-12-30 05:30:00,431.1
2020-12-30 05:40:00,431.3
2020-12-30 05:50:00,430.1
2020-12-30 06:00:00,429.9
2020-12-30 06:10:00,430.8
2020-12-30 06:20:00,431.8
2020-12-30 06:30:00,431.6
2020-12-30 06:40:00,431.9
2020-12-30 06:50:00,432.2
2020-12-30 07:00:00,433.5
2020-12-30 07:10:00,434.5
2020-12-30 07:20:00,432.7
2020-12-30 07:30:00,430.4
2020-12-30 07:40:00,430.6
2020-12-30 07:50:00,430.3
2020-12-30 08:00:00,430.6
2020-12-30 08:10:00,434.3
2020-12-30 08:20:00,435.9
2020-12-30 08:30:00,437.2
2020-12-30 08:40:00,433.9
2020-12-30 08:50:00,432.8
2020-12-30 09:00:00,434.9
2020-12-30 09:10:00,435.9
2020-12-30 09:20:00,436.1
2020-12-30 09:30:00,436.0
2020-12-30 09:40:00,434.8
2020-12-30 09:50:00,434.3
2020-12-30 10:00:00,433.0
2020-12-30 10:10:00,433.9
2020-12-30 10:20:00,435.3
2020-12-30 10:30:00,435.9
2020-12-30 10:40:00,435.7
2020-12-30 10:50:00,435.1
2020-12-30 11:00:00,435.2
2020-12-30 11:10:00,436.1
2020-12-30 11:20:00,435.7
2020-12-30 11:30:00,433.3
2020-12-30 11:40:00,430.7
2020-12-30 11:50:00,431.4
2020-12-30 12:00:00,430.7
2020-12-30 12:10:00,429.6
2020-12-30 12:20:00,430.0
2020-12-30 12:30:00,429.2
2020-12-30 12:40:00,429.1
2020-12-30 12:50:00,428.9
2020-12-30 13:00:00,428.5
2020-12-30 13:10:00,428.0
2020-12-30 13:20:00,426.5
2020-12-30 13:30:00,425.8
2020-12-30 13:40:00,425.0
2020-12-30 13:50:00,424.9
2020-12-30 14:00:00,424.5
2020-12-30 14:10:00,424.8
2020-12-30 14:20:00,425.1
2020-12-30 14:30:00,425.5
2020-12-30 14:40:00,425.6
2020-12-30 14:50:00,425.5
2020-12-30 15:00:00,425.6
2020-12-30 15:10:00,425.8
2020-12-30 15:20:00,426.0
2020-12-30 15:30:00,426.3
2020-12-30 15:40:00,426.8
2020-12-30 15:50:00,426.6
2020-12-30 16:00:00,426.4
2020-12-30 16:10:00,425.8
2020-12-30 16:20:00,426.7
2020-12-30 16:30:00,426.4
2020-12-30 16:40:00,427.3
2020-12-30 16:50:00,426.2
2020-12-30 17:00:00,426.4
2020-12-30 17:10:00,425.6
2020-12-30 17:20:00,425.9
2020-12-30 17:30:00,427.1
2020-12-30 17:40:00,425.6
2020-12-30 17:50:00,425.7
2020-12-30 18:00:00,427.3
2020-12-30 18:10:00,426.5
2020-12-30 18:20:00,426.0
2020-12-30 18:30:00,426.3
2020-12-30 18:40:00,426.8
2020-12-30 18:50:00,426.6
2020-12-30 19:00:00,426.3
2020-12-30 19:10:00,428.7
2020-12-30 19:20:00,427.6
2020-12-30 19:30:00,426.2
2020-12-30 19:40:00,430.9
2020-12-30 19:50:00,432.7
2020-12-30 20:00:00,434.5
2020-12-30 20:10:00,433.9
2020-12-30 20:20:00,433.2
2020-12-30 20:30:00,432.6
2020-12-30 20:40:00,434.6
2020-12-30 20:50:00,434.5
2020-12-30 21:00:00,433.3
2020-12-30 21:10:00,427.8
2020-12-30 21:20:00,426.6
2020-12-30 21:30:00,426.2
2020-12-30 21:40:00,426.2
2020-12-30 21:50:00,425.8
2020-12-30 22:00:00,426.3
2020-12-30 22:10:00,427.6
2020-12-30 22:20:00,427.0
2020-12-30 22:30:00,426.2
2020-12-30 22:40:00,427.1
2020-12-30 22:50:00,427.6
2020-12-30 23:00:00,427.1
2020-12-30 23:10:00,427.6
2020-12-30 23:20:00,426.9
2020-12-30 23:30:00,427.5
2020-12-30 23:40:00,427.7
2020-12-30 23:50:00,427.5
2020-12-31 00:00:00,429.8
2020-12-31 00:10:00,432.5
2020-12-31 00:20:00,433.1
2020-12-31 00:30:00,431.9
2020-12-31 00:40:00,431.7
2020-12-31 00:50:00,431.5
2020-12-31 01:00:00,431.4
2020-12-31 01:10:00,426.8
2020-12-31 01:20:00,429.5
2020-12-31 01:30:00,433.8
2020-12-31 01:40:00,433.5
2020-12-31 01:50:00,432.9
2020-12-31 02:00:00,430.5
2020-12-31 02:10:00,430.0
2020-12-31 02:20:00,430.0
2020-12-31 02:30:00,430.9
2020-12-31 02:40:00,428.3
2020-12-31 02:50:00,429.1
2020-12-31 03:00:00,430.2
2020-12-31 03:10:00,428.7
2020-12-31 03:20:00,427.3
2020-12-31 03:30:00,426.4
2020-12-31 03:40:00,425.0
2020-12-31 03:50:00,424.8
2020-12-31 04:00:00,426.2
2020-12-31 04:10:00,426.6
2020-12-31 04:20:00,426.6
2020-12-31 04:30:00,428.9
2020-12-31 04:40:00,429.2
2020-12-31 04:50:00,430.5
2020-12-31 05:00:00,434.1
2020-12-31 05:10:00,434.9
2020-12-31 05:20:00,432.6
2020-12-31 05:30:00,434.2
2020-12-31 05:40:00,434.1
2020-12-31 05:50:00,433.4
2020-12-31 06:00:00,433.2
2020-12-31 06:10:00,433.8
2020-12-31 06:20:00,430.1
2020-12-31 06:30:00,426.6
2020-12-31 06:40:00,426.4
2020-12-31 06:50:00,426.8
2020-12-31 07:00:00,428.8
2020-12-31 07:10:00,429.6
2020-12-31 07:20:00,430.7
2020-12-31 07:30:00,431.1
2020-12-31 07:40:00,430.8
2020-12-31 07:50:00,431.6
2020-12-31 08:00:00,430.1
2020-12-31 08:10:00,429.7
2020-12-31 08:20:00,429.8
2020-12-31 08:30:00,431.2
2020-12-31 08:40:00,432.3
2020-12-31 08:50:00,431.2
2020-12-31 09:00:00,431.4
2020-12-31 09:10:00,431.3
2020-12-31 09:20:00,431.7
2020-12-31 09:30:00,432.0
2020-12-31 09:40:00,431.3
2020-12-31 09:50:00,430.5
2020-12-31 10:00:00,430.5
2020-12-31 10:10:00,430.3
2020-12-31 10:20:00,430.2
2020-12-31 10:30:00,429.7
2020-12-31 10:40:00,428.7
2020-12-31 10:50:00,428.5
2020-12-31 11:00:00,427.7
2020-12-31 11:10:00,427.1
2020-12-31 11:20:00,426.4
2020-12-31 11:30:00,425.9
2020-12-31 11:40:00,425.7
2020-12-31 11:50:00,425.9
2020-12-31 12:00:00,426.0
2020-12-31 12:10:00,425.9
2020-12-31 12:20:00,425.7
2020-12-31 12:30:00,426.1
2020-12-31 12:40:00,426.9
2020-12-31 12:50:00,426.0
2020-12-31 13:00:00,425.0
2020-12-31 13:10:00,424.5
2020-12-31 13:20:00,424.6
2020-12-31 13:30:00,424.0
2020-12-31 13:40:00,424.2
2020-12-31 13:50:00,424.4
2020-12-31 14:00:00,424.3
2020-12-31 14:10:00,424.6
2020-12-31 14:20:00,424.6
2020-12-31 14:30:00,424.9
2020-12-31 14:40:00,425.1
2020-12-31 14:50:00,424.9
2020-12-31 15:00:00,425.4
2020-12-31 15:10:00,426.0
2020-12-31 15:20:00,426.3
2020-12-31 15:30:00,426.6
2020-12-31 15:40:00,427.0
2020-12-31 15:50:00,426.5
2020-12-31 16:00:00,426.6
2020-12-31 16:10:00,426.6
2020-12-31 16:20:00,426.7
2020-12-31 16:30:00,427.1
2020-12-31 16:40:00,426.9
2020-12-31 16:50:00,428.3
2020-12-31 17:00:00,427.2
2020-12-31 17:10:00,427.9
2020-12-31 17:20:00,428.1
2020-12-31 17:30:00,428.5
2020-12-31 17:40:00,428.9
2020-12-31 17:50:00,429.6
2020-12-31 18:00:00,430.3
2020-12-31 18:10:00,430.9
2020-12-31 18:20:00,431.4
2020-12-31 18:30:00,431.1
2020-12-31 18:40:00,430.8
2020-12-31 18:50:00,431.2
2020-12-31 19:00:00,431.6
2020-12-31 19:10:00,432.3
2020-12-31 19:20:00,433.4
2020-12-31 19:30:00,433.7
2020-12-31 19:40:00,432.8
2020-12-31 19:50:00,433.1
2020-12-31 20:00:00,432.1
2020-12-31 20:10:00,431.9
2020-12-31 20:20:00,432.1
2020-12-31 20:30:00,430.9
2020-12-31 20:40:00,431.2
2020-12-31 20:50:00,431.5
2020-12-31 21:00:00,430.6
2020-12-31 21:10:00,431.0
2020-12-31 21:20:00,431.8
2020-12-31 21:30:00,431.4
2020-12-31 21:40:00,431.6
2020-12-31 21:50:00,432.0
2020-12-31 22:00:00,432.5
2020-12-31 22:10:00,432.4
2020-12-31 22:20:00,432.9
2020-12-31 22:30:00,431.7
2020-12-31 22:40:00,431.2
2020-12-31 22:50:00,431.5
2020-12-31 23:00:00,432.7
2020-12-31 23:10:00,431.3
2020-12-31 23:20:00,433.0
2020-12-31 23:30:00,439.6
2020-12-31 23:40:00,435.2
2020-12-31 23:50:00,433.9
2021-01-01 00:00:00,436.5
